Index,original_category,original_section,llm_category,llm_section,llm_model,prompt_version,raw_response,status,validation_error,request_attempts,processing_time_seconds,prompt_token_count,response_token_count,generated_at_utc
0,news,world,business,investing,llama3.2:3b,1.0,"{""category"": ""business"", ""section"": ""investing""}",success,,1,0.9045,961,14,2026-07-23T20:50:21.857950+00:00
3,news,asia,business,tech,llama3.2:3b,1.0,"{""category"": ""business"", ""section"": ""tech""}",success,,1,0.9743,945,13,2026-07-23T19:54:11.417363+00:00
4,business,investing,business,investing,llama3.2:3b,1.0,"{""category"": ""business"", ""section"": ""investing""}",success,,1,1.1855,932,14,2026-07-23T20:55:34.401317+00:00
9,business,media,news,world,llama3.2:3b,1.0,"{""category"": ""news"", ""section"": ""world""}",success,,1,0.8778,910,13,2026-07-23T19:58:16.775694+00:00
10,business,investing,business,investing,llama3.2:3b,1.0,"{""category"": ""business"", ""section"": ""investing""}",success,,1,0.9736,893,14,2026-07-23T20:24:55.684059+00:00
12,business,energy,business,investing,llama3.2:3b,1.0,"{""category"": ""business"", ""section"": ""investing""}",success,,1,0.8766,990,14,2026-07-23T19:53:49.940993+00:00
13,business,energy,business,asia,llama3.2:3b,1.0,"{""category"": ""business"", ""section"": ""asia""}",success,,1,0.9449,919,13,2026-07-23T19:54:31.383995+00:00
14,business,investing,business,asia,llama3.2:3b,1.0,"{""category"": ""business"", ""section"": ""asia""}",success,,1,0.8425,677,13,2026-07-23T20:26:18.292500+00:00
15,business,business,news,world,llama3.2:3b,1.0,"{""category"": ""news"", ""section"": ""world""}",success,,1,0.8916,964,13,2026-07-23T20:22:52.743605+00:00
16,business,tech,news,world,llama3.2:3b,1.0,"{""category"": ""news"", ""section"": ""world""}",success,,1,0.8919,913,13,2026-07-23T20:29:15.153987+00:00
17,business,tech,news,world,llama3.2:3b,1.0,"{""category"": ""news"", ""section"": ""world""}",success,,1,0.8642,792,13,2026-07-23T20:14:19.432579+00:00
18,business,investing,business,investing,llama3.2:3b,1.0,"{""category"": ""business"", ""section"": ""investing""}",success,,1,0.8604,598,14,2026-07-23T20:03:14.847455+00:00
19,business,business,business,investing,llama3.2:3b,1.0,"{""category"": ""business"", ""section"": ""investing""}",success,,1,0.9269,941,14,2026-07-23T20:52:12.315588+00:00
20,business,tech,business,investing,llama3.2:3b,1.0,"{""category"": ""business"", ""section"": ""investing""}",success,,1,0.9293,915,14,2026-07-23T19:54:15.362988+00:00
23,business,business-food,business,investing,llama3.2:3b,1.0,"{""category"": ""business"", ""section"": ""investing""}",success,,1,0.9416,917,14,2026-07-23T20:26:42.431823+00:00
24,business,economy,business,asia,llama3.2:3b,1.0,"{""category"": ""business"", ""section"": ""asia""}",success,,1,0.966,926,13,2026-07-23T19:57:18.258774+00:00
25,business,business,business,asia,llama3.2:3b,1.0,"{""category"": ""business"", ""section"": ""asia""}",success,,1,0.9788,954,13,2026-07-23T20:20:19.694850+00:00
26,business,tech,business,asia,llama3.2:3b,1.0,"{""category"": ""business"", ""section"": ""asia""}",success,,1,0.8816,952,13,2026-07-23T20:38:07.367129+00:00
27,business,economy,business,investing,llama3.2:3b,1.0,"{""category"": ""business"", ""section"": ""investing""}",success,,1,0.9103,938,14,2026-07-23T20:52:13.449281+00:00
30,business,energy,business,investing,llama3.2:3b,1.0,"{""category"": ""business"", ""section"": ""investing""}",success,,1,0.9382,900,14,2026-07-23T19:59:49.320133+00:00
32,business,cars,business,investing,llama3.2:3b,1.0,"{""category"": ""business"", ""section"": ""investing""}",success,,1,0.8938,945,14,2026-07-23T20:05:44.806118+00:00
33,business,tech,business,investing,llama3.2:3b,1.0,"{""category"": ""business"", ""section"": ""investing""}",success,,1,0.9283,963,14,2026-07-23T20:19:38.512894+00:00
34,business,tech,business,investing,llama3.2:3b,1.0,"{""category"": ""business"", ""section"": ""investing""}",success,,1,0.9203,928,14,2026-07-23T19:58:35.374782+00:00
35,business,investing,business,asia,llama3.2:3b,1.0,"{""category"": ""business"", ""section"": ""asia""}",success,,1,0.8185,948,13,2026-07-23T20:01:42.500857+00:00
37,business,investing,business,asia,llama3.2:3b,1.0,"{""category"": ""business"", ""section"": ""asia""}",success,,1,0.9519,886,13,2026-07-23T20:14:35.234361+00:00
39,business,tech,business,asia,llama3.2:3b,1.0,"{""category"": ""business"", ""section"": ""asia""}",success,,1,0.9148,984,13,2026-07-23T20:14:11.521071+00:00
40,business,investing,business,investing,llama3.2:3b,1.0,"{""category"": ""business"", ""section"": ""investing""}",success,,1,1.143,971,14,2026-07-23T20:27:39.732164+00:00
41,business,business,business,investing,llama3.2:3b,1.0,"{""category"": ""business"", ""section"": ""investing""}",success,,1,0.927,902,14,2026-07-23T20:03:57.751789+00:00
43,business,tech,business,investing,llama3.2:3b,1.0,"{""category"": ""business"", ""section"": ""investing""}",success,,1,0.8825,937,14,2026-07-23T20:05:40.974659+00:00
44,business,business,business,investing,llama3.2:3b,1.0,"{""category"": ""business"", ""section"": ""investing""}",success,,1,0.8997,811,14,2026-07-23T20:43:45.852768+00:00
45,business,business,business,investing,llama3.2:3b,1.0,"{""category"": ""business"", ""section"": ""investing""}",success,,1,0.8704,930,14,2026-07-23T20:02:29.499940+00:00
46,business,business,business,investing,llama3.2:3b,1.0,"{""category"": ""business"", ""section"": ""investing""}",success,,1,0.9427,894,14,2026-07-23T20:26:45.314953+00:00
49,business,tech,business,investing,llama3.2:3b,1.0,"{""category"": ""business"", ""section"": ""investing""}",success,,1,0.9207,938,14,2026-07-23T20:09:12.275183+00:00
51,health,health,news,world,llama3.2:3b,1.0,"{""category"": ""news"", ""section"": ""world""}",success,,1,0.9134,970,13,2026-07-23T20:03:18.756613+00:00
53,health,health,news,us,llama3.2:3b,1.0,"{""category"": ""news"", ""section"": ""us""}",success,,1,0.8836,983,13,2026-07-23T20:11:59.945463+00:00
54,health,health,health,us,llama3.2:3b,1.0,"{""category"": ""health"", ""section"": ""us""}",success,,1,1.0012,1046,13,2026-07-23T20:41:42.870210+00:00
55,health,health,politics,us,llama3.2:3b,1.0,"{""category"": ""politics"", ""section"": ""us""}",success,,1,0.9071,995,14,2026-07-23T20:31:11.263959+00:00
56,health,health,news,us,llama3.2:3b,1.0,"{""category"": ""news"", ""section"": ""us""}",success,,1,0.8197,701,13,2026-07-23T19:56:13.699239+00:00
57,entertainment,entertainment,news,us,llama3.2:3b,1.0,"{""category"": ""news"", ""section"": ""us""}",success,,1,0.9053,971,13,2026-07-23T20:02:31.413997+00:00
59,entertainment,entertainment,news,us,llama3.2:3b,1.0,"{""category"": ""news"", ""section"": ""us""}",success,,1,0.8814,853,13,2026-07-23T20:10:47.765811+00:00
61,entertainment,entertainment,entertainment,movies,llama3.2:3b,1.0,"{""category"": ""entertainment"", ""section"": ""movies""}",success,,1,0.8901,858,14,2026-07-23T20:46:17.886580+00:00
63,entertainment,entertainment,entertainment,us,llama3.2:3b,1.0,"{""category"": ""entertainment"", ""section"": ""us""}",success,,1,0.8512,545,14,2026-07-23T20:50:46.020392+00:00
67,entertainment,entertainment,entertainment,us,llama3.2:3b,1.0,"{""category"": ""entertainment"", ""section"": ""us""}",success,,1,0.7949,525,14,2026-07-23T20:33:39.383943+00:00
73,news,us,entertainment,us,llama3.2:3b,1.0,"{""category"": ""entertainment"", ""section"": ""us""}",success,,1,0.8,671,14,2026-07-23T20:26:19.569970+00:00
74,entertainment,entertainment,entertainment,us,llama3.2:3b,1.0,"{""category"": ""entertainment"", ""section"": ""us""}",success,,1,0.7233,487,14,2026-07-23T20:34:04.301579+00:00
75,entertainment,entertainment,entertainment,us,llama3.2:3b,1.0,"{""category"": ""entertainment"", ""section"": ""us""}",success,,1,0.9406,1184,14,2026-07-23T20:34:11.771655+00:00
76,entertainment,entertainment,entertainment,us,llama3.2:3b,1.0,"{""category"": ""entertainment"", ""section"": ""us""}",success,,1,0.9622,1150,14,2026-07-23T20:08:19.406021+00:00
77,entertainment,entertainment,health,us,llama3.2:3b,1.0,"{""category"": ""health"", ""section"": ""us""}",success,,1,0.8439,550,13,2026-07-23T20:12:59.700912+00:00
78,entertainment,entertainment,news,us,llama3.2:3b,1.0,"{""category"": ""news"", ""section"": ""us""}",success,,1,0.8766,708,13,2026-07-23T20:54:56.076177+00:00
79,entertainment,entertainment,entertainment,movies,llama3.2:3b,1.0,"{""category"": ""entertainment"", ""section"": ""movies""}",success,,1,0.9358,977,14,2026-07-23T20:28:53.499365+00:00
80,entertainment,entertainment,entertainment,movies,llama3.2:3b,1.0,"{""category"": ""entertainment"", ""section"": ""movies""}",success,,1,0.976,1023,14,2026-07-23T20:01:58.645436+00:00
81,entertainment,entertainment,entertainment,us,llama3.2:3b,1.0,"{""category"": ""entertainment"", ""section"": ""us""}",success,,1,0.8992,989,14,2026-07-23T19:54:42.367340+00:00
83,entertainment,entertainment,entertainment,us,llama3.2:3b,1.0,"{""category"": ""entertainment"", ""section"": ""us""}",success,,1,0.8723,691,14,2026-07-23T20:07:06.508288+00:00
84,entertainment,entertainment,entertainment,movies,llama3.2:3b,1.0,"{""category"": ""entertainment"", ""section"": ""movies""}",success,,1,0.9289,1029,14,2026-07-23T20:30:56.578250+00:00
85,entertainment,entertainment,news,us,llama3.2:3b,1.0,"{""category"": ""news"", ""section"": ""us""}",success,,1,1.0542,964,13,2026-07-23T20:06:07.610284+00:00
86,entertainment,entertainment,entertainment,us,llama3.2:3b,1.0,"{""category"": ""entertainment"", ""section"": ""us""}",success,,1,0.9536,779,14,2026-07-23T20:45:49.012518+00:00
87,entertainment,entertainment,entertainment,us,llama3.2:3b,1.0,"{""category"": ""entertainment"", ""section"": ""us""}",success,,1,0.8521,510,14,2026-07-23T20:02:24.692900+00:00
88,entertainment,entertainment,entertainment,movies,llama3.2:3b,1.0,"{""category"": ""entertainment"", ""section"": ""movies""}",success,,1,0.918,999,14,2026-07-23T19:58:50.453340+00:00
90,entertainment,entertainment,entertainment,movies,llama3.2:3b,1.0,"{""category"": ""entertainment"", ""section"": ""movies""}",success,,1,0.988,904,14,2026-07-23T20:21:47.002607+00:00
92,entertainment,entertainment,entertainment,movies,llama3.2:3b,1.0,"{""category"": ""entertainment"", ""section"": ""movies""}",success,,1,0.9061,1042,14,2026-07-23T20:00:32.955156+00:00
94,entertainment,entertainment,entertainment,movies,llama3.2:3b,1.0,"{""category"": ""entertainment"", ""section"": ""movies""}",success,,1,1.0433,1039,14,2026-07-23T20:12:16.445861+00:00
96,entertainment,entertainment,entertainment,us,llama3.2:3b,1.0,"{""category"": ""entertainment"", ""section"": ""us""}",success,,1,0.8495,843,14,2026-07-23T19:59:33.161779+00:00
100,sport,golf,sport,us,llama3.2:3b,1.0,"{""category"": ""sport"", ""section"": ""us""}",success,,1,0.8856,979,13,2026-07-23T20:44:42.452734+00:00
102,sport,sport,sport,us,llama3.2:3b,1.0,"{""category"": ""sport"", ""section"": ""us""}",success,,1,0.921,942,13,2026-07-23T20:20:25.318709+00:00
103,sport,motorsport,entertainment,us,llama3.2:3b,1.0,"{""category"": ""entertainment"", ""section"": ""us""}",success,,1,0.846,716,14,2026-07-23T20:47:16.890894+00:00
104,sport,sport,politics,us,llama3.2:3b,1.0,"{""category"": ""politics"", ""section"": ""us""}",success,,1,0.976,971,14,2026-07-23T20:33:13.142637+00:00
105,sport,football,sport,football,llama3.2:3b,1.0,"{""category"": ""sport"", ""section"": ""football""}",success,,1,0.8957,943,13,2026-07-23T20:14:07.382972+00:00
106,sport,sport,sport,us,llama3.2:3b,1.0,"{""category"": ""sport"", ""section"": ""us""}",success,,1,0.8846,653,13,2026-07-23T20:01:05.675414+00:00
107,sport,golf,sport,us,llama3.2:3b,1.0,"{""category"": ""sport"", ""section"": ""us""}",success,,1,1.028,798,13,2026-07-23T20:08:01.285968+00:00
108,sport,football,politics,us,llama3.2:3b,1.0,"{""category"": ""politics"", ""section"": ""us""}",success,,1,0.9054,915,14,2026-07-23T19:53:32.298963+00:00
110,sport,sport,politics,world,llama3.2:3b,1.0,"{""category"": ""politics"", ""section"": ""world""}",success,,1,0.9672,1021,14,2026-07-23T20:01:33.041120+00:00
113,sport,sport,entertainment,movies,llama3.2:3b,1.0,"{""category"": ""entertainment"", ""section"": ""movies""}",success,,1,0.8991,983,14,2026-07-23T20:13:10.622090+00:00
114,sport,tennis,entertainment,movies,llama3.2:3b,1.0,"{""category"": ""entertainment"", ""section"": ""movies""}",success,,1,0.9312,998,14,2026-07-23T20:56:46.222003+00:00
115,sport,golf,sport,us,llama3.2:3b,1.0,"{""category"": ""sport"", ""section"": ""us""}",success,,1,1.0559,1042,13,2026-07-23T20:56:51.923568+00:00
116,sport,tennis,entertainment,us,llama3.2:3b,1.0,"{""category"": ""entertainment"", ""section"": ""us""}",success,,1,0.972,1011,14,2026-07-23T20:27:23.198373+00:00
117,sport,golf,news,us,llama3.2:3b,1.0,"{""category"": ""news"", ""section"": ""us""}",success,,1,0.8759,715,13,2026-07-23T20:38:39.462330+00:00
118,sport,golf,sport,us,llama3.2:3b,1.0,"{""category"": ""sport"", ""section"": ""us""}",success,,1,0.8923,921,13,2026-07-23T19:56:38.910827+00:00
120,sport,football,sport,us,llama3.2:3b,1.0,"{""category"": ""sport"", ""section"": ""us""}",success,,1,0.8969,951,13,2026-07-23T20:46:52.171340+00:00
122,sport,football,sport,us,llama3.2:3b,1.0,"{""category"": ""sport"", ""section"": ""us""}",success,,1,0.8615,1006,13,2026-07-23T20:31:02.710435+00:00
123,sport,tennis,sport,us,llama3.2:3b,1.0,"{""category"": ""sport"", ""section"": ""us""}",success,,1,0.9814,892,13,2026-07-23T20:09:40.032379+00:00
124,sport,tennis,news,world,llama3.2:3b,1.0,"{""category"": ""news"", ""section"": ""world""}",success,,1,0.8662,618,13,2026-07-23T20:30:45.036329+00:00
125,sport,tennis,sport,us,llama3.2:3b,1.0,"{""category"": ""sport"", ""section"": ""us""}",success,,1,0.9031,833,13,2026-07-23T20:51:07.937984+00:00
126,sport,sport,sport,us,llama3.2:3b,1.0,"{""category"": ""sport"", ""section"": ""us""}",success,,1,0.895,713,13,2026-07-23T20:14:43.782687+00:00
127,sport,sport,sport,us,llama3.2:3b,1.0,"{""category"": ""sport"", ""section"": ""us""}",success,,1,0.995,792,13,2026-07-23T20:15:09.047269+00:00
129,sport,motorsport,sport,football,llama3.2:3b,1.0,"{""category"": ""sport"", ""section"": ""football""}",success,,1,0.9083,867,14,2026-07-23T20:27:21.551822+00:00
130,sport,motorsport,sport,football,llama3.2:3b,1.0,"{""category"": ""sport"", ""section"": ""football""}",success,,1,0.9951,934,14,2026-07-23T20:41:07.507283+00:00
131,sport,motorsport,sport,football,llama3.2:3b,1.0,"{""category"": ""sport"", ""section"": ""football""}",success,,1,1.0373,796,14,2026-07-23T20:51:17.174756+00:00
132,sport,sport,sport,us,llama3.2:3b,1.0,"{""category"": ""sport"", ""section"": ""us""}",success,,1,1.0227,939,13,2026-07-23T20:33:00.305982+00:00
133,sport,sport,news,us,llama3.2:3b,1.0,"{""category"": ""news"", ""section"": ""us""}",success,,1,0.8932,984,13,2026-07-23T19:53:30.486804+00:00
134,sport,sport,entertainment,us,llama3.2:3b,1.0,"{""category"": ""entertainment"", ""section"": ""us""}",success,,1,0.9292,969,14,2026-07-23T20:16:40.754425+00:00
135,sport,sport,news,us,llama3.2:3b,1.0,"{""category"": ""news"", ""section"": ""us""}",success,,1,0.8815,682,13,2026-07-23T20:55:25.104962+00:00
137,sport,sport,sport,us,llama3.2:3b,1.0,"{""category"": ""sport"", ""section"": ""us""}",success,,1,0.8802,684,13,2026-07-23T20:41:02.731121+00:00
138,sport,sport,entertainment,movies,llama3.2:3b,1.0,"{""category"": ""entertainment"", ""section"": ""movies""}",success,,1,0.894,976,14,2026-07-23T20:07:34.442706+00:00
139,sport,sport,news,world,llama3.2:3b,1.0,"{""category"": ""news"", ""section"": ""world""}",success,,1,0.9044,993,13,2026-07-23T20:42:33.506196+00:00
140,sport,sport,sport,us,llama3.2:3b,1.0,"{""category"": ""sport"", ""section"": ""us""}",success,,1,1.0333,947,13,2026-07-23T20:18:01.254532+00:00
141,sport,sport,entertainment,us,llama3.2:3b,1.0,"{""category"": ""entertainment"", ""section"": ""us""}",success,,1,0.9312,1033,14,2026-07-23T20:44:31.292541+00:00
144,sport,sport,entertainment,us,llama3.2:3b,1.0,"{""category"": ""entertainment"", ""section"": ""us""}",success,,1,0.9403,951,14,2026-07-23T20:23:39.364698+00:00
145,sport,sport,health,us,llama3.2:3b,1.0,"{""category"": ""health"", ""section"": ""us""}",success,,1,0.9691,1037,13,2026-07-23T20:24:38.630278+00:00
146,sport,sport,news,us,llama3.2:3b,1.0,"{""category"": ""news"", ""section"": ""us""}",success,,1,0.889,960,13,2026-07-23T20:13:21.416806+00:00
148,sport,sport,news,us,llama3.2:3b,1.0,"{""category"": ""news"", ""section"": ""us""}",success,,1,0.9719,945,13,2026-07-23T19:55:05.999940+00:00
149,sport,sport,news,world,llama3.2:3b,1.0,"{""category"": ""news"", ""section"": ""world""}",success,,1,0.9562,1020,13,2026-07-23T20:42:31.300224+00:00
150,sport,sport,news,world,llama3.2:3b,1.0,"{""category"": ""news"", ""section"": ""world""}",success,,1,0.9377,1028,13,2026-07-23T20:12:23.546451+00:00
158,news,africa,business,investing,llama3.2:3b,1.0,"{""category"": ""business"", ""section"": ""investing""}",success,,1,0.9554,949,14,2026-07-23T20:11:56.782134+00:00
159,news,opinions,entertainment,opinions,llama3.2:3b,1.0,"{""category"": ""entertainment"", ""section"": ""opinions""}",success,,1,0.9544,963,15,2026-07-23T20:07:14.192638+00:00
161,news,africa,business,investing,llama3.2:3b,1.0,"{""category"": ""business"", ""section"": ""investing""}",success,,1,0.9793,936,14,2026-07-23T20:45:14.766178+00:00
163,news,africa,news,world,llama3.2:3b,1.0,"{""category"": ""news"", ""section"": ""world""}",success,,1,0.8251,644,13,2026-07-23T20:01:21.909746+00:00
164,news,africa,health,world,llama3.2:3b,1.0,"{""category"": ""health"", ""section"": ""world""}",success,,1,0.9488,976,13,2026-07-23T20:44:07.618571+00:00
166,business,business,news,world,llama3.2:3b,1.0,"{""category"": ""news"", ""section"": ""world""}",success,,1,0.9079,946,13,2026-07-23T20:44:16.760591+00:00
168,news,europe,news,world,llama3.2:3b,1.0,"{""category"": ""news"", ""section"": ""world""}",success,,1,0.9163,1008,13,2026-07-23T20:01:19.011514+00:00
169,news,europe,news,world,llama3.2:3b,1.0,"{""category"": ""news"", ""section"": ""world""}",success,,1,0.9127,969,13,2026-07-23T19:58:09.187181+00:00
170,news,africa,news,world,llama3.2:3b,1.0,"{""category"": ""news"", ""section"": ""world""}",success,,1,1.0154,869,13,2026-07-23T20:24:15.433108+00:00
171,news,europe,politics,world,llama3.2:3b,1.0,"{""category"": ""politics"", ""section"": ""world""}",success,,1,0.9292,971,14,2026-07-23T20:15:15.626295+00:00
176,news,africa,news,world,llama3.2:3b,1.0,"{""category"": ""news"", ""section"": ""world""}",success,,1,0.8474,934,13,2026-07-23T20:49:09.609252+00:00
179,sport,sport,sport,us,llama3.2:3b,1.0,"{""category"": ""sport"", ""section"": ""us""}",success,,1,1.0156,1016,13,2026-07-23T20:55:58.092728+00:00
184,news,africa,business,investing,llama3.2:3b,1.0,"{""category"": ""business"", ""section"": ""investing""}",success,,1,0.889,932,14,2026-07-23T20:10:33.564960+00:00
186,sport,sport,politics,us,llama3.2:3b,1.0,"{""category"": ""politics"", ""section"": ""us""}",success,,1,1.0083,1006,14,2026-07-23T20:12:01.058102+00:00
188,sport,sport,news,world,llama3.2:3b,1.0,"{""category"": ""news"", ""section"": ""world""}",success,,1,0.8752,963,13,2026-07-23T20:13:56.289722+00:00
189,news,africa,entertainment,world,llama3.2:3b,1.0,"{""category"": ""entertainment"", ""section"": ""world""}",success,,1,0.9028,1012,14,2026-07-23T20:30:10.084432+00:00
192,health,health,news,world,llama3.2:3b,1.0,"{""category"": ""news"", ""section"": ""world""}",success,,1,0.8994,925,13,2026-07-23T20:46:11.275539+00:00
197,business,business,business,investing,llama3.2:3b,1.0,"{""category"": ""business"", ""section"": ""investing""}",success,,1,0.9407,932,14,2026-07-23T20:20:08.571341+00:00
199,news,asia,politics,asia,llama3.2:3b,1.0,"{""category"": ""politics"", ""section"": ""asia""}",success,,1,0.9274,924,14,2026-07-23T20:09:04.220382+00:00
201,news,asia,news,asia,llama3.2:3b,1.0,"{""category"": ""news"", ""section"": ""asia""}",success,,1,0.9566,1019,13,2026-07-23T20:16:15.607861+00:00
202,news,asia,news,world,llama3.2:3b,1.0,"{""category"": ""news"", ""section"": ""world""}",success,,1,0.8836,873,13,2026-07-23T20:25:23.341887+00:00
203,business,tech,business,asia,llama3.2:3b,1.0,"{""category"": ""business"", ""section"": ""asia""}",success,,1,0.9407,942,13,2026-07-23T20:09:31.807033+00:00
208,news,china,politics,china,llama3.2:3b,1.0,"{""category"": ""politics"", ""section"": ""china""}",success,,1,0.8825,900,14,2026-07-23T19:53:14.912552+00:00
209,business,economy,politics,asia,llama3.2:3b,1.0,"{""category"": ""politics"", ""section"": ""asia""}",success,,1,1.0194,932,14,2026-07-23T20:12:12.183217+00:00
210,news,china,news,asia,llama3.2:3b,1.0,"{""category"": ""news"", ""section"": ""asia""}",success,,1,0.8649,902,13,2026-07-23T20:01:49.060434+00:00
211,news,china,health,asia,llama3.2:3b,1.0,"{""category"": ""health"", ""section"": ""asia""}",success,,1,0.9248,962,13,2026-07-23T20:45:47.856876+00:00
212,news,europe,politics,europe,llama3.2:3b,1.0,"{""category"": ""politics"", ""section"": ""europe""}",success,,1,1.6292,878,15,2026-07-23T19:57:11.523196+00:00
214,politics,politics,politics,us,llama3.2:3b,1.0,"{""category"": ""politics"", ""section"": ""us""}",success,,1,0.9273,986,14,2026-07-23T20:19:41.132840+00:00
216,politics,politics,politics,us,llama3.2:3b,1.0,"{""category"": ""politics"", ""section"": ""us""}",success,,1,0.8752,923,14,2026-07-23T20:07:17.046390+00:00
220,politics,politics,politics,us,llama3.2:3b,1.0,"{""category"": ""politics"", ""section"": ""us""}",success,,1,0.9617,878,14,2026-07-23T19:54:21.929995+00:00
221,politics,politics,politics,us,llama3.2:3b,1.0,"{""category"": ""politics"", ""section"": ""us""}",success,,1,0.9007,910,14,2026-07-23T20:05:41.947639+00:00
222,politics,politics,politics,us,llama3.2:3b,1.0,"{""category"": ""politics"", ""section"": ""us""}",success,,1,0.9418,974,14,2026-07-23T20:19:59.876512+00:00
224,politics,politics,politics,us,llama3.2:3b,1.0,"{""category"": ""politics"", ""section"": ""us""}",success,,1,0.9395,956,14,2026-07-23T19:59:21.621956+00:00
225,politics,politics,politics,us,llama3.2:3b,1.0,"{""category"": ""politics"", ""section"": ""us""}",success,,1,1.334,790,14,2026-07-23T20:53:05.707348+00:00
226,politics,politics,politics,us,llama3.2:3b,1.0,"{""category"": ""politics"", ""section"": ""us""}",success,,1,0.7928,672,14,2026-07-23T20:32:02.354411+00:00
227,politics,politics,politics,us,llama3.2:3b,1.0,"{""category"": ""politics"", ""section"": ""us""}",success,,1,0.8842,917,14,2026-07-23T20:50:47.169103+00:00
228,business,economy,business,investing,llama3.2:3b,1.0,"{""category"": ""business"", ""section"": ""investing""}",success,,1,0.978,962,14,2026-07-23T20:18:36.709387+00:00
230,politics,politics,politics,us,llama3.2:3b,1.0,"{""category"": ""politics"", ""section"": ""us""}",success,,1,0.9039,975,14,2026-07-23T20:22:13.998139+00:00
232,politics,politics,politics,us,llama3.2:3b,1.0,"{""category"": ""politics"", ""section"": ""us""}",success,,1,0.9054,982,14,2026-07-23T19:58:54.259093+00:00
233,politics,politics,politics,us,llama3.2:3b,1.0,"{""category"": ""politics"", ""section"": ""us""}",success,,1,0.9859,949,14,2026-07-23T19:56:09.084814+00:00
234,politics,politics,politics,us,llama3.2:3b,1.0,"{""category"": ""politics"", ""section"": ""us""}",success,,1,0.8462,909,14,2026-07-23T20:12:40.730077+00:00
235,politics,politics,news,us,llama3.2:3b,1.0,"{""category"": ""news"", ""section"": ""us""}",success,,1,0.8664,882,13,2026-07-23T20:37:55.740668+00:00
236,politics,politics,politics,us,llama3.2:3b,1.0,"{""category"": ""politics"", ""section"": ""us""}",success,,1,0.9387,923,14,2026-07-23T19:53:50.894185+00:00
237,politics,politics,politics,us,llama3.2:3b,1.0,"{""category"": ""politics"", ""section"": ""us""}",success,,1,0.8689,954,14,2026-07-23T20:42:07.576721+00:00
238,politics,politics,politics,us,llama3.2:3b,1.0,"{""category"": ""politics"", ""section"": ""us""}",success,,1,0.948,978,14,2026-07-23T20:49:28.571669+00:00
241,politics,politics,politics,us,llama3.2:3b,1.0,"{""category"": ""politics"", ""section"": ""us""}",success,,1,0.8509,579,14,2026-07-23T19:57:19.144874+00:00
242,politics,politics,politics,us,llama3.2:3b,1.0,"{""category"": ""politics"", ""section"": ""us""}",success,,1,0.8903,905,14,2026-07-23T20:34:44.036994+00:00
243,politics,politics,politics,us,llama3.2:3b,1.0,"{""category"": ""politics"", ""section"": ""us""}",success,,1,0.9246,893,14,2026-07-23T20:52:08.698017+00:00
244,politics,politics,politics,us,llama3.2:3b,1.0,"{""category"": ""politics"", ""section"": ""us""}",success,,1,0.9388,953,14,2026-07-23T20:35:51.305496+00:00
245,politics,politics,politics,us,llama3.2:3b,1.0,"{""category"": ""politics"", ""section"": ""us""}",success,,1,0.9524,962,14,2026-07-23T20:29:58.529840+00:00
247,politics,politics,politics,us,llama3.2:3b,1.0,"{""category"": ""politics"", ""section"": ""us""}",success,,1,0.8734,932,14,2026-07-23T20:33:02.352961+00:00
249,politics,politics,politics,us,llama3.2:3b,1.0,"{""category"": ""politics"", ""section"": ""us""}",success,,1,0.9686,879,14,2026-07-23T20:01:02.814597+00:00
250,politics,politics,news,politics,llama3.2:3b,1.0,"{""category"": ""news"", ""section"": ""politics""}",success,,1,0.9146,886,14,2026-07-23T19:59:39.845481+00:00
251,politics,politics,politics,us,llama3.2:3b,1.0,"{""category"": ""politics"", ""section"": ""us""}",success,,1,0.8651,963,14,2026-07-23T20:33:55.012895+00:00
252,politics,politics,politics,us,llama3.2:3b,1.0,"{""category"": ""politics"", ""section"": ""us""}",success,,1,0.8843,964,14,2026-07-23T20:35:35.426205+00:00
254,politics,politics,politics,us,llama3.2:3b,1.0,"{""category"": ""politics"", ""section"": ""us""}",success,,1,0.9169,946,14,2026-07-23T20:44:00.821916+00:00
256,politics,politics,politics,us,llama3.2:3b,1.0,"{""category"": ""politics"", ""section"": ""us""}",success,,1,0.9352,893,14,2026-07-23T19:54:34.377806+00:00
257,politics,politics,politics,us,llama3.2:3b,1.0,"{""category"": ""politics"", ""section"": ""us""}",success,,1,0.9226,951,14,2026-07-23T19:58:38.273268+00:00
258,politics,politics,politics,us,llama3.2:3b,1.0,"{""category"": ""politics"", ""section"": ""us""}",success,,1,0.8646,872,14,2026-07-23T20:50:07.708448+00:00
259,politics,politics,politics,us,llama3.2:3b,1.0,"{""category"": ""politics"", ""section"": ""us""}",success,,1,0.8444,840,14,2026-07-23T20:52:54.219684+00:00
260,politics,politics,politics,us,llama3.2:3b,1.0,"{""category"": ""politics"", ""section"": ""us""}",success,,1,0.8853,979,14,2026-07-23T20:43:31.602550+00:00
261,politics,politics,politics,us,llama3.2:3b,1.0,"{""category"": ""politics"", ""section"": ""us""}",success,,1,0.8341,773,14,2026-07-23T20:52:47.114350+00:00
262,politics,politics,politics,us,llama3.2:3b,1.0,"{""category"": ""politics"", ""section"": ""us""}",success,,1,0.8773,913,14,2026-07-23T20:01:46.210208+00:00
263,politics,politics,politics,us,llama3.2:3b,1.0,"{""category"": ""politics"", ""section"": ""us""}",success,,1,0.9333,949,14,2026-07-23T20:17:47.569585+00:00
264,politics,politics,politics,us,llama3.2:3b,1.0,"{""category"": ""politics"", ""section"": ""us""}",success,,1,0.8814,993,14,2026-07-23T20:49:21.700754+00:00
265,politics,politics,politics,us,llama3.2:3b,1.0,"{""category"": ""politics"", ""section"": ""us""}",success,,1,0.9712,998,14,2026-07-23T20:16:28.041188+00:00
317,business,investing,business,investing,llama3.2:3b,1.0,"{""category"": ""business"", ""section"": ""investing""}",success,,1,0.9727,949,14,2026-07-23T20:50:12.948883+00:00
318,business,success,business,us,llama3.2:3b,1.0,"{""category"": ""business"", ""section"": ""us""}",success,,1,0.9069,927,13,2026-07-23T19:57:05.119065+00:00
320,business,success,business,investing,llama3.2:3b,1.0,"{""category"": ""business"", ""section"": ""investing""}",success,,1,0.9198,920,14,2026-07-23T19:58:17.730515+00:00
322,business,success,business,investing,llama3.2:3b,1.0,"{""category"": ""business"", ""section"": ""investing""}",success,,1,0.9598,944,14,2026-07-23T20:20:09.972968+00:00
324,business,success,business,investing,llama3.2:3b,1.0,"{""category"": ""business"", ""section"": ""investing""}",success,,1,0.9796,935,14,2026-07-23T20:42:25.225875+00:00
326,business,homes,business,investing,llama3.2:3b,1.0,"{""category"": ""business"", ""section"": ""investing""}",success,,1,0.8734,812,14,2026-07-23T20:43:28.352978+00:00
327,business,homes,business,us,llama3.2:3b,1.0,"{""category"": ""business"", ""section"": ""us""}",success,,1,0.9434,933,13,2026-07-23T20:41:21.048856+00:00
330,business,homes,business,investing,llama3.2:3b,1.0,"{""category"": ""business"", ""section"": ""investing""}",success,,1,0.8996,892,14,2026-07-23T20:24:40.001875+00:00
331,business,business-money,business,investing,llama3.2:3b,1.0,"{""category"": ""business"", ""section"": ""investing""}",success,,1,0.8,980,14,2026-07-23T20:11:06.334694+00:00
332,business,economy,business,investing,llama3.2:3b,1.0,"{""category"": ""business"", ""section"": ""investing""}",success,,1,0.9151,922,14,2026-07-23T20:51:15.923502+00:00
333,business,homes,business,investing,llama3.2:3b,1.0,"{""category"": ""business"", ""section"": ""investing""}",success,,1,0.8954,966,14,2026-07-23T20:38:18.264626+00:00
334,business,homes,business,investing,llama3.2:3b,1.0,"{""category"": ""business"", ""section"": ""investing""}",success,,1,0.8537,730,14,2026-07-23T20:17:46.224295+00:00
335,business,economy,business,investing,llama3.2:3b,1.0,"{""category"": ""business"", ""section"": ""investing""}",success,,1,0.9161,916,14,2026-07-23T20:29:35.344814+00:00
336,business,economy,business,investing,llama3.2:3b,1.0,"{""category"": ""business"", ""section"": ""investing""}",success,,1,0.8566,908,14,2026-07-23T20:50:00.920468+00:00
338,business,homes,business,us,llama3.2:3b,1.0,"{""category"": ""business"", ""section"": ""us""}",success,,1,0.9064,976,13,2026-07-23T20:36:48.387872+00:00
340,business,success,news,us,llama3.2:3b,1.0,"{""category"": ""news"", ""section"": ""us""}",success,,1,0.8143,928,13,2026-07-23T19:54:30.416295+00:00
344,business,perspectives,news,us,llama3.2:3b,1.0,"{""category"": ""news"", ""section"": ""us""}",success,,1,0.8629,909,13,2026-07-23T20:44:21.097463+00:00
346,business,perspectives,business,investing,llama3.2:3b,1.0,"{""category"": ""business"", ""section"": ""investing""}",success,,1,0.9595,921,14,2026-07-23T20:04:01.748223+00:00
348,business,perspectives,news,opinions,llama3.2:3b,1.0,"{""category"": ""news"", ""section"": ""opinions""}",success,,1,0.9845,957,14,2026-07-23T20:53:41.380479+00:00
350,business,perspectives,news,opinions,llama3.2:3b,1.0,"{""category"": ""news"", ""section"": ""opinions""}",success,,1,0.9643,975,14,2026-07-23T20:48:03.804506+00:00
351,business,perspectives,news,opinions,llama3.2:3b,1.0,"{""category"": ""news"", ""section"": ""opinions""}",success,,1,0.9455,916,14,2026-07-23T19:53:16.839497+00:00
352,business,perspectives,news,opinions,llama3.2:3b,1.0,"{""category"": ""news"", ""section"": ""opinions""}",success,,1,0.9049,923,14,2026-07-23T20:37:24.195417+00:00
353,business,perspectives,politics,us,llama3.2:3b,1.0,"{""category"": ""politics"", ""section"": ""us""}",success,,1,0.9103,925,14,2026-07-23T20:49:12.853009+00:00
355,business,perspectives,news,business,llama3.2:3b,1.0,"{""category"": ""news"", ""section"": ""business""}",success,,1,0.9017,884,13,2026-07-23T20:01:14.246956+00:00
356,business,perspectives,business,us,llama3.2:3b,1.0,"{""category"": ""business"", ""section"": ""us""}",success,,1,0.8899,904,13,2026-07-23T20:36:56.928878+00:00
360,business,perspectives,news,opinions,llama3.2:3b,1.0,"{""category"": ""news"", ""section"": ""opinions""}",success,,1,1.0178,930,14,2026-07-23T19:55:55.454972+00:00
361,business,perspectives,entertainment,us,llama3.2:3b,1.0,"{""category"": ""entertainment"", ""section"": ""us""}",success,,1,1.4055,1009,14,2026-07-23T20:08:15.876191+00:00
362,business,perspectives,news,opinions,llama3.2:3b,1.0,"{""category"": ""news"", ""section"": ""opinions""}",success,,1,0.9661,948,14,2026-07-23T20:14:15.511591+00:00
363,business,perspectives,entertainment,opinions,llama3.2:3b,1.0,"{""category"": ""entertainment"", ""section"": ""opinions""}",success,,1,0.9546,965,15,2026-07-23T20:26:15.607270+00:00
364,business,perspectives,entertainment,opinions,llama3.2:3b,1.0,"{""category"": ""entertainment"", ""section"": ""opinions""}",success,,1,0.9854,878,15,2026-07-23T20:38:15.108108+00:00
366,business,perspectives,news,opinions,llama3.2:3b,1.0,"{""category"": ""news"", ""section"": ""opinions""}",success,,1,1.0097,875,14,2026-07-23T20:27:33.484039+00:00
367,business,perspectives,entertainment,us,llama3.2:3b,1.0,"{""category"": ""entertainment"", ""section"": ""us""}",success,,1,0.9522,926,14,2026-07-23T20:49:06.227661+00:00
369,business,perspectives,news,opinions,llama3.2:3b,1.0,"{""category"": ""news"", ""section"": ""opinions""}",success,,1,0.9718,849,14,2026-07-23T20:00:44.415600+00:00
370,business,perspectives,news,opinions,llama3.2:3b,1.0,"{""category"": ""news"", ""section"": ""opinions""}",success,,1,0.9355,894,14,2026-07-23T20:00:07.591216+00:00
372,business,perspectives,business,investing,llama3.2:3b,1.0,"{""category"": ""business"", ""section"": ""investing""}",success,,1,0.9909,928,14,2026-07-23T20:38:08.533123+00:00
375,business,perspectives,business,investing,llama3.2:3b,1.0,"{""category"": ""business"", ""section"": ""investing""}",success,,1,0.9386,866,14,2026-07-23T20:40:00.563757+00:00
376,news,opinions,health,us,llama3.2:3b,1.0,"{""category"": ""health"", ""section"": ""us""}",success,,1,0.9422,986,13,2026-07-23T20:28:32.314023+00:00
378,news,opinions,news,opinions,llama3.2:3b,1.0,"{""category"": ""news"", ""section"": ""opinions""}",success,,1,1.3519,956,14,2026-07-23T20:42:02.914071+00:00
380,news,opinions,news,opinions,llama3.2:3b,1.0,"{""category"": ""news"", ""section"": ""opinions""}",success,,1,0.9926,934,14,2026-07-23T20:01:09.507874+00:00
431,entertainment,entertainment,entertainment,us,llama3.2:3b,1.0,"{""category"": ""entertainment"", ""section"": ""us""}",success,,1,0.8388,501,14,2026-07-23T19:53:47.271664+00:00
433,entertainment,entertainment,entertainment,us,llama3.2:3b,1.0,"{""category"": ""entertainment"", ""section"": ""us""}",success,,1,0.8283,572,14,2026-07-23T20:07:23.039926+00:00
435,entertainment,entertainment,entertainment,us,llama3.2:3b,1.0,"{""category"": ""entertainment"", ""section"": ""us""}",success,,1,0.8229,543,14,2026-07-23T20:46:54.434323+00:00
439,entertainment,entertainment,entertainment,us,llama3.2:3b,1.0,"{""category"": ""entertainment"", ""section"": ""us""}",success,,1,0.8787,640,14,2026-07-23T20:01:49.987530+00:00
443,entertainment,entertainment,entertainment,movies,llama3.2:3b,1.0,"{""category"": ""entertainment"", ""section"": ""movies""}",success,,1,0.8885,949,14,2026-07-23T20:09:45.961984+00:00
447,entertainment,entertainment,entertainment,movies,llama3.2:3b,1.0,"{""category"": ""entertainment"", ""section"": ""movies""}",success,,1,0.9481,1002,14,2026-07-23T20:28:49.300937+00:00
449,entertainment,entertainment,entertainment,us,llama3.2:3b,1.0,"{""category"": ""entertainment"", ""section"": ""us""}",success,,1,0.8596,877,14,2026-07-23T20:14:28.392886+00:00
456,entertainment,entertainment,entertainment,us,llama3.2:3b,1.0,"{""category"": ""entertainment"", ""section"": ""us""}",success,,1,0.9809,1005,14,2026-07-23T20:18:28.063456+00:00
458,entertainment,entertainment,entertainment,us,llama3.2:3b,1.0,"{""category"": ""entertainment"", ""section"": ""us""}",success,,1,0.9114,950,14,2026-07-23T20:05:54.558421+00:00
461,entertainment,celebrities,entertainment,movies,llama3.2:3b,1.0,"{""category"": ""entertainment"", ""section"": ""movies""}",success,,1,0.9248,966,14,2026-07-23T20:41:37.834866+00:00
462,entertainment,entertainment,entertainment,movies,llama3.2:3b,1.0,"{""category"": ""entertainment"", ""section"": ""movies""}",success,,1,1.0116,1035,14,2026-07-23T20:40:03.898626+00:00
465,entertainment,entertainment,entertainment,movies,llama3.2:3b,1.0,"{""category"": ""entertainment"", ""section"": ""movies""}",success,,1,0.9503,1025,14,2026-07-23T19:57:30.246055+00:00
467,entertainment,entertainment,entertainment,movies,llama3.2:3b,1.0,"{""category"": ""entertainment"", ""section"": ""movies""}",success,,1,1.0178,1021,14,2026-07-23T20:16:19.683610+00:00
471,entertainment,entertainment,entertainment,movies,llama3.2:3b,1.0,"{""category"": ""entertainment"", ""section"": ""movies""}",success,,1,0.9032,1030,14,2026-07-23T20:36:15.654404+00:00
473,entertainment,entertainment,news,us,llama3.2:3b,1.0,"{""category"": ""news"", ""section"": ""us""}",success,,1,0.9059,1017,13,2026-07-23T19:58:27.900089+00:00
474,entertainment,entertainment,entertainment,movies,llama3.2:3b,1.0,"{""category"": ""entertainment"", ""section"": ""movies""}",success,,1,0.8942,902,14,2026-07-23T20:19:37.159652+00:00
475,entertainment,entertainment,entertainment,us,llama3.2:3b,1.0,"{""category"": ""entertainment"", ""section"": ""us""}",success,,1,0.9167,1037,14,2026-07-23T20:12:45.723547+00:00
477,entertainment,entertainment,entertainment,movies,llama3.2:3b,1.0,"{""category"": ""entertainment"", ""section"": ""movies""}",success,,1,0.8856,1017,14,2026-07-23T20:52:29.246332+00:00
478,entertainment,entertainment,entertainment,movies,llama3.2:3b,1.0,"{""category"": ""entertainment"", ""section"": ""movies""}",success,,1,0.9345,985,14,2026-07-23T20:29:22.659209+00:00
479,entertainment,entertainment,news,us,llama3.2:3b,1.0,"{""category"": ""news"", ""section"": ""us""}",success,,1,0.823,1044,13,2026-07-23T20:47:48.882351+00:00
483,entertainment,entertainment,entertainment,movies,llama3.2:3b,1.0,"{""category"": ""entertainment"", ""section"": ""movies""}",success,,1,0.9334,1012,14,2026-07-23T20:51:57.207301+00:00
489,news,europe,business,europe,llama3.2:3b,1.0,"{""category"": ""business"", ""section"": ""europe""}",success,,1,0.9312,726,15,2026-07-23T20:02:25.676167+00:00
491,business,success,entertainment,living,llama3.2:3b,1.0,"{""category"": ""entertainment"", ""section"": ""living""}",success,,1,1.1661,929,14,2026-07-23T20:53:35.867550+00:00
546,sport,football,sport,football,llama3.2:3b,1.0,"{""category"": ""sport"", ""section"": ""football""}",success,,1,1.0925,973,13,2026-07-23T20:53:22.562461+00:00
548,sport,football,sport,football,llama3.2:3b,1.0,"{""category"": ""sport"", ""section"": ""football""}",success,,1,0.9411,951,13,2026-07-23T20:55:48.108849+00:00
552,sport,football,politics,us,llama3.2:3b,1.0,"{""category"": ""politics"", ""section"": ""us""}",success,,1,0.9731,986,14,2026-07-23T20:08:48.854384+00:00
554,sport,football,sport,football,llama3.2:3b,1.0,"{""category"": ""sport"", ""section"": ""football""}",success,,1,0.9017,999,13,2026-07-23T19:54:27.678784+00:00
556,sport,football,sport,football,llama3.2:3b,1.0,"{""category"": ""sport"", ""section"": ""football""}",success,,1,0.8736,850,13,2026-07-23T19:54:18.100704+00:00
558,sport,football,sport,football,llama3.2:3b,1.0,"{""category"": ""sport"", ""section"": ""football""}",success,,1,0.8724,961,13,2026-07-23T20:36:00.835008+00:00
560,sport,football,sport,us,llama3.2:3b,1.0,"{""category"": ""sport"", ""section"": ""us""}",success,,1,0.8919,1015,13,2026-07-23T20:53:37.673171+00:00
562,sport,football,sport,us,llama3.2:3b,1.0,"{""category"": ""sport"", ""section"": ""us""}",success,,1,0.9549,964,13,2026-07-23T20:47:53.445008+00:00
564,sport,football,sport,football,llama3.2:3b,1.0,"{""category"": ""sport"", ""section"": ""football""}",success,,1,0.9334,995,13,2026-07-23T20:44:17.889706+00:00
566,sport,football,sport,us,llama3.2:3b,1.0,"{""category"": ""sport"", ""section"": ""us""}",success,,1,0.873,744,13,2026-07-23T20:04:03.644740+00:00
570,sport,football,sport,us,llama3.2:3b,1.0,"{""category"": ""sport"", ""section"": ""us""}",success,,1,0.8317,739,13,2026-07-23T20:47:37.604333+00:00
572,sport,sport,sport,asia,llama3.2:3b,1.0,"{""category"": ""sport"", ""section"": ""asia""}",success,,1,1.0182,928,13,2026-07-23T20:10:13.440681+00:00
573,sport,tennis,sport,us,llama3.2:3b,1.0,"{""category"": ""sport"", ""section"": ""us""}",success,,1,0.9159,943,13,2026-07-23T20:05:25.596858+00:00
574,sport,tennis,entertainment,us,llama3.2:3b,1.0,"{""category"": ""entertainment"", ""section"": ""us""}",success,,1,0.8435,979,14,2026-07-23T20:32:51.920682+00:00
582,sport,golf,entertainment,movies,llama3.2:3b,1.0,"{""category"": ""entertainment"", ""section"": ""movies""}",success,,1,1.0244,1023,14,2026-07-23T20:16:26.721754+00:00
585,sport,golf,entertainment,movies,llama3.2:3b,1.0,"{""category"": ""entertainment"", ""section"": ""movies""}",success,,1,0.9562,999,14,2026-07-23T20:17:57.107265+00:00
587,sport,golf,entertainment,movies,llama3.2:3b,1.0,"{""category"": ""entertainment"", ""section"": ""movies""}",success,,1,0.9539,986,14,2026-07-23T20:14:59.620505+00:00
589,sport,golf,entertainment,us,llama3.2:3b,1.0,"{""category"": ""entertainment"", ""section"": ""us""}",success,,1,0.9301,1000,14,2026-07-23T20:33:21.568852+00:00
591,sport,golf,sport,us,llama3.2:3b,1.0,"{""category"": ""sport"", ""section"": ""us""}",success,,1,0.9937,1018,13,2026-07-23T20:18:48.960873+00:00
593,sport,golf,entertainment,movies,llama3.2:3b,1.0,"{""category"": ""entertainment"", ""section"": ""movies""}",success,,1,0.9201,964,14,2026-07-23T20:15:22.312787+00:00
595,sport,sport,sport,us,llama3.2:3b,1.0,"{""category"": ""sport"", ""section"": ""us""}",success,,1,0.9442,1010,13,2026-07-23T20:47:41.018241+00:00
596,sport,sport,sport,us,llama3.2:3b,1.0,"{""category"": ""sport"", ""section"": ""us""}",success,,1,2.7752,1036,13,2026-07-23T20:54:37.844856+00:00
598,sport,sport,sport,us,llama3.2:3b,1.0,"{""category"": ""sport"", ""section"": ""us""}",success,,1,1.0636,1009,13,2026-07-23T20:24:08.374103+00:00
599,sport,sport,sport,us,llama3.2:3b,1.0,"{""category"": ""sport"", ""section"": ""us""}",success,,1,0.8917,959,13,2026-07-23T20:44:15.661969+00:00
600,sport,sport,entertainment,us,llama3.2:3b,1.0,"{""category"": ""entertainment"", ""section"": ""us""}",success,,1,0.8584,607,14,2026-07-23T20:32:28.876449+00:00
601,sport,sport,sport,us,llama3.2:3b,1.0,"{""category"": ""sport"", ""section"": ""us""}",success,,1,1.1898,979,13,2026-07-23T19:55:37.325542+00:00
603,sport,sport,sport,us,llama3.2:3b,1.0,"{""category"": ""sport"", ""section"": ""us""}",success,,1,0.7795,411,13,2026-07-23T20:47:47.855796+00:00
605,sport,sport,sport,us,llama3.2:3b,1.0,"{""category"": ""sport"", ""section"": ""us""}",success,,1,1.1025,839,13,2026-07-23T20:10:51.135832+00:00
606,sport,sport,sport,us,llama3.2:3b,1.0,"{""category"": ""sport"", ""section"": ""us""}",success,,1,0.9181,981,13,2026-07-23T20:47:31.178743+00:00
607,sport,sport,sport,us,llama3.2:3b,1.0,"{""category"": ""sport"", ""section"": ""us""}",success,,1,1.0273,997,13,2026-07-23T20:46:53.412371+00:00
609,sport,sport,sport,us,llama3.2:3b,1.0,"{""category"": ""sport"", ""section"": ""us""}",success,,1,1.0602,1014,13,2026-07-23T20:10:19.715617+00:00
613,sport,sport,sport,us,llama3.2:3b,1.0,"{""category"": ""sport"", ""section"": ""us""}",success,,1,0.9713,1006,13,2026-07-23T20:46:48.934926+00:00
614,sport,sport,news,us,llama3.2:3b,1.0,"{""category"": ""news"", ""section"": ""us""}",success,,1,0.942,942,13,2026-07-23T20:13:37.221938+00:00
615,sport,sport,sport,us,llama3.2:3b,1.0,"{""category"": ""sport"", ""section"": ""us""}",success,,1,0.974,1005,13,2026-07-23T20:54:08.250818+00:00
616,sport,sport,sport,us,llama3.2:3b,1.0,"{""category"": ""sport"", ""section"": ""us""}",success,,1,0.9656,985,13,2026-07-23T20:03:09.982120+00:00
617,sport,sport,news,us,llama3.2:3b,1.0,"{""category"": ""news"", ""section"": ""us""}",success,,1,0.9263,991,13,2026-07-23T20:43:56.113251+00:00
618,sport,sport,entertainment,movies,llama3.2:3b,1.0,"{""category"": ""entertainment"", ""section"": ""movies""}",success,,1,0.9501,981,14,2026-07-23T20:12:10.093219+00:00
619,sport,sport,entertainment,movies,llama3.2:3b,1.0,"{""category"": ""entertainment"", ""section"": ""movies""}",success,,1,0.9158,953,14,2026-07-23T20:46:43.171139+00:00
620,sport,sport,news,us,llama3.2:3b,1.0,"{""category"": ""news"", ""section"": ""us""}",success,,1,1.0726,1041,13,2026-07-23T20:47:05.834799+00:00
621,sport,sport,news,world,llama3.2:3b,1.0,"{""category"": ""news"", ""section"": ""world""}",success,,1,0.9479,1027,13,2026-07-23T20:56:30.230981+00:00
623,sport,sport,news,asia,llama3.2:3b,1.0,"{""category"": ""news"", ""section"": ""asia""}",success,,1,0.9361,922,13,2026-07-23T20:22:28.185933+00:00
625,news,china,news,asia,llama3.2:3b,1.0,"{""category"": ""news"", ""section"": ""asia""}",success,,1,0.9831,923,13,2026-07-23T20:11:28.691000+00:00
627,sport,sport,news,us,llama3.2:3b,1.0,"{""category"": ""news"", ""section"": ""us""}",success,,1,0.9321,967,13,2026-07-23T20:03:17.786375+00:00
629,sport,sport,entertainment,media,llama3.2:3b,1.0,"{""category"": ""entertainment"", ""section"": ""media""}",success,,1,0.8588,808,14,2026-07-23T20:33:19.502399+00:00
631,news,opinions,entertainment,opinions,llama3.2:3b,1.0,"{""category"": ""entertainment"", ""section"": ""opinions""}",success,,1,1.0211,963,15,2026-07-23T20:22:54.242144+00:00
633,sport,sport,sport,us,llama3.2:3b,1.0,"{""category"": ""sport"", ""section"": ""us""}",success,,1,1.0154,1010,13,2026-07-23T20:44:08.827294+00:00
635,sport,sport,entertainment,movies,llama3.2:3b,1.0,"{""category"": ""entertainment"", ""section"": ""movies""}",success,,1,0.9146,976,14,2026-07-23T20:03:39.218427+00:00
639,sport,sport,sport,us,llama3.2:3b,1.0,"{""category"": ""sport"", ""section"": ""us""}",success,,1,0.9424,987,13,2026-07-23T20:31:09.066813+00:00
641,sport,sport,news,world,llama3.2:3b,1.0,"{""category"": ""news"", ""section"": ""world""}",success,,1,0.8238,741,13,2026-07-23T20:46:30.869665+00:00
643,sport,sport,news,asia,llama3.2:3b,1.0,"{""category"": ""news"", ""section"": ""asia""}",success,,1,0.9905,795,13,2026-07-23T20:49:08.554573+00:00
645,sport,sport,sport,us,llama3.2:3b,1.0,"{""category"": ""sport"", ""section"": ""us""}",success,,1,0.864,839,13,2026-07-23T20:08:27.264799+00:00
647,sport,sport,sport,us,llama3.2:3b,1.0,"{""category"": ""sport"", ""section"": ""us""}",success,,1,1.0232,783,13,2026-07-23T20:27:10.172158+00:00
649,sport,sport,news,us,llama3.2:3b,1.0,"{""category"": ""news"", ""section"": ""us""}",success,,1,0.881,743,13,2026-07-23T20:44:44.574750+00:00
651,sport,sport,sport,us,llama3.2:3b,1.0,"{""category"": ""sport"", ""section"": ""us""}",success,,1,0.9589,732,13,2026-07-23T19:57:16.316306+00:00
657,sport,sport,news,us,llama3.2:3b,1.0,"{""category"": ""news"", ""section"": ""us""}",success,,1,0.8694,947,13,2026-07-23T19:57:28.247590+00:00
660,sport,sport,entertainment,us,llama3.2:3b,1.0,"{""category"": ""entertainment"", ""section"": ""us""}",success,,1,0.9562,972,14,2026-07-23T19:54:12.391413+00:00
662,sport,sport,sport,us,llama3.2:3b,1.0,"{""category"": ""sport"", ""section"": ""us""}",success,,1,0.9538,970,13,2026-07-23T20:42:00.910121+00:00
664,sport,sport,sport,uk,llama3.2:3b,1.0,"{""category"": ""sport"", ""section"": ""uk""}",success,,1,0.8837,1002,13,2026-07-23T20:04:38.704820+00:00
668,sport,sport,sport,us,llama3.2:3b,1.0,"{""category"": ""sport"", ""section"": ""us""}",success,,1,1.011,1009,13,2026-07-23T20:24:21.137393+00:00
669,sport,sport,entertainment,movies,llama3.2:3b,1.0,"{""category"": ""entertainment"", ""section"": ""movies""}",success,,1,0.9409,950,14,2026-07-23T20:31:55.138286+00:00
671,sport,sport,entertainment,movies,llama3.2:3b,1.0,"{""category"": ""entertainment"", ""section"": ""movies""}",success,,1,1.058,989,14,2026-07-23T20:55:50.108938+00:00
673,sport,sport,news,us,llama3.2:3b,1.0,"{""category"": ""news"", ""section"": ""us""}",success,,1,0.8257,751,13,2026-07-23T20:25:44.658781+00:00
675,sport,sport,news,asia,llama3.2:3b,1.0,"{""category"": ""news"", ""section"": ""asia""}",success,,1,0.9061,1052,13,2026-07-23T20:31:35.725802+00:00
677,sport,motorsport,sport,football,llama3.2:3b,1.0,"{""category"": ""sport"", ""section"": ""football""}",success,,1,1.0135,965,14,2026-07-23T20:51:04.572966+00:00
681,sport,motorsport,sport,us,llama3.2:3b,1.0,"{""category"": ""sport"", ""section"": ""us""}",success,,1,0.9313,1000,13,2026-07-23T20:13:35.161860+00:00
683,sport,motorsport,sport,football,llama3.2:3b,1.0,"{""category"": ""sport"", ""section"": ""football""}",success,,1,0.9109,944,14,2026-07-23T20:34:47.116225+00:00
687,sport,motorsport,sport,football,llama3.2:3b,1.0,"{""category"":""sport"",""section"":""football""}",success,,1,1.1048,970,11,2026-07-23T20:33:08.904882+00:00
689,sport,motorsport,news,football,llama3.2:3b,1.0,"{""category"":""news"",""section"":""football""}",success,,1,0.9435,1010,11,2026-07-23T19:59:26.398160+00:00
691,sport,motorsport,sport,football,llama3.2:3b,1.0,"{""category"": ""sport"", ""section"": ""football""}",success,,1,0.9554,1013,14,2026-07-23T20:12:29.923014+00:00
693,sport,motorsport,sport,motorsport,llama3.2:3b,1.0,"{""category"": ""sport"", ""section"": ""motorsport""}",success,,1,0.9768,966,15,2026-07-23T19:54:14.415501+00:00
696,sport,sport,news,world,llama3.2:3b,1.0,"{""category"": ""news"", ""section"": ""world""}",success,,1,0.8636,627,13,2026-07-23T20:05:17.779560+00:00
698,sport,motorsport,news,us,llama3.2:3b,1.0,"{""category"": ""news"", ""section"": ""us""}",success,,1,0.9302,990,13,2026-07-23T20:17:02.540727+00:00
700,sport,motorsport,sport,us,llama3.2:3b,1.0,"{""category"": ""sport"", ""section"": ""us""}",success,,1,1.3027,867,13,2026-07-23T20:27:38.047271+00:00
702,sport,motorsport,sport,us,llama3.2:3b,1.0,"{""category"": ""sport"", ""section"": ""us""}",success,,1,0.9333,1048,13,2026-07-23T19:54:43.323848+00:00
703,sport,motorsport,sport,motorsport,llama3.2:3b,1.0,"{""category"": ""sport"", ""section"": ""motorsport""}",success,,1,0.9906,998,15,2026-07-23T20:54:04.076519+00:00
705,sport,motorsport,entertainment,movies,llama3.2:3b,1.0,"{""category"": ""entertainment"", ""section"": ""movies""}",success,,1,0.885,978,14,2026-07-23T20:34:42.990115+00:00
709,sport,sport,sport,us,llama3.2:3b,1.0,"{""category"": ""sport"", ""section"": ""us""}",success,,1,0.9719,952,13,2026-07-23T20:16:55.889725+00:00
713,business,tech,business,tech,llama3.2:3b,1.0,"{""category"": ""business"", ""section"": ""tech""}",success,,1,0.963,992,13,2026-07-23T20:53:58.073539+00:00
715,business,tech,business,investing,llama3.2:3b,1.0,"{""category"": ""business"", ""section"": ""investing""}",success,,1,1.2243,1027,14,2026-07-23T20:18:21.112872+00:00
719,sport,sport,sport,us,llama3.2:3b,1.0,"{""category"": ""sport"", ""section"": ""us""}",success,,1,0.8504,973,13,2026-07-23T20:00:12.135612+00:00
721,sport,football,sport,football,llama3.2:3b,1.0,"{""category"": ""sport"", ""section"": ""football""}",success,,1,0.9566,973,13,2026-07-23T19:56:28.093024+00:00
725,business,tech,business,investing,llama3.2:3b,1.0,"{""category"": ""business"", ""section"": ""investing""}",success,,1,0.9381,918,14,2026-07-23T20:32:15.148232+00:00
727,news,europe,entertainment,us,llama3.2:3b,1.0,"{""category"": ""entertainment"", ""section"": ""us""}",success,,1,0.9953,971,14,2026-07-23T20:11:27.595830+00:00
729,sport,sport,entertainment,us,llama3.2:3b,1.0,"{""category"": ""entertainment"", ""section"": ""us""}",success,,1,0.9117,941,14,2026-07-23T20:11:22.395952+00:00
731,sport,sport,sport,us,llama3.2:3b,1.0,"{""category"": ""sport"", ""section"": ""us""}",success,,1,0.9475,979,13,2026-07-23T19:56:30.010623+00:00
735,news,living,news,us,llama3.2:3b,1.0,"{""category"": ""news"", ""section"": ""us""}",success,,1,0.8907,980,13,2026-07-23T19:53:28.585704+00:00
736,news,world,news,world,llama3.2:3b,1.0,"{""category"": ""news"", ""section"": ""world""}",success,,1,0.9165,982,13,2026-07-23T20:55:08.942812+00:00
737,news,opinions,entertainment,movies,llama3.2:3b,1.0,"{""category"": ""entertainment"", ""section"": ""movies""}",success,,1,0.872,964,14,2026-07-23T20:38:17.197420+00:00
738,news,living,entertainment,us,llama3.2:3b,1.0,"{""category"": ""entertainment"", ""section"": ""us""}",success,,1,0.8968,985,14,2026-07-23T20:31:51.949526+00:00
739,news,world,business,investing,llama3.2:3b,1.0,"{""category"": ""business"", ""section"": ""investing""}",success,,1,0.9356,865,14,2026-07-23T20:53:11.461914+00:00
743,news,asia,news,asia,llama3.2:3b,1.0,"{""category"": ""news"", ""section"": ""asia""}",success,,1,0.9487,1007,13,2026-07-23T20:22:15.373440+00:00
745,news,world,health,world,llama3.2:3b,1.0,"{""category"": ""health"", ""section"": ""world""}",success,,1,0.894,916,13,2026-07-23T20:37:52.659329+00:00
747,news,americas,news,us,llama3.2:3b,1.0,"{""category"": ""news"", ""section"": ""us""}",success,,1,0.9124,999,13,2026-07-23T20:51:47.996690+00:00
751,news,africa,news,world,llama3.2:3b,1.0,"{""category"": ""news"", ""section"": ""world""}",success,,1,0.7391,963,13,2026-07-23T20:41:47.398139+00:00
753,news,opinions,news,world,llama3.2:3b,1.0,"{""category"": ""news"", ""section"": ""world""}",success,,1,0.8726,877,13,2026-07-23T20:31:15.595900+00:00
757,news,opinions,health,asia,llama3.2:3b,1.0,"{""category"": ""health"", ""section"": ""asia""}",success,,1,0.8932,961,13,2026-07-23T20:43:10.400518+00:00
759,news,opinions,news,opinions,llama3.2:3b,1.0,"{""category"": ""news"", ""section"": ""opinions""}",success,,1,0.8687,886,14,2026-07-23T20:50:37.426643+00:00
761,news,world,news,world,llama3.2:3b,1.0,"{""category"": ""news"", ""section"": ""world""}",success,,1,0.8937,976,13,2026-07-23T20:03:27.468667+00:00
763,news,opinions,politics,opinions,llama3.2:3b,1.0,"{""category"": ""politics"", ""section"": ""opinions""}",success,,1,0.908,972,15,2026-07-23T20:20:11.315460+00:00
765,news,americas,news,americas,llama3.2:3b,1.0,"{""category"": ""news"", ""section"": ""americas""}",success,,1,0.9164,958,15,2026-07-23T20:04:18.518166+00:00
767,news,asia,news,asia,llama3.2:3b,1.0,"{""category"": ""news"", ""section"": ""asia""}",success,,1,0.9332,1031,13,2026-07-23T20:09:01.197489+00:00
769,news,africa,news,world,llama3.2:3b,1.0,"{""category"": ""news"", ""section"": ""world""}",success,,1,0.8881,966,13,2026-07-23T20:09:02.186939+00:00
770,news,africa,news,world,llama3.2:3b,1.0,"{""category"": ""news"", ""section"": ""world""}",success,,1,1.1767,962,13,2026-07-23T20:24:37.111232+00:00
772,news,middleeast,news,world,llama3.2:3b,1.0,"{""category"": ""news"", ""section"": ""world""}",success,,1,0.8667,936,13,2026-07-23T20:35:30.230914+00:00
773,news,india,news,asia,llama3.2:3b,1.0,"{""category"": ""news"", ""section"": ""asia""}",success,,1,0.8882,950,13,2026-07-23T20:47:06.913329+00:00
774,news,africa,news,world,llama3.2:3b,1.0,"{""category"": ""news"", ""section"": ""world""}",success,,1,0.8886,979,13,2026-07-23T20:04:13.438861+00:00
777,news,world,news,asia,llama3.2:3b,1.0,"{""category"": ""news"", ""section"": ""asia""}",success,,1,0.922,1009,13,2026-07-23T19:56:37.926137+00:00
778,news,africa,entertainment,us,llama3.2:3b,1.0,"{""category"": ""entertainment"", ""section"": ""us""}",success,,1,0.9626,983,14,2026-07-23T20:17:26.598563+00:00
779,news,africa,news,world,llama3.2:3b,1.0,"{""category"": ""news"", ""section"": ""world""}",success,,1,0.8989,1004,13,2026-07-23T20:34:31.602628+00:00
780,news,africa,news,world,llama3.2:3b,1.0,"{""category"": ""news"", ""section"": ""world""}",success,,1,0.8927,930,13,2026-07-23T20:15:19.525935+00:00
781,news,africa,news,world,llama3.2:3b,1.0,"{""category"": ""news"", ""section"": ""world""}",success,,1,0.9094,1009,13,2026-07-23T20:07:12.119953+00:00
782,news,africa,news,world,llama3.2:3b,1.0,"{""category"": ""news"", ""section"": ""world""}",success,,1,1.0307,983,13,2026-07-23T20:28:05.244128+00:00
783,news,africa,politics,africa,llama3.2:3b,1.0,"{""category"": ""politics"", ""section"": ""africa""}",success,,1,0.9048,1012,15,2026-07-23T20:45:07.931451+00:00
784,news,africa,news,world,llama3.2:3b,1.0,"{""category"": ""news"", ""section"": ""world""}",success,,1,0.9092,950,13,2026-07-23T20:49:02.808988+00:00
785,health,health,news,world,llama3.2:3b,1.0,"{""category"": ""news"", ""section"": ""world""}",success,,1,0.9885,959,13,2026-07-23T20:21:57.157638+00:00
786,news,africa,politics,africa,llama3.2:3b,1.0,"{""category"": ""politics"", ""section"": ""africa""}",success,,1,0.9123,872,15,2026-07-23T20:00:52.090367+00:00
787,news,africa,politics,africa,llama3.2:3b,1.0,"{""category"": ""politics"", ""section"": ""africa""}",success,,1,0.9211,939,15,2026-07-23T19:57:48.931998+00:00
788,news,africa,news,world,llama3.2:3b,1.0,"{""category"": ""news"", ""section"": ""world""}",success,,1,0.9008,977,13,2026-07-23T20:52:23.607763+00:00
789,news,africa,news,world,llama3.2:3b,1.0,"{""category"": ""news"", ""section"": ""world""}",success,,1,0.9005,961,13,2026-07-23T20:02:00.538995+00:00
790,news,africa,news,world,llama3.2:3b,1.0,"{""category"": ""news"", ""section"": ""world""}",success,,1,0.9798,996,13,2026-07-23T20:09:44.031822+00:00
791,news,opinions,news,world,llama3.2:3b,1.0,"{""category"": ""news"", ""section"": ""world""}",success,,1,1.0221,959,13,2026-07-23T20:15:24.968888+00:00
792,news,africa,news,world,llama3.2:3b,1.0,"{""category"": ""news"", ""section"": ""world""}",success,,1,0.9382,1016,13,2026-07-23T20:17:27.924859+00:00
793,news,africa,news,world,llama3.2:3b,1.0,"{""category"": ""news"", ""section"": ""world""}",success,,1,0.9495,1009,13,2026-07-23T20:19:57.084933+00:00
794,news,americas,news,world,llama3.2:3b,1.0,"{""category"": ""news"", ""section"": ""world""}",success,,1,0.8796,970,13,2026-07-23T19:55:08.922749+00:00
795,health,health,news,world,llama3.2:3b,1.0,"{""category"": ""news"", ""section"": ""world""}",success,,1,0.89,893,13,2026-07-23T20:23:12.655835+00:00
796,news,middleeast,news,world,llama3.2:3b,1.0,"{""category"": ""news"", ""section"": ""world""}",success,,1,0.8734,922,13,2026-07-23T20:14:46.139495+00:00
797,news,middleeast,news,asia,llama3.2:3b,1.0,"{""category"": ""news"", ""section"": ""asia""}",success,,1,0.8709,951,13,2026-07-23T19:58:24.174857+00:00
798,health,health,news,asia,llama3.2:3b,1.0,"{""category"": ""news"", ""section"": ""asia""}",success,,1,0.8517,922,13,2026-07-23T20:06:14.622034+00:00
799,news,world,news,world,llama3.2:3b,1.0,"{""category"": ""news"", ""section"": ""world""}",success,,1,0.8962,963,13,2026-07-23T20:16:44.565259+00:00
800,news,africa,news,world,llama3.2:3b,1.0,"{""category"": ""news"", ""section"": ""world""}",success,,1,0.884,950,13,2026-07-23T20:35:39.613419+00:00
801,news,africa,news,world,llama3.2:3b,1.0,"{""category"": ""news"", ""section"": ""world""}",success,,1,0.8791,989,13,2026-07-23T20:01:15.173239+00:00
802,news,africa,news,world,llama3.2:3b,1.0,"{""category"": ""news"", ""section"": ""world""}",success,,1,0.9119,1029,13,2026-07-23T20:42:42.716824+00:00
803,news,africa,news,world,llama3.2:3b,1.0,"{""category"": ""news"", ""section"": ""world""}",success,,1,1.232,943,13,2026-07-23T20:26:22.853989+00:00
807,news,africa,news,world,llama3.2:3b,1.0,"{""category"": ""news"", ""section"": ""world""}",success,,1,0.9391,986,13,2026-07-23T20:24:29.765019+00:00
808,news,middleeast,news,asia,llama3.2:3b,1.0,"{""category"": ""news"", ""section"": ""asia""}",success,,1,0.8726,983,13,2026-07-23T20:01:08.466224+00:00
809,health,health,news,world,llama3.2:3b,1.0,"{""category"": ""news"", ""section"": ""world""}",success,,1,0.9669,996,13,2026-07-23T20:42:58.060568+00:00
810,news,africa,politics,africa,llama3.2:3b,1.0,"{""category"": ""politics"", ""section"": ""africa""}",success,,1,1.1674,946,15,2026-07-23T20:39:21.126740+00:00
812,news,africa,news,world,llama3.2:3b,1.0,"{""category"": ""news"", ""section"": ""world""}",success,,1,0.8722,940,13,2026-07-23T20:13:16.493396+00:00
813,news,opinions,news,opinions,llama3.2:3b,1.0,"{""category"": ""news"", ""section"": ""opinions""}",success,,1,0.9657,969,14,2026-07-23T20:12:03.192478+00:00
814,news,middleeast,news,asia,llama3.2:3b,1.0,"{""category"": ""news"", ""section"": ""asia""}",success,,1,0.8294,719,13,2026-07-23T20:05:12.964164+00:00
815,news,africa,news,world,llama3.2:3b,1.0,"{""category"": ""news"", ""section"": ""world""}",success,,1,1.0018,990,13,2026-07-23T20:18:15.178415+00:00
817,news,africa,news,world,llama3.2:3b,1.0,"{""category"": ""news"", ""section"": ""world""}",success,,1,0.9377,976,13,2026-07-23T20:54:46.541817+00:00
820,news,africa,news,world,llama3.2:3b,1.0,"{""category"": ""news"", ""section"": ""world""}",success,,1,0.8612,969,13,2026-07-23T20:46:25.435224+00:00
821,news,world,news,world,llama3.2:3b,1.0,"{""category"": ""news"", ""section"": ""world""}",success,,1,0.9579,1088,13,2026-07-23T20:27:56.448920+00:00
822,news,us,news,world,llama3.2:3b,1.0,"{""category"": ""news"", ""section"": ""world""}",success,,1,0.7605,420,13,2026-07-23T20:05:37.029606+00:00
826,news,world,news,world,llama3.2:3b,1.0,"{""category"": ""news"", ""section"": ""world""}",success,,1,1.091,924,13,2026-07-23T19:57:00.194973+00:00
827,news,us,news,us,llama3.2:3b,1.0,"{""category"": ""news"", ""section"": ""us""}",success,,1,0.8846,913,13,2026-07-23T20:30:58.611832+00:00
829,news,us,news,asia,llama3.2:3b,1.0,"{""category"": ""news"", ""section"": ""asia""}",success,,1,0.9846,935,13,2026-07-23T20:07:13.166235+00:00
830,entertainment,entertainment,entertainment,us,llama3.2:3b,1.0,"{""category"": ""entertainment"", ""section"": ""us""}",success,,1,0.9372,973,14,2026-07-23T20:12:14.199463+00:00
832,news,us,news,us,llama3.2:3b,1.0,"{""category"": ""news"", ""section"": ""us""}",success,,1,0.9208,952,13,2026-07-23T20:47:43.353612+00:00
833,news,us,news,us,llama3.2:3b,1.0,"{""category"": ""news"", ""section"": ""us""}",success,,1,0.8706,943,13,2026-07-23T20:02:18.085608+00:00
834,news,us,health,us,llama3.2:3b,1.0,"{""category"": ""health"", ""section"": ""us""}",success,,1,0.8945,931,13,2026-07-23T20:11:15.358647+00:00
836,news,us,news,us,llama3.2:3b,1.0,"{""category"": ""news"", ""section"": ""us""}",success,,1,0.8796,925,13,2026-07-23T20:31:23.010656+00:00
837,news,us,entertainment,living,llama3.2:3b,1.0,"{""category"": ""entertainment"", ""section"": ""living""}",success,,1,0.8115,609,14,2026-07-23T20:56:04.030860+00:00
839,news,us,business,investing,llama3.2:3b,1.0,"{""category"": ""business"", ""section"": ""investing""}",success,,1,0.8554,782,14,2026-07-23T20:34:18.346560+00:00
840,health,health,news,us,llama3.2:3b,1.0,"{""category"": ""news"", ""section"": ""us""}",success,,1,0.931,866,13,2026-07-23T20:54:42.941613+00:00
841,news,us,news,us,llama3.2:3b,1.0,"{""category"": ""news"", ""section"": ""us""}",success,,1,0.9271,935,13,2026-07-23T20:12:44.720536+00:00
843,news,us,entertainment,us,llama3.2:3b,1.0,"{""category"": ""entertainment"", ""section"": ""us""}",success,,1,0.9909,901,14,2026-07-23T20:22:48.409577+00:00
844,news,us,entertainment,us,llama3.2:3b,1.0,"{""category"": ""entertainment"", ""section"": ""us""}",success,,1,0.9874,979,14,2026-07-23T20:17:58.473443+00:00
845,health,health,health,us,llama3.2:3b,1.0,"{""category"": ""health"", ""section"": ""us""}",success,,1,0.9295,980,13,2026-07-23T20:15:10.425574+00:00
846,health,health,health,us,llama3.2:3b,1.0,"{""category"": ""health"", ""section"": ""us""}",success,,1,0.8941,975,13,2026-07-23T20:51:14.792641+00:00
849,news,us,news,us,llama3.2:3b,1.0,"{""category"": ""news"", ""section"": ""us""}",success,,1,1.0336,890,13,2026-07-23T20:41:31.285531+00:00
851,news,us,news,us,llama3.2:3b,1.0,"{""category"": ""news"", ""section"": ""us""}",success,,1,0.8945,946,13,2026-07-23T20:47:24.667802+00:00
855,health,health,news,us,llama3.2:3b,1.0,"{""category"": ""news"", ""section"": ""us""}",success,,1,0.9391,978,13,2026-07-23T20:20:03.969408+00:00
857,news,us,news,us,llama3.2:3b,1.0,"{""category"": ""news"", ""section"": ""us""}",success,,1,0.8662,934,13,2026-07-23T20:03:43.031279+00:00
859,news,weather,news,world,llama3.2:3b,1.0,"{""category"": ""news"", ""section"": ""world""}",success,,1,0.7805,502,13,2026-07-23T20:10:43.718983+00:00
863,news,us,news,us,llama3.2:3b,1.0,"{""category"": ""news"", ""section"": ""us""}",success,,1,0.8548,936,13,2026-07-23T20:30:16.276827+00:00
865,news,us,news,us,llama3.2:3b,1.0,"{""category"": ""news"", ""section"": ""us""}",success,,1,0.8421,989,13,2026-07-23T20:31:42.221056+00:00
867,news,us,news,us,llama3.2:3b,1.0,"{""category"": ""news"", ""section"": ""us""}",success,,1,0.9729,987,13,2026-07-23T19:55:17.672386+00:00
869,news,africa,news,world,llama3.2:3b,1.0,"{""category"": ""news"", ""section"": ""world""}",success,,1,0.9439,947,13,2026-07-23T20:19:35.659124+00:00
873,news,africa,news,africa,llama3.2:3b,1.0,"{""category"": ""news"", ""section"": ""africa""}",success,,1,0.8677,916,14,2026-07-23T20:28:16.789001+00:00
875,news,africa,business,investing,llama3.2:3b,1.0,"{""category"": ""business"", ""section"": ""investing""}",success,,1,0.8813,956,14,2026-07-23T20:38:38.414199+00:00
879,news,world,news,world,llama3.2:3b,1.0,"{""category"": ""news"", ""section"": ""world""}",success,,1,0.9046,997,13,2026-07-23T20:00:56.943090+00:00
881,news,opinions,news,world,llama3.2:3b,1.0,"{""category"": ""news"", ""section"": ""world""}",success,,1,0.8547,960,13,2026-07-23T19:53:21.243969+00:00
883,news,opinions,news,world,llama3.2:3b,1.0,"{""category"": ""news"", ""section"": ""world""}",success,,1,0.9245,948,13,2026-07-23T20:16:22.414087+00:00
884,news,world,news,world,llama3.2:3b,1.0,"{""category"": ""news"", ""section"": ""world""}",success,,1,0.8771,893,13,2026-07-23T20:37:26.269712+00:00
885,news,opinions,politics,opinions,llama3.2:3b,1.0,"{""category"": ""politics"", ""section"": ""opinions""}",success,,1,1.2139,981,15,2026-07-23T20:20:46.511968+00:00
887,news,opinions,news,world,llama3.2:3b,1.0,"{""category"": ""news"", ""section"": ""world""}",success,,1,0.9579,987,13,2026-07-23T20:37:07.780122+00:00
889,news,opinions,news,opinions,llama3.2:3b,1.0,"{""category"": ""news"", ""section"": ""opinions""}",success,,1,0.9593,957,14,2026-07-23T20:40:15.669776+00:00
891,news,opinions,news,world,llama3.2:3b,1.0,"{""category"": ""news"", ""section"": ""world""}",success,,1,0.9159,959,13,2026-07-23T20:19:31.612519+00:00
893,news,opinions,news,world,llama3.2:3b,1.0,"{""category"": ""news"", ""section"": ""world""}",success,,1,0.948,988,13,2026-07-23T20:12:56.802039+00:00
895,news,opinions,news,world,llama3.2:3b,1.0,"{""category"": ""news"", ""section"": ""world""}",success,,1,0.9403,956,13,2026-07-23T20:30:27.981457+00:00
897,news,opinions,news,opinions,llama3.2:3b,1.0,"{""category"": ""news"", ""section"": ""opinions""}",success,,1,0.939,1004,14,2026-07-23T20:36:05.066582+00:00
899,news,opinions,news,world,llama3.2:3b,1.0,"{""category"": ""news"", ""section"": ""world""}",success,,1,0.909,953,13,2026-07-23T20:44:29.076983+00:00
901,news,opinions,entertainment,opinions,llama3.2:3b,1.0,"{""category"": ""entertainment"", ""section"": ""opinions""}",success,,1,0.9594,1030,15,2026-07-23T20:14:55.778451+00:00
905,news,opinions,news,opinions,llama3.2:3b,1.0,"{""category"": ""news"", ""section"": ""opinions""}",success,,1,0.9037,983,14,2026-07-23T20:38:22.540519+00:00
907,news,opinions,news,world,llama3.2:3b,1.0,"{""category"": ""news"", ""section"": ""world""}",success,,1,0.9757,950,13,2026-07-23T20:08:32.310234+00:00
911,news,opinions,politics,us,llama3.2:3b,1.0,"{""category"": ""politics"", ""section"": ""us""}",success,,1,1.0544,973,14,2026-07-23T20:47:54.744052+00:00
913,news,world,news,world,llama3.2:3b,1.0,"{""category"": ""news"", ""section"": ""world""}",success,,1,0.8226,923,13,2026-07-23T20:16:14.254210+00:00
926,news,opinions,news,opinions,llama3.2:3b,1.0,"{""category"": ""news"", ""section"": ""opinions""}",success,,1,0.8722,881,14,2026-07-23T20:36:38.047697+00:00
927,news,opinions,news,world,llama3.2:3b,1.0,"{""category"": ""news"", ""section"": ""world""}",success,,1,0.9129,993,13,2026-07-23T20:02:54.401309+00:00
929,news,opinions,news,opinions,llama3.2:3b,1.0,"{""category"": ""news"", ""section"": ""opinions""}",success,,1,0.9624,974,14,2026-07-23T20:40:31.847561+00:00
935,news,world,news,world,llama3.2:3b,1.0,"{""category"": ""news"", ""section"": ""world""}",success,,1,0.899,954,13,2026-07-23T19:54:25.724200+00:00
937,news,world,news,world,llama3.2:3b,1.0,"{""category"": ""news"", ""section"": ""world""}",success,,1,0.8661,965,13,2026-07-23T20:36:42.132942+00:00
938,news,opinions,news,living,llama3.2:3b,1.0,"{""category"": ""news"", ""section"": ""living""}",success,,1,0.9928,974,14,2026-07-23T20:07:09.973569+00:00
940,news,weather,news,us,llama3.2:3b,1.0,"{""category"": ""news"", ""section"": ""us""}",success,,1,0.9118,975,13,2026-07-23T20:42:54.558607+00:00
941,news,weather,news,us,llama3.2:3b,1.0,"{""category"": ""news"", ""section"": ""us""}",success,,1,0.9476,953,13,2026-07-23T20:32:41.534012+00:00
942,news,weather,news,us,llama3.2:3b,1.0,"{""category"": ""news"", ""section"": ""us""}",success,,1,0.8961,790,13,2026-07-23T20:06:58.306996+00:00
943,news,weather,news,us,llama3.2:3b,1.0,"{""category"": ""news"", ""section"": ""us""}",success,,1,0.8575,946,13,2026-07-23T20:33:30.294703+00:00
944,news,weather,news,world,llama3.2:3b,1.0,"{""category"": ""news"", ""section"": ""world""}",success,,1,0.8549,950,13,2026-07-23T20:14:58.304087+00:00
946,news,weather,news,us,llama3.2:3b,1.0,"{""category"": ""news"", ""section"": ""us""}",success,,1,0.8984,937,13,2026-07-23T20:02:56.440014+00:00
948,news,weather,news,us,llama3.2:3b,1.0,"{""category"": ""news"", ""section"": ""us""}",success,,1,0.9024,1030,13,2026-07-23T20:30:41.690654+00:00
950,news,weather,news,us,llama3.2:3b,1.0,"{""category"": ""news"", ""section"": ""us""}",success,,1,0.9043,945,13,2026-07-23T20:26:01.113061+00:00
952,news,weather,news,us,llama3.2:3b,1.0,"{""category"": ""news"", ""section"": ""us""}",success,,1,0.9162,972,13,2026-07-23T20:20:26.666304+00:00
954,news,weather,news,us,llama3.2:3b,1.0,"{""category"": ""news"", ""section"": ""us""}",success,,1,0.9374,999,13,2026-07-23T20:31:16.683186+00:00
956,news,weather,news,us,llama3.2:3b,1.0,"{""category"": ""news"", ""section"": ""us""}",success,,1,0.884,940,13,2026-07-23T20:30:51.348521+00:00
960,news,weather,news,world,llama3.2:3b,1.0,"{""category"": ""news"", ""section"": ""world""}",success,,1,0.8832,991,13,2026-07-23T20:27:50.253280+00:00
961,news,us,news,us,llama3.2:3b,1.0,"{""category"": ""news"", ""section"": ""us""}",success,,1,0.8476,949,13,2026-07-23T19:59:54.256073+00:00
962,news,weather,news,world,llama3.2:3b,1.0,"{""category"": ""news"", ""section"": ""world""}",success,,1,0.8469,938,13,2026-07-23T20:28:26.974717+00:00
963,news,us,news,us,llama3.2:3b,1.0,"{""category"": ""news"", ""section"": ""us""}",success,,1,0.8349,946,13,2026-07-23T20:39:36.663186+00:00
965,news,weather,news,us,llama3.2:3b,1.0,"{""category"": ""news"", ""section"": ""us""}",success,,1,0.9044,923,13,2026-07-23T20:40:29.573183+00:00
969,news,opinions,news,us,llama3.2:3b,1.0,"{""category"": ""news"", ""section"": ""us""}",success,,1,0.9477,1010,13,2026-07-23T20:38:21.470048+00:00
972,news,us,news,us,llama3.2:3b,1.0,"{""category"": ""news"", ""section"": ""us""}",success,,1,0.8633,910,13,2026-07-23T20:40:36.136981+00:00
973,business,business,news,us,llama3.2:3b,1.0,"{""category"": ""news"", ""section"": ""us""}",success,,1,0.8812,916,13,2026-07-23T20:07:16.106249+00:00
974,news,weather,news,opinions,llama3.2:3b,1.0,"{""category"": ""news"", ""section"": ""opinions""}",success,,1,0.8877,1001,14,2026-07-23T20:45:00.055266+00:00
976,news,world,news,world,llama3.2:3b,1.0,"{""category"": ""news"", ""section"": ""world""}",success,,1,0.8599,958,13,2026-07-23T20:44:51.256086+00:00
978,news,world,news,world,llama3.2:3b,1.0,"{""category"": ""news"", ""section"": ""world""}",success,,1,0.8906,948,13,2026-07-23T20:48:17.278054+00:00
981,news,world,news,world,llama3.2:3b,1.0,"{""category"": ""news"", ""section"": ""world""}",success,,1,0.9193,893,13,2026-07-23T19:56:11.909676+00:00
982,news,europe,news,world,llama3.2:3b,1.0,"{""category"": ""news"", ""section"": ""world""}",success,,1,0.866,936,13,2026-07-23T20:44:43.503244+00:00
983,news,us,news,world,llama3.2:3b,1.0,"{""category"": ""news"", ""section"": ""world""}",success,,1,0.9694,960,13,2026-07-23T20:28:00.812130+00:00
984,health,health,news,us,llama3.2:3b,1.0,"{""category"": ""news"", ""section"": ""us""}",success,,1,0.8418,965,13,2026-07-23T20:29:45.658311+00:00
986,news,world,news,world,llama3.2:3b,1.0,"{""category"": ""news"", ""section"": ""world""}",success,,1,1.013,1115,13,2026-07-23T20:07:08.909868+00:00
989,news,us,news,us,llama3.2:3b,1.0,"{""category"": ""news"", ""section"": ""us""}",success,,1,0.8603,927,13,2026-07-23T20:32:03.372147+00:00
991,news,weather,news,world,llama3.2:3b,1.0,"{""category"": ""news"", ""section"": ""world""}",success,,1,0.9306,762,13,2026-07-23T20:56:05.947144+00:00
992,news,world,entertainment,movies,llama3.2:3b,1.0,"{""category"": ""entertainment"", ""section"": ""movies""}",success,,1,0.8986,946,14,2026-07-23T20:39:07.704233+00:00
994,news,living,news,world,llama3.2:3b,1.0,"{""category"": ""news"", ""section"": ""world""}",success,,1,0.9719,950,13,2026-07-23T20:29:12.985443+00:00
996,news,living,entertainment,living,llama3.2:3b,1.0,"{""category"": ""entertainment"", ""section"": ""living""}",success,,1,0.9945,899,15,2026-07-23T20:51:12.504176+00:00
1000,news,living,entertainment,us,llama3.2:3b,1.0,"{""category"": ""entertainment"", ""section"": ""us""}",success,,1,1.126,924,14,2026-07-23T19:55:46.442154+00:00
1002,news,us,entertainment,movies,llama3.2:3b,1.0,"{""category"": ""entertainment"", ""section"": ""movies""}",success,,1,0.8954,983,14,2026-07-23T20:11:08.345799+00:00
1004,news,world,news,world,llama3.2:3b,1.0,"{""category"": ""news"", ""section"": ""world""}",success,,1,0.865,924,13,2026-07-23T20:02:51.494428+00:00
1006,news,living,entertainment,media,llama3.2:3b,1.0,"{""category"": ""entertainment"", ""section"": ""media""}",success,,1,0.8967,921,14,2026-07-23T19:59:12.775899+00:00
1008,health,health,news,world,llama3.2:3b,1.0,"{""category"": ""news"", ""section"": ""world""}",success,,1,0.9694,1000,13,2026-07-23T19:54:59.328906+00:00
1012,news,world,news,world,llama3.2:3b,1.0,"{""category"": ""news"", ""section"": ""world""}",success,,1,0.9326,979,13,2026-07-23T20:16:18.282404+00:00
1014,news,world,news,asia,llama3.2:3b,1.0,"{""category"": ""news"", ""section"": ""asia""}",success,,1,0.9373,998,13,2026-07-23T20:29:46.726001+00:00
1016,news,asia,news,asia,llama3.2:3b,1.0,"{""category"": ""news"", ""section"": ""asia""}",success,,1,0.927,943,13,2026-07-23T20:42:38.939184+00:00
1018,news,world,news,world,llama3.2:3b,1.0,"{""category"": ""news"", ""section"": ""world""}",success,,1,0.8727,927,13,2026-07-23T20:17:55.770448+00:00
1022,news,world,news,world,llama3.2:3b,1.0,"{""category"": ""news"", ""section"": ""world""}",success,,1,1.1611,977,13,2026-07-23T20:20:36.534254+00:00
1024,news,world,news,world,llama3.2:3b,1.0,"{""category"": ""news"", ""section"": ""world""}",success,,1,0.7724,534,13,2026-07-23T20:39:02.615090+00:00
1026,news,world,news,world,llama3.2:3b,1.0,"{""category"": ""news"", ""section"": ""world""}",success,,1,0.9379,999,13,2026-07-23T19:58:56.313791+00:00
1028,news,africa,news,world,llama3.2:3b,1.0,"{""category"": ""news"", ""section"": ""world""}",success,,1,0.997,959,13,2026-07-23T20:42:12.611739+00:00
1030,business,business,business,asia,llama3.2:3b,1.0,"{""category"": ""business"", ""section"": ""asia""}",success,,1,0.917,964,13,2026-07-23T20:02:57.411655+00:00
1032,news,us,politics,us,llama3.2:3b,1.0,"{""category"": ""politics"", ""section"": ""us""}",success,,1,0.86,967,14,2026-07-23T20:36:33.717182+00:00
1034,news,us,entertainment,opinions,llama3.2:3b,1.0,"{""category"": ""entertainment"", ""section"": ""opinions""}",success,,1,1.0129,1007,15,2026-07-23T20:22:32.360886+00:00
1035,news,us,news,opinions,llama3.2:3b,1.0,"{""category"": ""news"", ""section"": ""opinions""}",success,,1,0.8911,932,14,2026-07-23T20:13:30.210073+00:00
1036,news,us,news,us,llama3.2:3b,1.0,"{""category"": ""news"", ""section"": ""us""}",success,,1,0.8631,903,13,2026-07-23T20:47:30.057493+00:00
1037,news,us,news,us,llama3.2:3b,1.0,"{""category"": ""news"", ""section"": ""us""}",success,,1,0.9575,971,13,2026-07-23T20:09:50.856474+00:00
1039,news,us,politics,us,llama3.2:3b,1.0,"{""category"": ""politics"", ""section"": ""us""}",success,,1,0.9016,904,14,2026-07-23T20:43:12.604272+00:00
1040,news,us,entertainment,us,llama3.2:3b,1.0,"{""category"": ""entertainment"", ""section"": ""us""}",success,,1,0.9698,971,14,2026-07-23T20:21:27.146162+00:00
1041,news,us,news,us,llama3.2:3b,1.0,"{""category"": ""news"", ""section"": ""us""}",success,,1,1.0499,965,13,2026-07-23T20:51:03.325557+00:00
1043,news,us,entertainment,opinions,llama3.2:3b,1.0,"{""category"": ""entertainment"", ""section"": ""opinions""}",success,,1,0.9319,952,15,2026-07-23T20:03:58.740521+00:00
1045,news,us,politics,us,llama3.2:3b,1.0,"{""category"": ""politics"", ""section"": ""us""}",success,,1,0.9176,996,14,2026-07-23T20:03:38.238683+00:00
1047,news,us,news,opinions,llama3.2:3b,1.0,"{""category"": ""news"", ""section"": ""opinions""}",success,,1,0.9007,973,14,2026-07-23T20:37:38.030881+00:00
1049,news,us,politics,us,llama3.2:3b,1.0,"{""category"": ""politics"", ""section"": ""us""}",success,,1,0.8731,954,14,2026-07-23T20:50:03.079797+00:00
1053,politics,politics,politics,us,llama3.2:3b,1.0,"{""category"": ""politics"", ""section"": ""us""}",success,,1,0.9996,896,14,2026-07-23T20:11:24.502512+00:00
1055,news,us,politics,us,llama3.2:3b,1.0,"{""category"": ""politics"", ""section"": ""us""}",success,,1,0.9233,914,14,2026-07-23T20:08:29.302949+00:00
1057,news,us,news,us,llama3.2:3b,1.0,"{""category"": ""news"", ""section"": ""us""}",success,,1,0.8767,967,13,2026-07-23T20:37:32.523279+00:00
1059,news,us,news,us,llama3.2:3b,1.0,"{""category"": ""news"", ""section"": ""us""}",success,,1,0.907,930,13,2026-07-23T20:06:57.093901+00:00
1063,news,us,news,us,llama3.2:3b,1.0,"{""category"": ""news"", ""section"": ""us""}",success,,1,0.9158,967,13,2026-07-23T20:05:08.032805+00:00
1065,news,opinions,news,us,llama3.2:3b,1.0,"{""category"": ""news"", ""section"": ""us""}",success,,1,0.8648,987,13,2026-07-23T20:28:35.421581+00:00
1066,health,health,news,us,llama3.2:3b,1.0,"{""category"": ""news"", ""section"": ""us""}",success,,1,0.9132,944,13,2026-07-23T20:04:43.635340+00:00
1067,news,us,politics,us,llama3.2:3b,1.0,"{""category"": ""politics"", ""section"": ""us""}",success,,1,0.9258,933,14,2026-07-23T20:35:55.611850+00:00
1069,news,us,politics,us,llama3.2:3b,1.0,"{""category"": ""politics"", ""section"": ""us""}",success,,1,0.9177,984,14,2026-07-23T20:15:34.166103+00:00
1071,news,us,news,us,llama3.2:3b,1.0,"{""category"": ""news"", ""section"": ""us""}",success,,1,0.8667,895,13,2026-07-23T20:23:32.376339+00:00
1073,news,europe,news,world,llama3.2:3b,1.0,"{""category"": ""news"", ""section"": ""world""}",success,,1,0.8493,951,13,2026-07-23T19:53:39.875587+00:00
1075,news,us,politics,us,llama3.2:3b,1.0,"{""category"": ""politics"", ""section"": ""us""}",success,,1,1.1084,886,14,2026-07-23T20:14:51.862726+00:00
1077,news,us,news,us,llama3.2:3b,1.0,"{""category"": ""news"", ""section"": ""us""}",success,,1,0.9064,1009,13,2026-07-23T20:38:31.037954+00:00
1079,news,us,politics,us,llama3.2:3b,1.0,"{""category"": ""politics"", ""section"": ""us""}",success,,1,0.9433,928,14,2026-07-23T20:13:52.294672+00:00
1081,news,us,news,us,llama3.2:3b,1.0,"{""category"": ""news"", ""section"": ""us""}",success,,1,0.902,929,13,2026-07-23T20:44:45.704618+00:00
1083,news,us,politics,us,llama3.2:3b,1.0,"{""category"": ""politics"", ""section"": ""us""}",success,,1,0.8634,975,14,2026-07-23T20:56:13.531366+00:00
1085,news,us,news,opinions,llama3.2:3b,1.0,"{""category"": ""news"", ""section"": ""opinions""}",success,,1,0.9575,997,14,2026-07-23T20:00:57.946756+00:00
1086,news,us,news,us,llama3.2:3b,1.0,"{""category"": ""news"", ""section"": ""us""}",success,,1,0.8811,935,13,2026-07-23T20:49:31.801021+00:00
1087,news,us,news,us,llama3.2:3b,1.0,"{""category"": ""news"", ""section"": ""us""}",success,,1,0.9877,983,13,2026-07-23T20:22:05.461796+00:00
1088,news,europe,news,world,llama3.2:3b,1.0,"{""category"": ""news"", ""section"": ""world""}",success,,1,0.8915,977,13,2026-07-23T20:05:57.492924+00:00
1092,news,us,news,us,llama3.2:3b,1.0,"{""category"": ""news"", ""section"": ""us""}",success,,1,0.9545,990,13,2026-07-23T20:12:24.591239+00:00
1093,news,us,news,us,llama3.2:3b,1.0,"{""category"": ""news"", ""section"": ""us""}",success,,1,0.829,950,13,2026-07-23T20:52:32.612471+00:00
1094,news,us,news,us,llama3.2:3b,1.0,"{""category"": ""news"", ""section"": ""us""}",success,,1,0.938,1001,13,2026-07-23T19:56:50.448326+00:00
1097,health,health,news,us,llama3.2:3b,1.0,"{""category"": ""news"", ""section"": ""us""}",success,,1,0.8713,1001,13,2026-07-23T20:34:00.230887+00:00
1099,health,health,health,us,llama3.2:3b,1.0,"{""category"": ""health"", ""section"": ""us""}",success,,1,0.9074,980,13,2026-07-23T20:55:21.495652+00:00
1101,news,us,news,world,llama3.2:3b,1.0,"{""category"": ""news"", ""section"": ""world""}",success,,1,0.9798,1008,13,2026-07-23T19:57:21.080942+00:00
1103,health,health,news,us,llama3.2:3b,1.0,"{""category"": ""news"", ""section"": ""us""}",success,,1,0.8861,986,13,2026-07-23T20:47:03.467254+00:00
1105,health,health,news,us,llama3.2:3b,1.0,"{""category"": ""news"", ""section"": ""us""}",success,,1,1.1668,932,13,2026-07-23T20:15:50.666062+00:00
1109,health,health,news,us,llama3.2:3b,1.0,"{""category"": ""news"", ""section"": ""us""}",success,,1,0.9433,985,13,2026-07-23T19:54:56.412029+00:00
1111,health,health,news,us,llama3.2:3b,1.0,"{""category"": ""news"", ""section"": ""us""}",success,,1,0.8777,980,13,2026-07-23T20:02:15.295299+00:00
1113,news,us,news,us,llama3.2:3b,1.0,"{""category"": ""news"", ""section"": ""us""}",success,,1,0.9633,1009,13,2026-07-23T20:55:54.498961+00:00
1117,health,health,news,us,llama3.2:3b,1.0,"{""category"": ""news"", ""section"": ""us""}",success,,1,0.9244,946,13,2026-07-23T20:25:01.423172+00:00
1121,health,health,news,world,llama3.2:3b,1.0,"{""category"": ""news"", ""section"": ""world""}",success,,1,0.8589,973,13,2026-07-23T20:35:50.196195+00:00
1123,health,health,news,us,llama3.2:3b,1.0,"{""category"": ""news"", ""section"": ""us""}",success,,1,0.8979,913,13,2026-07-23T20:24:57.057756+00:00
1131,news,world,news,world,llama3.2:3b,1.0,"{""category"": ""news"", ""section"": ""world""}",success,,1,1.0154,991,13,2026-07-23T20:17:16.957972+00:00
1133,news,us,politics,us,llama3.2:3b,1.0,"{""category"": ""politics"", ""section"": ""us""}",success,,1,1.146,982,14,2026-07-23T20:50:53.290212+00:00
1135,news,us,news,us,llama3.2:3b,1.0,"{""category"": ""news"", ""section"": ""us""}",success,,1,0.9287,975,13,2026-07-23T19:54:28.625904+00:00
1139,news,us,politics,us,llama3.2:3b,1.0,"{""category"": ""politics"", ""section"": ""us""}",success,,1,0.8895,912,14,2026-07-23T20:37:11.078299+00:00
1141,news,us,news,us,llama3.2:3b,1.0,"{""category"": ""news"", ""section"": ""us""}",success,,1,0.9299,933,13,2026-07-23T20:17:37.922767+00:00
1143,news,us,news,us,llama3.2:3b,1.0,"{""category"": ""news"", ""section"": ""us""}",success,,1,1.0622,925,13,2026-07-23T20:28:19.861980+00:00
1145,health,health,politics,us,llama3.2:3b,1.0,"{""category"": ""politics"", ""section"": ""us""}",success,,1,0.8841,978,14,2026-07-23T19:53:31.383791+00:00
1147,health,health,news,us,llama3.2:3b,1.0,"{""category"": ""news"", ""section"": ""us""}",success,,1,0.9232,947,13,2026-07-23T20:25:50.839057+00:00
1149,news,us,entertainment,opinions,llama3.2:3b,1.0,"{""category"": ""entertainment"", ""section"": ""opinions""}",success,,1,0.9255,938,15,2026-07-23T20:48:34.573497+00:00
1155,news,us,news,us,llama3.2:3b,1.0,"{""category"": ""news"", ""section"": ""us""}",success,,1,0.932,908,13,2026-07-23T20:21:45.629164+00:00
1157,news,us,news,us,llama3.2:3b,1.0,"{""category"": ""news"", ""section"": ""us""}",success,,1,0.862,967,13,2026-07-23T20:32:59.127052+00:00
1159,health,health,health,us,llama3.2:3b,1.0,"{""category"": ""health"", ""section"": ""us""}",success,,1,0.8914,980,13,2026-07-23T20:45:51.255092+00:00
1161,health,health,news,us,llama3.2:3b,1.0,"{""category"": ""news"", ""section"": ""us""}",success,,1,0.9198,1009,13,2026-07-23T20:47:57.082037+00:00
1163,news,us,news,us,llama3.2:3b,1.0,"{""category"": ""news"", ""section"": ""us""}",success,,1,0.9164,951,13,2026-07-23T20:05:22.627608+00:00
1165,news,us,entertainment,movies,llama3.2:3b,1.0,"{""category"": ""entertainment"", ""section"": ""movies""}",success,,1,0.8758,970,14,2026-07-23T20:35:09.877738+00:00
1169,politics,politics,politics,us,llama3.2:3b,1.0,"{""category"": ""politics"", ""section"": ""us""}",success,,1,0.8989,956,14,2026-07-23T20:10:58.238292+00:00
1171,health,health,news,us,llama3.2:3b,1.0,"{""category"": ""news"", ""section"": ""us""}",success,,1,0.9114,986,13,2026-07-23T20:31:47.660217+00:00
1173,news,us,news,us,llama3.2:3b,1.0,"{""category"": ""news"", ""section"": ""us""}",success,,1,0.9459,960,13,2026-07-23T20:37:13.364597+00:00
1175,health,health,politics,us,llama3.2:3b,1.0,"{""category"": ""politics"", ""section"": ""us""}",success,,1,0.9474,1034,14,2026-07-23T20:52:24.789449+00:00
1177,health,health,news,us,llama3.2:3b,1.0,"{""category"": ""news"", ""section"": ""us""}",success,,1,0.8955,986,13,2026-07-23T20:31:07.972794+00:00
1179,news,us,entertainment,us,llama3.2:3b,1.0,"{""category"": ""entertainment"", ""section"": ""us""}",success,,1,1.4355,989,14,2026-07-23T20:19:51.567351+00:00
1181,news,us,politics,us,llama3.2:3b,1.0,"{""category"": ""politics"", ""section"": ""us""}",success,,1,0.9157,973,14,2026-07-23T19:57:01.136502+00:00
1183,news,world,entertainment,us,llama3.2:3b,1.0,"{""category"": ""entertainment"", ""section"": ""us""}",success,,1,0.8564,1003,14,2026-07-23T20:09:24.884082+00:00
1185,news,us,politics,us,llama3.2:3b,1.0,"{""category"": ""politics"", ""section"": ""us""}",success,,1,0.9332,978,14,2026-07-23T20:40:51.807672+00:00
1187,news,world,news,asia,llama3.2:3b,1.0,"{""category"": ""news"", ""section"": ""asia""}",success,,1,0.9775,967,13,2026-07-23T20:28:57.879450+00:00
1189,health,health,news,us,llama3.2:3b,1.0,"{""category"": ""news"", ""section"": ""us""}",success,,1,0.8764,975,13,2026-07-23T20:31:06.926817+00:00
1191,health,health,news,us,llama3.2:3b,1.0,"{""category"": ""news"", ""section"": ""us""}",success,,1,0.8526,1000,13,2026-07-23T20:34:19.352956+00:00
1193,news,world,news,us,llama3.2:3b,1.0,"{""category"": ""news"", ""section"": ""us""}",success,,1,1.1084,964,13,2026-07-23T19:54:40.503092+00:00
1195,news,us,entertainment,us,llama3.2:3b,1.0,"{""category"": ""entertainment"", ""section"": ""us""}",success,,1,0.9754,958,14,2026-07-23T20:09:09.217331+00:00
1197,news,us,news,opinions,llama3.2:3b,1.0,"{""category"": ""news"", ""section"": ""opinions""}",success,,1,0.9722,972,14,2026-07-23T20:11:47.596262+00:00
1199,news,us,news,us,llama3.2:3b,1.0,"{""category"": ""news"", ""section"": ""us""}",success,,1,0.867,972,13,2026-07-23T20:50:59.909802+00:00
1203,health,health,news,us,llama3.2:3b,1.0,"{""category"": ""news"", ""section"": ""us""}",success,,1,0.932,1003,13,2026-07-23T20:32:24.591024+00:00
1205,politics,politics,politics,us,llama3.2:3b,1.0,"{""category"": ""politics"", ""section"": ""us""}",success,,1,0.9837,914,14,2026-07-23T20:28:48.222323+00:00
1207,news,world,news,us,llama3.2:3b,1.0,"{""category"": ""news"", ""section"": ""us""}",success,,1,0.9062,970,13,2026-07-23T20:09:58.612996+00:00
1209,news,us,news,us,llama3.2:3b,1.0,"{""category"": ""news"", ""section"": ""us""}",success,,1,0.8978,1024,13,2026-07-23T20:50:04.230120+00:00
1211,news,world,news,us,llama3.2:3b,1.0,"{""category"": ""news"", ""section"": ""us""}",success,,1,0.9807,993,13,2026-07-23T20:40:57.886956+00:00
1215,health,health,news,us,llama3.2:3b,1.0,"{""category"": ""news"", ""section"": ""us""}",success,,1,0.9184,946,13,2026-07-23T19:53:34.176308+00:00
1219,news,us,news,us,llama3.2:3b,1.0,"{""category"": ""news"", ""section"": ""us""}",success,,1,0.9308,973,13,2026-07-23T20:39:57.178195+00:00
1223,health,health,news,us,llama3.2:3b,1.0,"{""category"": ""news"", ""section"": ""us""}",success,,1,0.9302,976,13,2026-07-23T20:44:52.405523+00:00
1225,politics,politics,politics,us,llama3.2:3b,1.0,"{""category"": ""politics"", ""section"": ""us""}",success,,1,0.8847,934,14,2026-07-23T20:37:51.592088+00:00
1227,health,health,news,asia,llama3.2:3b,1.0,"{""category"": ""news"", ""section"": ""asia""}",success,,1,0.845,1005,13,2026-07-23T20:42:44.825926+00:00
1229,news,world,news,world,llama3.2:3b,1.0,"{""category"": ""news"", ""section"": ""world""}",success,,1,1.0019,1012,13,2026-07-23T20:07:19.171486+00:00
1231,news,world,news,world,llama3.2:3b,1.0,"{""category"": ""news"", ""section"": ""world""}",success,,1,0.9002,992,13,2026-07-23T20:04:15.451451+00:00
1233,news,world,news,world,llama3.2:3b,1.0,"{""category"": ""news"", ""section"": ""world""}",success,,1,0.8633,932,13,2026-07-23T20:38:20.346765+00:00
1235,health,health,health,us,llama3.2:3b,1.0,"{""category"": ""health"", ""section"": ""us""}",success,,1,0.8721,990,13,2026-07-23T20:49:23.930773+00:00
1237,news,us,entertainment,movies,llama3.2:3b,1.0,"{""category"": ""entertainment"", ""section"": ""movies""}",success,,1,1.0481,999,14,2026-07-23T20:06:35.770611+00:00
1239,news,us,news,us,llama3.2:3b,1.0,"{""category"": ""news"", ""section"": ""us""}",success,,1,1.0521,976,13,2026-07-23T20:55:36.642676+00:00
1241,health,health,news,world,llama3.2:3b,1.0,"{""category"": ""news"", ""section"": ""world""}",success,,1,0.8743,964,13,2026-07-23T20:06:45.336390+00:00
1243,news,us,news,us,llama3.2:3b,1.0,"{""category"": ""news"", ""section"": ""us""}",success,,1,0.9808,937,13,2026-07-23T20:53:16.702121+00:00
1245,politics,politics,politics,us,llama3.2:3b,1.0,"{""category"": ""politics"", ""section"": ""us""}",success,,1,0.9854,940,14,2026-07-23T20:14:02.515541+00:00
1251,news,us,politics,us,llama3.2:3b,1.0,"{""category"": ""politics"", ""section"": ""us""}",success,,1,0.9656,982,14,2026-07-23T20:41:10.821884+00:00
1255,news,us,news,us,llama3.2:3b,1.0,"{""category"": ""news"", ""section"": ""us""}",success,,1,0.8962,929,13,2026-07-23T20:44:55.868225+00:00
1257,news,us,news,us,llama3.2:3b,1.0,"{""category"": ""news"", ""section"": ""us""}",success,,1,0.9351,966,13,2026-07-23T20:33:59.202221+00:00
1261,news,us,entertainment,opinions,llama3.2:3b,1.0,"{""category"": ""entertainment"", ""section"": ""opinions""}",success,,1,0.9475,930,15,2026-07-23T20:56:23.047572+00:00
1263,entertainment,entertainment,entertainment,movies,llama3.2:3b,1.0,"{""category"": ""entertainment"", ""section"": ""movies""}",success,,1,0.9418,983,14,2026-07-23T20:38:25.748657+00:00
1265,health,health,news,us,llama3.2:3b,1.0,"{""category"": ""news"", ""section"": ""us""}",success,,1,0.9554,972,13,2026-07-23T20:26:43.884036+00:00
1267,news,world,news,world,llama3.2:3b,1.0,"{""category"": ""news"", ""section"": ""world""}",success,,1,0.9506,978,13,2026-07-23T20:17:25.235743+00:00
1269,news,us,news,us,llama3.2:3b,1.0,"{""category"": ""news"", ""section"": ""us""}",success,,1,0.9579,988,13,2026-07-23T19:55:50.424574+00:00
1271,business,tech,entertainment,us,llama3.2:3b,1.0,"{""category"": ""entertainment"", ""section"": ""us""}",success,,1,0.9026,977,14,2026-07-23T20:44:33.590079+00:00
1273,news,us,politics,us,llama3.2:3b,1.0,"{""category"": ""politics"", ""section"": ""us""}",success,,1,0.9651,959,14,2026-07-23T20:03:12.955634+00:00
1275,news,us,news,us,llama3.2:3b,1.0,"{""category"": ""news"", ""section"": ""us""}",success,,1,0.9424,999,13,2026-07-23T20:17:35.014919+00:00
1279,news,us,news,us,llama3.2:3b,1.0,"{""category"": ""news"", ""section"": ""us""}",success,,1,0.9032,969,13,2026-07-23T20:25:02.794166+00:00
1281,news,us,politics,us,llama3.2:3b,1.0,"{""category"": ""politics"", ""section"": ""us""}",success,,1,0.948,972,14,2026-07-23T19:56:07.158919+00:00
1285,news,us,entertainment,us,llama3.2:3b,1.0,"{""category"": ""entertainment"", ""section"": ""us""}",success,,1,0.8755,972,14,2026-07-23T19:58:33.478385+00:00
1287,business,business,news,us,llama3.2:3b,1.0,"{""category"": ""news"", ""section"": ""us""}",success,,1,0.8917,917,13,2026-07-23T20:11:37.768477+00:00
1291,politics,politics,politics,us,llama3.2:3b,1.0,"{""category"": ""politics"", ""section"": ""us""}",success,,1,0.8972,921,14,2026-07-23T19:55:29.157901+00:00
1293,news,us,politics,us,llama3.2:3b,1.0,"{""category"": ""politics"", ""section"": ""us""}",success,,1,0.8833,940,14,2026-07-23T20:12:09.048108+00:00
1295,news,us,news,us,llama3.2:3b,1.0,"{""category"": ""news"", ""section"": ""us""}",success,,1,1.0697,950,13,2026-07-23T20:19:11.038396+00:00
1297,business,business,news,us,llama3.2:3b,1.0,"{""category"": ""news"", ""section"": ""us""}",success,,1,0.9253,911,13,2026-07-23T20:45:35.883497+00:00
1299,business,business,news,us,llama3.2:3b,1.0,"{""category"": ""news"", ""section"": ""us""}",success,,1,0.8535,997,13,2026-07-23T20:50:51.914077+00:00
1301,news,us,business,investing,llama3.2:3b,1.0,"{""category"": ""business"", ""section"": ""investing""}",success,,1,0.891,940,14,2026-07-23T20:45:38.408780+00:00
1303,news,us,news,us,llama3.2:3b,1.0,"{""category"": ""news"", ""section"": ""us""}",success,,1,0.9088,911,13,2026-07-23T20:09:41.964981+00:00
1307,politics,politics,politics,us,llama3.2:3b,1.0,"{""category"": ""politics"", ""section"": ""us""}",success,,1,0.9661,961,14,2026-07-23T20:19:42.515610+00:00
1309,politics,politics,politics,us,llama3.2:3b,1.0,"{""category"": ""politics"", ""section"": ""us""}",success,,1,0.9039,937,14,2026-07-23T20:51:10.152067+00:00
1313,politics,politics,politics,us,llama3.2:3b,1.0,"{""category"": ""politics"", ""section"": ""us""}",success,,1,0.8771,968,14,2026-07-23T20:33:01.330831+00:00
1315,news,us,news,us,llama3.2:3b,1.0,"{""category"": ""news"", ""section"": ""us""}",success,,1,0.923,897,13,2026-07-23T20:27:17.498204+00:00
1317,news,us,news,us,llama3.2:3b,1.0,"{""category"": ""news"", ""section"": ""us""}",success,,1,0.9116,923,13,2026-07-23T19:53:46.406527+00:00
1319,news,us,news,us,llama3.2:3b,1.0,"{""category"": ""news"", ""section"": ""us""}",success,,1,0.8837,977,13,2026-07-23T20:33:58.115568+00:00
1323,news,us,news,us,llama3.2:3b,1.0,"{""category"": ""news"", ""section"": ""us""}",success,,1,0.8758,957,13,2026-07-23T20:10:31.525489+00:00
1325,news,us,news,us,llama3.2:3b,1.0,"{""category"": ""news"", ""section"": ""us""}",success,,1,0.8752,893,13,2026-07-23T19:55:05.000235+00:00
1327,news,us,news,us,llama3.2:3b,1.0,"{""category"": ""news"", ""section"": ""us""}",success,,1,0.9219,932,13,2026-07-23T20:01:38.630519+00:00
1329,news,us,news,us,llama3.2:3b,1.0,"{""category"": ""news"", ""section"": ""us""}",success,,1,1.084,914,13,2026-07-23T20:41:01.247444+00:00
1331,news,us,news,us,llama3.2:3b,1.0,"{""category"": ""news"", ""section"": ""us""}",success,,1,0.9288,938,13,2026-07-23T20:21:29.900176+00:00
1333,news,us,news,us,llama3.2:3b,1.0,"{""category"": ""news"", ""section"": ""us""}",success,,1,0.8608,933,13,2026-07-23T20:14:31.329680+00:00
1337,politics,politics,politics,us,llama3.2:3b,1.0,"{""category"": ""politics"", ""section"": ""us""}",success,,1,0.9447,966,14,2026-07-23T20:32:07.727941+00:00
1345,politics,politics,politics,us,llama3.2:3b,1.0,"{""category"": ""politics"", ""section"": ""us""}",success,,1,0.8892,898,14,2026-07-23T20:53:54.467924+00:00
1347,politics,politics,politics,us,llama3.2:3b,1.0,"{""category"": ""politics"", ""section"": ""us""}",success,,1,0.8763,912,14,2026-07-23T19:58:43.896420+00:00
1349,politics,politics,politics,us,llama3.2:3b,1.0,"{""category"": ""politics"", ""section"": ""us""}",success,,1,0.9132,962,14,2026-07-23T20:06:06.340625+00:00
1353,politics,politics,politics,us,llama3.2:3b,1.0,"{""category"": ""politics"", ""section"": ""us""}",success,,1,0.8978,882,14,2026-07-23T20:20:18.297278+00:00
1355,news,us,news,us,llama3.2:3b,1.0,"{""category"": ""news"", ""section"": ""us""}",success,,1,0.928,966,13,2026-07-23T20:02:06.586464+00:00
1357,politics,politics,politics,us,llama3.2:3b,1.0,"{""category"": ""politics"", ""section"": ""us""}",success,,1,0.8706,904,14,2026-07-23T20:34:07.460426+00:00
1359,business,business,business,investing,llama3.2:3b,1.0,"{""category"": ""business"", ""section"": ""investing""}",success,,1,0.8975,943,14,2026-07-23T20:15:54.585885+00:00
1361,news,us,news,us,llama3.2:3b,1.0,"{""category"": ""news"", ""section"": ""us""}",success,,1,0.9177,986,13,2026-07-23T20:22:02.729115+00:00
1363,news,us,news,us,llama3.2:3b,1.0,"{""category"": ""news"", ""section"": ""us""}",success,,1,0.8613,881,13,2026-07-23T20:24:34.106680+00:00
1365,politics,politics,politics,us,llama3.2:3b,1.0,"{""category"": ""politics"", ""section"": ""us""}",success,,1,0.9138,947,14,2026-07-23T20:03:47.948893+00:00
1367,politics,politics,politics,us,llama3.2:3b,1.0,"{""category"": ""politics"", ""section"": ""us""}",success,,1,0.9097,965,14,2026-07-23T20:29:04.411470+00:00
1369,news,us,politics,us,llama3.2:3b,1.0,"{""category"": ""politics"", ""section"": ""us""}",success,,1,0.9379,926,14,2026-07-23T20:08:41.172258+00:00
1371,news,us,news,us,llama3.2:3b,1.0,"{""category"": ""news"", ""section"": ""us""}",success,,1,0.8679,936,13,2026-07-23T20:38:16.146193+00:00
1373,news,us,news,us,llama3.2:3b,1.0,"{""category"": ""news"", ""section"": ""us""}",success,,1,0.8703,953,13,2026-07-23T19:58:25.976901+00:00
1375,politics,politics,politics,us,llama3.2:3b,1.0,"{""category"": ""politics"", ""section"": ""us""}",success,,1,0.8554,931,14,2026-07-23T20:36:07.132108+00:00
1377,politics,politics,politics,us,llama3.2:3b,1.0,"{""category"": ""politics"", ""section"": ""us""}",success,,1,0.9059,969,14,2026-07-23T20:31:04.830665+00:00
1379,politics,politics,politics,us,llama3.2:3b,1.0,"{""category"": ""politics"", ""section"": ""us""}",success,,1,0.9328,903,14,2026-07-23T20:51:31.129322+00:00
1381,politics,politics,politics,us,llama3.2:3b,1.0,"{""category"": ""politics"", ""section"": ""us""}",success,,1,0.8835,937,14,2026-07-23T20:14:38.852287+00:00
1383,news,us,politics,us,llama3.2:3b,1.0,"{""category"": ""politics"", ""section"": ""us""}",success,,1,0.9476,906,14,2026-07-23T20:51:25.418609+00:00
1385,politics,politics,politics,us,llama3.2:3b,1.0,"{""category"": ""politics"", ""section"": ""us""}",success,,1,0.8696,696,14,2026-07-23T20:01:16.089713+00:00
1387,news,us,news,us,llama3.2:3b,1.0,"{""category"": ""news"", ""section"": ""us""}",success,,1,0.8982,940,13,2026-07-23T19:58:08.230179+00:00
1389,news,us,politics,us,llama3.2:3b,1.0,"{""category"": ""politics"", ""section"": ""us""}",success,,1,0.8778,967,14,2026-07-23T20:46:28.801243+00:00
1391,news,us,politics,us,llama3.2:3b,1.0,"{""category"": ""politics"", ""section"": ""us""}",success,,1,1.0656,947,14,2026-07-23T20:23:55.731480+00:00
1393,sport,football,news,us,llama3.2:3b,1.0,"{""category"": ""news"", ""section"": ""us""}",success,,1,0.911,905,13,2026-07-23T20:54:14.112288+00:00
1394,news,uk,news,us,llama3.2:3b,1.0,"{""category"": ""news"", ""section"": ""us""}",success,,1,1.2341,776,13,2026-07-23T20:18:29.697884+00:00
1395,sport,football,sport,us,llama3.2:3b,1.0,"{""category"": ""sport"", ""section"": ""us""}",success,,1,0.8653,727,13,2026-07-23T20:16:39.456837+00:00
1396,news,europe,politics,europe,llama3.2:3b,1.0,"{""category"": ""politics"", ""section"": ""europe""}",success,,1,0.9631,905,15,2026-07-23T20:02:38.139766+00:00
1397,news,uk,news,uk,llama3.2:3b,1.0,"{""category"": ""news"", ""section"": ""uk""}",success,,1,0.8452,797,13,2026-07-23T20:41:36.191855+00:00
1399,news,europe,politics,world,llama3.2:3b,1.0,"{""category"": ""politics"", ""section"": ""world""}",success,,1,0.8747,956,14,2026-07-23T20:51:02.065198+00:00
1401,news,europe,politics,europe,llama3.2:3b,1.0,"{""category"": ""politics"", ""section"": ""europe""}",success,,1,0.9888,950,16,2026-07-23T19:54:05.640199+00:00
1402,sport,tennis,sport,australia,llama3.2:3b,1.0,"{""category"": ""sport"", ""section"": ""australia""}",success,,1,0.9082,936,15,2026-07-23T20:35:32.390640+00:00
1404,sport,sport,sport,us,llama3.2:3b,1.0,"{""category"": ""sport"", ""section"": ""us""}",success,,1,0.8246,799,13,2026-07-23T20:00:21.789913+00:00
1405,news,europe,news,world,llama3.2:3b,1.0,"{""category"": ""news"", ""section"": ""world""}",success,,1,0.8542,918,13,2026-07-23T20:08:10.213506+00:00
1406,sport,football,sport,football,llama3.2:3b,1.0,"{""category"":""sport"",""section"":""football""}",success,,1,0.963,956,10,2026-07-23T19:57:09.857783+00:00
1407,news,uk,news,world,llama3.2:3b,1.0,"{""category"": ""news"", ""section"": ""world""}",success,,1,0.8871,897,13,2026-07-23T20:05:01.228080+00:00
1409,news,europe,politics,world,llama3.2:3b,1.0,"{""category"": ""politics"", ""section"": ""world""}",success,,1,0.8938,802,14,2026-07-23T20:17:11.711219+00:00
1410,news,europe,health,world,llama3.2:3b,1.0,"{""category"": ""health"", ""section"": ""world""}",success,,1,0.9153,967,13,2026-07-23T20:32:20.388190+00:00
1411,sport,sport,news,world,llama3.2:3b,1.0,"{""category"": ""news"", ""section"": ""world""}",success,,1,0.9834,958,13,2026-07-23T20:44:04.294534+00:00
1412,sport,football,sport,us,llama3.2:3b,1.0,"{""category"": ""sport"", ""section"": ""us""}",success,,1,0.9237,918,13,2026-07-23T20:46:39.720046+00:00
1413,news,europe,politics,world,llama3.2:3b,1.0,"{""category"": ""politics"", ""section"": ""world""}",success,,1,1.0694,941,14,2026-07-23T20:18:18.030986+00:00
1414,news,europe,news,world,llama3.2:3b,1.0,"{""category"": ""news"", ""section"": ""world""}",success,,1,0.8613,916,13,2026-07-23T20:10:26.550645+00:00
1415,sport,tennis,entertainment,movies,llama3.2:3b,1.0,"{""category"": ""entertainment"", ""section"": ""movies""}",success,,1,0.939,932,14,2026-07-23T20:38:06.321681+00:00
1418,news,uk,news,world,llama3.2:3b,1.0,"{""category"": ""news"", ""section"": ""world""}",success,,1,0.9155,959,13,2026-07-23T20:52:39.233052+00:00
1419,news,europe,news,world,llama3.2:3b,1.0,"{""category"": ""news"", ""section"": ""world""}",success,,1,0.9567,1015,13,2026-07-23T20:28:55.731509+00:00
1421,news,europe,health,us,llama3.2:3b,1.0,"{""category"": ""health"", ""section"": ""us""}",success,,1,0.8938,892,13,2026-07-23T20:32:14.051414+00:00
1422,sport,golf,sport,us,llama3.2:3b,1.0,"{""category"": ""sport"", ""section"": ""us""}",success,,1,0.9634,957,13,2026-07-23T20:18:19.418511+00:00
1423,news,europe,politics,world,llama3.2:3b,1.0,"{""category"": ""politics"", ""section"": ""world""}",success,,1,1.0673,975,14,2026-07-23T20:08:56.018833+00:00
1424,sport,sport,news,world,llama3.2:3b,1.0,"{""category"": ""news"", ""section"": ""world""}",success,,1,0.9402,923,13,2026-07-23T20:26:35.049035+00:00
1425,sport,football,sport,football,llama3.2:3b,1.0,"{""category"": ""sport"", ""section"": ""football""}",success,,1,0.8717,981,13,2026-07-23T20:49:16.190396+00:00
1426,news,europe,politics,europe,llama3.2:3b,1.0,"{""category"": ""politics"", ""section"": ""europe""}",success,,1,1.0285,993,16,2026-07-23T20:19:33.059117+00:00
1427,sport,golf,entertainment,movies,llama3.2:3b,1.0,"{""category"": ""entertainment"", ""section"": ""movies""}",success,,1,0.8873,980,14,2026-07-23T20:32:34.111890+00:00
1428,news,uk,news,world,llama3.2:3b,1.0,"{""category"": ""news"", ""section"": ""world""}",success,,1,0.8681,989,13,2026-07-23T20:13:15.533516+00:00
1429,sport,sport,sport,us,llama3.2:3b,1.0,"{""category"": ""sport"", ""section"": ""us""}",success,,1,0.9347,970,13,2026-07-23T20:34:49.296628+00:00
1430,sport,sport,politics,australia,llama3.2:3b,1.0,"{""category"": ""politics"", ""section"": ""australia""}",success,,1,1.026,974,16,2026-07-23T19:55:33.927543+00:00
1431,news,europe,business,investing,llama3.2:3b,1.0,"{""category"": ""business"", ""section"": ""investing""}",success,,1,1.5706,614,14,2026-07-23T20:16:50.470284+00:00
1432,sport,tennis,sport,australia,llama3.2:3b,1.0,"{""category"": ""sport"", ""section"": ""australia""}",success,,1,0.9021,961,15,2026-07-23T20:08:37.204250+00:00
1433,sport,tennis,sport,australia,llama3.2:3b,1.0,"{""category"": ""sport"", ""section"": ""australia""}",success,,1,0.9748,1012,15,2026-07-23T20:12:55.754123+00:00
1434,sport,sport,news,us,llama3.2:3b,1.0,"{""category"": ""news"", ""section"": ""us""}",success,,1,0.9771,970,13,2026-07-23T20:04:49.573657+00:00
1435,sport,football,sport,us,llama3.2:3b,1.0,"{""category"": ""sport"", ""section"": ""us""}",success,,1,2.2961,739,13,2026-07-23T20:15:38.872939+00:00
1436,news,uk,news,world,llama3.2:3b,1.0,"{""category"": ""news"", ""section"": ""world""}",success,,1,0.9434,915,13,2026-07-23T20:20:32.191930+00:00
1437,news,europe,politics,world,llama3.2:3b,1.0,"{""category"": ""politics"", ""section"": ""world""}",success,,1,0.9574,767,14,2026-07-23T20:15:26.286367+00:00
1438,sport,golf,sport,us,llama3.2:3b,1.0,"{""category"": ""sport"", ""section"": ""us""}",success,,1,0.9013,830,13,2026-07-23T20:38:42.681717+00:00
1439,sport,tennis,sport,australia,llama3.2:3b,1.0,"{""category"": ""sport"", ""section"": ""australia""}",success,,1,0.9586,956,15,2026-07-23T19:53:55.537204+00:00
1440,news,uk,news,uk,llama3.2:3b,1.0,"{""category"": ""news"", ""section"": ""uk""}",success,,1,0.8509,697,13,2026-07-23T20:31:32.580260+00:00
1441,sport,golf,entertainment,us,llama3.2:3b,1.0,"{""category"": ""entertainment"", ""section"": ""us""}",success,,1,0.9241,953,14,2026-07-23T20:07:26.066835+00:00
1442,sport,football,sport,us,llama3.2:3b,1.0,"{""category"": ""sport"", ""section"": ""us""}",success,,1,0.8536,655,13,2026-07-23T20:38:40.493709+00:00
1444,news,europe,news,world,llama3.2:3b,1.0,"{""category"": ""news"", ""section"": ""world""}",success,,1,0.8717,942,13,2026-07-23T20:00:51.135002+00:00
1445,news,uk,news,world,llama3.2:3b,1.0,"{""category"": ""news"", ""section"": ""world""}",success,,1,0.8664,940,13,2026-07-23T20:36:29.464806+00:00
1446,sport,sport,entertainment,us,llama3.2:3b,1.0,"{""category"": ""entertainment"", ""section"": ""us""}",success,,1,0.8656,711,14,2026-07-23T20:54:52.423350+00:00
1447,sport,sport,sport,us,llama3.2:3b,1.0,"{""category"": ""sport"", ""section"": ""us""}",success,,1,0.9302,913,13,2026-07-23T20:06:12.411280+00:00
1448,sport,sport,sport,us,llama3.2:3b,1.0,"{""category"": ""sport"", ""section"": ""us""}",success,,1,0.8727,825,13,2026-07-23T19:54:08.336836+00:00
1449,sport,tennis,sport,australia,llama3.2:3b,1.0,"{""category"": ""sport"", ""section"": ""australia""}",success,,1,0.8654,871,15,2026-07-23T20:33:32.316164+00:00
1450,sport,sport,sport,australia,llama3.2:3b,1.0,"{""category"": ""sport"", ""section"": ""australia""}",success,,1,0.8622,913,15,2026-07-23T20:02:17.143077+00:00
1451,sport,football,sport,football,llama3.2:3b,1.0,"{""category"": ""sport"", ""section"": ""football""}",success,,1,0.876,980,13,2026-07-23T19:59:59.050772+00:00
1452,sport,football,sport,us,llama3.2:3b,1.0,"{""category"": ""sport"", ""section"": ""us""}",success,,1,0.8485,923,13,2026-07-23T20:50:20.121920+00:00
1453,sport,golf,sport,us,llama3.2:3b,1.0,"{""category"": ""sport"", ""section"": ""us""}",success,,1,0.886,694,13,2026-07-23T20:39:10.806101+00:00
1454,sport,motorsport,sport,us,llama3.2:3b,1.0,"{""category"": ""sport"", ""section"": ""us""}",success,,1,0.8739,831,13,2026-07-23T20:10:03.574802+00:00
1455,sport,sport,sport,us,llama3.2:3b,1.0,"{""category"": ""sport"", ""section"": ""us""}",success,,1,0.93,774,13,2026-07-23T20:06:32.072237+00:00
1456,sport,sport,sport,us,llama3.2:3b,1.0,"{""category"": ""sport"", ""section"": ""us""}",success,,1,0.9169,1055,13,2026-07-23T19:55:19.489108+00:00
1457,news,europe,news,world,llama3.2:3b,1.0,"{""category"": ""news"", ""section"": ""world""}",success,,1,0.9801,773,13,2026-07-23T20:15:06.443461+00:00
1458,news,uk,politics,uk,llama3.2:3b,1.0,"{""category"": ""politics"", ""section"": ""uk""}",success,,1,0.9251,942,14,2026-07-23T20:47:52.262527+00:00
1459,sport,sport,news,world,llama3.2:3b,1.0,"{""category"": ""news"", ""section"": ""world""}",success,,1,0.944,899,13,2026-07-23T20:49:59.866075+00:00
1460,news,uk,news,world,llama3.2:3b,1.0,"{""category"": ""news"", ""section"": ""world""}",success,,1,0.9042,921,13,2026-07-23T20:25:20.440547+00:00
1461,news,europe,politics,us,llama3.2:3b,1.0,"{""category"": ""politics"", ""section"": ""us""}",success,,1,0.9826,948,14,2026-07-23T20:25:56.885224+00:00
1462,sport,sport,news,us,llama3.2:3b,1.0,"{""category"": ""news"", ""section"": ""us""}",success,,1,0.9234,843,13,2026-07-23T19:53:08.082090+00:00
1463,sport,football,sport,us,llama3.2:3b,1.0,"{""category"": ""sport"", ""section"": ""us""}",success,,1,0.9268,969,13,2026-07-23T20:33:43.688121+00:00
1464,sport,motorsport,sport,us,llama3.2:3b,1.0,"{""category"": ""sport"", ""section"": ""us""}",success,,1,0.9626,970,13,2026-07-23T20:16:48.539479+00:00
1465,sport,sport,sport,australia,llama3.2:3b,1.0,"{""category"": ""sport"", ""section"": ""australia""}",success,,1,0.8771,886,15,2026-07-23T20:52:04.224732+00:00
1466,news,europe,news,world,llama3.2:3b,1.0,"{""category"": ""news"", ""section"": ""world""}",success,,1,0.9633,904,13,2026-07-23T19:53:42.605145+00:00
1467,news,uk,news,world,llama3.2:3b,1.0,"{""category"": ""news"", ""section"": ""world""}",success,,1,0.8736,602,13,2026-07-23T20:36:32.698786+00:00
1468,sport,football,sport,football,llama3.2:3b,1.0,"{""category"": ""sport"", ""section"": ""football""}",success,,1,0.9392,959,13,2026-07-23T20:40:32.976659+00:00
1469,news,europe,health,us,llama3.2:3b,1.0,"{""category"": ""health"", ""section"": ""us""}",success,,1,0.9102,927,13,2026-07-23T20:29:53.275592+00:00
1470,sport,sport,news,us,llama3.2:3b,1.0,"{""category"": ""news"", ""section"": ""us""}",success,,1,0.9329,978,13,2026-07-23T20:51:34.481909+00:00
1471,news,uk,news,world,llama3.2:3b,1.0,"{""category"": ""news"", ""section"": ""world""}",success,,1,0.8785,864,13,2026-07-23T20:36:12.461517+00:00
1472,news,europe,news,world,llama3.2:3b,1.0,"{""category"": ""news"", ""section"": ""world""}",success,,1,0.8729,764,13,2026-07-23T19:58:42.045919+00:00
1473,sport,tennis,sport,australia,llama3.2:3b,1.0,"{""category"": ""sport"", ""section"": ""australia""}",success,,1,0.9839,983,15,2026-07-23T20:27:31.947449+00:00
1474,sport,golf,sport,us,llama3.2:3b,1.0,"{""category"": ""sport"", ""section"": ""us""}",success,,1,0.8622,677,13,2026-07-23T20:49:32.866371+00:00
1475,news,europe,politics,world,llama3.2:3b,1.0,"{""category"": ""politics"", ""section"": ""world""}",success,,1,1.1398,950,14,2026-07-23T20:54:10.291358+00:00
1477,news,europe,news,world,llama3.2:3b,1.0,"{""category"": ""news"", ""section"": ""world""}",success,,1,0.8542,825,13,2026-07-23T20:04:27.964045+00:00
1478,sport,sport,sport,australia,llama3.2:3b,1.0,"{""category"": ""sport"", ""section"": ""australia""}",success,,1,0.9593,908,15,2026-07-23T20:41:32.989540+00:00
1479,sport,golf,sport,us,llama3.2:3b,1.0,"{""category"": ""sport"", ""section"": ""us""}",success,,1,0.87,1019,13,2026-07-23T20:40:23.131514+00:00
1480,sport,golf,politics,us,llama3.2:3b,1.0,"{""category"": ""politics"", ""section"": ""us""}",success,,1,0.9701,984,14,2026-07-23T20:48:55.956288+00:00
1481,news,europe,news,world,llama3.2:3b,1.0,"{""category"": ""news"", ""section"": ""world""}",success,,1,0.9079,940,13,2026-07-23T20:33:17.369348+00:00
1482,news,uk,news,world,llama3.2:3b,1.0,"{""category"": ""news"", ""section"": ""world""}",success,,1,0.9039,984,13,2026-07-23T20:48:57.080101+00:00
1483,news,europe,news,world,llama3.2:3b,1.0,"{""category"": ""news"", ""section"": ""world""}",success,,1,0.9279,778,13,2026-07-23T20:01:00.828849+00:00
1485,sport,football,sport,us,llama3.2:3b,1.0,"{""category"": ""sport"", ""section"": ""us""}",success,,1,1.2806,735,13,2026-07-23T20:52:50.678746+00:00
1486,news,europe,politics,world,llama3.2:3b,1.0,"{""category"": ""politics"", ""section"": ""world""}",success,,1,1.0173,706,14,2026-07-23T20:10:20.816546+00:00
1487,sport,sport,news,us,llama3.2:3b,1.0,"{""category"": ""news"", ""section"": ""us""}",success,,1,0.9119,765,13,2026-07-23T20:09:25.883978+00:00
1488,news,uk,politics,world,llama3.2:3b,1.0,"{""category"": ""politics"", ""section"": ""world""}",success,,1,0.8869,773,14,2026-07-23T20:43:38.172212+00:00
1489,sport,sport,entertainment,movies,llama3.2:3b,1.0,"{""category"": ""entertainment"", ""section"": ""movies""}",success,,1,0.9333,920,14,2026-07-23T20:30:24.813740+00:00
1490,news,europe,politics,world,llama3.2:3b,1.0,"{""category"": ""politics"", ""section"": ""world""}",success,,1,1.0642,967,14,2026-07-23T19:59:29.477368+00:00
1491,sport,tennis,sport,australia,llama3.2:3b,1.0,"{""category"": ""sport"", ""section"": ""australia""}",success,,1,0.8875,1033,15,2026-07-23T20:29:08.635341+00:00
1492,sport,tennis,sport,australia,llama3.2:3b,1.0,"{""category"": ""sport"", ""section"": ""australia""}",success,,1,0.8493,945,15,2026-07-23T20:39:12.332174+00:00
1493,news,europe,politics,world,llama3.2:3b,1.0,"{""category"": ""politics"", ""section"": ""world""}",success,,1,1.032,977,14,2026-07-23T20:00:15.028622+00:00
1494,sport,sport,politics,golf,llama3.2:3b,1.0,"{""category"": ""politics"", ""section"": ""golf""}",success,,1,0.9587,978,15,2026-07-23T19:56:52.408386+00:00
1495,sport,sport,sport,us,llama3.2:3b,1.0,"{""category"": ""sport"", ""section"": ""us""}",success,,1,1.0407,971,13,2026-07-23T19:54:36.432975+00:00
1496,sport,sport,news,world,llama3.2:3b,1.0,"{""category"": ""news"", ""section"": ""world""}",success,,1,0.9714,897,13,2026-07-23T20:41:19.395596+00:00
1497,sport,sport,sport,us,llama3.2:3b,1.0,"{""category"": ""sport"", ""section"": ""us""}",success,,1,0.9201,720,13,2026-07-23T20:30:59.691134+00:00
1499,sport,sport,sport,us,llama3.2:3b,1.0,"{""category"": ""sport"", ""section"": ""us""}",success,,1,0.8889,710,13,2026-07-23T20:07:07.634180+00:00
1500,news,europe,politics,us,llama3.2:3b,1.0,"{""category"": ""politics"", ""section"": ""us""}",success,,1,0.8846,935,14,2026-07-23T20:29:41.539508+00:00
1501,sport,football,sport,football,llama3.2:3b,1.0,"{""category"": ""sport"", ""section"": ""football""}",success,,1,0.9081,948,13,2026-07-23T20:52:38.097404+00:00
1502,sport,sport,entertainment,movies,llama3.2:3b,1.0,"{""category"": ""entertainment"", ""section"": ""movies""}",success,,1,0.9271,963,14,2026-07-23T19:55:20.441828+00:00
1503,sport,sport,news,us,llama3.2:3b,1.0,"{""category"": ""news"", ""section"": ""us""}",success,,1,0.9495,703,13,2026-07-23T20:30:15.283292+00:00
1504,sport,sport,politics,us,llama3.2:3b,1.0,"{""category"": ""politics"", ""section"": ""us""}",success,,1,0.8897,1027,14,2026-07-23T20:44:56.933638+00:00
1505,sport,sport,sport,us,llama3.2:3b,1.0,"{""category"": ""sport"", ""section"": ""us""}",success,,1,0.8648,984,13,2026-07-23T20:38:11.725123+00:00
1506,sport,golf,sport,us,llama3.2:3b,1.0,"{""category"": ""sport"", ""section"": ""us""}",success,,1,0.9102,670,13,2026-07-23T20:47:09.149851+00:00
1508,sport,tennis,sport,australia,llama3.2:3b,1.0,"{""category"": ""sport"", ""section"": ""australia""}",success,,1,0.961,963,15,2026-07-23T20:20:33.542349+00:00
1509,news,europe,news,world,llama3.2:3b,1.0,"{""category"": ""news"", ""section"": ""world""}",success,,1,0.8578,879,13,2026-07-23T20:32:06.637848+00:00
1511,sport,golf,sport,us,llama3.2:3b,1.0,"{""category"": ""sport"", ""section"": ""us""}",success,,1,1.014,773,13,2026-07-23T20:28:22.858546+00:00
1512,news,uk,business,investing,llama3.2:3b,1.0,"{""category"": ""business"", ""section"": ""investing""}",success,,1,0.9233,971,14,2026-07-23T20:50:49.591966+00:00
1513,sport,sport,entertainment,movies,llama3.2:3b,1.0,"{""category"": ""entertainment"", ""section"": ""movies""}",success,,1,0.9629,997,14,2026-07-23T20:20:37.979998+00:00
1514,news,europe,news,world,llama3.2:3b,1.0,"{""category"": ""news"", ""section"": ""world""}",success,,1,0.8583,612,13,2026-07-23T20:12:46.679760+00:00
1515,news,uk,news,world,llama3.2:3b,1.0,"{""category"": ""news"", ""section"": ""world""}",success,,1,0.9703,945,13,2026-07-23T20:42:27.976508+00:00
1516,news,europe,news,world,llama3.2:3b,1.0,"{""category"": ""news"", ""section"": ""world""}",success,,1,0.9118,833,13,2026-07-23T20:08:00.101877+00:00
1517,news,uk,news,world,llama3.2:3b,1.0,"{""category"": ""news"", ""section"": ""world""}",success,,1,0.8901,970,13,2026-07-23T20:53:48.530778+00:00
1518,sport,sport,sport,us,llama3.2:3b,1.0,"{""category"": ""sport"", ""section"": ""us""}",success,,1,0.9535,894,13,2026-07-23T20:23:46.580079+00:00
1519,news,uk,news,world,llama3.2:3b,1.0,"{""category"": ""news"", ""section"": ""world""}",success,,1,0.9049,983,13,2026-07-23T20:48:06.011602+00:00
1520,sport,sport,news,world,llama3.2:3b,1.0,"{""category"": ""news"", ""section"": ""world""}",success,,1,0.9047,1052,13,2026-07-23T20:22:39.634707+00:00
1521,news,europe,news,world,llama3.2:3b,1.0,"{""category"": ""news"", ""section"": ""world""}",success,,1,0.8955,915,13,2026-07-23T20:43:53.494422+00:00
1522,sport,tennis,sport,australia,llama3.2:3b,1.0,"{""category"": ""sport"", ""section"": ""australia""}",success,,1,0.9053,939,15,2026-07-23T20:42:09.169023+00:00
1523,news,uk,health,us,llama3.2:3b,1.0,"{""category"": ""health"", ""section"": ""us""}",success,,1,0.8561,934,13,2026-07-23T20:30:49.299389+00:00
1524,sport,football,sport,us,llama3.2:3b,1.0,"{""category"": ""sport"", ""section"": ""us""}",success,,1,0.93,761,13,2026-07-23T20:12:36.840062+00:00
1525,news,europe,news,world,llama3.2:3b,1.0,"{""category"": ""news"", ""section"": ""world""}",success,,1,0.918,898,13,2026-07-23T20:46:46.579700+00:00
1526,sport,football,politics,us,llama3.2:3b,1.0,"{""category"": ""politics"", ""section"": ""us""}",success,,1,0.9276,970,14,2026-07-23T20:27:06.979252+00:00
1527,news,uk,politics,uk,llama3.2:3b,1.0,"{""category"": ""politics"", ""section"": ""uk""}",success,,1,0.9088,994,14,2026-07-23T20:07:56.918394+00:00
1528,sport,golf,sport,us,llama3.2:3b,1.0,"{""category"": ""sport"", ""section"": ""us""}",success,,1,0.8868,655,13,2026-07-23T20:27:36.219285+00:00
1529,sport,sport,sport,us,llama3.2:3b,1.0,"{""category"": ""sport"", ""section"": ""us""}",success,,1,0.9987,1007,13,2026-07-23T20:49:45.386571+00:00
1530,news,europe,news,world,llama3.2:3b,1.0,"{""category"": ""news"", ""section"": ""world""}",success,,1,0.9338,962,13,2026-07-23T19:53:49.048984+00:00
1531,sport,football,sport,uk,llama3.2:3b,1.0,"{""category"": ""sport"", ""section"": ""uk""}",success,,1,0.8998,942,13,2026-07-23T20:52:17.811435+00:00
1532,news,europe,politics,world,llama3.2:3b,1.0,"{""category"": ""politics"", ""section"": ""world""}",success,,1,1.0434,929,14,2026-07-23T20:15:32.839116+00:00
1533,news,europe,news,world,llama3.2:3b,1.0,"{""category"": ""news"", ""section"": ""world""}",success,,1,0.8954,936,13,2026-07-23T20:54:57.847352+00:00
1534,news,australia,news,world,llama3.2:3b,1.0,"{""category"": ""news"", ""section"": ""world""}",success,,1,1.0283,912,13,2026-07-23T20:12:15.311013+00:00
1535,news,uk,news,us,llama3.2:3b,1.0,"{""category"": ""news"", ""section"": ""us""}",success,,1,0.8791,663,13,2026-07-23T20:00:50.208764+00:00
1536,sport,football,sport,asia,llama3.2:3b,1.0,"{""category"": ""sport"", ""section"": ""asia""}",success,,1,0.8563,924,13,2026-07-23T20:12:34.817388+00:00
1537,sport,football,sport,uk,llama3.2:3b,1.0,"{""category"": ""sport"", ""section"": ""uk""}",success,,1,1.0282,951,13,2026-07-23T20:37:08.977112+00:00
1538,sport,golf,entertainment,movies,llama3.2:3b,1.0,"{""category"": ""entertainment"", ""section"": ""movies""}",success,,1,1.1496,989,14,2026-07-23T20:55:52.679621+00:00
1540,sport,sport,sport,australia,llama3.2:3b,1.0,"{""category"": ""sport"", ""section"": ""australia""}",success,,1,0.938,922,15,2026-07-23T20:36:13.557655+00:00
1541,sport,sport,entertainment,us,llama3.2:3b,1.0,"{""category"": ""entertainment"", ""section"": ""us""}",success,,1,0.9022,681,14,2026-07-23T20:09:48.827644+00:00
1542,sport,tennis,sport,us,llama3.2:3b,1.0,"{""category"": ""sport"", ""section"": ""us""}",success,,1,0.8953,786,13,2026-07-23T20:31:26.125423+00:00
1543,sport,sport,sport,us,llama3.2:3b,1.0,"{""category"": ""sport"", ""section"": ""us""}",success,,1,0.9179,950,13,2026-07-23T20:13:58.403162+00:00
1544,sport,golf,sport,us,llama3.2:3b,1.0,"{""category"": ""sport"", ""section"": ""us""}",success,,1,0.8325,752,13,2026-07-23T20:55:17.853771+00:00
1545,sport,motorsport,news,world,llama3.2:3b,1.0,"{""category"": ""news"", ""section"": ""world""}",success,,1,0.8971,807,13,2026-07-23T20:40:50.696928+00:00
1547,sport,football,sport,football,llama3.2:3b,1.0,"{""category"": ""sport"", ""section"": ""football""}",success,,1,0.9134,991,13,2026-07-23T20:32:27.860926+00:00
1549,news,europe,news,world,llama3.2:3b,1.0,"{""category"": ""news"", ""section"": ""world""}",success,,1,0.8951,792,13,2026-07-23T20:10:54.140234+00:00
1550,sport,football,sport,us,llama3.2:3b,1.0,"{""category"": ""sport"", ""section"": ""us""}",success,,1,0.899,958,13,2026-07-23T20:04:27.051828+00:00
1552,sport,football,sport,us,llama3.2:3b,1.0,"{""category"": ""sport"", ""section"": ""us""}",success,,1,0.9174,865,13,2026-07-23T19:53:23.969597+00:00
1553,sport,football,news,sport,llama3.2:3b,1.0,"{""category"": ""news"", ""section"": ""sport""}",success,,1,0.8556,877,13,2026-07-23T20:46:00.172946+00:00
1556,news,europe,news,world,llama3.2:3b,1.0,"{""category"": ""news"", ""section"": ""world""}",success,,1,0.8918,923,13,2026-07-23T20:47:32.277692+00:00
1557,sport,sport,news,us,llama3.2:3b,1.0,"{""category"": ""news"", ""section"": ""us""}",success,,1,0.8772,962,13,2026-07-23T20:36:46.301233+00:00
1561,sport,sport,sport,us,llama3.2:3b,1.0,"{""category"": ""sport"", ""section"": ""us""}",success,,1,0.8872,951,13,2026-07-23T19:55:38.261723+00:00
1562,sport,sport,news,us,llama3.2:3b,1.0,"{""category"": ""news"", ""section"": ""us""}",success,,1,0.9572,983,13,2026-07-23T20:02:41.045062+00:00
1563,sport,football,sport,football,llama3.2:3b,1.0,"{""category"":""sport"",""section"":""football""}",success,,1,0.9954,970,10,2026-07-23T20:25:17.685105+00:00
1564,sport,sport,sport,us,llama3.2:3b,1.0,"{""category"": ""sport"", ""section"": ""us""}",success,,1,0.8662,923,13,2026-07-23T20:40:34.028085+00:00
1565,sport,golf,sport,us,llama3.2:3b,1.0,"{""category"": ""sport"", ""section"": ""us""}",success,,1,0.9025,1031,13,2026-07-23T20:13:24.374983+00:00
1566,news,europe,entertainment,movies,llama3.2:3b,1.0,"{""category"": ""entertainment"", ""section"": ""movies""}",success,,1,0.8858,917,14,2026-07-23T20:01:47.150548+00:00
1567,news,europe,news,world,llama3.2:3b,1.0,"{""category"": ""news"", ""section"": ""world""}",success,,1,0.8464,783,13,2026-07-23T20:48:10.335152+00:00
1568,sport,sport,sport,us,llama3.2:3b,1.0,"{""category"": ""sport"", ""section"": ""us""}",success,,1,1.003,897,13,2026-07-23T20:55:32.356407+00:00
1569,news,uk,politics,us,llama3.2:3b,1.0,"{""category"": ""politics"", ""section"": ""us""}",success,,1,0.934,904,14,2026-07-23T20:03:20.687083+00:00
1571,sport,sport,entertainment,us,llama3.2:3b,1.0,"{""category"": ""entertainment"", ""section"": ""us""}",success,,1,1.033,954,14,2026-07-23T19:56:26.139314+00:00
1572,sport,football,sport,us,llama3.2:3b,1.0,"{""category"": ""sport"", ""section"": ""us""}",success,,1,0.855,953,13,2026-07-23T19:57:58.704144+00:00
1573,news,uk,health,us,llama3.2:3b,1.0,"{""category"": ""health"", ""section"": ""us""}",success,,1,0.8378,769,13,2026-07-23T19:59:44.507961+00:00
1574,news,europe,news,world,llama3.2:3b,1.0,"{""category"": ""news"", ""section"": ""world""}",success,,1,0.8274,669,13,2026-07-23T20:52:28.136274+00:00
1575,sport,golf,sport,golf,llama3.2:3b,1.0,"{""category"": ""sport"", ""section"": ""golf""}",success,,1,0.9274,993,14,2026-07-23T20:37:18.775085+00:00
1576,news,europe,news,world,llama3.2:3b,1.0,"{""category"": ""news"", ""section"": ""world""}",success,,1,0.8592,954,13,2026-07-23T20:24:49.813124+00:00
1577,news,europe,politics,uk,llama3.2:3b,1.0,"{""category"": ""politics"", ""section"": ""uk""}",success,,1,0.8546,893,14,2026-07-23T20:49:54.189595+00:00
1578,news,uk,politics,uk,llama3.2:3b,1.0,"{""category"": ""politics"", ""section"": ""uk""}",success,,1,0.9625,906,14,2026-07-23T20:03:34.317138+00:00
1579,sport,football,sport,football,llama3.2:3b,1.0,"{""category"": ""sport"", ""section"": ""football""}",success,,1,0.8848,933,13,2026-07-23T20:06:53.645484+00:00
1580,sport,sport,sport,us,llama3.2:3b,1.0,"{""category"": ""sport"", ""section"": ""us""}",success,,1,0.9148,1036,13,2026-07-23T20:05:07.050988+00:00
1581,news,europe,politics,europe,llama3.2:3b,1.0,"{""category"": ""politics"", ""section"": ""europe""}",success,,1,0.9622,907,15,2026-07-23T20:12:52.576539+00:00
1582,sport,football,sport,football,llama3.2:3b,1.0,"{""category"": ""sport"", ""section"": ""football""}",success,,1,0.9215,597,13,2026-07-23T19:58:53.310945+00:00
1583,news,uk,news,world,llama3.2:3b,1.0,"{""category"": ""news"", ""section"": ""world""}",success,,1,0.8665,925,13,2026-07-23T20:49:49.792881+00:00
1584,news,uk,news,world,llama3.2:3b,1.0,"{""category"": ""news"", ""section"": ""world""}",success,,1,0.8585,959,13,2026-07-23T20:01:37.656089+00:00
1585,sport,football,sport,football,llama3.2:3b,1.0,"{""category"": ""sport"", ""section"": ""football""}",success,,1,0.8651,598,13,2026-07-23T20:32:01.411122+00:00
1586,sport,sport,sport,us,llama3.2:3b,1.0,"{""category"": ""sport"", ""section"": ""us""}",success,,1,0.8779,800,13,2026-07-23T19:59:32.280943+00:00
1587,news,europe,news,world,llama3.2:3b,1.0,"{""category"": ""news"", ""section"": ""world""}",success,,1,0.8781,809,13,2026-07-23T19:53:18.629113+00:00
1588,sport,sport,news,us,llama3.2:3b,1.0,"{""category"": ""news"", ""section"": ""us""}",success,,1,0.7736,771,13,2026-07-23T20:27:20.130393+00:00
1589,sport,sport,news,us,llama3.2:3b,1.0,"{""category"": ""news"", ""section"": ""us""}",success,,1,1.0015,968,13,2026-07-23T20:13:57.390463+00:00
1590,news,uk,news,world,llama3.2:3b,1.0,"{""category"": ""news"", ""section"": ""world""}",success,,1,0.854,985,13,2026-07-23T20:49:20.613721+00:00
1591,news,uk,news,world,llama3.2:3b,1.0,"{""category"": ""news"", ""section"": ""world""}",success,,1,0.8911,937,13,2026-07-23T20:27:59.331233+00:00
1595,news,europe,news,world,llama3.2:3b,1.0,"{""category"": ""news"", ""section"": ""world""}",success,,1,0.8593,742,13,2026-07-23T20:26:03.911966+00:00
1596,news,uk,business,uk,llama3.2:3b,1.0,"{""category"": ""business"", ""section"": ""uk""}",success,,1,0.8567,647,13,2026-07-23T20:47:58.152146+00:00
1597,news,uk,news,world,llama3.2:3b,1.0,"{""category"": ""news"", ""section"": ""world""}",success,,1,0.9152,937,13,2026-07-23T20:42:14.187405+00:00
1598,news,uk,politics,uk,llama3.2:3b,1.0,"{""category"": ""politics"", ""section"": ""uk""}",success,,1,0.8769,927,14,2026-07-23T20:51:29.982506+00:00
1599,sport,football,sport,football,llama3.2:3b,1.0,"{""category"": ""sport"", ""section"": ""football""}",success,,1,0.935,996,13,2026-07-23T20:42:17.468052+00:00
1600,sport,football,news,world,llama3.2:3b,1.0,"{""category"": ""news"", ""section"": ""world""}",success,,1,0.8875,963,13,2026-07-23T20:43:44.768981+00:00
1601,news,europe,politics,europe,llama3.2:3b,1.0,"{""category"": ""politics"", ""section"": ""europe""}",success,,1,1.0039,949,16,2026-07-23T20:47:33.480022+00:00
1602,sport,football,sport,football,llama3.2:3b,1.0,"{""category"":""sport"",""section"":""football""}",success,,1,1.0269,961,10,2026-07-23T20:23:38.006383+00:00
1603,news,australia,news,australia,llama3.2:3b,1.0,"{""category"": ""news"", ""section"": ""australia""}",success,,1,0.9198,908,15,2026-07-23T20:37:02.325136+00:00
1604,sport,football,news,us,llama3.2:3b,1.0,"{""category"": ""news"", ""section"": ""us""}",success,,1,0.8226,620,13,2026-07-23T19:58:31.673911+00:00
1605,news,europe,news,world,llama3.2:3b,1.0,"{""category"": ""news"", ""section"": ""world""}",success,,1,0.8373,718,13,2026-07-23T19:56:46.566689+00:00
1606,sport,sport,news,us,llama3.2:3b,1.0,"{""category"": ""news"", ""section"": ""us""}",success,,1,0.8843,936,13,2026-07-23T20:04:33.787759+00:00
1607,sport,sport,sport,us,llama3.2:3b,1.0,"{""category"": ""sport"", ""section"": ""us""}",success,,1,0.8899,644,13,2026-07-23T20:30:48.298726+00:00
1609,news,uk,news,us,llama3.2:3b,1.0,"{""category"": ""news"", ""section"": ""us""}",success,,1,1.0002,917,13,2026-07-23T20:26:14.125896+00:00
1610,sport,sport,sport,us,llama3.2:3b,1.0,"{""category"": ""sport"", ""section"": ""us""}",success,,1,1.0829,948,13,2026-07-23T20:39:33.148836+00:00
1611,sport,sport,business,investing,llama3.2:3b,1.0,"{""category"": ""business"", ""section"": ""investing""}",success,,1,0.9506,957,14,2026-07-23T20:08:50.788227+00:00
1612,news,europe,politics,asia,llama3.2:3b,1.0,"{""category"": ""politics"", ""section"": ""asia""}",success,,1,0.9523,920,14,2026-07-23T19:57:25.435480+00:00
1613,sport,sport,sport,us,llama3.2:3b,1.0,"{""category"": ""sport"", ""section"": ""us""}",success,,1,1.0242,976,13,2026-07-23T19:53:38.128795+00:00
1614,news,europe,news,world,llama3.2:3b,1.0,"{""category"": ""news"", ""section"": ""world""}",success,,1,0.8422,691,13,2026-07-23T20:04:32.844906+00:00
1615,news,uk,news,world,llama3.2:3b,1.0,"{""category"": ""news"", ""section"": ""world""}",success,,1,0.8575,972,13,2026-07-23T20:44:26.816781+00:00
1616,sport,sport,sport,us,llama3.2:3b,1.0,"{""category"": ""sport"", ""section"": ""us""}",success,,1,0.9046,943,13,2026-07-23T20:31:33.637229+00:00
1617,news,europe,news,world,llama3.2:3b,1.0,"{""category"": ""news"", ""section"": ""world""}",success,,1,0.7519,752,13,2026-07-23T20:01:36.737472+00:00
1618,sport,golf,sport,us,llama3.2:3b,1.0,"{""category"": ""sport"", ""section"": ""us""}",success,,1,0.8992,1033,13,2026-07-23T20:33:28.224442+00:00
1621,sport,golf,sport,us,llama3.2:3b,1.0,"{""category"": ""sport"", ""section"": ""us""}",success,,1,0.9303,1009,13,2026-07-23T19:57:14.315673+00:00
1622,sport,sport,sport,us,llama3.2:3b,1.0,"{""category"": ""sport"", ""section"": ""us""}",success,,1,0.9427,964,13,2026-07-23T19:57:15.302370+00:00
1623,news,uk,news,world,llama3.2:3b,1.0,"{""category"": ""news"", ""section"": ""world""}",success,,1,1.2798,973,13,2026-07-23T20:54:40.967408+00:00
1624,sport,football,news,us,llama3.2:3b,1.0,"{""category"": ""news"", ""section"": ""us""}",success,,1,0.8714,539,13,2026-07-23T20:25:43.333453+00:00
1625,sport,sport,sport,asia,llama3.2:3b,1.0,"{""category"": ""sport"", ""section"": ""asia""}",success,,1,0.9359,717,13,2026-07-23T20:08:36.227038+00:00
1626,sport,golf,entertainment,us,llama3.2:3b,1.0,"{""category"": ""entertainment"", ""section"": ""us""}",success,,1,0.9317,1032,14,2026-07-23T20:03:16.790904+00:00
1628,sport,sport,sport,asia,llama3.2:3b,1.0,"{""category"": ""sport"", ""section"": ""asia""}",success,,1,0.8903,709,13,2026-07-23T20:38:35.253163+00:00
1629,sport,golf,news,us,llama3.2:3b,1.0,"{""category"": ""news"", ""section"": ""us""}",success,,1,0.9597,1008,13,2026-07-23T19:59:17.703609+00:00
1630,sport,football,sport,us,llama3.2:3b,1.0,"{""category"": ""sport"", ""section"": ""us""}",success,,1,0.8799,716,13,2026-07-23T20:02:05.601342+00:00
1631,news,uk,politics,europe,llama3.2:3b,1.0,"{""category"": ""politics"", ""section"": ""europe""}",success,,1,0.9707,955,16,2026-07-23T20:08:02.318439+00:00
1632,news,europe,news,world,llama3.2:3b,1.0,"{""category"": ""news"", ""section"": ""world""}",success,,1,1.1053,908,13,2026-07-23T20:18:54.738749+00:00
1633,news,uk,politics,uk,llama3.2:3b,1.0,"{""category"": ""politics"", ""section"": ""uk""}",success,,1,0.908,928,14,2026-07-23T19:56:29.025677+00:00
1635,news,europe,news,world,llama3.2:3b,1.0,"{""category"": ""news"", ""section"": ""world""}",success,,1,0.9048,900,13,2026-07-23T20:50:44.856947+00:00
1639,sport,tennis,entertainment,movies,llama3.2:3b,1.0,"{""category"": ""entertainment"", ""section"": ""movies""}",success,,1,0.9546,999,14,2026-07-23T20:39:15.730494+00:00
1640,news,uk,news,world,llama3.2:3b,1.0,"{""category"": ""news"", ""section"": ""world""}",success,,1,0.8635,926,13,2026-07-23T20:46:22.182229+00:00
1641,news,uk,news,world,llama3.2:3b,1.0,"{""category"": ""news"", ""section"": ""world""}",success,,1,0.8273,750,13,2026-07-23T20:38:27.729628+00:00
1642,sport,football,sport,us,llama3.2:3b,1.0,"{""category"": ""sport"", ""section"": ""us""}",success,,1,0.8979,810,13,2026-07-23T20:53:07.544822+00:00
1643,news,europe,news,world,llama3.2:3b,1.0,"{""category"": ""news"", ""section"": ""world""}",success,,1,0.9118,997,13,2026-07-23T20:02:49.649838+00:00
1646,sport,football,sport,football,llama3.2:3b,1.0,"{""category"": ""sport"", ""section"": ""football""}",success,,1,0.9472,1020,13,2026-07-23T20:47:39.846845+00:00
1647,sport,motorsport,sport,us,llama3.2:3b,1.0,"{""category"":""sport"",""section"":""us""}",success,,1,0.8923,1016,10,2026-07-23T20:28:56.765354+00:00
1648,sport,golf,sport,us,llama3.2:3b,1.0,"{""category"": ""sport"", ""section"": ""us""}",success,,1,1.0007,748,13,2026-07-23T20:15:44.904233+00:00
1649,sport,tennis,sport,australia,llama3.2:3b,1.0,"{""category"": ""sport"", ""section"": ""australia""}",success,,1,1.1744,934,15,2026-07-23T20:50:11.053829+00:00
1650,news,uk,politics,asia,llama3.2:3b,1.0,"{""category"": ""politics"", ""section"": ""asia""}",success,,1,1.0185,786,14,2026-07-23T20:50:39.968550+00:00
1651,sport,sport,sport,asia,llama3.2:3b,1.0,"{""category"": ""sport"", ""section"": ""asia""}",success,,1,0.8365,547,13,2026-07-23T20:37:59.967218+00:00
1653,sport,sport,entertainment,us,llama3.2:3b,1.0,"{""category"": ""entertainment"", ""section"": ""us""}",success,,1,0.9315,781,14,2026-07-23T20:30:22.689894+00:00
1654,news,europe,news,world,llama3.2:3b,1.0,"{""category"": ""news"", ""section"": ""world""}",success,,1,0.9576,952,13,2026-07-23T20:08:39.237695+00:00
1656,news,europe,news,world,llama3.2:3b,1.0,"{""category"": ""news"", ""section"": ""world""}",success,,1,0.9014,920,13,2026-07-23T20:00:59.855214+00:00
1657,news,europe,news,world,llama3.2:3b,1.0,"{""category"": ""news"", ""section"": ""world""}",success,,1,0.8842,937,13,2026-07-23T20:43:46.924171+00:00
1658,sport,football,sport,football,llama3.2:3b,1.0,"{""category"": ""sport"", ""section"": ""football""}",success,,1,0.9022,975,13,2026-07-23T20:13:09.633410+00:00
1659,sport,sport,sport,us,llama3.2:3b,1.0,"{""category"": ""sport"", ""section"": ""us""}",success,,1,0.884,740,13,2026-07-23T19:56:23.085141+00:00
1660,news,europe,news,world,llama3.2:3b,1.0,"{""category"": ""news"", ""section"": ""world""}",success,,1,0.8508,629,13,2026-07-23T20:40:38.287074+00:00
1661,news,europe,politics,world,llama3.2:3b,1.0,"{""category"": ""politics"", ""section"": ""world""}",success,,1,1.0558,879,14,2026-07-23T20:12:25.733410+00:00
1662,news,europe,news,world,llama3.2:3b,1.0,"{""category"": ""news"", ""section"": ""world""}",success,,1,0.8832,962,13,2026-07-23T20:06:59.438785+00:00
1664,news,uk,politics,us,llama3.2:3b,1.0,"{""category"": ""politics"", ""section"": ""us""}",success,,1,0.889,919,14,2026-07-23T20:30:37.257337+00:00
1665,news,europe,politics,europe,llama3.2:3b,1.0,"{""category"": ""politics"", ""section"": ""europe""}",success,,1,0.9284,955,15,2026-07-23T19:53:09.018741+00:00
1670,sport,sport,news,world,llama3.2:3b,1.0,"{""category"": ""news"", ""section"": ""world""}",success,,1,0.9915,1022,13,2026-07-23T20:21:24.250871+00:00
1672,sport,sport,sport,us,llama3.2:3b,1.0,"{""category"": ""sport"", ""section"": ""us""}",success,,1,0.8833,638,13,2026-07-23T20:00:32.001379+00:00
1674,sport,sport,sport,us,llama3.2:3b,1.0,"{""category"": ""sport"", ""section"": ""us""}",success,,1,0.8284,680,13,2026-07-23T20:04:20.375911+00:00
1675,sport,sport,sport,football,llama3.2:3b,1.0,"{""category"": ""sport"", ""section"": ""football""}",success,,1,0.9532,841,13,2026-07-23T20:44:22.248874+00:00
1676,news,uk,entertainment,us,llama3.2:3b,1.0,"{""category"": ""entertainment"", ""section"": ""us""}",success,,1,0.9259,938,14,2026-07-23T20:11:23.412475+00:00
1679,sport,tennis,sport,australia,llama3.2:3b,1.0,"{""category"": ""sport"", ""section"": ""australia""}",success,,1,0.8961,998,15,2026-07-23T20:35:54.517333+00:00
1680,sport,sport,entertainment,us,llama3.2:3b,1.0,"{""category"": ""entertainment"", ""section"": ""us""}",success,,1,0.9424,1006,14,2026-07-23T20:17:43.531699+00:00
1681,news,europe,news,world,llama3.2:3b,1.0,"{""category"": ""news"", ""section"": ""world""}",success,,1,0.8738,930,13,2026-07-23T20:37:40.156894+00:00
1682,news,europe,politics,us,llama3.2:3b,1.0,"{""category"": ""politics"", ""section"": ""us""}",success,,1,0.9629,961,14,2026-07-23T20:25:10.569014+00:00
1683,news,europe,news,world,llama3.2:3b,1.0,"{""category"": ""news"", ""section"": ""world""}",success,,1,0.9293,947,13,2026-07-23T20:40:37.245779+00:00
1684,sport,sport,sport,asia,llama3.2:3b,1.0,"{""category"": ""sport"", ""section"": ""asia""}",success,,1,0.9278,949,13,2026-07-23T20:35:22.638483+00:00
1685,sport,golf,entertainment,movies,llama3.2:3b,1.0,"{""category"": ""entertainment"", ""section"": ""movies""}",success,,1,0.8767,771,14,2026-07-23T20:14:12.483587+00:00
1686,news,europe,news,world,llama3.2:3b,1.0,"{""category"": ""news"", ""section"": ""world""}",success,,1,0.944,944,13,2026-07-23T19:55:24.333145+00:00
1687,sport,tennis,sport,australia,llama3.2:3b,1.0,"{""category"": ""sport"", ""section"": ""australia""}",success,,1,0.9177,1040,15,2026-07-23T20:51:59.561335+00:00
1688,news,uk,politics,world,llama3.2:3b,1.0,"{""category"": ""politics"", ""section"": ""world""}",success,,1,0.9028,931,14,2026-07-23T20:11:02.365348+00:00
1689,sport,football,sport,football,llama3.2:3b,1.0,"{""category"": ""sport"", ""section"": ""football""}",success,,1,0.907,993,13,2026-07-23T20:46:01.282451+00:00
1691,sport,tennis,sport,australia,llama3.2:3b,1.0,"{""category"": ""sport"", ""section"": ""australia""}",success,,1,0.8861,1035,15,2026-07-23T20:37:06.666312+00:00
1692,news,uk,news,world,llama3.2:3b,1.0,"{""category"": ""news"", ""section"": ""world""}",success,,1,0.9621,967,13,2026-07-23T19:59:27.404144+00:00
1693,sport,football,sport,football,llama3.2:3b,1.0,"{""category"":""sport"",""section"":""football""}",success,,1,0.9161,966,10,2026-07-23T20:17:51.835601+00:00
1695,news,uk,news,world,llama3.2:3b,1.0,"{""category"": ""news"", ""section"": ""world""}",success,,1,0.8755,912,13,2026-07-23T20:36:01.882707+00:00
1696,sport,football,sport,football,llama3.2:3b,1.0,"{""category"": ""sport"", ""section"": ""football""}",success,,1,0.9621,901,13,2026-07-23T20:32:33.073269+00:00
1697,sport,sport,sport,us,llama3.2:3b,1.0,"{""category"": ""sport"", ""section"": ""us""}",success,,1,0.9317,928,13,2026-07-23T20:06:18.026731+00:00
1698,news,europe,news,world,llama3.2:3b,1.0,"{""category"": ""news"", ""section"": ""world""}",success,,1,0.9294,988,13,2026-07-23T20:34:12.863042+00:00
1701,sport,sport,entertainment,movies,llama3.2:3b,1.0,"{""category"": ""entertainment"", ""section"": ""movies""}",success,,1,0.9166,1053,14,2026-07-23T20:52:44.965777+00:00
1702,sport,tennis,sport,australia,llama3.2:3b,1.0,"{""category"": ""sport"", ""section"": ""australia""}",success,,1,1.0085,974,15,2026-07-23T20:24:06.834531+00:00
1703,news,australia,politics,australia,llama3.2:3b,1.0,"{""category"": ""politics"", ""section"": ""australia""}",success,,1,0.9192,906,16,2026-07-23T20:42:15.303716+00:00
1704,sport,golf,entertainment,movies,llama3.2:3b,1.0,"{""category"": ""entertainment"", ""section"": ""movies""}",success,,1,0.9787,970,14,2026-07-23T20:39:38.325247+00:00
1705,sport,tennis,entertainment,us,llama3.2:3b,1.0,"{""category"": ""entertainment"", ""section"": ""us""}",success,,1,0.8708,790,14,2026-07-23T20:34:38.872198+00:00
1706,sport,golf,sport,us,llama3.2:3b,1.0,"{""category"": ""sport"", ""section"": ""us""}",success,,1,0.8694,804,13,2026-07-23T20:50:27.933930+00:00
1707,news,australia,news,australia,llama3.2:3b,1.0,"{""category"": ""news"", ""section"": ""australia""}",success,,1,0.9199,944,15,2026-07-23T20:21:52.818328+00:00
1708,sport,tennis,sport,australia,llama3.2:3b,1.0,"{""category"": ""sport"", ""section"": ""australia""}",success,,1,0.9197,955,15,2026-07-23T20:35:10.971795+00:00
1709,sport,sport,sport,us,llama3.2:3b,1.0,"{""category"": ""sport"", ""section"": ""us""}",success,,1,0.9333,922,13,2026-07-23T20:25:29.214481+00:00
1710,sport,sport,news,world,llama3.2:3b,1.0,"{""category"": ""news"", ""section"": ""world""}",success,,1,1.1683,980,13,2026-07-23T20:19:12.628252+00:00
1711,news,europe,politics,europe,llama3.2:3b,1.0,"{""category"": ""politics"", ""section"": ""europe""}",success,,1,0.9583,938,15,2026-07-23T19:56:41.834735+00:00
1712,sport,tennis,sport,australia,llama3.2:3b,1.0,"{""category"": ""sport"", ""section"": ""australia""}",success,,1,0.8371,861,15,2026-07-23T20:35:34.382163+00:00
1713,sport,tennis,sport,australia,llama3.2:3b,1.0,"{""category"": ""sport"", ""section"": ""australia""}",success,,1,0.9236,820,15,2026-07-23T20:41:55.138445+00:00
1714,news,europe,politics,europe,llama3.2:3b,1.0,"{""category"": ""politics"", ""section"": ""europe""}",success,,1,0.9642,911,16,2026-07-23T20:01:40.737772+00:00
1715,sport,sport,entertainment,us,llama3.2:3b,1.0,"{""category"": ""entertainment"", ""section"": ""us""}",success,,1,0.9101,991,14,2026-07-23T20:21:49.703491+00:00
1716,news,europe,news,world,llama3.2:3b,1.0,"{""category"": ""news"", ""section"": ""world""}",success,,1,0.93,950,13,2026-07-23T20:31:36.808669+00:00
1718,sport,motorsport,news,us,llama3.2:3b,1.0,"{""category"": ""news"", ""section"": ""us""}",success,,1,1.0129,1015,13,2026-07-23T20:47:19.235239+00:00
1719,sport,tennis,sport,australia,llama3.2:3b,1.0,"{""category"": ""sport"", ""section"": ""australia""}",success,,1,0.8697,828,15,2026-07-23T20:52:06.440266+00:00
1720,sport,motorsport,sport,football,llama3.2:3b,1.0,"{""category"": ""sport"", ""section"": ""football""}",success,,1,0.8864,728,14,2026-07-23T20:06:03.213363+00:00
1722,sport,tennis,news,australia,llama3.2:3b,1.0,"{""category"": ""news"", ""section"": ""australia""}",success,,1,0.9953,925,15,2026-07-23T20:10:16.580829+00:00
1725,sport,sport,news,us,llama3.2:3b,1.0,"{""category"": ""news"", ""section"": ""us""}",success,,1,0.9118,751,13,2026-07-23T19:56:03.401179+00:00
1727,news,europe,politics,europe,llama3.2:3b,1.0,"{""category"": ""politics"", ""section"": ""europe""}",success,,1,0.9293,782,16,2026-07-23T20:18:07.043885+00:00
1728,sport,sport,sport,us,llama3.2:3b,1.0,"{""category"": ""sport"", ""section"": ""us""}",success,,1,1.0306,1002,13,2026-07-23T20:25:00.008535+00:00
1730,sport,sport,entertainment,us,llama3.2:3b,1.0,"{""category"": ""entertainment"", ""section"": ""us""}",success,,1,0.9565,965,14,2026-07-23T20:19:03.889694+00:00
1731,sport,football,sport,us,llama3.2:3b,1.0,"{""category"": ""sport"", ""section"": ""us""}",success,,1,0.8777,854,13,2026-07-23T20:14:30.374429+00:00
1734,sport,tennis,sport,australia,llama3.2:3b,1.0,"{""category"": ""sport"", ""section"": ""australia""}",success,,1,0.8928,940,15,2026-07-23T20:09:30.782453+00:00
1737,news,europe,news,world,llama3.2:3b,1.0,"{""category"": ""news"", ""section"": ""world""}",success,,1,0.8797,959,13,2026-07-23T20:49:50.914331+00:00
1738,sport,sport,sport,us,llama3.2:3b,1.0,"{""category"": ""sport"", ""section"": ""us""}",success,,1,0.9383,923,13,2026-07-23T20:00:53.067271+00:00
1739,sport,football,sport,us,llama3.2:3b,1.0,"{""category"": ""sport"", ""section"": ""us""}",success,,1,0.9243,960,13,2026-07-23T20:10:52.134283+00:00
1742,news,uk,news,us,llama3.2:3b,1.0,"{""category"": ""news"", ""section"": ""us""}",success,,1,1.0279,775,13,2026-07-23T20:54:19.704570+00:00
1743,sport,golf,sport,us,llama3.2:3b,1.0,"{""category"": ""sport"", ""section"": ""us""}",success,,1,0.9358,954,13,2026-07-23T19:55:15.733053+00:00
1745,sport,football,news,world,llama3.2:3b,1.0,"{""category"": ""news"", ""section"": ""world""}",success,,1,0.8753,947,13,2026-07-23T19:58:14.908788+00:00
1746,news,europe,news,europe,llama3.2:3b,1.0,"{""category"": ""news"", ""section"": ""europe""}",success,,1,0.9011,879,14,2026-07-23T19:53:35.089006+00:00
1747,news,europe,politics,europe,llama3.2:3b,1.0,"{""category"": ""politics"", ""section"": ""europe""}",success,,1,1.0977,942,16,2026-07-23T20:43:26.149578+00:00
1748,sport,sport,sport,us,llama3.2:3b,1.0,"{""category"": ""sport"", ""section"": ""us""}",success,,1,0.8877,958,13,2026-07-23T20:11:16.337031+00:00
1749,news,europe,news,world,llama3.2:3b,1.0,"{""category"": ""news"", ""section"": ""world""}",success,,1,0.9049,879,13,2026-07-23T20:29:32.210793+00:00
1750,news,europe,news,world,llama3.2:3b,1.0,"{""category"": ""news"", ""section"": ""world""}",success,,1,0.9432,766,13,2026-07-23T19:53:27.683285+00:00
1751,sport,football,news,world,llama3.2:3b,1.0,"{""category"": ""news"", ""section"": ""world""}",success,,1,0.8951,898,13,2026-07-23T20:33:25.896812+00:00
1752,sport,sport,entertainment,us,llama3.2:3b,1.0,"{""category"": ""entertainment"", ""section"": ""us""}",success,,1,1.0178,993,14,2026-07-23T20:24:52.846042+00:00
1753,sport,tennis,sport,australia,llama3.2:3b,1.0,"{""category"": ""sport"", ""section"": ""australia""}",success,,1,0.9763,1015,15,2026-07-23T20:49:38.811642+00:00
1755,news,europe,news,world,llama3.2:3b,1.0,"{""category"": ""news"", ""section"": ""world""}",success,,1,0.9373,864,13,2026-07-23T19:53:43.556506+00:00
1756,sport,sport,sport,football,llama3.2:3b,1.0,"{""category"": ""sport"", ""section"": ""football""}",success,,1,1.0088,848,14,2026-07-23T19:53:13.118487+00:00
1757,sport,football,sport,football,llama3.2:3b,1.0,"{""category"": ""sport"", ""section"": ""football""}",success,,1,1.3327,1017,13,2026-07-23T19:56:16.136507+00:00
1759,sport,tennis,sport,australia,llama3.2:3b,1.0,"{""category"": ""sport"", ""section"": ""australia""}",success,,1,0.957,914,15,2026-07-23T20:05:33.342452+00:00
1760,sport,tennis,sport,australia,llama3.2:3b,1.0,"{""category"": ""sport"", ""section"": ""australia""}",success,,1,0.9022,992,15,2026-07-23T20:11:41.726860+00:00
1761,sport,sport,sport,us,llama3.2:3b,1.0,"{""category"":""sport"",""section"":""us""}",success,,1,1.0143,1039,10,2026-07-23T20:23:52.763133+00:00
1762,sport,football,sport,us,llama3.2:3b,1.0,"{""category"": ""sport"", ""section"": ""us""}",success,,1,0.9424,916,13,2026-07-23T20:05:02.233354+00:00
1763,sport,golf,sport,us,llama3.2:3b,1.0,"{""category"": ""sport"", ""section"": ""us""}",success,,1,0.9108,1007,13,2026-07-23T20:00:58.907218+00:00
1764,sport,sport,sport,us,llama3.2:3b,1.0,"{""category"":""sport"",""section"":""us""}",success,,1,0.8845,1003,10,2026-07-23T20:45:26.999760+00:00
1765,sport,football,sport,football,llama3.2:3b,1.0,"{""category"": ""sport"", ""section"": ""football""}",success,,1,0.855,936,13,2026-07-23T20:01:35.933903+00:00
1766,news,europe,politics,world,llama3.2:3b,1.0,"{""category"": ""politics"", ""section"": ""world""}",success,,1,0.892,650,14,2026-07-23T20:10:17.549660+00:00
1767,sport,tennis,sport,australia,llama3.2:3b,1.0,"{""category"": ""sport"", ""section"": ""australia""}",success,,1,0.9418,969,15,2026-07-23T19:53:59.256772+00:00
1768,news,europe,news,world,llama3.2:3b,1.0,"{""category"": ""news"", ""section"": ""world""}",success,,1,0.8917,1006,13,2026-07-23T20:45:21.429857+00:00
1769,news,uk,news,world,llama3.2:3b,1.0,"{""category"": ""news"", ""section"": ""world""}",success,,1,0.8661,972,13,2026-07-23T20:09:47.840615+00:00
1771,sport,sport,sport,us,llama3.2:3b,1.0,"{""category"": ""sport"", ""section"": ""us""}",success,,1,0.8938,954,13,2026-07-23T20:25:40.414616+00:00
1773,news,uk,news,world,llama3.2:3b,1.0,"{""category"": ""news"", ""section"": ""world""}",success,,1,0.9036,947,13,2026-07-23T20:01:21.034555+00:00
1774,news,europe,entertainment,us,llama3.2:3b,1.0,"{""category"": ""entertainment"", ""section"": ""us""}",success,,1,0.9778,713,14,2026-07-23T20:17:40.786014+00:00
1777,sport,sport,news,us,llama3.2:3b,1.0,"{""category"": ""news"", ""section"": ""us""}",success,,1,0.9784,971,13,2026-07-23T20:26:09.812589+00:00
1779,news,europe,news,world,llama3.2:3b,1.0,"{""category"": ""news"", ""section"": ""world""}",success,,1,0.963,950,13,2026-07-23T20:07:18.094097+00:00
1780,sport,tennis,sport,australia,llama3.2:3b,1.0,"{""category"": ""sport"", ""section"": ""australia""}",success,,1,1.0002,903,15,2026-07-23T20:20:16.963792+00:00
1782,news,europe,politics,europe,llama3.2:3b,1.0,"{""category"": ""politics"", ""section"": ""europe""}",success,,1,0.9526,919,15,2026-07-23T20:35:42.949277+00:00
1783,sport,sport,entertainment,us,llama3.2:3b,1.0,"{""category"": ""entertainment"", ""section"": ""us""}",success,,1,0.9027,994,14,2026-07-23T20:46:56.687289+00:00
1784,news,europe,news,world,llama3.2:3b,1.0,"{""category"": ""news"", ""section"": ""world""}",success,,1,0.9022,786,13,2026-07-23T20:33:29.276029+00:00
1785,sport,football,sport,football,llama3.2:3b,1.0,"{""category"": ""sport"", ""section"": ""football""}",success,,1,0.8674,683,13,2026-07-23T20:33:09.942896+00:00
1787,sport,football,sport,us,llama3.2:3b,1.0,"{""category"": ""sport"", ""section"": ""us""}",success,,1,1.0819,1015,13,2026-07-23T20:45:37.182372+00:00
1788,news,europe,news,world,llama3.2:3b,1.0,"{""category"": ""news"", ""section"": ""world""}",success,,1,0.8699,592,13,2026-07-23T20:46:26.524984+00:00
1789,sport,tennis,sport,australia,llama3.2:3b,1.0,"{""category"": ""sport"", ""section"": ""australia""}",success,,1,0.8498,928,15,2026-07-23T20:19:26.335282+00:00
1790,sport,sport,politics,asia,llama3.2:3b,1.0,"{""category"": ""politics"", ""section"": ""asia""}",success,,1,0.8799,930,14,2026-07-23T20:32:19.309769+00:00
1791,sport,sport,news,world,llama3.2:3b,1.0,"{""category"": ""news"", ""section"": ""world""}",success,,1,0.8635,928,13,2026-07-23T20:37:50.538521+00:00
1792,news,europe,politics,world,llama3.2:3b,1.0,"{""category"": ""politics"", ""section"": ""world""}",success,,1,1.0946,949,14,2026-07-23T20:50:16.753971+00:00
1793,sport,football,sport,football,llama3.2:3b,1.0,"{""category"": ""sport"", ""section"": ""football""}",success,,1,0.9422,938,13,2026-07-23T20:19:00.109506+00:00
1794,sport,sport,news,world,llama3.2:3b,1.0,"{""category"": ""news"", ""section"": ""world""}",success,,1,0.9194,863,13,2026-07-23T20:01:55.635256+00:00
1795,news,europe,health,world,llama3.2:3b,1.0,"{""category"": ""health"", ""section"": ""world""}",success,,1,0.84,953,13,2026-07-23T20:17:19.523219+00:00
1796,sport,football,sport,football,llama3.2:3b,1.0,"{""category"": ""sport"", ""section"": ""football""}",success,,1,0.948,1030,13,2026-07-23T19:58:10.168953+00:00
1797,sport,football,sport,us,llama3.2:3b,1.0,"{""category"": ""sport"", ""section"": ""us""}",success,,1,0.9655,995,13,2026-07-23T20:24:02.498213+00:00
1798,sport,sport,sport,asia,llama3.2:3b,1.0,"{""category"": ""sport"", ""section"": ""asia""}",success,,1,1.2607,916,13,2026-07-23T20:50:26.264689+00:00
1799,sport,sport,sport,us,llama3.2:3b,1.0,"{""category"": ""sport"", ""section"": ""us""}",success,,1,1.8466,986,13,2026-07-23T20:14:37.621867+00:00
1801,news,europe,politics,world,llama3.2:3b,1.0,"{""category"": ""politics"", ""section"": ""world""}",success,,1,1.0386,953,14,2026-07-23T20:10:41.844437+00:00
1803,sport,football,sport,asia,llama3.2:3b,1.0,"{""category"": ""sport"", ""section"": ""asia""}",success,,1,0.8326,641,13,2026-07-23T20:06:43.152421+00:00
1804,news,uk,news,world,llama3.2:3b,1.0,"{""category"": ""news"", ""section"": ""world""}",success,,1,0.8875,965,13,2026-07-23T20:22:04.035267+00:00
1805,news,europe,politics,world,llama3.2:3b,1.0,"{""category"": ""politics"", ""section"": ""world""}",success,,1,1.0644,947,14,2026-07-23T20:45:41.940471+00:00
1807,sport,sport,sport,us,llama3.2:3b,1.0,"{""category"": ""sport"", ""section"": ""us""}",success,,1,0.8499,875,13,2026-07-23T20:29:52.230593+00:00
1808,sport,sport,sport,us,llama3.2:3b,1.0,"{""category"": ""sport"", ""section"": ""us""}",success,,1,0.9279,1026,13,2026-07-23T20:26:02.549179+00:00
1809,sport,tennis,sport,us,llama3.2:3b,1.0,"{""category"": ""sport"", ""section"": ""us""}",success,,1,0.8758,490,13,2026-07-23T20:40:17.260244+00:00
1810,sport,golf,sport,us,llama3.2:3b,1.0,"{""category"": ""sport"", ""section"": ""us""}",success,,1,0.907,1002,13,2026-07-23T19:58:01.598326+00:00
1811,sport,sport,sport,us,llama3.2:3b,1.0,"{""category"": ""sport"", ""section"": ""us""}",success,,1,0.9782,993,13,2026-07-23T20:15:03.563231+00:00
1812,news,europe,news,world,llama3.2:3b,1.0,"{""category"": ""news"", ""section"": ""world""}",success,,1,0.9149,956,13,2026-07-23T20:26:58.546497+00:00
1813,sport,sport,sport,us,llama3.2:3b,1.0,"{""category"": ""sport"", ""section"": ""us""}",success,,1,0.994,1001,13,2026-07-23T20:13:18.496428+00:00
1814,news,europe,politics,europe,llama3.2:3b,1.0,"{""category"": ""politics"", ""section"": ""europe""}",success,,1,1.0543,943,15,2026-07-23T20:18:04.031162+00:00
1815,news,europe,news,world,llama3.2:3b,1.0,"{""category"": ""news"", ""section"": ""world""}",success,,1,0.8559,925,13,2026-07-23T20:29:07.604000+00:00
1816,news,australia,news,world,llama3.2:3b,1.0,"{""category"": ""news"", ""section"": ""world""}",success,,1,0.8271,902,13,2026-07-23T20:11:29.607765+00:00
1818,news,uk,politics,uk,llama3.2:3b,1.0,"{""category"": ""politics"", ""section"": ""uk""}",success,,1,0.9348,931,14,2026-07-23T20:56:19.084896+00:00
1819,news,europe,news,world,llama3.2:3b,1.0,"{""category"": ""news"", ""section"": ""world""}",success,,1,0.942,882,13,2026-07-23T20:52:00.721768+00:00
1820,news,europe,health,world,llama3.2:3b,1.0,"{""category"": ""health"", ""section"": ""world""}",success,,1,0.8407,784,13,2026-07-23T20:13:25.315445+00:00
1821,sport,sport,sport,us,llama3.2:3b,1.0,"{""category"": ""sport"", ""section"": ""us""}",success,,1,0.9529,997,13,2026-07-23T20:24:42.844686+00:00
1822,news,europe,news,world,llama3.2:3b,1.0,"{""category"": ""news"", ""section"": ""world""}",success,,1,1.2755,941,13,2026-07-23T20:06:26.915894+00:00
1823,sport,sport,news,us,llama3.2:3b,1.0,"{""category"": ""news"", ""section"": ""us""}",success,,1,0.8525,645,13,2026-07-23T20:46:29.851190+00:00
1825,sport,sport,sport,us,llama3.2:3b,1.0,"{""category"": ""sport"", ""section"": ""us""}",success,,1,0.9692,984,13,2026-07-23T20:51:52.646214+00:00
1826,news,uk,entertainment,us,llama3.2:3b,1.0,"{""category"": ""entertainment"", ""section"": ""us""}",success,,1,0.8915,858,14,2026-07-23T20:34:40.892551+00:00
1827,sport,sport,news,us,llama3.2:3b,1.0,"{""category"": ""news"", ""section"": ""us""}",success,,1,0.8246,796,13,2026-07-23T20:42:49.102395+00:00
1829,sport,motorsport,sport,football,llama3.2:3b,1.0,"{""category"": ""sport"", ""section"": ""football""}",success,,1,0.9832,610,14,2026-07-23T20:45:05.786400+00:00
1830,sport,football,sport,us,llama3.2:3b,1.0,"{""category"": ""sport"", ""section"": ""us""}",success,,1,1.0984,935,13,2026-07-23T20:07:11.141102+00:00
1834,news,europe,news,asia,llama3.2:3b,1.0,"{""category"": ""news"", ""section"": ""asia""}",success,,1,0.871,960,13,2026-07-23T20:13:19.478280+00:00
1835,sport,golf,entertainment,movies,llama3.2:3b,1.0,"{""category"": ""entertainment"", ""section"": ""movies""}",success,,1,0.9384,994,14,2026-07-23T20:12:21.443212+00:00
1836,news,europe,news,world,llama3.2:3b,1.0,"{""category"": ""news"", ""section"": ""world""}",success,,1,0.9568,914,13,2026-07-23T20:16:59.906497+00:00
1837,sport,sport,sport,us,llama3.2:3b,1.0,"{""category"": ""sport"", ""section"": ""us""}",success,,1,0.9482,908,13,2026-07-23T20:00:27.344099+00:00
1838,sport,football,sport,football,llama3.2:3b,1.0,"{""category"": ""sport"", ""section"": ""football""}",success,,1,0.9755,975,13,2026-07-23T20:02:52.528557+00:00
1840,sport,motorsport,sport,football,llama3.2:3b,1.0,"{""category"": ""sport"", ""section"": ""football""}",success,,1,0.9083,987,14,2026-07-23T20:01:24.659184+00:00
1841,news,europe,news,world,llama3.2:3b,1.0,"{""category"": ""news"", ""section"": ""world""}",success,,1,1.2101,981,13,2026-07-23T20:18:05.681789+00:00
1842,sport,football,entertainment,us,llama3.2:3b,1.0,"{""category"": ""entertainment"", ""section"": ""us""}",success,,1,0.8521,958,14,2026-07-23T19:55:10.783593+00:00
1843,sport,golf,sport,us,llama3.2:3b,1.0,"{""category"": ""sport"", ""section"": ""us""}",success,,1,0.9196,1002,13,2026-07-23T20:11:12.260371+00:00
1845,sport,sport,sport,us,llama3.2:3b,1.0,"{""category"": ""sport"", ""section"": ""us""}",success,,1,0.9082,752,13,2026-07-23T20:36:11.415117+00:00
1846,news,europe,politics,europe,llama3.2:3b,1.0,"{""category"": ""politics"", ""section"": ""europe""}",success,,1,0.9422,917,16,2026-07-23T20:36:35.874244+00:00
1847,news,europe,politics,world,llama3.2:3b,1.0,"{""category"": ""politics"", ""section"": ""world""}",success,,1,1.1468,989,14,2026-07-23T19:55:58.543923+00:00
1848,sport,motorsport,sport,football,llama3.2:3b,1.0,"{""category"": ""sport"", ""section"": ""football""}",success,,1,1.0255,949,14,2026-07-23T20:26:26.066680+00:00
1849,news,uk,politics,uk,llama3.2:3b,1.0,"{""category"": ""politics"", ""section"": ""uk""}",success,,1,0.9488,924,14,2026-07-23T20:22:01.363044+00:00
1850,sport,motorsport,sport,us,llama3.2:3b,1.0,"{""category"": ""sport"", ""section"": ""us""}",success,,1,0.929,907,13,2026-07-23T20:01:30.225291+00:00
1852,sport,football,news,us,llama3.2:3b,1.0,"{""category"": ""news"", ""section"": ""us""}",success,,1,1.0557,962,13,2026-07-23T20:22:20.925182+00:00
1853,sport,golf,entertainment,movies,llama3.2:3b,1.0,"{""category"": ""entertainment"", ""section"": ""movies""}",success,,1,0.87,793,14,2026-07-23T20:08:44.929325+00:00
1855,news,uk,news,world,llama3.2:3b,1.0,"{""category"": ""news"", ""section"": ""world""}",success,,1,0.8675,908,13,2026-07-23T20:01:07.544507+00:00
1856,sport,sport,entertainment,us,llama3.2:3b,1.0,"{""category"": ""entertainment"", ""section"": ""us""}",success,,1,0.8127,609,14,2026-07-23T20:44:20.048221+00:00
1857,sport,sport,entertainment,us,llama3.2:3b,1.0,"{""category"": ""entertainment"", ""section"": ""us""}",success,,1,0.9101,1022,14,2026-07-23T20:52:22.482904+00:00
1858,sport,sport,sport,us,llama3.2:3b,1.0,"{""category"": ""sport"", ""section"": ""us""}",success,,1,0.942,801,13,2026-07-23T20:42:22.904284+00:00
1859,sport,sport,news,world,llama3.2:3b,1.0,"{""category"": ""news"", ""section"": ""world""}",success,,1,0.8566,789,13,2026-07-23T19:59:24.519219+00:00
1860,news,europe,politics,world,llama3.2:3b,1.0,"{""category"": ""politics"", ""section"": ""world""}",success,,1,0.923,979,14,2026-07-23T20:01:44.388921+00:00
1862,sport,tennis,sport,us,llama3.2:3b,1.0,"{""category"": ""sport"", ""section"": ""us""}",success,,1,0.946,786,13,2026-07-23T20:55:30.489089+00:00
1864,sport,sport,news,asia,llama3.2:3b,1.0,"{""category"": ""news"", ""section"": ""asia""}",success,,1,1.0208,942,13,2026-07-23T20:09:59.718562+00:00
1865,news,uk,politics,europe,llama3.2:3b,1.0,"{""category"": ""politics"", ""section"": ""europe""}",success,,1,1.0358,990,16,2026-07-23T20:50:56.500570+00:00
1866,sport,football,sport,asia,llama3.2:3b,1.0,"{""category"": ""sport"", ""section"": ""asia""}",success,,1,0.9156,946,13,2026-07-23T20:30:12.231859+00:00
1867,news,uk,news,us,llama3.2:3b,1.0,"{""category"":""news"",""section"":""us""}",success,,1,0.8819,913,10,2026-07-23T20:22:16.702170+00:00
1868,news,europe,politics,europe,llama3.2:3b,1.0,"{""category"": ""politics"", ""section"": ""europe""}",success,,1,0.8798,774,16,2026-07-23T20:04:55.383931+00:00
1869,news,europe,politics,world,llama3.2:3b,1.0,"{""category"": ""politics"", ""section"": ""world""}",success,,1,0.866,904,14,2026-07-23T20:14:14.444303+00:00
1871,sport,football,entertainment,movies,llama3.2:3b,1.0,"{""category"": ""entertainment"", ""section"": ""movies""}",success,,1,0.9971,985,14,2026-07-23T20:51:58.422390+00:00
1872,news,europe,politics,europe,llama3.2:3b,1.0,"{""category"": ""politics"", ""section"": ""europe""}",success,,1,1.0546,907,16,2026-07-23T20:19:55.743223+00:00
1873,sport,sport,sport,asia,llama3.2:3b,1.0,"{""category"": ""sport"", ""section"": ""asia""}",success,,1,1.0165,921,13,2026-07-23T20:18:09.750583+00:00
1874,sport,sport,politics,us,llama3.2:3b,1.0,"{""category"": ""politics"", ""section"": ""us""}",success,,1,0.9668,934,14,2026-07-23T20:27:29.026837+00:00
1875,sport,golf,entertainment,movies,llama3.2:3b,1.0,"{""category"": ""entertainment"", ""section"": ""movies""}",success,,1,0.8726,973,14,2026-07-23T20:11:38.724902+00:00
1876,news,uk,politics,uk,llama3.2:3b,1.0,"{""category"": ""politics"", ""section"": ""uk""}",success,,1,0.8897,916,14,2026-07-23T20:35:16.216711+00:00
1877,sport,football,news,world,llama3.2:3b,1.0,"{""category"": ""news"", ""section"": ""world""}",success,,1,0.9316,780,13,2026-07-23T19:58:39.247405+00:00
1878,sport,motorsport,sport,us,llama3.2:3b,1.0,"{""category"": ""sport"", ""section"": ""us""}",success,,1,0.9461,717,13,2026-07-23T20:20:50.884606+00:00
1879,sport,football,sport,us,llama3.2:3b,1.0,"{""category"": ""sport"", ""section"": ""us""}",success,,1,0.8678,880,13,2026-07-23T20:28:42.622958+00:00
1880,sport,sport,news,world,llama3.2:3b,1.0,"{""category"": ""news"", ""section"": ""world""}",success,,1,0.9576,796,13,2026-07-23T20:40:05.736145+00:00
1881,news,australia,news,world,llama3.2:3b,1.0,"{""category"": ""news"", ""section"": ""world""}",success,,1,0.9018,922,13,2026-07-23T20:47:02.355606+00:00
1882,sport,football,sport,football,llama3.2:3b,1.0,"{""category"": ""sport"", ""section"": ""football""}",success,,1,0.9485,963,13,2026-07-23T19:54:51.760571+00:00
1883,news,europe,news,world,llama3.2:3b,1.0,"{""category"": ""news"", ""section"": ""world""}",success,,1,1.0216,918,13,2026-07-23T20:40:46.299573+00:00
1884,news,europe,politics,world,llama3.2:3b,1.0,"{""category"": ""politics"", ""section"": ""world""}",success,,1,1.1432,931,14,2026-07-23T19:55:44.293501+00:00
1885,news,australia,politics,australia,llama3.2:3b,1.0,"{""category"": ""politics"", ""section"": ""australia""}",success,,1,0.9991,626,16,2026-07-23T20:50:50.838211+00:00
1886,sport,football,sport,football,llama3.2:3b,1.0,"{""category"": ""sport"", ""section"": ""football""}",success,,1,0.8272,693,13,2026-07-23T20:08:43.982224+00:00
1887,news,europe,news,world,llama3.2:3b,1.0,"{""category"": ""news"", ""section"": ""world""}",success,,1,1.2888,921,13,2026-07-23T20:20:57.127443+00:00
1888,sport,football,sport,us,llama3.2:3b,1.0,"{""category"": ""sport"", ""section"": ""us""}",success,,1,0.8665,705,13,2026-07-23T20:13:00.659792+00:00
1889,sport,football,sport,us,llama3.2:3b,1.0,"{""category"": ""sport"", ""section"": ""us""}",success,,1,0.8176,765,13,2026-07-23T20:38:04.114475+00:00
1890,news,australia,news,australia,llama3.2:3b,1.0,"{""category"": ""news"", ""section"": ""australia""}",success,,1,0.9494,973,15,2026-07-23T20:40:02.210753+00:00
1892,sport,football,sport,us,llama3.2:3b,1.0,"{""category"": ""sport"", ""section"": ""us""}",success,,1,0.9085,724,13,2026-07-23T20:28:38.615108+00:00
1894,news,europe,news,world,llama3.2:3b,1.0,"{""category"": ""news"", ""section"": ""world""}",success,,1,0.8811,960,13,2026-07-23T20:32:00.400243+00:00
1895,news,australia,news,world,llama3.2:3b,1.0,"{""category"": ""news"", ""section"": ""world""}",success,,1,0.9621,950,13,2026-07-23T20:08:03.353695+00:00
1896,news,uk,news,world,llama3.2:3b,1.0,"{""category"": ""news"", ""section"": ""world""}",success,,1,0.8842,893,13,2026-07-23T19:58:42.970216+00:00
1897,sport,sport,sport,us,llama3.2:3b,1.0,"{""category"": ""sport"", ""section"": ""us""}",success,,1,0.7834,654,13,2026-07-23T20:13:04.431327+00:00
1898,sport,sport,news,world,llama3.2:3b,1.0,"{""category"": ""news"", ""section"": ""world""}",success,,1,0.8674,937,13,2026-07-23T20:37:49.508749+00:00
1899,news,uk,politics,uk,llama3.2:3b,1.0,"{""category"": ""politics"", ""section"": ""uk""}",success,,1,0.8342,737,14,2026-07-23T20:36:44.197500+00:00
1900,news,europe,politics,world,llama3.2:3b,1.0,"{""category"": ""politics"", ""section"": ""world""}",success,,1,0.8396,827,14,2026-07-23T20:01:26.499502+00:00
1901,news,australia,news,world,llama3.2:3b,1.0,"{""category"": ""news"", ""section"": ""world""}",success,,1,0.8824,991,13,2026-07-23T20:45:23.744140+00:00
1902,news,australia,news,world,llama3.2:3b,1.0,"{""category"": ""news"", ""section"": ""world""}",success,,1,0.8449,841,13,2026-07-23T20:08:07.282469+00:00
1903,news,uk,politics,us,llama3.2:3b,1.0,"{""category"": ""politics"", ""section"": ""us""}",success,,1,0.8645,982,14,2026-07-23T20:34:17.333182+00:00
1907,news,europe,news,world,llama3.2:3b,1.0,"{""category"": ""news"", ""section"": ""world""}",success,,1,0.8672,887,13,2026-07-23T20:13:01.609466+00:00
1908,news,europe,news,world,llama3.2:3b,1.0,"{""category"": ""news"", ""section"": ""world""}",success,,1,0.9668,930,13,2026-07-23T20:20:28.028246+00:00
1909,sport,football,sport,football,llama3.2:3b,1.0,"{""category"": ""sport"", ""section"": ""football""}",success,,1,0.929,952,13,2026-07-23T19:55:56.407902+00:00
1910,news,europe,news,world,llama3.2:3b,1.0,"{""category"": ""news"", ""section"": ""world""}",success,,1,0.8484,928,13,2026-07-23T19:57:50.932637+00:00
1911,sport,sport,sport,us,llama3.2:3b,1.0,"{""category"": ""sport"", ""section"": ""us""}",success,,1,1.125,774,13,2026-07-23T20:16:23.923585+00:00
1915,sport,football,news,us,llama3.2:3b,1.0,"{""category"": ""news"", ""section"": ""us""}",success,,1,0.9399,960,13,2026-07-23T19:58:05.349043+00:00
1916,news,uk,politics,us,llama3.2:3b,1.0,"{""category"": ""politics"", ""section"": ""us""}",success,,1,0.9651,999,14,2026-07-23T19:59:04.151789+00:00
1917,sport,football,sport,football,llama3.2:3b,1.0,"{""category"": ""sport"", ""section"": ""football""}",success,,1,0.9067,983,13,2026-07-23T19:58:51.395397+00:00
1918,news,europe,news,world,llama3.2:3b,1.0,"{""category"": ""news"", ""section"": ""world""}",success,,1,0.8669,866,13,2026-07-23T20:30:36.221680+00:00
1919,sport,sport,news,us,llama3.2:3b,1.0,"{""category"": ""news"", ""section"": ""us""}",success,,1,0.963,925,13,2026-07-23T20:29:31.167745+00:00
1920,news,australia,news,world,llama3.2:3b,1.0,"{""category"": ""news"", ""section"": ""world""}",success,,1,0.9626,952,13,2026-07-23T20:45:11.390232+00:00
1922,news,uk,news,world,llama3.2:3b,1.0,"{""category"": ""news"", ""section"": ""world""}",success,,1,0.8792,933,13,2026-07-23T20:16:41.999280+00:00
1923,news,uk,news,uk,llama3.2:3b,1.0,"{""category"": ""news"", ""section"": ""uk""}",success,,1,1.205,998,13,2026-07-23T20:25:52.528681+00:00
1924,news,europe,politics,us,llama3.2:3b,1.0,"{""category"": ""politics"", ""section"": ""us""}",success,,1,0.9562,940,14,2026-07-23T20:16:16.963276+00:00
1925,sport,football,sport,football,llama3.2:3b,1.0,"{""category"": ""sport"", ""section"": ""football""}",success,,1,0.8914,987,13,2026-07-23T20:56:21.168319+00:00
1928,sport,sport,sport,us,llama3.2:3b,1.0,"{""category"": ""sport"", ""section"": ""us""}",success,,1,0.9339,754,13,2026-07-23T19:58:44.878913+00:00
1929,news,uk,news,world,llama3.2:3b,1.0,"{""category"": ""news"", ""section"": ""world""}",success,,1,0.8894,956,13,2026-07-23T20:43:09.322557+00:00
1930,sport,motorsport,entertainment,us,llama3.2:3b,1.0,"{""category"": ""entertainment"", ""section"": ""us""}",success,,1,0.9835,823,14,2026-07-23T20:51:42.270735+00:00
1932,news,uk,politics,world,llama3.2:3b,1.0,"{""category"": ""politics"", ""section"": ""world""}",success,,1,0.9389,916,14,2026-07-23T20:00:38.687681+00:00
1934,sport,tennis,sport,us,llama3.2:3b,1.0,"{""category"": ""sport"", ""section"": ""us""}",success,,1,0.9352,782,13,2026-07-23T20:39:24.290469+00:00
1935,sport,football,sport,us,llama3.2:3b,1.0,"{""category"": ""sport"", ""section"": ""us""}",success,,1,1.005,864,13,2026-07-23T20:30:00.686199+00:00
1937,sport,football,sport,us,llama3.2:3b,1.0,"{""category"": ""sport"", ""section"": ""us""}",success,,1,0.9002,759,13,2026-07-23T20:12:04.182039+00:00
1938,news,europe,news,world,llama3.2:3b,1.0,"{""category"": ""news"", ""section"": ""world""}",success,,1,0.9313,931,13,2026-07-23T19:55:57.369418+00:00
1939,sport,sport,sport,us,llama3.2:3b,1.0,"{""category"":""sport"",""section"":""us""}",success,,1,0.9299,962,10,2026-07-23T20:51:56.053890+00:00
1940,sport,sport,sport,us,llama3.2:3b,1.0,"{""category"": ""sport"", ""section"": ""us""}",success,,1,0.872,504,13,2026-07-23T20:35:27.160441+00:00
1941,news,uk,news,world,llama3.2:3b,1.0,"{""category"": ""news"", ""section"": ""world""}",success,,1,0.8889,960,13,2026-07-23T20:29:24.685858+00:00
1943,news,uk,politics,uk,llama3.2:3b,1.0,"{""category"": ""politics"", ""section"": ""uk""}",success,,1,0.9246,915,14,2026-07-23T20:24:13.946882+00:00
1944,news,uk,news,world,llama3.2:3b,1.0,"{""category"": ""news"", ""section"": ""world""}",success,,1,0.8508,760,13,2026-07-23T20:00:25.448275+00:00
1946,news,europe,politics,world,llama3.2:3b,1.0,"{""category"": ""politics"", ""section"": ""world""}",success,,1,1.0446,992,14,2026-07-23T20:49:35.291160+00:00
1947,sport,sport,sport,us,llama3.2:3b,1.0,"{""category"": ""sport"", ""section"": ""us""}",success,,1,1.0037,1004,13,2026-07-23T19:54:26.749832+00:00
1948,news,europe,news,world,llama3.2:3b,1.0,"{""category"": ""news"", ""section"": ""world""}",success,,1,0.8839,921,13,2026-07-23T19:55:52.300846+00:00
1949,news,europe,news,world,llama3.2:3b,1.0,"{""category"": ""news"", ""section"": ""world""}",success,,1,0.9132,918,13,2026-07-23T19:54:55.442820+00:00
1950,sport,sport,sport,us,llama3.2:3b,1.0,"{""category"": ""sport"", ""section"": ""us""}",success,,1,0.931,861,13,2026-07-23T20:22:30.896281+00:00
1952,news,europe,politics,europe,llama3.2:3b,1.0,"{""category"": ""politics"", ""section"": ""europe""}",success,,1,1.023,902,16,2026-07-23T20:05:09.123883+00:00
1953,news,europe,health,world,llama3.2:3b,1.0,"{""category"": ""health"", ""section"": ""world""}",success,,1,0.8763,930,13,2026-07-23T20:02:13.425103+00:00
1954,sport,golf,sport,us,llama3.2:3b,1.0,"{""category"": ""sport"", ""section"": ""us""}",success,,1,0.9179,926,13,2026-07-23T20:36:58.017250+00:00
1955,sport,sport,sport,us,llama3.2:3b,1.0,"{""category"": ""sport"", ""section"": ""us""}",success,,1,0.8913,824,13,2026-07-23T19:53:14.020125+00:00
1957,sport,football,sport,football,llama3.2:3b,1.0,"{""category"": ""sport"", ""section"": ""football""}",success,,1,0.9557,970,13,2026-07-23T20:03:21.711889+00:00
1958,news,europe,news,world,llama3.2:3b,1.0,"{""category"": ""news"", ""section"": ""world""}",success,,1,0.8423,843,13,2026-07-23T20:00:39.577732+00:00
1959,news,uk,politics,uk,llama3.2:3b,1.0,"{""category"": ""politics"", ""section"": ""uk""}",success,,1,0.9268,960,14,2026-07-23T20:09:16.243738+00:00
1961,news,uk,politics,us,llama3.2:3b,1.0,"{""category"": ""politics"", ""section"": ""us""}",success,,1,0.8692,891,14,2026-07-23T20:47:28.971515+00:00
1962,news,uk,politics,uk,llama3.2:3b,1.0,"{""category"": ""politics"", ""section"": ""uk""}",success,,1,0.8834,908,14,2026-07-23T20:31:31.579069+00:00
1963,sport,football,sport,football,llama3.2:3b,1.0,"{""category"": ""sport"", ""section"": ""football""}",success,,1,0.8834,981,13,2026-07-23T20:23:59.705124+00:00
1964,news,uk,news,us,llama3.2:3b,1.0,"{""category"": ""news"", ""section"": ""us""}",success,,1,0.895,968,13,2026-07-23T20:12:11.072635+00:00
1965,news,uk,news,us,llama3.2:3b,1.0,"{""category"": ""news"", ""section"": ""us""}",success,,1,0.8576,943,13,2026-07-23T20:49:10.672902+00:00
1966,news,uk,politics,us,llama3.2:3b,1.0,"{""category"": ""politics"", ""section"": ""us""}",success,,1,0.8917,927,14,2026-07-23T20:37:45.285839+00:00
1967,sport,sport,news,us,llama3.2:3b,1.0,"{""category"": ""news"", ""section"": ""us""}",success,,1,0.813,673,13,2026-07-23T20:01:32.022427+00:00
1969,news,uk,news,uk,llama3.2:3b,1.0,"{""category"": ""news"", ""section"": ""uk""}",success,,1,0.8853,935,13,2026-07-23T20:00:22.725932+00:00
1970,sport,sport,news,sport,llama3.2:3b,1.0,"{""category"": ""news"", ""section"": ""sport""}",success,,1,0.9124,770,13,2026-07-23T20:27:27.538169+00:00
1971,sport,sport,sport,us,llama3.2:3b,1.0,"{""category"": ""sport"", ""section"": ""us""}",success,,1,0.9519,889,13,2026-07-23T20:25:59.695959+00:00
1972,sport,tennis,politics,us,llama3.2:3b,1.0,"{""category"": ""politics"", ""section"": ""us""}",success,,1,0.9357,989,14,2026-07-23T19:56:51.412695+00:00
1973,news,uk,entertainment,us,llama3.2:3b,1.0,"{""category"": ""entertainment"", ""section"": ""us""}",success,,1,0.9561,971,14,2026-07-23T20:24:41.465126+00:00
1974,sport,golf,sport,us,llama3.2:3b,1.0,"{""category"": ""sport"", ""section"": ""us""}",success,,1,0.8412,910,13,2026-07-23T20:35:56.625670+00:00
1975,news,uk,news,world,llama3.2:3b,1.0,"{""category"": ""news"", ""section"": ""world""}",success,,1,0.8749,946,13,2026-07-23T20:03:51.725074+00:00
1976,news,uk,politics,us,llama3.2:3b,1.0,"{""category"": ""politics"", ""section"": ""us""}",success,,1,0.9843,931,14,2026-07-23T20:17:32.282672+00:00
1977,news,europe,politics,world,llama3.2:3b,1.0,"{""category"": ""politics"", ""section"": ""world""}",success,,1,1.1487,918,14,2026-07-23T20:22:26.817200+00:00
1979,sport,sport,sport,us,llama3.2:3b,1.0,"{""category"": ""sport"", ""section"": ""us""}",success,,1,0.9442,996,13,2026-07-23T19:58:26.956517+00:00
1980,sport,sport,sport,us,llama3.2:3b,1.0,"{""category"": ""sport"", ""section"": ""us""}",success,,1,0.8745,609,13,2026-07-23T19:59:07.055775+00:00
1981,sport,tennis,sport,us,llama3.2:3b,1.0,"{""category"": ""sport"", ""section"": ""us""}",success,,1,0.8461,695,13,2026-07-23T20:34:22.381818+00:00
1982,news,uk,news,world,llama3.2:3b,1.0,"{""category"": ""news"", ""section"": ""world""}",success,,1,0.9285,921,13,2026-07-23T20:35:06.631466+00:00
1985,news,europe,news,world,llama3.2:3b,1.0,"{""category"": ""news"", ""section"": ""world""}",success,,1,1.1779,984,13,2026-07-23T20:39:40.233454+00:00
1986,sport,football,sport,football,llama3.2:3b,1.0,"{""category"": ""sport"", ""section"": ""football""}",success,,1,0.9691,959,13,2026-07-23T20:55:12.679428+00:00
1987,news,europe,news,world,llama3.2:3b,1.0,"{""category"": ""news"", ""section"": ""world""}",success,,1,0.88,937,13,2026-07-23T20:31:41.232811+00:00
1989,sport,tennis,sport,us,llama3.2:3b,1.0,"{""category"": ""sport"", ""section"": ""us""}",success,,1,1.0815,792,13,2026-07-23T20:41:59.194733+00:00
1990,news,uk,politics,us,llama3.2:3b,1.0,"{""category"": ""politics"", ""section"": ""us""}",success,,1,0.9017,967,14,2026-07-23T20:14:10.507592+00:00
1991,news,europe,news,world,llama3.2:3b,1.0,"{""category"": ""news"", ""section"": ""world""}",success,,1,0.8511,965,13,2026-07-23T20:33:36.348718+00:00
1992,sport,sport,sport,us,llama3.2:3b,1.0,"{""category"": ""sport"", ""section"": ""us""}",success,,1,0.8549,750,13,2026-07-23T20:46:31.920570+00:00
1993,sport,football,sport,football,llama3.2:3b,1.0,"{""category"":""sport"",""section"":""football""}",success,,1,0.9089,982,10,2026-07-23T20:13:51.257963+00:00
1994,sport,sport,sport,us,llama3.2:3b,1.0,"{""category"": ""sport"", ""section"": ""us""}",success,,1,0.8852,733,13,2026-07-23T20:02:39.080130+00:00
1995,news,europe,news,world,llama3.2:3b,1.0,"{""category"": ""news"", ""section"": ""world""}",success,,1,0.9027,937,13,2026-07-23T20:40:19.984330+00:00
1996,sport,football,entertainment,us,llama3.2:3b,1.0,"{""category"": ""entertainment"", ""section"": ""us""}",success,,1,0.9024,966,14,2026-07-23T20:45:29.184130+00:00
1997,news,europe,news,world,llama3.2:3b,1.0,"{""category"": ""news"", ""section"": ""world""}",success,,1,0.9295,967,13,2026-07-23T20:51:11.291183+00:00
1999,news,uk,news,world,llama3.2:3b,1.0,"{""category"": ""news"", ""section"": ""world""}",success,,1,0.9012,956,13,2026-07-23T20:03:13.929021+00:00
2000,news,uk,politics,uk,llama3.2:3b,1.0,"{""category"": ""politics"", ""section"": ""uk""}",success,,1,0.8653,927,14,2026-07-23T20:49:43.028919+00:00
2002,sport,football,news,us,llama3.2:3b,1.0,"{""category"": ""news"", ""section"": ""us""}",success,,1,0.8873,666,13,2026-07-23T20:07:21.176239+00:00
2003,sport,golf,sport,us,llama3.2:3b,1.0,"{""category"": ""sport"", ""section"": ""us""}",success,,1,0.9155,824,13,2026-07-23T19:56:33.074116+00:00
2004,sport,sport,sport,us,llama3.2:3b,1.0,"{""category"": ""sport"", ""section"": ""us""}",success,,1,0.8265,926,13,2026-07-23T20:33:06.539453+00:00
2005,news,uk,politics,us,llama3.2:3b,1.0,"{""category"": ""politics"", ""section"": ""us""}",success,,1,0.9142,904,14,2026-07-23T20:50:08.851843+00:00
2007,news,australia,politics,asia,llama3.2:3b,1.0,"{""category"": ""politics"", ""section"": ""asia""}",success,,1,0.9376,950,14,2026-07-23T20:42:56.893304+00:00
2008,sport,tennis,sport,us,llama3.2:3b,1.0,"{""category"": ""sport"", ""section"": ""us""}",success,,1,0.8501,919,13,2026-07-23T20:34:10.686496+00:00
2009,news,europe,news,world,llama3.2:3b,1.0,"{""category"": ""news"", ""section"": ""world""}",success,,1,0.8314,714,13,2026-07-23T20:12:05.100406+00:00
2010,news,europe,health,world,llama3.2:3b,1.0,"{""category"": ""health"", ""section"": ""world""}",success,,1,0.9215,994,13,2026-07-23T20:56:49.882692+00:00
2011,news,uk,news,world,llama3.2:3b,1.0,"{""category"": ""news"", ""section"": ""world""}",success,,1,0.9014,867,13,2026-07-23T20:34:32.670153+00:00
2012,sport,football,sport,football,llama3.2:3b,1.0,"{""category"":""sport"",""section"":""football""}",success,,1,0.8462,946,10,2026-07-23T20:42:16.349929+00:00
2013,sport,sport,news,us,llama3.2:3b,1.0,"{""category"": ""news"", ""section"": ""us""}",success,,1,0.8992,1001,13,2026-07-23T20:12:48.670032+00:00
2014,news,uk,politics,us,llama3.2:3b,1.0,"{""category"": ""politics"", ""section"": ""us""}",success,,1,0.9622,951,14,2026-07-23T20:22:22.395748+00:00
2015,sport,sport,sport,us,llama3.2:3b,1.0,"{""category"": ""sport"", ""section"": ""us""}",success,,1,0.8639,864,13,2026-07-23T20:12:32.845921+00:00
2016,news,europe,news,world,llama3.2:3b,1.0,"{""category"": ""news"", ""section"": ""world""}",success,,1,0.8881,949,13,2026-07-23T20:31:58.280285+00:00
2017,sport,tennis,sport,us,llama3.2:3b,1.0,"{""category"": ""sport"", ""section"": ""us""}",success,,1,0.9013,1011,13,2026-07-23T20:04:25.182493+00:00
2018,sport,sport,sport,us,llama3.2:3b,1.0,"{""category"": ""sport"", ""section"": ""us""}",success,,1,0.9455,903,13,2026-07-23T20:50:18.462066+00:00
2019,news,uk,news,us,llama3.2:3b,1.0,"{""category"": ""news"", ""section"": ""us""}",success,,1,0.945,964,13,2026-07-23T19:53:57.454974+00:00
2021,news,europe,news,world,llama3.2:3b,1.0,"{""category"": ""news"", ""section"": ""world""}",success,,1,0.9125,960,13,2026-07-23T20:19:27.651731+00:00
2022,sport,sport,entertainment,us,llama3.2:3b,1.0,"{""category"": ""entertainment"", ""section"": ""us""}",success,,1,0.9285,1038,14,2026-07-23T20:24:28.213648+00:00
2024,sport,golf,sport,us,llama3.2:3b,1.0,"{""category"": ""sport"", ""section"": ""us""}",success,,1,0.8579,975,13,2026-07-23T20:33:10.955573+00:00
2025,news,europe,politics,us,llama3.2:3b,1.0,"{""category"": ""politics"", ""section"": ""us""}",success,,1,0.8867,975,14,2026-07-23T20:03:19.699736+00:00
2027,news,uk,politics,us,llama3.2:3b,1.0,"{""category"": ""politics"", ""section"": ""us""}",success,,1,0.9214,1002,14,2026-07-23T20:23:29.656001+00:00
2028,sport,football,sport,world,llama3.2:3b,1.0,"{""category"": ""sport"", ""section"": ""world""}",success,,1,0.827,788,13,2026-07-23T20:52:55.897405+00:00
2029,sport,motorsport,sport,us,llama3.2:3b,1.0,"{""category"": ""sport"", ""section"": ""us""}",success,,1,1.0243,982,13,2026-07-23T20:03:00.343549+00:00
2030,sport,tennis,sport,us,llama3.2:3b,1.0,"{""category"": ""sport"", ""section"": ""us""}",success,,1,0.9993,872,13,2026-07-23T20:52:01.955119+00:00
2031,sport,football,sport,us,llama3.2:3b,1.0,"{""category"": ""sport"", ""section"": ""us""}",success,,1,0.888,922,13,2026-07-23T20:21:42.848245+00:00
2032,sport,sport,news,us,llama3.2:3b,1.0,"{""category"": ""news"", ""section"": ""us""}",success,,1,0.8637,631,13,2026-07-23T20:43:50.119295+00:00
2033,sport,football,sport,football,llama3.2:3b,1.0,"{""category"": ""sport"", ""section"": ""football""}",success,,1,0.9297,1004,13,2026-07-23T20:14:22.445392+00:00
2035,news,europe,news,world,llama3.2:3b,1.0,"{""category"": ""news"", ""section"": ""world""}",success,,1,0.8464,891,13,2026-07-23T20:35:48.148457+00:00
2036,sport,football,sport,football,llama3.2:3b,1.0,"{""category"": ""sport"", ""section"": ""football""}",success,,1,0.9327,964,13,2026-07-23T20:05:28.482851+00:00
2037,news,europe,news,world,llama3.2:3b,1.0,"{""category"": ""news"", ""section"": ""world""}",success,,1,0.9547,883,13,2026-07-23T20:15:59.902224+00:00
2038,sport,golf,news,us,llama3.2:3b,1.0,"{""category"": ""news"", ""section"": ""us""}",success,,1,0.9077,986,13,2026-07-23T20:11:25.493901+00:00
2040,sport,sport,news,us,llama3.2:3b,1.0,"{""category"": ""news"", ""section"": ""us""}",success,,1,0.8838,752,13,2026-07-23T20:12:37.816949+00:00
2041,sport,sport,sport,us,llama3.2:3b,1.0,"{""category"": ""sport"", ""section"": ""us""}",success,,1,0.9089,937,13,2026-07-23T20:10:49.933887+00:00
2042,sport,golf,news,world,llama3.2:3b,1.0,"{""category"": ""news"", ""section"": ""world""}",success,,1,0.9387,998,13,2026-07-23T20:34:09.679684+00:00
2044,sport,football,news,us,llama3.2:3b,1.0,"{""category"": ""news"", ""section"": ""us""}",success,,1,0.8493,664,13,2026-07-23T20:51:50.328229+00:00
2046,news,uk,politics,us,llama3.2:3b,1.0,"{""category"": ""politics"", ""section"": ""us""}",success,,1,0.7966,533,14,2026-07-23T20:36:40.045644+00:00
2047,news,europe,news,world,llama3.2:3b,1.0,"{""category"": ""news"", ""section"": ""world""}",success,,1,0.9521,906,13,2026-07-23T19:59:45.515703+00:00
2048,news,uk,politics,us,llama3.2:3b,1.0,"{""category"": ""politics"", ""section"": ""us""}",success,,1,0.9039,911,14,2026-07-23T19:59:40.791546+00:00
2049,sport,sport,entertainment,us,llama3.2:3b,1.0,"{""category"": ""entertainment"", ""section"": ""us""}",success,,1,0.9161,604,14,2026-07-23T20:04:09.557100+00:00
2050,sport,sport,news,world,llama3.2:3b,1.0,"{""category"": ""news"", ""section"": ""world""}",success,,1,0.9378,1053,13,2026-07-23T20:37:16.605666+00:00
2051,sport,football,sport,us,llama3.2:3b,1.0,"{""category"": ""sport"", ""section"": ""us""}",success,,1,0.8856,993,13,2026-07-23T19:57:07.882573+00:00
2052,news,australia,news,world,llama3.2:3b,1.0,"{""category"": ""news"", ""section"": ""world""}",success,,1,0.8924,786,13,2026-07-23T19:55:30.079706+00:00
2053,news,uk,news,world,llama3.2:3b,1.0,"{""category"": ""news"", ""section"": ""world""}",success,,1,0.9515,899,13,2026-07-23T20:15:31.438672+00:00
2055,sport,sport,sport,us,llama3.2:3b,1.0,"{""category"": ""sport"", ""section"": ""us""}",success,,1,0.9554,810,13,2026-07-23T20:09:33.840032+00:00
2056,news,europe,news,world,llama3.2:3b,1.0,"{""category"": ""news"", ""section"": ""world""}",success,,1,0.9021,908,13,2026-07-23T19:55:40.122612+00:00
2057,news,uk,politics,us,llama3.2:3b,1.0,"{""category"": ""politics"", ""section"": ""us""}",success,,1,0.8618,673,14,2026-07-23T20:02:50.576706+00:00
2058,news,uk,health,world,llama3.2:3b,1.0,"{""category"": ""health"", ""section"": ""world""}",success,,1,0.8777,923,13,2026-07-23T20:11:10.257412+00:00
2059,news,europe,news,world,llama3.2:3b,1.0,"{""category"": ""news"", ""section"": ""world""}",success,,1,0.9428,963,13,2026-07-23T20:03:26.520185+00:00
2060,news,europe,politics,us,llama3.2:3b,1.0,"{""category"": ""politics"", ""section"": ""us""}",success,,1,0.9551,917,14,2026-07-23T19:53:11.173505+00:00
2062,sport,football,sport,football,llama3.2:3b,1.0,"{""category"": ""sport"", ""section"": ""football""}",success,,1,0.9217,892,13,2026-07-23T20:32:38.437957+00:00
2063,sport,football,sport,football,llama3.2:3b,1.0,"{""category"": ""sport"", ""section"": ""football""}",success,,1,0.9003,927,13,2026-07-23T20:41:12.623476+00:00
2064,news,europe,politics,europe,llama3.2:3b,1.0,"{""category"": ""politics"", ""section"": ""europe""}",success,,1,0.8836,943,16,2026-07-23T19:59:10.973040+00:00
2066,news,europe,news,world,llama3.2:3b,1.0,"{""category"": ""news"", ""section"": ""world""}",success,,1,0.8826,950,13,2026-07-23T20:28:41.620473+00:00
2068,sport,sport,news,us,llama3.2:3b,1.0,"{""category"": ""news"", ""section"": ""us""}",success,,1,0.8525,924,13,2026-07-23T20:06:00.422701+00:00
2069,news,europe,politics,world,llama3.2:3b,1.0,"{""category"": ""politics"", ""section"": ""world""}",success,,1,1.0225,979,14,2026-07-23T20:11:57.896868+00:00
2070,news,europe,news,world,llama3.2:3b,1.0,"{""category"": ""news"", ""section"": ""world""}",success,,1,1.0603,919,13,2026-07-23T20:50:33.275165+00:00
2071,sport,sport,news,us,llama3.2:3b,1.0,"{""category"": ""news"", ""section"": ""us""}",success,,1,0.8851,742,13,2026-07-23T20:01:31.159579+00:00
2072,sport,sport,news,world,llama3.2:3b,1.0,"{""category"": ""news"", ""section"": ""world""}",success,,1,0.9258,619,13,2026-07-23T19:55:28.238046+00:00
2073,sport,sport,sport,us,llama3.2:3b,1.0,"{""category"": ""sport"", ""section"": ""us""}",success,,1,0.9488,762,13,2026-07-23T19:55:13.775635+00:00
2074,news,europe,news,world,llama3.2:3b,1.0,"{""category"": ""news"", ""section"": ""world""}",success,,1,0.9036,807,13,2026-07-23T20:30:05.834724+00:00
2075,sport,sport,news,world,llama3.2:3b,1.0,"{""category"": ""news"", ""section"": ""world""}",success,,1,0.8662,926,13,2026-07-23T20:28:12.448127+00:00
2076,sport,sport,news,us,llama3.2:3b,1.0,"{""category"": ""news"", ""section"": ""us""}",success,,1,0.9267,970,13,2026-07-23T20:04:29.863715+00:00
2078,news,europe,health,world,llama3.2:3b,1.0,"{""category"": ""health"", ""section"": ""world""}",success,,1,0.867,971,13,2026-07-23T20:05:27.458693+00:00
2079,sport,football,sport,asia,llama3.2:3b,1.0,"{""category"": ""sport"", ""section"": ""asia""}",success,,1,0.9166,939,13,2026-07-23T20:49:52.041540+00:00
2080,sport,sport,sport,us,llama3.2:3b,1.0,"{""category"": ""sport"", ""section"": ""us""}",success,,1,0.8711,941,13,2026-07-23T19:57:13.354992+00:00
2081,news,uk,news,world,llama3.2:3b,1.0,"{""category"": ""news"", ""section"": ""world""}",success,,1,0.8457,940,13,2026-07-23T19:58:49.490888+00:00
2082,sport,sport,sport,us,llama3.2:3b,1.0,"{""category"": ""sport"", ""section"": ""us""}",success,,1,0.9238,994,13,2026-07-23T20:49:37.618909+00:00
2083,sport,sport,sport,us,llama3.2:3b,1.0,"{""category"": ""sport"", ""section"": ""us""}",success,,1,0.9009,797,13,2026-07-23T20:06:49.819044+00:00
2084,sport,sport,news,world,llama3.2:3b,1.0,"{""category"": ""news"", ""section"": ""world""}",success,,1,1.0493,927,13,2026-07-23T20:04:46.612023+00:00
2085,sport,sport,sport,us,llama3.2:3b,1.0,"{""category"": ""sport"", ""section"": ""us""}",success,,1,0.8334,682,13,2026-07-23T20:33:20.487566+00:00
2087,news,europe,news,world,llama3.2:3b,1.0,"{""category"": ""news"", ""section"": ""world""}",success,,1,0.8627,957,13,2026-07-23T20:41:39.369785+00:00
2089,news,uk,entertainment,us,llama3.2:3b,1.0,"{""category"": ""entertainment"", ""section"": ""us""}",success,,1,0.9103,942,14,2026-07-23T20:04:42.652938+00:00
2090,news,uk,news,world,llama3.2:3b,1.0,"{""category"": ""news"", ""section"": ""world""}",success,,1,0.9155,822,13,2026-07-23T20:19:17.015412+00:00
2091,sport,football,sport,us,llama3.2:3b,1.0,"{""category"": ""sport"", ""section"": ""us""}",success,,1,0.9061,756,13,2026-07-23T20:34:16.319164+00:00
2092,sport,sport,news,us,llama3.2:3b,1.0,"{""category"": ""news"", ""section"": ""us""}",success,,1,0.9069,937,13,2026-07-23T20:14:29.402775+00:00
2093,sport,football,news,world,llama3.2:3b,1.0,"{""category"": ""news"", ""section"": ""world""}",success,,1,0.8246,562,13,2026-07-23T20:09:07.161323+00:00
2094,news,europe,politics,world,llama3.2:3b,1.0,"{""category"": ""politics"", ""section"": ""world""}",success,,1,1.1246,980,14,2026-07-23T19:59:09.227612+00:00
2095,sport,sport,sport,us,llama3.2:3b,1.0,"{""category"": ""sport"", ""section"": ""us""}",success,,1,0.9746,668,13,2026-07-23T20:29:19.599512+00:00
2097,sport,golf,sport,us,llama3.2:3b,1.0,"{""category"": ""sport"", ""section"": ""us""}",success,,1,1.0575,1038,13,2026-07-23T20:07:30.069901+00:00
2099,news,europe,politics,europe,llama3.2:3b,1.0,"{""category"": ""politics"", ""section"": ""europe""}",success,,1,1.0201,910,16,2026-07-23T20:47:45.728757+00:00
2100,sport,football,sport,football,llama3.2:3b,1.0,"{""category"": ""sport"", ""section"": ""football""}",success,,1,0.9079,981,13,2026-07-23T20:45:01.151205+00:00
2101,sport,sport,sport,us,llama3.2:3b,1.0,"{""category"": ""sport"", ""section"": ""us""}",success,,1,0.9606,739,13,2026-07-23T20:48:46.999023+00:00
2102,news,europe,news,world,llama3.2:3b,1.0,"{""category"": ""news"", ""section"": ""world""}",success,,1,0.8953,956,13,2026-07-23T20:32:47.915280+00:00
2103,sport,sport,sport,us,llama3.2:3b,1.0,"{""category"": ""sport"", ""section"": ""us""}",success,,1,0.97,937,13,2026-07-23T20:18:42.168707+00:00
2104,sport,sport,sport,asia,llama3.2:3b,1.0,"{""category"": ""sport"", ""section"": ""asia""}",success,,1,0.9872,919,13,2026-07-23T20:08:51.841844+00:00
2105,news,uk,politics,uk,llama3.2:3b,1.0,"{""category"": ""politics"", ""section"": ""uk""}",success,,1,1.0119,911,14,2026-07-23T20:18:46.285566+00:00
2106,sport,golf,sport,us,llama3.2:3b,1.0,"{""category"": ""sport"", ""section"": ""us""}",success,,1,0.9169,773,13,2026-07-23T20:55:42.149906+00:00
2107,sport,sport,sport,us,llama3.2:3b,1.0,"{""category"": ""sport"", ""section"": ""us""}",success,,1,0.886,961,13,2026-07-23T20:36:49.439713+00:00
2108,sport,sport,sport,us,llama3.2:3b,1.0,"{""category"": ""sport"", ""section"": ""us""}",success,,1,0.8378,486,13,2026-07-23T20:51:38.923873+00:00
2109,news,australia,news,australia,llama3.2:3b,1.0,"{""category"": ""news"", ""section"": ""australia""}",success,,1,0.8894,924,15,2026-07-23T20:15:12.995914+00:00
2110,news,australia,news,asia,llama3.2:3b,1.0,"{""category"": ""news"", ""section"": ""asia""}",success,,1,0.8949,855,13,2026-07-23T20:34:53.469544+00:00
2111,news,europe,news,world,llama3.2:3b,1.0,"{""category"": ""news"", ""section"": ""world""}",success,,1,0.8397,663,13,2026-07-23T20:28:40.594952+00:00
2112,sport,football,sport,us,llama3.2:3b,1.0,"{""category"": ""sport"", ""section"": ""us""}",success,,1,0.8705,932,13,2026-07-23T20:05:43.847351+00:00
2113,news,uk,politics,uk,llama3.2:3b,1.0,"{""category"": ""politics"", ""section"": ""uk""}",success,,1,0.9545,869,14,2026-07-23T20:21:32.684466+00:00
2114,news,uk,entertainment,us,llama3.2:3b,1.0,"{""category"": ""entertainment"", ""section"": ""us""}",success,,1,0.8917,970,14,2026-07-23T20:20:14.033866+00:00
2115,sport,football,sport,football,llama3.2:3b,1.0,"{""category"": ""sport"", ""section"": ""football""}",success,,1,1.0096,971,13,2026-07-23T20:21:11.242707+00:00
2116,news,uk,news,world,llama3.2:3b,1.0,"{""category"": ""news"", ""section"": ""world""}",success,,1,1.3627,837,13,2026-07-23T20:41:57.367438+00:00
2117,sport,football,sport,football,llama3.2:3b,1.0,"{""category"": ""sport"", ""section"": ""football""}",success,,1,1.1246,847,13,2026-07-23T20:07:58.115975+00:00
2118,news,europe,politics,europe,llama3.2:3b,1.0,"{""category"": ""politics"", ""section"": ""europe""}",success,,1,0.9592,886,15,2026-07-23T20:17:10.428133+00:00
2119,sport,sport,news,us,llama3.2:3b,1.0,"{""category"": ""news"", ""section"": ""us""}",success,,1,0.9594,1039,13,2026-07-23T20:35:07.745881+00:00
2120,news,uk,news,us,llama3.2:3b,1.0,"{""category"": ""news"", ""section"": ""us""}",success,,1,0.7935,609,13,2026-07-23T20:04:54.438079+00:00
2122,news,europe,news,world,llama3.2:3b,1.0,"{""category"": ""news"", ""section"": ""world""}",success,,1,0.8537,984,13,2026-07-23T20:37:54.708349+00:00
2124,sport,football,sport,football,llama3.2:3b,1.0,"{""category"": ""sport"", ""section"": ""football""}",success,,1,0.9118,695,13,2026-07-23T20:33:38.439367+00:00
2125,news,europe,news,world,llama3.2:3b,1.0,"{""category"": ""news"", ""section"": ""world""}",success,,1,0.8703,924,13,2026-07-23T20:51:54.909102+00:00
2126,sport,sport,sport,us,llama3.2:3b,1.0,"{""category"": ""sport"", ""section"": ""us""}",success,,1,1.4981,1001,13,2026-07-23T20:56:32.592428+00:00
2127,sport,sport,sport,asia,llama3.2:3b,1.0,"{""category"": ""sport"", ""section"": ""asia""}",success,,1,0.8777,946,13,2026-07-23T20:10:22.740301+00:00
2129,sport,sport,news,us,llama3.2:3b,1.0,"{""category"": ""news"", ""section"": ""us""}",success,,1,0.9695,978,13,2026-07-23T20:43:14.893379+00:00
2132,sport,football,sport,us,llama3.2:3b,1.0,"{""category"": ""sport"", ""section"": ""us""}",success,,1,0.8195,952,13,2026-07-23T19:53:48.106856+00:00
2134,news,europe,news,world,llama3.2:3b,1.0,"{""category"": ""news"", ""section"": ""world""}",success,,1,0.9522,890,13,2026-07-23T20:12:38.851743+00:00
2137,news,europe,news,world,llama3.2:3b,1.0,"{""category"": ""news"", ""section"": ""world""}",success,,1,0.8398,584,13,2026-07-23T20:43:36.028868+00:00
2138,news,australia,entertainment,us,llama3.2:3b,1.0,"{""category"": ""entertainment"", ""section"": ""us""}",success,,1,0.8632,581,14,2026-07-23T20:11:05.460662+00:00
2139,news,europe,news,world,llama3.2:3b,1.0,"{""category"": ""news"", ""section"": ""world""}",success,,1,0.8834,958,13,2026-07-23T20:10:14.402401+00:00
2140,sport,football,news,world,llama3.2:3b,1.0,"{""category"": ""news"", ""section"": ""world""}",success,,1,0.9731,892,13,2026-07-23T20:27:11.654088+00:00
2141,sport,football,sport,football,llama3.2:3b,1.0,"{""category"": ""sport"", ""section"": ""football""}",success,,1,1.0002,1004,13,2026-07-23T20:10:34.654746+00:00
2142,news,uk,health,world,llama3.2:3b,1.0,"{""category"": ""health"", ""section"": ""world""}",success,,1,0.9158,882,13,2026-07-23T20:46:38.598232+00:00
2143,sport,sport,news,us,llama3.2:3b,1.0,"{""category"": ""news"", ""section"": ""us""}",success,,1,0.891,1000,13,2026-07-23T20:37:57.855975+00:00
2144,sport,football,politics,us,llama3.2:3b,1.0,"{""category"": ""politics"", ""section"": ""us""}",success,,1,0.9563,789,14,2026-07-23T20:10:39.784617+00:00
2145,news,uk,entertainment,us,llama3.2:3b,1.0,"{""category"": ""entertainment"", ""section"": ""us""}",success,,1,0.8258,532,14,2026-07-23T20:35:33.380517+00:00
2146,sport,sport,entertainment,us,llama3.2:3b,1.0,"{""category"": ""entertainment"", ""section"": ""us""}",success,,1,0.9359,657,14,2026-07-23T20:25:30.642431+00:00
2147,news,europe,news,world,llama3.2:3b,1.0,"{""category"": ""news"", ""section"": ""world""}",success,,1,0.9039,936,13,2026-07-23T20:13:02.605596+00:00
2148,news,europe,news,uk,llama3.2:3b,1.0,"{""category"": ""news"", ""section"": ""uk""}",success,,1,0.8677,918,13,2026-07-23T20:42:20.638449+00:00
2149,sport,golf,news,us,llama3.2:3b,1.0,"{""category"": ""news"", ""section"": ""us""}",success,,1,3.4296,958,13,2026-07-23T19:53:05.322690+00:00
2150,sport,football,news,world,llama3.2:3b,1.0,"{""category"": ""news"", ""section"": ""world""}",success,,1,0.9428,902,13,2026-07-23T19:58:59.191060+00:00
2151,news,europe,politics,world,llama3.2:3b,1.0,"{""category"": ""politics"", ""section"": ""world""}",success,,1,0.9452,888,14,2026-07-23T20:09:10.258109+00:00
2152,news,europe,news,world,llama3.2:3b,1.0,"{""category"": ""news"", ""section"": ""world""}",success,,1,0.858,942,13,2026-07-23T20:37:41.187124+00:00
2153,news,europe,news,world,llama3.2:3b,1.0,"{""category"": ""news"", ""section"": ""world""}",success,,1,0.881,922,13,2026-07-23T20:31:13.460365+00:00
2154,sport,football,sport,football,llama3.2:3b,1.0,"{""category"": ""sport"", ""section"": ""football""}",success,,1,0.9552,966,13,2026-07-23T20:06:05.218538+00:00
2155,sport,football,sport,us,llama3.2:3b,1.0,"{""category"": ""sport"", ""section"": ""us""}",success,,1,0.9222,903,13,2026-07-23T19:59:05.121376+00:00
2156,sport,football,news,world,llama3.2:3b,1.0,"{""category"": ""news"", ""section"": ""world""}",success,,1,1.3487,907,13,2026-07-23T20:42:41.609731+00:00
2157,news,europe,politics,world,llama3.2:3b,1.0,"{""category"": ""politics"", ""section"": ""world""}",success,,1,1.0987,963,14,2026-07-23T20:45:43.235370+00:00
2158,news,europe,business,europe,llama3.2:3b,1.0,"{""category"": ""business"", ""section"": ""europe""}",success,,1,0.9536,672,15,2026-07-23T20:18:40.779430+00:00
2159,news,europe,politics,world,llama3.2:3b,1.0,"{""category"": ""politics"", ""section"": ""world""}",success,,1,0.8734,671,14,2026-07-23T20:32:17.235261+00:00
2160,news,uk,news,world,llama3.2:3b,1.0,"{""category"": ""news"", ""section"": ""world""}",success,,1,0.9076,931,13,2026-07-23T20:36:52.751631+00:00
2161,sport,football,sport,uk,llama3.2:3b,1.0,"{""category"": ""sport"", ""section"": ""uk""}",success,,1,0.9148,947,13,2026-07-23T20:04:08.584428+00:00
2162,sport,football,news,world,llama3.2:3b,1.0,"{""category"": ""news"", ""section"": ""world""}",success,,1,0.896,782,13,2026-07-23T20:05:13.927226+00:00
2163,sport,football,sport,football,llama3.2:3b,1.0,"{""category"": ""sport"", ""section"": ""football""}",success,,1,0.8852,884,13,2026-07-23T19:58:22.412970+00:00
2164,news,europe,news,uk,llama3.2:3b,1.0,"{""category"": ""news"", ""section"": ""uk""}",success,,1,1.0095,1028,13,2026-07-23T19:54:13.419669+00:00
2165,news,europe,politics,uk,llama3.2:3b,1.0,"{""category"": ""politics"", ""section"": ""uk""}",success,,1,0.8496,965,14,2026-07-23T20:32:44.805703+00:00
2168,news,europe,politics,world,llama3.2:3b,1.0,"{""category"": ""politics"", ""section"": ""world""}",success,,1,0.8752,940,14,2026-07-23T19:53:25.755250+00:00
2169,news,europe,health,world,llama3.2:3b,1.0,"{""category"": ""health"", ""section"": ""world""}",success,,1,0.9918,920,13,2026-07-23T20:48:59.483520+00:00
2170,sport,sport,entertainment,movies,llama3.2:3b,1.0,"{""category"": ""entertainment"", ""section"": ""movies""}",success,,1,0.8875,1001,14,2026-07-23T20:34:24.468358+00:00
2171,sport,football,sport,football,llama3.2:3b,1.0,"{""category"": ""sport"", ""section"": ""football""}",success,,1,0.9453,925,13,2026-07-23T20:03:30.407261+00:00
2172,sport,football,news,world,llama3.2:3b,1.0,"{""category"": ""news"", ""section"": ""world""}",success,,1,0.908,942,13,2026-07-23T20:38:58.154993+00:00
2173,sport,football,politics,uk,llama3.2:3b,1.0,"{""category"": ""politics"", ""section"": ""uk""}",success,,1,0.8858,899,14,2026-07-23T20:03:05.289424+00:00
2174,news,europe,politics,europe,llama3.2:3b,1.0,"{""category"": ""politics"", ""section"": ""europe""}",success,,1,1.0769,911,16,2026-07-23T20:39:46.741882+00:00
2175,news,europe,news,world,llama3.2:3b,1.0,"{""category"": ""news"", ""section"": ""world""}",success,,1,0.9333,944,13,2026-07-23T20:52:33.769622+00:00
2177,sport,football,sport,football,llama3.2:3b,1.0,"{""category"": ""sport"", ""section"": ""football""}",success,,1,1.0078,886,13,2026-07-23T20:23:45.175985+00:00
2178,sport,football,sport,us,llama3.2:3b,1.0,"{""category"": ""sport"", ""section"": ""us""}",success,,1,0.8846,811,13,2026-07-23T20:28:33.333715+00:00
2180,sport,football,sport,football,llama3.2:3b,1.0,"{""category"": ""sport"", ""section"": ""football""}",success,,1,0.9032,935,13,2026-07-23T20:33:12.006256+00:00
2181,sport,football,sport,football,llama3.2:3b,1.0,"{""category"": ""sport"", ""section"": ""football""}",success,,1,0.9463,950,13,2026-07-23T20:48:21.862119+00:00
2182,news,europe,news,world,llama3.2:3b,1.0,"{""category"": ""news"", ""section"": ""world""}",success,,1,0.9129,922,13,2026-07-23T20:40:12.135060+00:00
2184,news,uk,news,world,llama3.2:3b,1.0,"{""category"": ""news"", ""section"": ""world""}",success,,1,0.9075,897,13,2026-07-23T20:30:47.256944+00:00
2185,sport,football,sport,football,llama3.2:3b,1.0,"{""category"":""sport"",""section"":""football""}",success,,1,0.9064,966,10,2026-07-23T20:07:01.717862+00:00
2186,news,uk,politics,uk,llama3.2:3b,1.0,"{""category"": ""politics"", ""section"": ""uk""}",success,,1,0.9345,915,14,2026-07-23T20:06:40.983166+00:00
2189,news,europe,news,world,llama3.2:3b,1.0,"{""category"": ""news"", ""section"": ""world""}",success,,1,0.8801,942,13,2026-07-23T20:13:41.072059+00:00
2194,sport,sport,sport,us,llama3.2:3b,1.0,"{""category"": ""sport"", ""section"": ""us""}",success,,1,0.909,618,13,2026-07-23T20:08:30.282665+00:00
2195,news,uk,politics,us,llama3.2:3b,1.0,"{""category"": ""politics"", ""section"": ""us""}",success,,1,0.8902,974,14,2026-07-23T20:43:42.613649+00:00
2196,sport,motorsport,sport,football,llama3.2:3b,1.0,"{""category"": ""sport"", ""section"": ""football""}",success,,1,1.1126,997,14,2026-07-23T19:57:54.068405+00:00
2197,sport,golf,entertainment,movies,llama3.2:3b,1.0,"{""category"": ""entertainment"", ""section"": ""movies""}",success,,1,0.9649,991,14,2026-07-23T20:29:17.387593+00:00
2200,sport,football,news,world,llama3.2:3b,1.0,"{""category"": ""news"", ""section"": ""world""}",success,,1,1.1071,955,13,2026-07-23T20:47:14.736121+00:00
2202,sport,football,sport,us,llama3.2:3b,1.0,"{""category"": ""sport"", ""section"": ""us""}",success,,1,1.0043,1016,13,2026-07-23T20:09:18.429752+00:00
2203,news,europe,news,world,llama3.2:3b,1.0,"{""category"": ""news"", ""section"": ""world""}",success,,1,0.8301,761,13,2026-07-23T19:59:11.841997+00:00
2204,news,uk,politics,uk,llama3.2:3b,1.0,"{""category"": ""politics"", ""section"": ""uk""}",success,,1,0.9479,957,14,2026-07-23T20:09:05.251958+00:00
2205,news,uk,politics,world,llama3.2:3b,1.0,"{""category"": ""politics"", ""section"": ""world""}",success,,1,0.9344,941,14,2026-07-23T20:50:05.385343+00:00
2206,sport,tennis,sport,us,llama3.2:3b,1.0,"{""category"": ""sport"", ""section"": ""us""}",success,,1,1.0646,1035,13,2026-07-23T20:15:46.327153+00:00
2207,sport,sport,sport,us,llama3.2:3b,1.0,"{""category"": ""sport"", ""section"": ""us""}",success,,1,0.9341,998,13,2026-07-23T20:40:54.033526+00:00
2208,sport,football,sport,us,llama3.2:3b,1.0,"{""category"": ""sport"", ""section"": ""us""}",success,,1,0.9743,801,13,2026-07-23T20:15:14.341034+00:00
2209,sport,golf,entertainment,movies,llama3.2:3b,1.0,"{""category"": ""entertainment"", ""section"": ""movies""}",success,,1,0.9566,997,14,2026-07-23T20:28:18.264950+00:00
2210,sport,sport,sport,football,llama3.2:3b,1.0,"{""category"": ""sport"", ""section"": ""football""}",success,,1,1.0669,973,13,2026-07-23T19:56:44.813837+00:00
2211,sport,sport,sport,us,llama3.2:3b,1.0,"{""category"": ""sport"", ""section"": ""us""}",success,,1,0.9621,836,13,2026-07-23T20:53:50.547280+00:00
2212,news,europe,politics,world,llama3.2:3b,1.0,"{""category"": ""politics"", ""section"": ""world""}",success,,1,1.0415,900,14,2026-07-23T20:21:14.142521+00:00
2213,news,europe,news,world,llama3.2:3b,1.0,"{""category"": ""news"", ""section"": ""world""}",success,,1,1.0869,988,13,2026-07-23T20:13:06.531560+00:00
2215,sport,football,sport,us,llama3.2:3b,1.0,"{""category"": ""sport"", ""section"": ""us""}",success,,1,0.9403,787,13,2026-07-23T20:20:34.888325+00:00
2216,news,europe,entertainment,us,llama3.2:3b,1.0,"{""category"": ""entertainment"", ""section"": ""us""}",success,,1,1.0002,1053,14,2026-07-23T19:55:34.953723+00:00
2217,news,europe,politics,us,llama3.2:3b,1.0,"{""category"": ""politics"", ""section"": ""us""}",success,,1,0.8602,969,14,2026-07-23T20:13:20.431556+00:00
2219,sport,football,sport,football,llama3.2:3b,1.0,"{""category"": ""sport"", ""section"": ""football""}",success,,1,0.8987,955,13,2026-07-23T20:08:31.266354+00:00
2220,sport,football,news,world,llama3.2:3b,1.0,"{""category"": ""news"", ""section"": ""world""}",success,,1,0.8709,863,13,2026-07-23T20:30:30.087125+00:00
2221,sport,football,sport,football,llama3.2:3b,1.0,"{""category"": ""sport"", ""section"": ""football""}",success,,1,0.9927,1020,13,2026-07-23T20:04:14.493473+00:00
2222,sport,football,sport,us,llama3.2:3b,1.0,"{""category"": ""sport"", ""section"": ""us""}",success,,1,0.8652,949,13,2026-07-23T19:59:37.893219+00:00
2223,sport,sport,sport,us,llama3.2:3b,1.0,"{""category"": ""sport"", ""section"": ""us""}",success,,1,0.9392,919,13,2026-07-23T20:44:27.955967+00:00
2224,news,europe,news,world,llama3.2:3b,1.0,"{""category"": ""news"", ""section"": ""world""}",success,,1,0.8329,795,13,2026-07-23T20:44:58.982065+00:00
2225,sport,sport,news,world,llama3.2:3b,1.0,"{""category"": ""news"", ""section"": ""world""}",success,,1,0.9678,981,13,2026-07-23T19:56:19.108395+00:00
2226,news,europe,politics,world,llama3.2:3b,1.0,"{""category"": ""politics"", ""section"": ""world""}",success,,1,0.9437,976,14,2026-07-23T20:02:42.042563+00:00
2227,news,uk,news,uk,llama3.2:3b,1.0,"{""category"": ""news"", ""section"": ""uk""}",success,,1,0.9179,937,13,2026-07-23T19:59:28.368325+00:00
2228,sport,sport,news,us,llama3.2:3b,1.0,"{""category"": ""news"", ""section"": ""us""}",success,,1,0.9501,830,13,2026-07-23T20:29:05.502081+00:00
2230,news,uk,news,world,llama3.2:3b,1.0,"{""category"": ""news"", ""section"": ""world""}",success,,1,0.8942,935,13,2026-07-23T20:18:25.335644+00:00
2231,news,europe,news,world,llama3.2:3b,1.0,"{""category"": ""news"", ""section"": ""world""}",success,,1,0.9689,928,13,2026-07-23T20:27:52.077914+00:00
2232,sport,sport,entertainment,us,llama3.2:3b,1.0,"{""category"": ""entertainment"", ""section"": ""us""}",success,,1,0.9608,1049,14,2026-07-23T20:23:18.332528+00:00
2233,sport,sport,sport,us,llama3.2:3b,1.0,"{""category"": ""sport"", ""section"": ""us""}",success,,1,1.0499,532,13,2026-07-23T20:56:36.592955+00:00
2234,sport,sport,entertainment,us,llama3.2:3b,1.0,"{""category"": ""entertainment"", ""section"": ""us""}",success,,1,0.9406,1000,14,2026-07-23T20:40:26.419412+00:00
2236,news,europe,politics,us,llama3.2:3b,1.0,"{""category"": ""politics"", ""section"": ""us""}",success,,1,0.875,963,14,2026-07-23T20:35:21.532363+00:00
2237,sport,golf,sport,us,llama3.2:3b,1.0,"{""category"": ""sport"", ""section"": ""us""}",success,,1,0.9849,1017,13,2026-07-23T20:48:58.271257+00:00
2238,sport,tennis,sport,australia,llama3.2:3b,1.0,"{""category"": ""sport"", ""section"": ""australia""}",success,,1,0.9979,626,15,2026-07-23T20:26:36.549045+00:00
2239,sport,football,sport,us,llama3.2:3b,1.0,"{""category"": ""sport"", ""section"": ""us""}",success,,1,0.8215,682,13,2026-07-23T20:08:18.371318+00:00
2240,news,europe,news,world,llama3.2:3b,1.0,"{""category"": ""news"", ""section"": ""world""}",success,,1,0.7692,639,13,2026-07-23T20:37:43.170891+00:00
2241,news,uk,politics,us,llama3.2:3b,1.0,"{""category"": ""politics"", ""section"": ""us""}",success,,1,0.8605,989,14,2026-07-23T20:34:21.370013+00:00
2246,news,uk,politics,us,llama3.2:3b,1.0,"{""category"": ""politics"", ""section"": ""us""}",success,,1,0.925,976,14,2026-07-23T20:13:53.315322+00:00
2247,sport,football,entertainment,us,llama3.2:3b,1.0,"{""category"": ""entertainment"", ""section"": ""us""}",success,,1,0.9136,652,14,2026-07-23T20:19:34.383159+00:00
2248,sport,golf,sport,us,llama3.2:3b,1.0,"{""category"": ""sport"", ""section"": ""us""}",success,,1,0.9087,1011,13,2026-07-23T20:06:30.922379+00:00
2249,news,europe,news,uk,llama3.2:3b,1.0,"{""category"": ""news"", ""section"": ""uk""}",success,,1,0.9756,1030,13,2026-07-23T20:42:24.071139+00:00
2250,sport,golf,sport,us,llama3.2:3b,1.0,"{""category"":""sport"",""section"":""us""}",success,,1,1.1173,1008,10,2026-07-23T20:06:39.843797+00:00
2251,sport,golf,entertainment,us,llama3.2:3b,1.0,"{""category"": ""entertainment"", ""section"": ""us""}",success,,1,0.8484,741,14,2026-07-23T20:46:10.177183+00:00
2252,news,uk,politics,uk,llama3.2:3b,1.0,"{""category"": ""politics"", ""section"": ""uk""}",success,,1,0.8871,918,14,2026-07-23T20:28:37.561530+00:00
2253,sport,football,sport,us,llama3.2:3b,1.0,"{""category"": ""sport"", ""section"": ""us""}",success,,1,0.8678,963,13,2026-07-23T19:59:31.355559+00:00
2255,sport,golf,sport,us,llama3.2:3b,1.0,"{""category"":""sport"",""section"":""us""}",success,,1,0.939,1019,10,2026-07-23T20:40:30.694114+00:00
2256,news,uk,politics,uk,llama3.2:3b,1.0,"{""category"": ""politics"", ""section"": ""uk""}",success,,1,0.9411,973,14,2026-07-23T20:45:56.987053+00:00
2257,sport,golf,sport,us,llama3.2:3b,1.0,"{""category"":""sport"",""section"":""us""}",success,,1,1.3057,1056,10,2026-07-23T20:56:11.761832+00:00
2258,news,uk,politics,uk,llama3.2:3b,1.0,"{""category"": ""politics"", ""section"": ""uk""}",success,,1,0.9647,948,14,2026-07-23T20:02:45.000111+00:00
2259,news,australia,news,australia,llama3.2:3b,1.0,"{""category"": ""news"", ""section"": ""australia""}",success,,1,1.1804,967,15,2026-07-23T20:19:21.161018+00:00
2262,news,uk,news,world,llama3.2:3b,1.0,"{""category"": ""news"", ""section"": ""world""}",success,,1,0.8914,941,13,2026-07-23T20:13:43.080360+00:00
2263,news,uk,politics,uk,llama3.2:3b,1.0,"{""category"": ""politics"", ""section"": ""uk""}",success,,1,0.8698,903,14,2026-07-23T20:32:18.265252+00:00
2264,news,europe,news,world,llama3.2:3b,1.0,"{""category"": ""news"", ""section"": ""world""}",success,,1,0.928,906,13,2026-07-23T20:14:40.112385+00:00
2265,news,australia,politics,australia,llama3.2:3b,1.0,"{""category"": ""politics"", ""section"": ""australia""}",success,,1,0.8992,904,16,2026-07-23T20:48:01.561476+00:00
2266,news,uk,news,world,llama3.2:3b,1.0,"{""category"": ""news"", ""section"": ""world""}",success,,1,0.8991,981,13,2026-07-23T20:03:24.548593+00:00
2267,sport,golf,sport,us,llama3.2:3b,1.0,"{""category"": ""sport"", ""section"": ""us""}",success,,1,1.0739,1057,13,2026-07-23T20:39:50.636008+00:00
2269,news,europe,politics,world,llama3.2:3b,1.0,"{""category"": ""politics"", ""section"": ""world""}",success,,1,0.9585,950,14,2026-07-23T20:21:04.049068+00:00
2270,sport,football,sport,football,llama3.2:3b,1.0,"{""category"": ""sport"", ""section"": ""football""}",success,,1,0.8852,911,13,2026-07-23T20:49:29.668578+00:00
2271,sport,golf,sport,us,llama3.2:3b,1.0,"{""category"": ""sport"", ""section"": ""us""}",success,,1,0.9021,1018,13,2026-07-23T20:43:01.476188+00:00
2272,sport,football,entertainment,movies,llama3.2:3b,1.0,"{""category"": ""entertainment"", ""section"": ""movies""}",success,,1,0.9063,552,14,2026-07-23T20:43:48.034544+00:00
2273,news,uk,news,us,llama3.2:3b,1.0,"{""category"": ""news"", ""section"": ""us""}",success,,1,0.8546,771,13,2026-07-23T20:35:46.102307+00:00
2274,news,uk,news,world,llama3.2:3b,1.0,"{""category"": ""news"", ""section"": ""world""}",success,,1,0.9346,912,13,2026-07-23T20:27:30.467026+00:00
2276,sport,golf,sport,us,llama3.2:3b,1.0,"{""category"":""sport"",""section"":""us""}",success,,1,1.0063,1013,10,2026-07-23T20:49:25.176474+00:00
2277,sport,football,sport,football,llama3.2:3b,1.0,"{""category"":""sport"",""section"":""football""}",success,,1,0.9139,971,10,2026-07-23T20:48:32.118924+00:00
2278,sport,golf,sport,us,llama3.2:3b,1.0,"{""category"":""sport"",""section"":""us""}",success,,1,0.918,1014,10,2026-07-23T20:09:42.965586+00:00
2279,news,uk,politics,world,llama3.2:3b,1.0,"{""category"": ""politics"", ""section"": ""world""}",success,,1,0.884,922,14,2026-07-23T20:11:07.311768+00:00
2280,news,uk,politics,uk,llama3.2:3b,1.0,"{""category"": ""politics"", ""section"": ""uk""}",success,,1,0.9261,908,14,2026-07-23T20:39:31.354310+00:00
2281,sport,tennis,sport,us,llama3.2:3b,1.0,"{""category"": ""sport"", ""section"": ""us""}",success,,1,0.9182,954,13,2026-07-23T20:55:56.225848+00:00
2282,sport,football,sport,us,llama3.2:3b,1.0,"{""category"": ""sport"", ""section"": ""us""}",success,,1,0.9327,991,13,2026-07-23T20:30:09.025521+00:00
2283,sport,football,politics,europe,llama3.2:3b,1.0,"{""category"": ""politics"", ""section"": ""europe""}",success,,1,1.0345,972,16,2026-07-23T20:15:58.556483+00:00
2285,sport,sport,sport,asia,llama3.2:3b,1.0,"{""category"": ""sport"", ""section"": ""asia""}",success,,1,0.9158,930,13,2026-07-23T20:44:14.553995+00:00
2286,news,europe,news,world,llama3.2:3b,1.0,"{""category"": ""news"", ""section"": ""world""}",success,,1,0.9243,941,13,2026-07-23T20:15:30.118721+00:00
2288,news,uk,politics,world,llama3.2:3b,1.0,"{""category"": ""politics"", ""section"": ""world""}",success,,1,0.8881,950,14,2026-07-23T20:13:13.670107+00:00
2289,news,europe,politics,world,llama3.2:3b,1.0,"{""category"": ""politics"", ""section"": ""world""}",success,,1,1.0167,931,14,2026-07-23T20:03:55.751038+00:00
2290,sport,sport,sport,us,llama3.2:3b,1.0,"{""category"": ""sport"", ""section"": ""us""}",success,,1,0.9715,961,13,2026-07-23T20:29:06.617344+00:00
2291,sport,sport,sport,us,llama3.2:3b,1.0,"{""category"": ""sport"", ""section"": ""us""}",success,,1,0.9416,993,13,2026-07-23T20:04:34.789738+00:00
2294,sport,football,sport,us,llama3.2:3b,1.0,"{""category"": ""sport"", ""section"": ""us""}",success,,1,0.9544,992,13,2026-07-23T19:59:00.186490+00:00
2296,news,uk,health,world,llama3.2:3b,1.0,"{""category"": ""health"", ""section"": ""world""}",success,,1,0.8693,936,13,2026-07-23T20:05:11.005845+00:00
2297,sport,football,sport,us,llama3.2:3b,1.0,"{""category"": ""sport"", ""section"": ""us""}",success,,1,0.9159,871,13,2026-07-23T20:03:42.115730+00:00
2298,sport,football,sport,football,llama3.2:3b,1.0,"{""category"": ""sport"", ""section"": ""football""}",success,,1,0.9627,988,13,2026-07-23T19:55:06.986335+00:00
2299,news,europe,politics,world,llama3.2:3b,1.0,"{""category"": ""politics"", ""section"": ""world""}",success,,1,0.9413,885,14,2026-07-23T20:05:04.238497+00:00
2300,news,europe,news,world,llama3.2:3b,1.0,"{""category"": ""news"", ""section"": ""world""}",success,,1,0.8714,867,13,2026-07-23T20:34:26.530000+00:00
2302,sport,sport,sport,asia,llama3.2:3b,1.0,"{""category"": ""sport"", ""section"": ""asia""}",success,,1,0.8862,904,13,2026-07-23T20:34:37.843804+00:00
2303,sport,golf,sport,us,llama3.2:3b,1.0,"{""category"":""sport"",""section"":""us""}",success,,1,1.0171,967,10,2026-07-23T20:26:28.999364+00:00
2304,sport,football,sport,us,llama3.2:3b,1.0,"{""category"": ""sport"", ""section"": ""us""}",success,,1,0.8735,880,13,2026-07-23T20:49:55.292680+00:00
2305,news,europe,politics,world,llama3.2:3b,1.0,"{""category"": ""politics"", ""section"": ""world""}",success,,1,1.1541,943,14,2026-07-23T20:39:14.105467+00:00
2306,sport,football,sport,football,llama3.2:3b,1.0,"{""category"": ""sport"", ""section"": ""football""}",success,,1,0.8638,990,13,2026-07-23T20:46:07.989621+00:00
2308,news,uk,news,world,llama3.2:3b,1.0,"{""category"": ""news"", ""section"": ""world""}",success,,1,0.9168,872,13,2026-07-23T20:10:01.687631+00:00
2309,sport,golf,sport,us,llama3.2:3b,1.0,"{""category"": ""sport"", ""section"": ""us""}",success,,1,0.9604,938,13,2026-07-23T20:21:44.247296+00:00
2310,sport,golf,sport,us,llama3.2:3b,1.0,"{""category"": ""sport"", ""section"": ""us""}",success,,1,0.9936,846,13,2026-07-23T20:43:39.354692+00:00
2311,sport,sport,sport,asia,llama3.2:3b,1.0,"{""category"": ""sport"", ""section"": ""asia""}",success,,1,0.8881,614,13,2026-07-23T20:13:45.071029+00:00
2314,news,europe,politics,world,llama3.2:3b,1.0,"{""category"": ""politics"", ""section"": ""world""}",success,,1,1.1251,936,14,2026-07-23T20:21:21.134763+00:00
2315,sport,football,sport,football,llama3.2:3b,1.0,"{""category"": ""sport"", ""section"": ""football""}",success,,1,0.921,979,13,2026-07-23T20:09:35.887713+00:00
2316,news,uk,politics,uk,llama3.2:3b,1.0,"{""category"": ""politics"", ""section"": ""uk""}",success,,1,0.9313,968,14,2026-07-23T19:56:34.954265+00:00
2317,news,europe,news,world,llama3.2:3b,1.0,"{""category"": ""news"", ""section"": ""world""}",success,,1,0.9334,973,13,2026-07-23T20:42:32.422959+00:00
2318,news,europe,news,world,llama3.2:3b,1.0,"{""category"": ""news"", ""section"": ""world""}",success,,1,0.8808,900,13,2026-07-23T20:37:00.185244+00:00
2321,news,uk,news,uk,llama3.2:3b,1.0,"{""category"": ""news"", ""section"": ""uk""}",success,,1,1.006,919,13,2026-07-23T19:55:08.016654+00:00
2322,sport,football,sport,europe,llama3.2:3b,1.0,"{""category"": ""sport"", ""section"": ""europe""}",success,,1,1.1845,930,15,2026-07-23T20:22:45.448423+00:00
2323,sport,tennis,entertainment,us,llama3.2:3b,1.0,"{""category"": ""entertainment"", ""section"": ""us""}",success,,1,1.0159,1040,14,2026-07-23T20:54:16.012095+00:00
2326,sport,football,sport,us,llama3.2:3b,1.0,"{""category"": ""sport"", ""section"": ""us""}",success,,1,0.9352,1001,13,2026-07-23T19:56:18.058110+00:00
2327,sport,football,sport,us,llama3.2:3b,1.0,"{""category"": ""sport"", ""section"": ""us""}",success,,1,0.8874,881,13,2026-07-23T20:08:11.171553+00:00
2329,news,uk,news,uk,llama3.2:3b,1.0,"{""category"": ""news"", ""section"": ""uk""}",success,,1,0.8758,935,13,2026-07-23T20:04:56.323635+00:00
2330,news,europe,politics,europe,llama3.2:3b,1.0,"{""category"": ""politics"", ""section"": ""europe""}",success,,1,0.8944,900,15,2026-07-23T20:48:20.711948+00:00
2331,sport,football,sport,football,llama3.2:3b,1.0,"{""category"": ""sport"", ""section"": ""football""}",success,,1,0.909,1023,13,2026-07-23T20:36:53.825516+00:00
2332,sport,sport,news,world,llama3.2:3b,1.0,"{""category"": ""news"", ""section"": ""world""}",success,,1,0.8391,706,13,2026-07-23T20:05:31.329761+00:00
2333,news,europe,politics,europe,llama3.2:3b,1.0,"{""category"": ""politics"", ""section"": ""europe""}",success,,1,0.9591,943,16,2026-07-23T20:09:34.885162+00:00
2334,news,europe,news,world,llama3.2:3b,1.0,"{""category"": ""news"", ""section"": ""world""}",success,,1,1.3359,924,13,2026-07-23T20:06:51.501738+00:00
2335,news,uk,politics,uk,llama3.2:3b,1.0,"{""category"": ""politics"", ""section"": ""uk""}",success,,1,0.8513,919,14,2026-07-23T20:47:38.701793+00:00
2337,sport,sport,sport,asia,llama3.2:3b,1.0,"{""category"": ""sport"", ""section"": ""asia""}",success,,1,0.905,600,13,2026-07-23T20:06:15.755001+00:00
2338,news,australia,news,australia,llama3.2:3b,1.0,"{""category"": ""news"", ""section"": ""australia""}",success,,1,1.1913,892,15,2026-07-23T20:25:25.002040+00:00
2339,news,europe,politics,europe,llama3.2:3b,1.0,"{""category"": ""politics"", ""section"": ""europe""}",success,,1,0.8993,967,15,2026-07-23T20:40:40.395158+00:00
2340,sport,football,sport,world,llama3.2:3b,1.0,"{""category"": ""sport"", ""section"": ""world""}",success,,1,0.863,838,13,2026-07-23T20:12:31.895038+00:00
2341,news,uk,news,world,llama3.2:3b,1.0,"{""category"": ""news"", ""section"": ""world""}",success,,1,0.8326,730,13,2026-07-23T19:54:03.795825+00:00
2343,sport,sport,news,asia,llama3.2:3b,1.0,"{""category"": ""news"", ""section"": ""asia""}",success,,1,1.0537,783,13,2026-07-23T20:17:44.990613+00:00
2344,sport,golf,sport,us,llama3.2:3b,1.0,"{""category"": ""sport"", ""section"": ""us""}",success,,1,0.9233,700,13,2026-07-23T20:27:34.836118+00:00
2345,news,europe,news,world,llama3.2:3b,1.0,"{""category"": ""news"", ""section"": ""world""}",success,,1,0.9265,946,13,2026-07-23T19:59:02.219605+00:00
2347,sport,football,entertainment,movies,llama3.2:3b,1.0,"{""category"": ""entertainment"", ""section"": ""movies""}",success,,1,1.0137,955,14,2026-07-23T20:45:10.224820+00:00
2348,sport,tennis,news,world,llama3.2:3b,1.0,"{""category"": ""news"", ""section"": ""world""}",success,,1,1.1178,945,13,2026-07-23T19:57:04.179262+00:00
2349,sport,sport,sport,us,llama3.2:3b,1.0,"{""category"": ""sport"", ""section"": ""us""}",success,,1,0.9267,779,13,2026-07-23T20:48:52.511446+00:00
2351,sport,sport,sport,us,llama3.2:3b,1.0,"{""category"": ""sport"", ""section"": ""us""}",success,,1,0.8801,721,13,2026-07-23T20:35:47.142709+00:00
2352,sport,sport,news,us,llama3.2:3b,1.0,"{""category"": ""news"", ""section"": ""us""}",success,,1,0.9009,745,13,2026-07-23T20:30:52.381387+00:00
2353,sport,sport,entertainment,movies,llama3.2:3b,1.0,"{""category"": ""entertainment"", ""section"": ""movies""}",success,,1,0.9252,1015,14,2026-07-23T20:32:31.954874+00:00
2354,sport,football,sport,us,llama3.2:3b,1.0,"{""category"": ""sport"", ""section"": ""us""}",success,,1,0.8905,616,13,2026-07-23T20:07:22.139680+00:00
2358,news,uk,news,uk,llama3.2:3b,1.0,"{""category"": ""news"", ""section"": ""uk""}",success,,1,0.8554,795,13,2026-07-23T20:52:36.966919+00:00
2360,sport,football,sport,us,llama3.2:3b,1.0,"{""category"": ""sport"", ""section"": ""us""}",success,,1,0.9042,933,13,2026-07-23T20:37:39.115824+00:00
2361,news,uk,news,world,llama3.2:3b,1.0,"{""category"": ""news"", ""section"": ""world""}",success,,1,0.8773,784,13,2026-07-23T20:00:20.919393+00:00
2362,news,uk,news,world,llama3.2:3b,1.0,"{""category"": ""news"", ""section"": ""world""}",success,,1,0.8873,830,13,2026-07-23T20:15:49.146373+00:00
2363,sport,golf,sport,us,llama3.2:3b,1.0,"{""category"": ""sport"", ""section"": ""us""}",success,,1,0.9818,966,13,2026-07-23T19:59:41.814997+00:00
2364,news,uk,business,investing,llama3.2:3b,1.0,"{""category"": ""business"", ""section"": ""investing""}",success,,1,0.8473,691,14,2026-07-23T20:54:21.463096+00:00
2365,sport,sport,sport,us,llama3.2:3b,1.0,"{""category"": ""sport"", ""section"": ""us""}",success,,1,0.9178,976,13,2026-07-23T20:37:30.453661+00:00
2366,sport,football,politics,us,llama3.2:3b,1.0,"{""category"": ""politics"", ""section"": ""us""}",success,,1,0.8357,626,14,2026-07-23T20:08:49.752706+00:00
2367,news,europe,politics,world,llama3.2:3b,1.0,"{""category"": ""politics"", ""section"": ""world""}",success,,1,1.249,947,14,2026-07-23T20:17:30.909929+00:00
2369,sport,tennis,sport,tennis,llama3.2:3b,1.0,"{""category"": ""sport"", ""section"": ""tennis""}",success,,1,0.868,1080,14,2026-07-23T20:37:56.784592+00:00
2370,sport,football,entertainment,us,llama3.2:3b,1.0,"{""category"": ""entertainment"", ""section"": ""us""}",success,,1,0.9788,928,14,2026-07-23T19:59:18.722595+00:00
2371,sport,sport,news,us,llama3.2:3b,1.0,"{""category"": ""news"", ""section"": ""us""}",success,,1,1.0073,969,13,2026-07-23T20:28:54.642753+00:00
2372,sport,tennis,sport,us,llama3.2:3b,1.0,"{""category"": ""sport"", ""section"": ""us""}",success,,1,0.8708,802,13,2026-07-23T20:47:21.337112+00:00
2373,sport,football,sport,us,llama3.2:3b,1.0,"{""category"": ""sport"", ""section"": ""us""}",success,,1,0.8519,711,13,2026-07-23T20:42:36.785708+00:00
2374,sport,sport,news,asia,llama3.2:3b,1.0,"{""category"": ""news"", ""section"": ""asia""}",success,,1,0.9319,923,13,2026-07-23T20:26:30.442865+00:00
2375,news,uk,news,world,llama3.2:3b,1.0,"{""category"": ""news"", ""section"": ""world""}",success,,1,0.8543,888,13,2026-07-23T20:36:02.903869+00:00
2376,sport,sport,sport,us,llama3.2:3b,1.0,"{""category"": ""sport"", ""section"": ""us""}",success,,1,0.9361,998,13,2026-07-23T20:14:09.496598+00:00
2377,news,europe,news,world,llama3.2:3b,1.0,"{""category"": ""news"", ""section"": ""world""}",success,,1,0.8601,935,13,2026-07-23T20:26:12.636679+00:00
2380,sport,football,sport,us,llama3.2:3b,1.0,"{""category"": ""sport"", ""section"": ""us""}",success,,1,0.9132,948,13,2026-07-23T20:36:08.208054+00:00
2381,news,uk,news,world,llama3.2:3b,1.0,"{""category"": ""news"", ""section"": ""world""}",success,,1,0.811,622,13,2026-07-23T20:34:46.049816+00:00
2382,sport,football,sport,us,llama3.2:3b,1.0,"{""category"": ""sport"", ""section"": ""us""}",success,,1,0.8468,780,13,2026-07-23T20:50:43.574034+00:00
2383,sport,football,news,world,llama3.2:3b,1.0,"{""category"": ""news"", ""section"": ""world""}",success,,1,0.8608,659,13,2026-07-23T20:14:24.382451+00:00
2386,sport,sport,news,us,llama3.2:3b,1.0,"{""category"": ""news"", ""section"": ""us""}",success,,1,0.8458,972,13,2026-07-23T20:45:06.824221+00:00
2387,news,uk,politics,uk,llama3.2:3b,1.0,"{""category"": ""politics"", ""section"": ""uk""}",success,,1,0.8824,941,14,2026-07-23T20:33:22.599452+00:00
2388,news,europe,news,world,llama3.2:3b,1.0,"{""category"": ""news"", ""section"": ""world""}",success,,1,0.8521,935,13,2026-07-23T20:33:52.964974+00:00
2390,news,europe,news,world,llama3.2:3b,1.0,"{""category"": ""news"", ""section"": ""world""}",success,,1,0.8709,782,13,2026-07-23T20:54:31.965035+00:00
2392,news,uk,news,world,llama3.2:3b,1.0,"{""category"": ""news"", ""section"": ""world""}",success,,1,0.8701,928,13,2026-07-23T20:34:25.496668+00:00
2393,news,europe,news,world,llama3.2:3b,1.0,"{""category"": ""news"", ""section"": ""world""}",success,,1,0.8903,861,13,2026-07-23T20:44:05.369530+00:00
2394,sport,sport,sport,us,llama3.2:3b,1.0,"{""category"": ""sport"", ""section"": ""us""}",success,,1,0.8353,616,13,2026-07-23T20:47:20.268723+00:00
2395,news,europe,news,world,llama3.2:3b,1.0,"{""category"": ""news"", ""section"": ""world""}",success,,1,0.8795,986,13,2026-07-23T20:38:36.294621+00:00
2396,news,europe,news,world,llama3.2:3b,1.0,"{""category"": ""news"", ""section"": ""world""}",success,,1,0.8752,911,13,2026-07-23T19:59:23.622472+00:00
2397,sport,sport,sport,us,llama3.2:3b,1.0,"{""category"": ""sport"", ""section"": ""us""}",success,,1,0.9743,976,13,2026-07-23T20:44:39.183278+00:00
2400,sport,sport,news,us,llama3.2:3b,1.0,"{""category"":""news"",""section"":""us""}",success,,1,0.9496,967,10,2026-07-23T20:01:18.044495+00:00
2401,news,uk,news,world,llama3.2:3b,1.0,"{""category"": ""news"", ""section"": ""world""}",success,,1,0.8607,943,13,2026-07-23T20:49:57.558649+00:00
2402,sport,football,sport,football,llama3.2:3b,1.0,"{""category"": ""sport"", ""section"": ""football""}",success,,1,0.9066,1005,13,2026-07-23T20:48:18.398840+00:00
2405,sport,golf,sport,golf,llama3.2:3b,1.0,"{""category"": ""sport"", ""section"": ""golf""}",success,,1,0.9763,991,14,2026-07-23T19:58:20.553512+00:00
2406,news,europe,news,world,llama3.2:3b,1.0,"{""category"": ""news"", ""section"": ""world""}",success,,1,0.893,961,13,2026-07-23T20:40:35.090063+00:00
2407,news,europe,politics,world,llama3.2:3b,1.0,"{""category"": ""politics"", ""section"": ""world""}",success,,1,0.9577,975,14,2026-07-23T20:10:35.691031+00:00
2408,sport,football,sport,us,llama3.2:3b,1.0,"{""category"": ""sport"", ""section"": ""us""}",success,,1,0.8996,636,13,2026-07-23T20:06:47.572976+00:00
2409,news,europe,news,world,llama3.2:3b,1.0,"{""category"": ""news"", ""section"": ""world""}",success,,1,1.0173,952,13,2026-07-23T20:27:26.118179+00:00
2410,sport,motorsport,sport,football,llama3.2:3b,1.0,"{""category"": ""sport"", ""section"": ""football""}",success,,1,0.9563,901,14,2026-07-23T19:57:06.108635+00:00
2412,sport,sport,sport,us,llama3.2:3b,1.0,"{""category"": ""sport"", ""section"": ""us""}",success,,1,0.8875,976,13,2026-07-23T20:14:20.425772+00:00
2414,sport,motorsport,sport,football,llama3.2:3b,1.0,"{""category"": ""sport"", ""section"": ""football""}",success,,1,0.9107,985,14,2026-07-23T20:33:16.310262+00:00
2415,news,europe,politics,world,llama3.2:3b,1.0,"{""category"": ""politics"", ""section"": ""world""}",success,,1,0.9718,980,14,2026-07-23T20:53:59.886005+00:00
2416,sport,golf,sport,us,llama3.2:3b,1.0,"{""category"": ""sport"", ""section"": ""us""}",success,,1,0.9126,657,13,2026-07-23T20:55:01.458013+00:00
2417,news,uk,news,world,llama3.2:3b,1.0,"{""category"": ""news"", ""section"": ""world""}",success,,1,0.9334,944,13,2026-07-23T20:21:48.384123+00:00
2418,news,europe,politics,world,llama3.2:3b,1.0,"{""category"": ""politics"", ""section"": ""world""}",success,,1,0.8879,968,14,2026-07-23T20:32:45.845792+00:00
2419,sport,football,sport,us,llama3.2:3b,1.0,"{""category"": ""sport"", ""section"": ""us""}",success,,1,0.9074,770,13,2026-07-23T20:45:24.844171+00:00
2421,sport,golf,sport,us,llama3.2:3b,1.0,"{""category"": ""sport"", ""section"": ""us""}",success,,1,0.9126,888,13,2026-07-23T19:59:20.640462+00:00
2422,sport,golf,sport,us,llama3.2:3b,1.0,"{""category"": ""sport"", ""section"": ""us""}",success,,1,0.8412,672,13,2026-07-23T20:51:00.972165+00:00
2423,sport,football,sport,us,llama3.2:3b,1.0,"{""category"": ""sport"", ""section"": ""us""}",success,,1,0.9568,1020,13,2026-07-23T20:49:15.112073+00:00
2424,sport,golf,sport,us,llama3.2:3b,1.0,"{""category"": ""sport"", ""section"": ""us""}",success,,1,0.8938,892,13,2026-07-23T20:47:13.416396+00:00
2425,news,uk,news,world,llama3.2:3b,1.0,"{""category"": ""news"", ""section"": ""world""}",success,,1,0.9073,770,13,2026-07-23T20:22:33.703942+00:00
2426,news,uk,politics,uk,llama3.2:3b,1.0,"{""category"": ""politics"", ""section"": ""uk""}",success,,1,0.8551,931,14,2026-07-23T20:38:56.574357+00:00
2427,sport,golf,sport,us,llama3.2:3b,1.0,"{""category"":""sport"",""section"":""us""}",success,,1,0.8747,999,10,2026-07-23T19:55:16.672011+00:00
2431,news,uk,news,world,llama3.2:3b,1.0,"{""category"": ""news"", ""section"": ""world""}",success,,1,0.9317,934,13,2026-07-23T20:00:35.777756+00:00
2432,news,europe,politics,world,llama3.2:3b,1.0,"{""category"": ""politics"", ""section"": ""world""}",success,,1,1.1076,950,14,2026-07-23T20:25:49.442561+00:00
2433,sport,golf,sport,us,llama3.2:3b,1.0,"{""category"": ""sport"", ""section"": ""us""}",success,,1,0.8967,723,13,2026-07-23T20:46:23.279038+00:00
2434,sport,sport,sport,us,llama3.2:3b,1.0,"{""category"": ""sport"", ""section"": ""us""}",success,,1,1.0221,1060,13,2026-07-23T19:54:32.425465+00:00
2435,news,uk,news,world,llama3.2:3b,1.0,"{""category"": ""news"", ""section"": ""world""}",success,,1,0.947,907,13,2026-07-23T19:58:37.312715+00:00
2436,sport,sport,sport,us,llama3.2:3b,1.0,"{""category"": ""sport"", ""section"": ""us""}",success,,1,0.9178,641,13,2026-07-23T20:46:06.920457+00:00
2437,sport,sport,sport,us,llama3.2:3b,1.0,"{""category"": ""sport"", ""section"": ""us""}",success,,1,0.8291,855,13,2026-07-23T20:49:00.531173+00:00
2438,sport,golf,sport,us,llama3.2:3b,1.0,"{""category"": ""sport"", ""section"": ""us""}",success,,1,0.8232,635,13,2026-07-23T19:54:06.480857+00:00
2439,sport,golf,sport,us,llama3.2:3b,1.0,"{""category"": ""sport"", ""section"": ""us""}",success,,1,0.9608,678,13,2026-07-23T20:39:06.058854+00:00
2440,news,europe,news,world,llama3.2:3b,1.0,"{""category"": ""news"", ""section"": ""world""}",success,,1,0.9356,956,13,2026-07-23T20:16:58.540520+00:00
2442,sport,football,sport,europe,llama3.2:3b,1.0,"{""category"": ""sport"", ""section"": ""europe""}",success,,1,1.1105,913,15,2026-07-23T20:23:50.993699+00:00
2443,sport,sport,sport,asia,llama3.2:3b,1.0,"{""category"": ""sport"", ""section"": ""asia""}",success,,1,0.9604,898,13,2026-07-23T20:03:56.767311+00:00
2445,sport,sport,sport,us,llama3.2:3b,1.0,"{""category"": ""sport"", ""section"": ""us""}",success,,1,0.5841,662,13,2026-07-23T20:50:34.709062+00:00
2447,sport,sport,sport,asia,llama3.2:3b,1.0,"{""category"": ""sport"", ""section"": ""asia""}",success,,1,0.9695,819,13,2026-07-23T20:29:27.922058+00:00
2450,news,australia,news,asia,llama3.2:3b,1.0,"{""category"": ""news"", ""section"": ""asia""}",success,,1,0.8616,958,13,2026-07-23T20:38:33.116515+00:00
2451,news,uk,news,uk,llama3.2:3b,1.0,"{""category"": ""news"", ""section"": ""uk""}",success,,1,0.9461,857,13,2026-07-23T20:23:11.291830+00:00
2452,sport,tennis,sport,us,llama3.2:3b,1.0,"{""category"": ""sport"", ""section"": ""us""}",success,,1,0.8027,562,13,2026-07-23T20:50:58.825494+00:00
2453,news,australia,news,australia,llama3.2:3b,1.0,"{""category"": ""news"", ""section"": ""australia""}",success,,1,0.8651,685,15,2026-07-23T20:23:33.692530+00:00
2454,sport,sport,business,investing,llama3.2:3b,1.0,"{""category"": ""business"", ""section"": ""investing""}",success,,1,0.9158,958,14,2026-07-23T20:32:52.987601+00:00
2455,sport,sport,news,asia,llama3.2:3b,1.0,"{""category"": ""news"", ""section"": ""asia""}",success,,1,0.9543,964,13,2026-07-23T20:00:17.981447+00:00
2456,sport,sport,sport,us,llama3.2:3b,1.0,"{""category"": ""sport"", ""section"": ""us""}",success,,1,0.8315,528,13,2026-07-23T20:32:57.142309+00:00
2458,sport,sport,entertainment,us,llama3.2:3b,1.0,"{""category"": ""entertainment"", ""section"": ""us""}",success,,1,0.9196,951,14,2026-07-23T20:29:47.790392+00:00
2459,sport,football,sport,football,llama3.2:3b,1.0,"{""category"":""sport"",""section"":""football""}",success,,1,0.919,968,10,2026-07-23T20:43:23.666213+00:00
2460,sport,sport,sport,us,llama3.2:3b,1.0,"{""category"": ""sport"", ""section"": ""us""}",success,,1,0.9153,861,13,2026-07-23T20:53:46.762902+00:00
2461,sport,sport,news,world,llama3.2:3b,1.0,"{""category"": ""news"", ""section"": ""world""}",success,,1,1.1213,953,13,2026-07-23T20:09:23.937085+00:00
2463,sport,football,sport,us,llama3.2:3b,1.0,"{""category"": ""sport"", ""section"": ""us""}",success,,1,0.857,857,13,2026-07-23T20:32:11.917980+00:00
2465,sport,sport,news,us,llama3.2:3b,1.0,"{""category"": ""news"", ""section"": ""us""}",success,,1,0.9401,902,13,2026-07-23T20:33:04.479819+00:00
2466,sport,tennis,sport,us,llama3.2:3b,1.0,"{""category"": ""sport"", ""section"": ""us""}",success,,1,0.8992,866,13,2026-07-23T20:35:57.690560+00:00
2467,sport,football,sport,us,llama3.2:3b,1.0,"{""category"": ""sport"", ""section"": ""us""}",success,,1,0.9337,957,13,2026-07-23T19:53:33.245471+00:00
2468,sport,football,sport,football,llama3.2:3b,1.0,"{""category"": ""sport"", ""section"": ""football""}",success,,1,1.0078,836,13,2026-07-23T20:02:20.038853+00:00
2469,sport,sport,news,us,llama3.2:3b,1.0,"{""category"": ""news"", ""section"": ""us""}",success,,1,0.9588,861,13,2026-07-23T20:51:13.672661+00:00
2470,sport,football,sport,us,llama3.2:3b,1.0,"{""category"": ""sport"", ""section"": ""us""}",success,,1,0.8575,945,13,2026-07-23T20:30:02.762043+00:00
2471,sport,sport,sport,us,llama3.2:3b,1.0,"{""category"": ""sport"", ""section"": ""us""}",success,,1,1.056,961,13,2026-07-23T20:06:34.438125+00:00
2472,news,uk,politics,uk,llama3.2:3b,1.0,"{""category"": ""politics"", ""section"": ""uk""}",success,,1,0.8679,910,14,2026-07-23T20:32:48.937500+00:00
2473,sport,sport,news,us,llama3.2:3b,1.0,"{""category"": ""news"", ""section"": ""us""}",success,,1,1.0011,947,13,2026-07-23T20:16:29.435765+00:00
2474,news,uk,entertainment,us,llama3.2:3b,1.0,"{""category"": ""entertainment"", ""section"": ""us""}",success,,1,0.8504,928,14,2026-07-23T20:30:14.191464+00:00
2475,sport,football,sport,uk,llama3.2:3b,1.0,"{""category"": ""sport"", ""section"": ""uk""}",success,,1,0.8758,929,13,2026-07-23T20:35:58.715581+00:00
2478,news,uk,politics,uk,llama3.2:3b,1.0,"{""category"": ""politics"", ""section"": ""uk""}",success,,1,0.9517,966,14,2026-07-23T20:41:29.553192+00:00
2479,news,uk,news,world,llama3.2:3b,1.0,"{""category"": ""news"", ""section"": ""world""}",success,,1,0.8954,940,13,2026-07-23T20:20:22.554327+00:00
2480,sport,sport,sport,asia,llama3.2:3b,1.0,"{""category"": ""sport"", ""section"": ""asia""}",success,,1,0.9194,925,13,2026-07-23T20:17:54.431981+00:00
2481,sport,football,sport,world,llama3.2:3b,1.0,"{""category"": ""sport"", ""section"": ""world""}",success,,1,0.9724,618,13,2026-07-23T20:22:18.124702+00:00
2482,sport,sport,sport,us,llama3.2:3b,1.0,"{""category"": ""sport"", ""section"": ""us""}",success,,1,0.865,828,13,2026-07-23T20:29:38.396112+00:00
2483,sport,football,sport,world,llama3.2:3b,1.0,"{""category"": ""sport"", ""section"": ""world""}",success,,1,0.9478,778,13,2026-07-23T20:08:54.867804+00:00
2484,sport,sport,news,us,llama3.2:3b,1.0,"{""category"": ""news"", ""section"": ""us""}",success,,1,0.9152,1004,13,2026-07-23T19:58:40.195729+00:00
2485,sport,football,sport,football,llama3.2:3b,1.0,"{""category"": ""sport"", ""section"": ""football""}",success,,1,0.9338,1039,13,2026-07-23T20:16:09.193671+00:00
2488,sport,football,sport,us,llama3.2:3b,1.0,"{""category"": ""sport"", ""section"": ""us""}",success,,1,1.0384,978,13,2026-07-23T20:08:05.443273+00:00
2490,news,uk,politics,uk,llama3.2:3b,1.0,"{""category"": ""politics"", ""section"": ""uk""}",success,,1,0.8693,926,14,2026-07-23T20:35:15.168434+00:00
2491,sport,football,sport,football,llama3.2:3b,1.0,"{""category"": ""sport"", ""section"": ""football""}",success,,1,0.93,995,13,2026-07-23T20:15:51.970276+00:00
2493,sport,sport,sport,us,llama3.2:3b,1.0,"{""category"": ""sport"", ""section"": ""us""}",success,,1,0.9211,998,13,2026-07-23T19:56:49.488742+00:00
2494,sport,sport,sport,us,llama3.2:3b,1.0,"{""category"": ""sport"", ""section"": ""us""}",success,,1,1.0,801,13,2026-07-23T20:24:11.247337+00:00
2495,news,europe,news,world,llama3.2:3b,1.0,"{""category"": ""news"", ""section"": ""world""}",success,,1,0.909,819,13,2026-07-23T20:30:21.606177+00:00
2496,news,australia,news,australia,llama3.2:3b,1.0,"{""category"": ""news"", ""section"": ""australia""}",success,,1,0.9082,938,15,2026-07-23T20:12:06.096415+00:00
2497,sport,football,news,world,llama3.2:3b,1.0,"{""category"": ""news"", ""section"": ""world""}",success,,1,0.9941,947,13,2026-07-23T20:41:51.896107+00:00
2498,news,uk,politics,uk,llama3.2:3b,1.0,"{""category"": ""politics"", ""section"": ""uk""}",success,,1,0.9065,914,14,2026-07-23T20:11:46.540631+00:00
2499,sport,football,sport,us,llama3.2:3b,1.0,"{""category"": ""sport"", ""section"": ""us""}",success,,1,0.9183,823,13,2026-07-23T19:59:35.008018+00:00
2500,news,uk,politics,uk,llama3.2:3b,1.0,"{""category"": ""politics"", ""section"": ""uk""}",success,,1,0.9716,888,14,2026-07-23T20:55:40.341348+00:00
2501,sport,sport,news,asia,llama3.2:3b,1.0,"{""category"": ""news"", ""section"": ""asia""}",success,,1,0.8471,716,13,2026-07-23T20:10:21.762855+00:00
2503,sport,football,sport,us,llama3.2:3b,1.0,"{""category"": ""sport"", ""section"": ""us""}",success,,1,1.1399,759,13,2026-07-23T20:06:20.595011+00:00
2504,news,europe,news,world,llama3.2:3b,1.0,"{""category"": ""news"", ""section"": ""world""}",success,,1,0.8377,691,13,2026-07-23T20:46:36.262046+00:00
2505,sport,motorsport,entertainment,movies,llama3.2:3b,1.0,"{""category"": ""entertainment"", ""section"": ""movies""}",success,,1,1.0026,1013,14,2026-07-23T20:42:26.513723+00:00
2506,news,europe,politics,europe,llama3.2:3b,1.0,"{""category"": ""politics"", ""section"": ""europe""}",success,,1,1.0194,1012,16,2026-07-23T20:02:55.473353+00:00
2507,news,europe,news,world,llama3.2:3b,1.0,"{""category"": ""news"", ""section"": ""world""}",success,,1,0.8891,866,13,2026-07-23T20:00:40.524869+00:00
2508,sport,sport,sport,us,llama3.2:3b,1.0,"{""category"": ""sport"", ""section"": ""us""}",success,,1,0.8197,747,13,2026-07-23T20:08:42.055705+00:00
2509,sport,sport,sport,us,llama3.2:3b,1.0,"{""category"": ""sport"", ""section"": ""us""}",success,,1,0.926,968,13,2026-07-23T20:47:46.873838+00:00
2510,news,uk,news,world,llama3.2:3b,1.0,"{""category"": ""news"", ""section"": ""world""}",success,,1,0.9884,998,13,2026-07-23T20:17:59.839141+00:00
2511,news,europe,news,world,llama3.2:3b,1.0,"{""category"": ""news"", ""section"": ""world""}",success,,1,0.9088,995,13,2026-07-23T20:02:27.620087+00:00
2512,sport,football,sport,europe,llama3.2:3b,1.0,"{""category"": ""sport"", ""section"": ""europe""}",success,,1,0.9884,864,15,2026-07-23T20:37:35.915537+00:00
2513,sport,golf,sport,us,llama3.2:3b,1.0,"{""category"": ""sport"", ""section"": ""us""}",success,,1,0.8997,1019,13,2026-07-23T20:35:44.031908+00:00
2514,sport,sport,entertainment,us,llama3.2:3b,1.0,"{""category"": ""entertainment"", ""section"": ""us""}",success,,1,0.7384,517,14,2026-07-23T20:11:43.552400+00:00
2515,news,europe,politics,world,llama3.2:3b,1.0,"{""category"": ""politics"", ""section"": ""world""}",success,,1,1.1898,993,14,2026-07-23T20:34:14.209511+00:00
2516,news,europe,politics,uk,llama3.2:3b,1.0,"{""category"": ""politics"", ""section"": ""uk""}",success,,1,0.9367,945,14,2026-07-23T20:17:53.158490+00:00
2518,news,europe,news,world,llama3.2:3b,1.0,"{""category"": ""news"", ""section"": ""world""}",success,,1,1.2786,944,13,2026-07-23T20:23:07.219745+00:00
2519,sport,football,politics,us,llama3.2:3b,1.0,"{""category"": ""politics"", ""section"": ""us""}",success,,1,0.9231,983,14,2026-07-23T20:47:01.260216+00:00
2521,sport,sport,sport,us,llama3.2:3b,1.0,"{""category"": ""sport"", ""section"": ""us""}",success,,1,0.9641,809,13,2026-07-23T20:03:04.346165+00:00
2523,sport,sport,news,us,llama3.2:3b,1.0,"{""category"": ""news"", ""section"": ""us""}",success,,1,0.916,959,13,2026-07-23T20:29:40.512784+00:00
2525,news,europe,news,world,llama3.2:3b,1.0,"{""category"": ""news"", ""section"": ""world""}",success,,1,0.8791,892,13,2026-07-23T20:03:37.252884+00:00
2526,sport,motorsport,sport,us,llama3.2:3b,1.0,"{""category"": ""sport"", ""section"": ""us""}",success,,1,0.9086,1023,13,2026-07-23T20:26:48.216832+00:00
2527,sport,sport,sport,us,llama3.2:3b,1.0,"{""category"": ""sport"", ""section"": ""us""}",success,,1,0.9125,533,13,2026-07-23T20:21:18.236735+00:00
2528,news,uk,entertainment,us,llama3.2:3b,1.0,"{""category"": ""entertainment"", ""section"": ""us""}",success,,1,1.0122,933,14,2026-07-23T20:21:12.659438+00:00
2529,news,europe,news,world,llama3.2:3b,1.0,"{""category"": ""news"", ""section"": ""world""}",success,,1,1.2698,738,13,2026-07-23T20:24:25.553932+00:00
2530,news,europe,business,investing,llama3.2:3b,1.0,"{""category"": ""business"", ""section"": ""investing""}",success,,1,0.849,738,14,2026-07-23T20:47:12.325087+00:00
2531,news,europe,news,world,llama3.2:3b,1.0,"{""category"": ""news"", ""section"": ""world""}",success,,1,0.876,727,13,2026-07-23T19:58:58.208382+00:00
2532,sport,football,sport,world,llama3.2:3b,1.0,"{""category"": ""sport"", ""section"": ""world""}",success,,1,0.8547,798,13,2026-07-23T19:54:54.503648+00:00
2535,sport,sport,sport,us,llama3.2:3b,1.0,"{""category"": ""sport"", ""section"": ""us""}",success,,1,0.9834,1037,13,2026-07-23T20:53:39.532234+00:00
2537,sport,sport,news,world,llama3.2:3b,1.0,"{""category"": ""news"", ""section"": ""world""}",success,,1,0.9124,781,13,2026-07-23T19:57:52.923708+00:00
2538,sport,sport,sport,us,llama3.2:3b,1.0,"{""category"": ""sport"", ""section"": ""us""}",success,,1,0.861,963,13,2026-07-23T20:46:12.327617+00:00
2539,sport,football,sport,football,llama3.2:3b,1.0,"{""category"":""sport"",""section"":""football""}",success,,1,0.85,993,10,2026-07-23T19:53:41.626567+00:00
2540,sport,football,entertainment,us,llama3.2:3b,1.0,"{""category"": ""entertainment"", ""section"": ""us""}",success,,1,0.8841,743,14,2026-07-23T20:36:16.703771+00:00
2541,news,europe,politics,world,llama3.2:3b,1.0,"{""category"": ""politics"", ""section"": ""world""}",success,,1,0.9425,900,14,2026-07-23T20:28:28.047770+00:00
2542,news,uk,politics,world,llama3.2:3b,1.0,"{""category"": ""politics"", ""section"": ""world""}",success,,1,0.9238,942,14,2026-07-23T20:10:36.697188+00:00
2543,news,europe,news,world,llama3.2:3b,1.0,"{""category"": ""news"", ""section"": ""world""}",success,,1,0.9186,955,13,2026-07-23T19:59:15.737967+00:00
2544,sport,football,sport,football,llama3.2:3b,1.0,"{""category"": ""sport"", ""section"": ""football""}",success,,1,0.8529,984,13,2026-07-23T20:48:08.208010+00:00
2545,news,uk,politics,us,llama3.2:3b,1.0,"{""category"": ""politics"", ""section"": ""us""}",success,,1,1.0464,785,14,2026-07-23T20:06:08.884827+00:00
2547,sport,football,sport,us,llama3.2:3b,1.0,"{""category"":""sport"",""section"":""us""}",success,,1,0.8351,956,10,2026-07-23T20:34:02.396865+00:00
2548,sport,tennis,news,world,llama3.2:3b,1.0,"{""category"": ""news"", ""section"": ""world""}",success,,1,0.9241,949,13,2026-07-23T20:04:48.536559+00:00
2549,sport,sport,sport,us,llama3.2:3b,1.0,"{""category"": ""sport"", ""section"": ""us""}",success,,1,0.8821,659,13,2026-07-23T20:33:53.995402+00:00
2550,sport,football,sport,us,llama3.2:3b,1.0,"{""category"": ""sport"", ""section"": ""us""}",success,,1,0.8996,923,13,2026-07-23T20:01:06.632477+00:00
2553,news,europe,news,world,llama3.2:3b,1.0,"{""category"": ""news"", ""section"": ""world""}",success,,1,0.8535,973,13,2026-07-23T20:48:53.569330+00:00
2554,news,europe,news,world,llama3.2:3b,1.0,"{""category"": ""news"", ""section"": ""world""}",success,,1,0.9439,897,13,2026-07-23T20:43:57.245410+00:00
2555,sport,sport,sport,us,llama3.2:3b,1.0,"{""category"": ""sport"", ""section"": ""us""}",success,,1,0.9473,964,13,2026-07-23T20:51:44.579762+00:00
2556,sport,football,sport,us,llama3.2:3b,1.0,"{""category"": ""sport"", ""section"": ""us""}",success,,1,0.8727,957,13,2026-07-23T20:03:46.009579+00:00
2557,sport,sport,sport,us,llama3.2:3b,1.0,"{""category"": ""sport"", ""section"": ""us""}",success,,1,0.8842,958,13,2026-07-23T20:00:09.449498+00:00
2558,sport,sport,sport,asia,llama3.2:3b,1.0,"{""category"": ""sport"", ""section"": ""asia""}",success,,1,0.9728,913,13,2026-07-23T20:09:36.934728+00:00
2559,sport,sport,sport,us,llama3.2:3b,1.0,"{""category"": ""sport"", ""section"": ""us""}",success,,1,0.9011,810,13,2026-07-23T20:02:03.655139+00:00
2560,sport,tennis,sport,us,llama3.2:3b,1.0,"{""category"": ""sport"", ""section"": ""us""}",success,,1,0.9265,710,13,2026-07-23T20:04:17.542120+00:00
2562,sport,sport,sport,us,llama3.2:3b,1.0,"{""category"": ""sport"", ""section"": ""us""}",success,,1,0.9694,992,13,2026-07-23T20:36:59.137863+00:00
2563,sport,football,sport,europe,llama3.2:3b,1.0,"{""category"": ""sport"", ""section"": ""europe""}",success,,1,1.0729,901,15,2026-07-23T20:08:20.561890+00:00
2565,sport,sport,sport,us,llama3.2:3b,1.0,"{""category"": ""sport"", ""section"": ""us""}",success,,1,0.8732,820,13,2026-07-23T20:30:18.395941+00:00
2566,news,europe,news,world,llama3.2:3b,1.0,"{""category"": ""news"", ""section"": ""world""}",success,,1,0.8829,994,13,2026-07-23T20:50:41.128635+00:00
2567,news,uk,entertainment,us,llama3.2:3b,1.0,"{""category"": ""entertainment"", ""section"": ""us""}",success,,1,0.914,713,14,2026-07-23T19:59:16.698635+00:00
2569,sport,sport,sport,us,llama3.2:3b,1.0,"{""category"": ""sport"", ""section"": ""us""}",success,,1,0.9138,603,13,2026-07-23T20:16:11.829544+00:00
2570,sport,football,sport,us,llama3.2:3b,1.0,"{""category"": ""sport"", ""section"": ""us""}",success,,1,0.935,901,13,2026-07-23T20:31:46.599935+00:00
2571,sport,football,sport,us,llama3.2:3b,1.0,"{""category"": ""sport"", ""section"": ""us""}",success,,1,0.8474,894,13,2026-07-23T20:12:28.873028+00:00
2572,news,europe,news,world,llama3.2:3b,1.0,"{""category"": ""news"", ""section"": ""world""}",success,,1,0.9296,932,13,2026-07-23T20:04:52.577996+00:00
2573,sport,sport,sport,us,llama3.2:3b,1.0,"{""category"": ""sport"", ""section"": ""us""}",success,,1,1.2147,1016,13,2026-07-23T20:15:47.910075+00:00
2575,sport,football,sport,football,llama3.2:3b,1.0,"{""category"": ""sport"", ""section"": ""football""}",success,,1,0.9525,995,13,2026-07-23T20:49:36.487965+00:00
2576,news,europe,news,world,llama3.2:3b,1.0,"{""category"": ""news"", ""section"": ""world""}",success,,1,0.9044,885,13,2026-07-23T20:30:29.054472+00:00
2577,sport,football,news,us,llama3.2:3b,1.0,"{""category"": ""news"", ""section"": ""us""}",success,,1,0.9351,955,13,2026-07-23T20:41:41.047299+00:00
2579,sport,sport,politics,asia,llama3.2:3b,1.0,"{""category"": ""politics"", ""section"": ""asia""}",success,,1,0.9721,955,14,2026-07-23T20:51:26.608577+00:00
2580,sport,motorsport,sport,us,llama3.2:3b,1.0,"{""category"": ""sport"", ""section"": ""us""}",success,,1,0.8311,586,13,2026-07-23T20:37:23.119025+00:00
2582,news,uk,news,world,llama3.2:3b,1.0,"{""category"": ""news"", ""section"": ""world""}",success,,1,0.8966,826,13,2026-07-23T20:31:34.680348+00:00
2583,sport,football,sport,us,llama3.2:3b,1.0,"{""category"": ""sport"", ""section"": ""us""}",success,,1,0.8722,980,13,2026-07-23T20:48:43.639244+00:00
2584,sport,sport,entertainment,movies,llama3.2:3b,1.0,"{""category"": ""entertainment"", ""section"": ""movies""}",success,,1,0.8944,1030,14,2026-07-23T20:40:56.227433+00:00
2585,news,uk,news,world,llama3.2:3b,1.0,"{""category"": ""news"", ""section"": ""world""}",success,,1,0.831,705,13,2026-07-23T20:49:40.992969+00:00
2586,news,uk,entertainment,us,llama3.2:3b,1.0,"{""category"": ""entertainment"", ""section"": ""us""}",success,,1,0.9019,944,14,2026-07-23T20:56:02.347586+00:00
2587,sport,sport,sport,us,llama3.2:3b,1.0,"{""category"": ""sport"", ""section"": ""us""}",success,,1,0.915,975,13,2026-07-23T20:11:11.254158+00:00
2589,sport,sport,sport,asia,llama3.2:3b,1.0,"{""category"": ""sport"", ""section"": ""asia""}",success,,1,0.9247,982,13,2026-07-23T20:35:52.411751+00:00
2590,news,europe,news,world,llama3.2:3b,1.0,"{""category"": ""news"", ""section"": ""world""}",success,,1,0.8813,1030,13,2026-07-23T20:36:21.000410+00:00
2591,sport,football,sport,us,llama3.2:3b,1.0,"{""category"": ""sport"", ""section"": ""us""}",success,,1,0.8558,966,13,2026-07-23T20:13:39.098571+00:00
2592,sport,tennis,sport,us,llama3.2:3b,1.0,"{""category"": ""sport"", ""section"": ""us""}",success,,1,1.0099,1008,13,2026-07-23T20:48:26.382560+00:00
2593,sport,sport,business,us,llama3.2:3b,1.0,"{""category"": ""business"", ""section"": ""us""}",success,,1,0.8498,586,13,2026-07-23T20:05:45.720654+00:00
2594,news,europe,politics,world,llama3.2:3b,1.0,"{""category"": ""politics"", ""section"": ""world""}",success,,1,1.0247,922,14,2026-07-23T20:31:44.524862+00:00
2595,sport,tennis,sport,us,llama3.2:3b,1.0,"{""category"": ""sport"", ""section"": ""us""}",success,,1,0.865,982,13,2026-07-23T20:34:52.410606+00:00
2596,sport,sport,sport,us,llama3.2:3b,1.0,"{""category"": ""sport"", ""section"": ""us""}",success,,1,0.8833,997,13,2026-07-23T20:00:55.991789+00:00
2598,sport,sport,sport,world,llama3.2:3b,1.0,"{""category"": ""sport"", ""section"": ""world""}",success,,1,0.8192,781,13,2026-07-23T20:04:10.442527+00:00
2599,sport,sport,sport,us,llama3.2:3b,1.0,"{""category"": ""sport"", ""section"": ""us""}",success,,1,0.846,693,13,2026-07-23T20:22:38.270035+00:00
2600,sport,sport,entertainment,us,llama3.2:3b,1.0,"{""category"": ""entertainment"", ""section"": ""us""}",success,,1,0.9329,834,14,2026-07-23T20:40:49.618279+00:00
2601,news,uk,politics,uk,llama3.2:3b,1.0,"{""category"": ""politics"", ""section"": ""uk""}",success,,1,0.861,893,14,2026-07-23T20:05:48.622848+00:00
2602,sport,sport,sport,us,llama3.2:3b,1.0,"{""category"": ""sport"", ""section"": ""us""}",success,,1,0.9498,1000,13,2026-07-23T20:04:06.645161+00:00
2603,sport,tennis,sport,us,llama3.2:3b,1.0,"{""category"": ""sport"", ""section"": ""us""}",success,,1,0.9576,1001,13,2026-07-23T20:48:30.986161+00:00
2604,news,europe,news,world,llama3.2:3b,1.0,"{""category"": ""news"", ""section"": ""world""}",success,,1,0.8728,960,13,2026-07-23T19:56:08.071227+00:00
2605,sport,tennis,sport,us,llama3.2:3b,1.0,"{""category"": ""sport"", ""section"": ""us""}",success,,1,0.9275,791,13,2026-07-23T20:35:17.314408+00:00
2606,sport,football,sport,us,llama3.2:3b,1.0,"{""category"": ""sport"", ""section"": ""us""}",success,,1,0.9424,711,13,2026-07-23T20:41:22.682814+00:00
2607,news,uk,news,us,llama3.2:3b,1.0,"{""category"": ""news"", ""section"": ""us""}",success,,1,0.8653,825,13,2026-07-23T20:46:42.053477+00:00
2608,news,australia,news,australia,llama3.2:3b,1.0,"{""category"": ""news"", ""section"": ""australia""}",success,,1,1.2748,975,15,2026-07-23T20:39:48.747365+00:00
2609,sport,tennis,sport,us,llama3.2:3b,1.0,"{""category"": ""sport"", ""section"": ""us""}",success,,1,0.9082,989,13,2026-07-23T20:29:39.442823+00:00
2610,sport,football,sport,football,llama3.2:3b,1.0,"{""category"": ""sport"", ""section"": ""football""}",success,,1,0.8202,957,13,2026-07-23T20:13:05.344684+00:00
2611,news,europe,sport,tennis,llama3.2:3b,1.0,"{""category"": ""sport"", ""section"": ""tennis""}",success,,1,1.0557,1017,14,2026-07-23T20:48:13.776155+00:00
2613,news,australia,news,world,llama3.2:3b,1.0,"{""category"": ""news"", ""section"": ""world""}",success,,1,0.927,899,13,2026-07-23T19:54:02.002460+00:00
2614,sport,tennis,sport,us,llama3.2:3b,1.0,"{""category"": ""sport"", ""section"": ""us""}",success,,1,0.9006,745,13,2026-07-23T19:56:10.945162+00:00
2615,news,europe,politics,europe,llama3.2:3b,1.0,"{""category"": ""politics"", ""section"": ""europe""}",success,,1,1.3203,931,16,2026-07-23T20:07:33.475263+00:00
2616,sport,tennis,sport,us,llama3.2:3b,1.0,"{""category"": ""sport"", ""section"": ""us""}",success,,1,0.8438,970,13,2026-07-23T20:14:18.476027+00:00
2617,sport,sport,sport,us,llama3.2:3b,1.0,"{""category"": ""sport"", ""section"": ""us""}",success,,1,0.9386,873,13,2026-07-23T20:17:01.243536+00:00
2618,sport,sport,sport,us,llama3.2:3b,1.0,"{""category"": ""sport"", ""section"": ""us""}",success,,1,0.8454,604,13,2026-07-23T20:37:53.673626+00:00
2619,sport,golf,sport,us,llama3.2:3b,1.0,"{""category"": ""sport"", ""section"": ""us""}",success,,1,0.8521,1002,13,2026-07-23T20:19:19.539182+00:00
2621,sport,football,sport,europe,llama3.2:3b,1.0,"{""category"": ""sport"", ""section"": ""europe""}",success,,1,0.9105,934,15,2026-07-23T20:05:18.752035+00:00
2622,news,europe,politics,europe,llama3.2:3b,1.0,"{""category"": ""politics"", ""section"": ""europe""}",success,,1,0.8529,723,15,2026-07-23T20:45:34.729262+00:00
2624,sport,football,sport,football,llama3.2:3b,1.0,"{""category"": ""sport"", ""section"": ""football""}",success,,1,0.9604,984,13,2026-07-23T19:55:03.190555+00:00
2625,sport,sport,sport,us,llama3.2:3b,1.0,"{""category"": ""sport"", ""section"": ""us""}",success,,1,1.0621,591,13,2026-07-23T20:20:21.218840+00:00
2626,sport,sport,sport,us,llama3.2:3b,1.0,"{""category"": ""sport"", ""section"": ""us""}",success,,1,0.9315,1001,13,2026-07-23T20:49:39.957497+00:00
2628,news,europe,politics,europe,llama3.2:3b,1.0,"{""category"": ""politics"", ""section"": ""europe""}",success,,1,0.9142,956,15,2026-07-23T20:06:01.396535+00:00
2629,sport,tennis,sport,us,llama3.2:3b,1.0,"{""category"": ""sport"", ""section"": ""us""}",success,,1,0.935,667,13,2026-07-23T19:55:51.391788+00:00
2630,sport,football,sport,europe,llama3.2:3b,1.0,"{""category"": ""sport"", ""section"": ""europe""}",success,,1,0.9489,917,14,2026-07-23T20:22:42.418918+00:00
2631,news,uk,news,world,llama3.2:3b,1.0,"{""category"": ""news"", ""section"": ""world""}",success,,1,0.8344,838,13,2026-07-23T20:07:37.402789+00:00
2632,news,europe,news,world,llama3.2:3b,1.0,"{""category"": ""news"", ""section"": ""world""}",success,,1,0.8644,555,13,2026-07-23T20:22:58.453552+00:00
2634,sport,football,sport,football,llama3.2:3b,1.0,"{""category"": ""sport"", ""section"": ""football""}",success,,1,0.8969,961,13,2026-07-23T20:38:34.185565+00:00
2635,news,europe,news,world,llama3.2:3b,1.0,"{""category"": ""news"", ""section"": ""world""}",success,,1,0.8168,640,13,2026-07-23T20:23:58.364214+00:00
2637,sport,football,sport,europe,llama3.2:3b,1.0,"{""category"": ""sport"", ""section"": ""europe""}",success,,1,0.8323,975,14,2026-07-23T20:43:49.057012+00:00
2638,news,uk,politics,uk,llama3.2:3b,1.0,"{""category"": ""politics"", ""section"": ""uk""}",success,,1,0.894,905,14,2026-07-23T20:47:04.564202+00:00
2639,news,australia,news,world,llama3.2:3b,1.0,"{""category"": ""news"", ""section"": ""world""}",success,,1,0.8068,513,13,2026-07-23T20:10:24.678967+00:00
2642,sport,sport,sport,us,llama3.2:3b,1.0,"{""category"": ""sport"", ""section"": ""us""}",success,,1,0.8112,643,13,2026-07-23T20:14:03.421973+00:00
2644,sport,sport,news,world,llama3.2:3b,1.0,"{""category"": ""news"", ""section"": ""world""}",success,,1,0.8861,697,13,2026-07-23T19:58:12.104183+00:00
2645,sport,sport,sport,us,llama3.2:3b,1.0,"{""category"": ""sport"", ""section"": ""us""}",success,,1,0.9516,865,13,2026-07-23T20:11:48.630256+00:00
2646,sport,golf,sport,us,llama3.2:3b,1.0,"{""category"": ""sport"", ""section"": ""us""}",success,,1,0.9092,888,13,2026-07-23T19:57:57.823881+00:00
2647,sport,sport,news,us,llama3.2:3b,1.0,"{""category"": ""news"", ""section"": ""us""}",success,,1,0.9724,886,13,2026-07-23T20:28:36.526008+00:00
2648,news,uk,news,world,llama3.2:3b,1.0,"{""category"": ""news"", ""section"": ""world""}",success,,1,0.9555,889,13,2026-07-23T20:44:25.755032+00:00
2649,sport,football,sport,europe,llama3.2:3b,1.0,"{""category"": ""sport"", ""section"": ""europe""}",success,,1,0.8974,975,14,2026-07-23T20:31:49.752091+00:00
2650,news,europe,politics,world,llama3.2:3b,1.0,"{""category"": ""politics"", ""section"": ""world""}",success,,1,0.8564,914,14,2026-07-23T20:24:32.763407+00:00
2652,news,europe,politics,europe,llama3.2:3b,1.0,"{""category"": ""politics"", ""section"": ""europe""}",success,,1,0.974,936,16,2026-07-23T20:00:54.086184+00:00
2653,news,europe,politics,world,llama3.2:3b,1.0,"{""category"": ""politics"", ""section"": ""world""}",success,,1,0.8901,929,14,2026-07-23T20:34:15.256688+00:00
2655,sport,tennis,sport,us,llama3.2:3b,1.0,"{""category"": ""sport"", ""section"": ""us""}",success,,1,0.8396,543,13,2026-07-23T20:10:05.510563+00:00
2656,news,europe,news,world,llama3.2:3b,1.0,"{""category"": ""news"", ""section"": ""world""}",success,,1,0.8876,508,13,2026-07-23T20:42:43.790162+00:00
2657,sport,sport,news,us,llama3.2:3b,1.0,"{""category"": ""news"", ""section"": ""us""}",success,,1,1.0466,867,13,2026-07-23T20:46:57.941956+00:00
2658,news,uk,news,world,llama3.2:3b,1.0,"{""category"": ""news"", ""section"": ""world""}",success,,1,0.8758,922,13,2026-07-23T20:40:10.545946+00:00
2659,sport,football,sport,us,llama3.2:3b,1.0,"{""category"": ""sport"", ""section"": ""us""}",success,,1,1.0019,731,13,2026-07-23T20:21:41.545934+00:00
2660,news,europe,news,world,llama3.2:3b,1.0,"{""category"": ""news"", ""section"": ""world""}",success,,1,0.8905,885,13,2026-07-23T20:04:57.280179+00:00
2661,sport,football,sport,football,llama3.2:3b,1.0,"{""category"": ""sport"", ""section"": ""football""}",success,,1,0.9105,958,13,2026-07-23T20:05:05.210937+00:00
2662,news,europe,news,world,llama3.2:3b,1.0,"{""category"": ""news"", ""section"": ""world""}",success,,1,0.8825,727,13,2026-07-23T20:06:11.255747+00:00
2663,sport,sport,sport,us,llama3.2:3b,1.0,"{""category"": ""sport"", ""section"": ""us""}",success,,1,0.8967,698,13,2026-07-23T20:09:00.189621+00:00
2665,sport,sport,sport,us,llama3.2:3b,1.0,"{""category"": ""sport"", ""section"": ""us""}",success,,1,1.0178,753,13,2026-07-23T20:20:07.184496+00:00
2666,news,europe,business,investing,llama3.2:3b,1.0,"{""category"": ""business"", ""section"": ""investing""}",success,,1,0.9294,909,14,2026-07-23T20:56:17.238743+00:00
2667,sport,sport,news,us,llama3.2:3b,1.0,"{""category"": ""news"", ""section"": ""us""}",success,,1,0.9118,763,13,2026-07-23T20:06:55.928329+00:00
2668,sport,football,sport,europe,llama3.2:3b,1.0,"{""category"": ""sport"", ""section"": ""europe""}",success,,1,0.9232,958,14,2026-07-23T19:56:06.179445+00:00
2669,news,europe,news,world,llama3.2:3b,1.0,"{""category"": ""news"", ""section"": ""world""}",success,,1,0.8999,787,13,2026-07-23T20:10:44.698388+00:00
2670,sport,football,news,uk,llama3.2:3b,1.0,"{""category"": ""news"", ""section"": ""uk""}",success,,1,0.9628,944,13,2026-07-23T20:00:47.419327+00:00
2671,sport,football,sport,football,llama3.2:3b,1.0,"{""category"": ""sport"", ""section"": ""football""}",success,,1,0.9074,934,13,2026-07-23T20:43:11.502641+00:00
2672,sport,football,sport,europe,llama3.2:3b,1.0,"{""category"": ""sport"", ""section"": ""europe""}",success,,1,0.9175,1002,14,2026-07-23T20:40:44.012271+00:00
2673,news,europe,politics,europe,llama3.2:3b,1.0,"{""category"": ""politics"", ""section"": ""europe""}",success,,1,0.9736,912,16,2026-07-23T20:26:57.137710+00:00
2674,news,europe,news,world,llama3.2:3b,1.0,"{""category"": ""news"", ""section"": ""world""}",success,,1,0.8467,946,13,2026-07-23T20:09:29.801965+00:00
2676,sport,sport,sport,asia,llama3.2:3b,1.0,"{""category"": ""sport"", ""section"": ""asia""}",success,,1,0.9403,931,13,2026-07-23T20:04:30.860725+00:00
2677,sport,sport,sport,us,llama3.2:3b,1.0,"{""category"": ""sport"", ""section"": ""us""}",success,,1,0.8545,709,13,2026-07-23T19:54:45.187331+00:00
2678,sport,football,sport,europe,llama3.2:3b,1.0,"{""category"": ""sport"", ""section"": ""europe""}",success,,1,0.8651,706,14,2026-07-23T20:45:39.517833+00:00
2680,sport,sport,sport,us,llama3.2:3b,1.0,"{""category"": ""sport"", ""section"": ""us""}",success,,1,0.9824,1023,13,2026-07-23T20:44:24.603812+00:00
2682,news,uk,politics,uk,llama3.2:3b,1.0,"{""category"": ""politics"", ""section"": ""uk""}",success,,1,0.8895,879,14,2026-07-23T19:53:17.740243+00:00
2684,sport,football,sport,us,llama3.2:3b,1.0,"{""category"": ""sport"", ""section"": ""us""}",success,,1,1.054,634,13,2026-07-23T20:28:15.412757+00:00
2685,sport,football,sport,us,llama3.2:3b,1.0,"{""category"": ""sport"", ""section"": ""us""}",success,,1,0.9081,738,13,2026-07-23T20:46:44.307435+00:00
2686,sport,football,sport,europe,llama3.2:3b,1.0,"{""category"": ""sport"", ""section"": ""europe""}",success,,1,1.0134,951,14,2026-07-23T20:42:55.766761+00:00
2687,news,europe,politics,asia,llama3.2:3b,1.0,"{""category"": ""politics"", ""section"": ""asia""}",success,,1,1.0193,943,14,2026-07-23T20:26:46.827416+00:00
2688,sport,golf,sport,us,llama3.2:3b,1.0,"{""category"": ""sport"", ""section"": ""us""}",success,,1,0.9417,1023,13,2026-07-23T20:49:17.346416+00:00
2689,news,europe,news,us,llama3.2:3b,1.0,"{""category"": ""news"", ""section"": ""us""}",success,,1,0.879,820,13,2026-07-23T20:31:18.800485+00:00
2692,sport,golf,sport,us,llama3.2:3b,1.0,"{""category"": ""sport"", ""section"": ""us""}",success,,1,0.9726,995,13,2026-07-23T19:55:14.773222+00:00
2693,sport,sport,sport,asia,llama3.2:3b,1.0,"{""category"": ""sport"", ""section"": ""asia""}",success,,1,0.9845,860,13,2026-07-23T20:41:34.666190+00:00
2694,sport,sport,sport,us,llama3.2:3b,1.0,"{""category"": ""sport"", ""section"": ""us""}",success,,1,0.9841,970,13,2026-07-23T20:42:51.372498+00:00
2697,sport,sport,news,world,llama3.2:3b,1.0,"{""category"": ""news"", ""section"": ""world""}",success,,1,0.9293,1002,13,2026-07-23T19:56:47.529377+00:00
2698,sport,sport,business,investing,llama3.2:3b,1.0,"{""category"": ""business"", ""section"": ""investing""}",success,,1,0.9152,956,14,2026-07-23T20:12:30.951062+00:00
2699,news,europe,news,world,llama3.2:3b,1.0,"{""category"": ""news"", ""section"": ""world""}",success,,1,0.9272,1011,13,2026-07-23T20:10:04.589723+00:00
2700,sport,football,sport,europe,llama3.2:3b,1.0,"{""category"": ""sport"", ""section"": ""europe""}",success,,1,0.998,934,14,2026-07-23T20:23:24.063016+00:00
2701,sport,sport,sport,us,llama3.2:3b,1.0,"{""category"": ""sport"", ""section"": ""us""}",success,,1,1.0406,985,13,2026-07-23T20:51:49.250300+00:00
2702,news,uk,news,world,llama3.2:3b,1.0,"{""category"": ""news"", ""section"": ""world""}",success,,1,0.8787,923,13,2026-07-23T20:06:48.681959+00:00
2703,news,europe,news,world,llama3.2:3b,1.0,"{""category"": ""news"", ""section"": ""world""}",success,,1,0.765,669,13,2026-07-23T20:03:07.069791+00:00
2704,sport,football,sport,us,llama3.2:3b,1.0,"{""category"": ""sport"", ""section"": ""us""}",success,,1,0.8668,877,13,2026-07-23T20:00:16.979839+00:00
2705,news,europe,politics,europe,llama3.2:3b,1.0,"{""category"": ""politics"", ""section"": ""europe""}",success,,1,0.8291,781,15,2026-07-23T20:24:26.832575+00:00
2706,sport,football,sport,europe,llama3.2:3b,1.0,"{""category"":""sport"",""section"":""europe""}",success,,1,0.8408,1021,11,2026-07-23T20:38:43.736498+00:00
2707,news,europe,politics,world,llama3.2:3b,1.0,"{""category"": ""politics"", ""section"": ""world""}",success,,1,1.0246,994,14,2026-07-23T20:04:16.557865+00:00
2708,news,europe,entertainment,us,llama3.2:3b,1.0,"{""category"": ""entertainment"", ""section"": ""us""}",success,,1,0.8993,965,14,2026-07-23T20:07:32.080272+00:00
2709,sport,motorsport,sport,football,llama3.2:3b,1.0,"{""category"": ""sport"", ""section"": ""football""}",success,,1,0.9034,820,14,2026-07-23T20:48:45.816883+00:00
2710,news,europe,politics,europe,llama3.2:3b,1.0,"{""category"": ""politics"", ""section"": ""europe""}",success,,1,1.1141,963,16,2026-07-23T20:32:05.626203+00:00
2711,news,uk,health,us,llama3.2:3b,1.0,"{""category"": ""health"", ""section"": ""us""}",success,,1,0.9663,933,13,2026-07-23T20:26:49.658340+00:00
2712,news,europe,news,world,llama3.2:3b,1.0,"{""category"": ""news"", ""section"": ""world""}",success,,1,0.8351,730,13,2026-07-23T20:37:25.196953+00:00
2713,news,europe,news,world,llama3.2:3b,1.0,"{""category"": ""news"", ""section"": ""world""}",success,,1,0.8326,800,13,2026-07-23T20:03:50.801947+00:00
2714,news,europe,news,world,llama3.2:3b,1.0,"{""category"": ""news"", ""section"": ""world""}",success,,1,0.942,1010,13,2026-07-23T20:21:31.301425+00:00
2715,sport,football,sport,europe,llama3.2:3b,1.0,"{""category"": ""sport"", ""section"": ""europe""}",success,,1,1.0415,921,15,2026-07-23T20:21:35.587830+00:00
2716,sport,sport,sport,us,llama3.2:3b,1.0,"{""category"": ""sport"", ""section"": ""us""}",success,,1,0.7997,639,13,2026-07-23T20:36:26.403887+00:00
2718,sport,sport,news,asia,llama3.2:3b,1.0,"{""category"": ""news"", ""section"": ""asia""}",success,,1,0.9909,1005,13,2026-07-23T19:57:55.092205+00:00
2719,sport,sport,news,us,llama3.2:3b,1.0,"{""category"": ""news"", ""section"": ""us""}",success,,1,0.8207,561,13,2026-07-23T20:34:29.522917+00:00
2720,sport,sport,sport,us,llama3.2:3b,1.0,"{""category"": ""sport"", ""section"": ""us""}",success,,1,0.8719,682,13,2026-07-23T20:48:11.414633+00:00
2721,sport,golf,sport,us,llama3.2:3b,1.0,"{""category"": ""sport"", ""section"": ""us""}",success,,1,1.005,1040,13,2026-07-23T20:14:47.503708+00:00
2723,news,uk,politics,us,llama3.2:3b,1.0,"{""category"": ""politics"", ""section"": ""us""}",success,,1,0.8592,933,14,2026-07-23T20:30:06.834207+00:00
2724,sport,golf,sport,us,llama3.2:3b,1.0,"{""category"": ""sport"", ""section"": ""us""}",success,,1,0.9709,1045,13,2026-07-23T19:56:48.533746+00:00
2725,sport,football,sport,us,llama3.2:3b,1.0,"{""category"": ""sport"", ""section"": ""us""}",success,,1,0.9438,773,13,2026-07-23T20:19:30.281327+00:00
2726,sport,football,sport,europe,llama3.2:3b,1.0,"{""category"": ""sport"", ""section"": ""europe""}",success,,1,0.9119,962,14,2026-07-23T19:57:17.258630+00:00
2728,sport,football,sport,us,llama3.2:3b,1.0,"{""category"": ""sport"", ""section"": ""us""}",success,,1,0.9411,752,13,2026-07-23T20:05:40.029466+00:00
2729,sport,sport,sport,asia,llama3.2:3b,1.0,"{""category"": ""sport"", ""section"": ""asia""}",success,,1,0.9866,942,13,2026-07-23T20:14:53.197336+00:00
2731,news,europe,politics,us,llama3.2:3b,1.0,"{""category"": ""politics"", ""section"": ""us""}",success,,1,0.9583,897,14,2026-07-23T20:32:26.804489+00:00
2732,sport,golf,entertainment,movies,llama3.2:3b,1.0,"{""category"": ""entertainment"", ""section"": ""movies""}",success,,1,0.9451,1069,14,2026-07-23T19:59:38.884962+00:00
2733,sport,sport,sport,us,llama3.2:3b,1.0,"{""category"": ""sport"", ""section"": ""us""}",success,,1,0.9154,1001,13,2026-07-23T20:45:55.845765+00:00
2735,sport,tennis,sport,us,llama3.2:3b,1.0,"{""category"": ""sport"", ""section"": ""us""}",success,,1,0.9574,591,13,2026-07-23T19:55:09.906246+00:00
2737,sport,football,sport,europe,llama3.2:3b,1.0,"{""category"": ""sport"", ""section"": ""europe""}",success,,1,1.7404,906,14,2026-07-23T20:54:02.470197+00:00
2738,news,uk,news,us,llama3.2:3b,1.0,"{""category"": ""news"", ""section"": ""us""}",success,,1,0.8464,793,13,2026-07-23T20:35:49.171352+00:00
2740,sport,football,news,sport,llama3.2:3b,1.0,"{""category"": ""news"", ""section"": ""sport""}",success,,1,0.8828,777,13,2026-07-23T20:36:17.751942+00:00
2741,news,europe,news,world,llama3.2:3b,1.0,"{""category"": ""news"", ""section"": ""world""}",success,,1,0.9025,917,13,2026-07-23T20:18:39.399922+00:00
2742,news,uk,politics,uk,llama3.2:3b,1.0,"{""category"": ""politics"", ""section"": ""uk""}",success,,1,0.8752,906,14,2026-07-23T19:53:39.013285+00:00
2745,sport,football,sport,europe,llama3.2:3b,1.0,"{""category"": ""sport"", ""section"": ""europe""}",success,,1,0.8354,721,14,2026-07-23T20:01:45.283918+00:00
2746,sport,tennis,sport,us,llama3.2:3b,1.0,"{""category"": ""sport"", ""section"": ""us""}",success,,1,0.9008,654,13,2026-07-23T20:10:09.414198+00:00
2747,sport,football,sport,us,llama3.2:3b,1.0,"{""category"": ""sport"", ""section"": ""us""}",success,,1,0.7421,571,13,2026-07-23T20:18:55.877907+00:00
2748,news,uk,news,world,llama3.2:3b,1.0,"{""category"": ""news"", ""section"": ""world""}",success,,1,0.874,902,13,2026-07-23T20:49:19.545614+00:00
2749,sport,sport,sport,us,llama3.2:3b,1.0,"{""category"": ""sport"", ""section"": ""us""}",success,,1,0.8653,1003,13,2026-07-23T20:12:47.649320+00:00
2750,sport,sport,sport,europe,llama3.2:3b,1.0,"{""category"": ""sport"", ""section"": ""europe""}",success,,1,0.9031,968,14,2026-07-23T19:58:52.338287+00:00
2752,sport,sport,sport,football,llama3.2:3b,1.0,"{""category"": ""sport"", ""section"": ""football""}",success,,1,0.9368,995,13,2026-07-23T20:33:24.830444+00:00
2753,news,europe,news,us,llama3.2:3b,1.0,"{""category"": ""news"", ""section"": ""us""}",success,,1,0.9708,1028,13,2026-07-23T20:44:01.995852+00:00
2754,sport,sport,news,us,llama3.2:3b,1.0,"{""category"": ""news"", ""section"": ""us""}",success,,1,1.0065,991,13,2026-07-23T19:53:36.104230+00:00
2755,sport,football,sport,europe,llama3.2:3b,1.0,"{""category"": ""sport"", ""section"": ""europe""}",success,,1,0.8776,758,14,2026-07-23T20:02:14.366418+00:00
2756,sport,football,sport,us,llama3.2:3b,1.0,"{""category"": ""sport"", ""section"": ""us""}",success,,1,0.8978,589,13,2026-07-23T20:26:55.650232+00:00
2757,news,europe,politics,europe,llama3.2:3b,1.0,"{""category"": ""politics"", ""section"": ""europe""}",success,,1,0.9491,792,16,2026-07-23T19:53:56.495399+00:00
2758,news,australia,news,world,llama3.2:3b,1.0,"{""category"": ""news"", ""section"": ""world""}",success,,1,0.8798,758,13,2026-07-23T20:51:05.675447+00:00
2759,sport,football,sport,europe,llama3.2:3b,1.0,"{""category"": ""sport"", ""section"": ""europe""}",success,,1,0.9493,945,14,2026-07-23T20:29:18.479407+00:00
2760,sport,sport,sport,football,llama3.2:3b,1.0,"{""category"": ""sport"", ""section"": ""football""}",success,,1,0.9087,996,13,2026-07-23T20:45:40.647830+00:00
2761,sport,football,sport,us,llama3.2:3b,1.0,"{""category"": ""sport"", ""section"": ""us""}",success,,1,0.9668,911,13,2026-07-23T20:25:04.237567+00:00
2762,sport,sport,news,world,llama3.2:3b,1.0,"{""category"": ""news"", ""section"": ""world""}",success,,1,0.8481,708,13,2026-07-23T20:54:28.478815+00:00
2763,news,uk,news,world,llama3.2:3b,1.0,"{""category"": ""news"", ""section"": ""world""}",success,,1,0.8983,935,13,2026-07-23T20:48:28.625267+00:00
2764,sport,sport,sport,us,llama3.2:3b,1.0,"{""category"": ""sport"", ""section"": ""us""}",success,,1,0.9387,977,13,2026-07-23T19:54:47.191047+00:00
2765,news,europe,news,world,llama3.2:3b,1.0,"{""category"": ""news"", ""section"": ""world""}",success,,1,0.86,899,13,2026-07-23T20:10:07.401343+00:00
2766,news,europe,politics,us,llama3.2:3b,1.0,"{""category"": ""politics"", ""section"": ""us""}",success,,1,1.3888,998,14,2026-07-23T20:55:46.220949+00:00
2767,sport,tennis,sport,us,llama3.2:3b,1.0,"{""category"": ""sport"", ""section"": ""us""}",success,,1,0.8704,780,13,2026-07-23T20:01:12.360979+00:00
2768,sport,football,sport,europe,llama3.2:3b,1.0,"{""category"": ""sport"", ""section"": ""europe""}",success,,1,0.954,970,14,2026-07-23T20:43:33.841795+00:00
2769,sport,football,news,uk,llama3.2:3b,1.0,"{""category"": ""news"", ""section"": ""uk""}",success,,1,0.849,952,13,2026-07-23T20:10:10.348422+00:00
2770,sport,tennis,sport,us,llama3.2:3b,1.0,"{""category"": ""sport"", ""section"": ""us""}",success,,1,1.0033,1031,13,2026-07-23T19:56:56.135169+00:00
2771,news,europe,politics,world,llama3.2:3b,1.0,"{""category"": ""politics"", ""section"": ""world""}",success,,1,0.9848,1071,14,2026-07-23T20:00:16.072132+00:00
2772,sport,football,news,world,llama3.2:3b,1.0,"{""category"": ""news"", ""section"": ""world""}",success,,1,0.8841,972,13,2026-07-23T19:54:16.258524+00:00
2774,news,europe,news,world,llama3.2:3b,1.0,"{""category"": ""news"", ""section"": ""world""}",success,,1,0.8577,725,13,2026-07-23T20:49:13.914981+00:00
2776,news,uk,politics,us,llama3.2:3b,1.0,"{""category"": ""politics"", ""section"": ""us""}",success,,1,0.9482,972,14,2026-07-23T20:20:58.474693+00:00
2777,news,uk,news,world,llama3.2:3b,1.0,"{""category"": ""news"", ""section"": ""world""}",success,,1,0.8547,595,13,2026-07-23T20:27:05.565318+00:00
2778,news,europe,news,world,llama3.2:3b,1.0,"{""category"": ""news"", ""section"": ""world""}",success,,1,0.8408,859,13,2026-07-23T20:25:31.961934+00:00
2779,sport,football,sport,us,llama3.2:3b,1.0,"{""category"": ""sport"", ""section"": ""us""}",success,,1,1.0186,942,13,2026-07-23T20:39:19.060604+00:00
2780,news,uk,politics,world,llama3.2:3b,1.0,"{""category"": ""politics"", ""section"": ""world""}",success,,1,0.8683,993,14,2026-07-23T20:29:42.559291+00:00
2781,news,europe,news,world,llama3.2:3b,1.0,"{""category"": ""news"", ""section"": ""world""}",success,,1,0.8742,694,13,2026-07-23T20:06:54.759795+00:00
2782,sport,tennis,sport,tennis,llama3.2:3b,1.0,"{""category"": ""sport"", ""section"": ""tennis""}",success,,1,0.9801,1015,14,2026-07-23T20:25:26.446239+00:00
2783,sport,football,sport,europe,llama3.2:3b,1.0,"{""category"":""sport"",""section"":""europe""}",success,,1,0.8474,969,11,2026-07-23T20:34:28.545735+00:00
2785,news,uk,politics,us,llama3.2:3b,1.0,"{""category"": ""politics"", ""section"": ""us""}",success,,1,0.8893,997,14,2026-07-23T20:38:01.039373+00:00
2787,sport,football,sport,europe,llama3.2:3b,1.0,"{""category"": ""sport"", ""section"": ""europe""}",success,,1,0.9659,976,14,2026-07-23T20:19:52.937231+00:00
2788,news,europe,politics,world,llama3.2:3b,1.0,"{""category"": ""politics"", ""section"": ""world""}",success,,1,0.8864,938,14,2026-07-23T20:29:50.051192+00:00
2789,sport,sport,sport,us,llama3.2:3b,1.0,"{""category"": ""sport"", ""section"": ""us""}",success,,1,0.8528,573,13,2026-07-23T20:00:24.553221+00:00
2790,news,europe,news,world,llama3.2:3b,1.0,"{""category"": ""news"", ""section"": ""world""}",success,,1,0.8591,893,13,2026-07-23T19:55:59.431349+00:00
2791,news,europe,news,world,llama3.2:3b,1.0,"{""category"": ""news"", ""section"": ""world""}",success,,1,0.9242,925,13,2026-07-23T20:31:57.243838+00:00
2792,sport,tennis,sport,us,llama3.2:3b,1.0,"{""category"": ""sport"", ""section"": ""us""}",success,,1,0.7886,637,13,2026-07-23T20:36:27.359992+00:00
2793,news,europe,politics,us,llama3.2:3b,1.0,"{""category"": ""politics"", ""section"": ""us""}",success,,1,0.9761,949,14,2026-07-23T20:31:14.582338+00:00
2795,sport,sport,sport,us,llama3.2:3b,1.0,"{""category"": ""sport"", ""section"": ""us""}",success,,1,0.9767,1010,13,2026-07-23T20:23:48.005871+00:00
2796,news,australia,news,world,llama3.2:3b,1.0,"{""category"": ""news"", ""section"": ""world""}",success,,1,0.9687,849,13,2026-07-23T20:21:58.569364+00:00
2797,sport,tennis,sport,us,llama3.2:3b,1.0,"{""category"": ""sport"", ""section"": ""us""}",success,,1,0.9286,890,13,2026-07-23T20:03:59.730644+00:00
2798,sport,football,politics,europe,llama3.2:3b,1.0,"{""category"": ""politics"", ""section"": ""europe""}",success,,1,0.8743,820,15,2026-07-23T19:53:40.764657+00:00
2799,news,europe,politics,world,llama3.2:3b,1.0,"{""category"": ""politics"", ""section"": ""world""}",success,,1,0.8922,927,14,2026-07-23T20:05:15.867747+00:00
2803,news,uk,news,world,llama3.2:3b,1.0,"{""category"": ""news"", ""section"": ""world""}",success,,1,0.9561,1018,13,2026-07-23T20:48:23.011140+00:00
2804,sport,sport,sport,us,llama3.2:3b,1.0,"{""category"": ""sport"", ""section"": ""us""}",success,,1,0.9196,912,13,2026-07-23T20:51:06.806367+00:00
2805,news,europe,news,world,llama3.2:3b,1.0,"{""category"": ""news"", ""section"": ""world""}",success,,1,0.8956,943,13,2026-07-23T20:14:05.397789+00:00
2806,sport,football,sport,football,llama3.2:3b,1.0,"{""category"": ""sport"", ""section"": ""football""}",success,,1,0.944,979,13,2026-07-23T20:11:52.732396+00:00
2807,news,australia,news,australia,llama3.2:3b,1.0,"{""category"": ""news"", ""section"": ""australia""}",success,,1,0.9272,943,15,2026-07-23T20:32:08.791334+00:00
2808,sport,football,news,world,llama3.2:3b,1.0,"{""category"": ""news"", ""section"": ""world""}",success,,1,1.0138,927,13,2026-07-23T20:21:51.166852+00:00
2809,news,europe,politics,world,llama3.2:3b,1.0,"{""category"": ""politics"", ""section"": ""world""}",success,,1,0.9033,967,14,2026-07-23T19:58:41.144802+00:00
2810,news,uk,entertainment,us,llama3.2:3b,1.0,"{""category"": ""entertainment"", ""section"": ""us""}",success,,1,0.9071,721,14,2026-07-23T20:13:31.208653+00:00
2813,sport,sport,sport,us,llama3.2:3b,1.0,"{""category"": ""sport"", ""section"": ""us""}",success,,1,0.7931,604,13,2026-07-23T20:12:50.592493+00:00
2815,sport,sport,sport,us,llama3.2:3b,1.0,"{""category"":""sport"",""section"":""us""}",success,,1,1.6067,1011,10,2026-07-23T20:56:00.585617+00:00
2816,news,australia,news,world,llama3.2:3b,1.0,"{""category"": ""news"", ""section"": ""world""}",success,,1,0.8879,916,13,2026-07-23T20:45:15.846288+00:00
2817,sport,football,sport,us,llama3.2:3b,1.0,"{""category"": ""sport"", ""section"": ""us""}",success,,1,0.9124,639,13,2026-07-23T20:29:55.457885+00:00
2820,news,uk,news,world,llama3.2:3b,1.0,"{""category"": ""news"", ""section"": ""world""}",success,,1,0.9585,927,13,2026-07-23T20:02:11.547466+00:00
2821,news,europe,politics,world,llama3.2:3b,1.0,"{""category"": ""politics"", ""section"": ""world""}",success,,1,0.9716,1003,14,2026-07-23T19:56:57.138397+00:00
2822,sport,sport,sport,us,llama3.2:3b,1.0,"{""category"": ""sport"", ""section"": ""us""}",success,,1,1.0052,997,13,2026-07-23T20:43:24.858167+00:00
2824,news,europe,news,world,llama3.2:3b,1.0,"{""category"": ""news"", ""section"": ""world""}",success,,1,0.9381,946,13,2026-07-23T20:18:44.847531+00:00
2825,news,australia,news,australia,llama3.2:3b,1.0,"{""category"": ""news"", ""section"": ""australia""}",success,,1,0.959,918,15,2026-07-23T20:20:52.505930+00:00
2826,news,uk,news,world,llama3.2:3b,1.0,"{""category"": ""news"", ""section"": ""world""}",success,,1,0.8473,649,13,2026-07-23T19:58:02.482827+00:00
2827,news,europe,entertainment,us,llama3.2:3b,1.0,"{""category"": ""entertainment"", ""section"": ""us""}",success,,1,0.893,1035,14,2026-07-23T19:57:20.066038+00:00
2828,news,australia,news,us,llama3.2:3b,1.0,"{""category"": ""news"", ""section"": ""us""}",success,,1,0.9874,977,13,2026-07-23T20:12:02.141998+00:00
2829,news,europe,entertainment,us,llama3.2:3b,1.0,"{""category"": ""entertainment"", ""section"": ""us""}",success,,1,0.8801,980,14,2026-07-23T20:00:49.266737+00:00
2830,sport,sport,sport,us,llama3.2:3b,1.0,"{""category"": ""sport"", ""section"": ""us""}",success,,1,0.9999,900,13,2026-07-23T20:15:00.983465+00:00
2831,sport,tennis,sport,us,llama3.2:3b,1.0,"{""category"": ""sport"", ""section"": ""us""}",success,,1,0.9345,867,13,2026-07-23T19:56:42.805269+00:00
2832,sport,sport,sport,us,llama3.2:3b,1.0,"{""category"": ""sport"", ""section"": ""us""}",success,,1,0.9091,769,13,2026-07-23T20:44:03.106783+00:00
2833,news,europe,news,world,llama3.2:3b,1.0,"{""category"": ""news"", ""section"": ""world""}",success,,1,0.8483,821,13,2026-07-23T20:49:53.107255+00:00
2834,sport,sport,sport,us,llama3.2:3b,1.0,"{""category"": ""sport"", ""section"": ""us""}",success,,1,1.0153,1021,13,2026-07-23T19:56:22.154385+00:00
2835,news,europe,news,world,llama3.2:3b,1.0,"{""category"": ""news"", ""section"": ""world""}",success,,1,0.9148,955,13,2026-07-23T19:53:52.743010+00:00
2837,sport,sport,sport,us,llama3.2:3b,1.0,"{""category"": ""sport"", ""section"": ""us""}",success,,1,0.9097,994,13,2026-07-23T20:00:41.495357+00:00
2838,sport,football,sport,football,llama3.2:3b,1.0,"{""category"": ""sport"", ""section"": ""football""}",success,,1,0.9222,956,13,2026-07-23T20:46:04.637450+00:00
2839,news,uk,entertainment,us,llama3.2:3b,1.0,"{""category"": ""entertainment"", ""section"": ""us""}",success,,1,0.9853,984,14,2026-07-23T20:21:06.980895+00:00
2840,sport,sport,news,world,llama3.2:3b,1.0,"{""category"": ""news"", ""section"": ""world""}",success,,1,0.922,910,13,2026-07-23T20:11:04.504580+00:00
2841,sport,golf,entertainment,movies,llama3.2:3b,1.0,"{""category"": ""entertainment"", ""section"": ""movies""}",success,,1,0.9299,1044,14,2026-07-23T20:47:59.303374+00:00
2842,news,europe,news,world,llama3.2:3b,1.0,"{""category"": ""news"", ""section"": ""world""}",success,,1,1.073,909,13,2026-07-23T19:54:23.022621+00:00
2844,sport,golf,sport,us,llama3.2:3b,1.0,"{""category"": ""sport"", ""section"": ""us""}",success,,1,0.9019,739,13,2026-07-23T19:56:04.331310+00:00
2845,news,uk,entertainment,us,llama3.2:3b,1.0,"{""category"": ""entertainment"", ""section"": ""us""}",success,,1,0.9181,1014,14,2026-07-23T20:14:16.549022+00:00
2847,news,europe,politics,europe,llama3.2:3b,1.0,"{""category"": ""politics"", ""section"": ""europe""}",success,,1,1.0526,907,16,2026-07-23T20:22:51.340033+00:00
2848,sport,tennis,sport,tennis,llama3.2:3b,1.0,"{""category"": ""sport"", ""section"": ""tennis""}",success,,1,1.0276,1016,14,2026-07-23T20:09:19.544850+00:00
2850,news,uk,politics,uk,llama3.2:3b,1.0,"{""category"": ""politics"", ""section"": ""uk""}",success,,1,0.9165,897,14,2026-07-23T20:18:35.098097+00:00
2851,sport,motorsport,sport,football,llama3.2:3b,1.0,"{""category"": ""sport"", ""section"": ""football""}",success,,1,1.0068,913,14,2026-07-23T20:20:29.441399+00:00
2852,sport,tennis,sport,us,llama3.2:3b,1.0,"{""category"": ""sport"", ""section"": ""us""}",success,,1,0.952,811,13,2026-07-23T20:17:42.159931+00:00
2854,sport,sport,entertainment,movies,llama3.2:3b,1.0,"{""category"": ""entertainment"", ""section"": ""movies""}",success,,1,0.9552,978,14,2026-07-23T20:38:13.952341+00:00
2855,news,europe,politics,world,llama3.2:3b,1.0,"{""category"": ""politics"", ""section"": ""world""}",success,,1,0.9976,892,14,2026-07-23T19:57:27.337796+00:00
2857,news,europe,news,world,llama3.2:3b,1.0,"{""category"": ""news"", ""section"": ""world""}",success,,1,0.871,992,13,2026-07-23T20:15:57.119456+00:00
2858,sport,tennis,sport,us,llama3.2:3b,1.0,"{""category"": ""sport"", ""section"": ""us""}",success,,1,0.8976,986,13,2026-07-23T20:52:07.555597+00:00
2859,sport,tennis,sport,us,llama3.2:3b,1.0,"{""category"": ""sport"", ""section"": ""us""}",success,,1,0.825,643,13,2026-07-23T20:46:16.807211+00:00
2860,news,europe,news,world,llama3.2:3b,1.0,"{""category"": ""news"", ""section"": ""world""}",success,,1,0.9101,957,13,2026-07-23T20:09:56.572312+00:00
2862,sport,football,sport,us,llama3.2:3b,1.0,"{""category"": ""sport"", ""section"": ""us""}",success,,1,0.8923,730,13,2026-07-23T19:59:43.627570+00:00
2864,news,uk,politics,us,llama3.2:3b,1.0,"{""category"": ""politics"", ""section"": ""us""}",success,,1,0.882,904,14,2026-07-23T20:08:45.874621+00:00
2865,sport,tennis,sport,us,llama3.2:3b,1.0,"{""category"": ""sport"", ""section"": ""us""}",success,,1,0.9002,680,13,2026-07-23T20:50:29.664127+00:00
2866,sport,sport,sport,us,llama3.2:3b,1.0,"{""category"": ""sport"", ""section"": ""us""}",success,,1,0.9223,709,13,2026-07-23T20:39:41.856908+00:00
2870,news,europe,news,world,llama3.2:3b,1.0,"{""category"": ""news"", ""section"": ""world""}",success,,1,0.9197,888,13,2026-07-23T20:06:13.560047+00:00
2873,sport,tennis,sport,tennis,llama3.2:3b,1.0,"{""category"": ""sport"", ""section"": ""tennis""}",success,,1,0.8564,617,14,2026-07-23T20:11:53.677854+00:00
2875,news,europe,news,world,llama3.2:3b,1.0,"{""category"": ""news"", ""section"": ""world""}",success,,1,0.8627,713,13,2026-07-23T20:11:09.289811+00:00
2878,sport,tennis,news,us,llama3.2:3b,1.0,"{""category"": ""news"", ""section"": ""us""}",success,,1,1.1319,946,13,2026-07-23T19:55:36.113269+00:00
2879,sport,tennis,entertainment,us,llama3.2:3b,1.0,"{""category"": ""entertainment"", ""section"": ""us""}",success,,1,0.9981,959,14,2026-07-23T20:25:09.126962+00:00
2880,news,europe,news,world,llama3.2:3b,1.0,"{""category"": ""news"", ""section"": ""world""}",success,,1,0.9062,949,13,2026-07-23T20:23:14.027459+00:00
2881,news,uk,politics,uk,llama3.2:3b,1.0,"{""category"": ""politics"", ""section"": ""uk""}",success,,1,0.9053,999,14,2026-07-23T19:54:48.118038+00:00
2882,sport,sport,news,middleeast,llama3.2:3b,1.0,"{""category"": ""news"", ""section"": ""middleeast""}",success,,1,1.0781,940,14,2026-07-23T20:26:40.976365+00:00
2884,sport,football,sport,us,llama3.2:3b,1.0,"{""category"": ""sport"", ""section"": ""us""}",success,,1,0.8871,950,13,2026-07-23T20:04:19.478865+00:00
2885,sport,sport,news,us,llama3.2:3b,1.0,"{""category"": ""news"", ""section"": ""us""}",success,,1,0.8807,1016,13,2026-07-23T20:18:08.324276+00:00
2886,sport,sport,news,us,llama3.2:3b,1.0,"{""category"": ""news"", ""section"": ""us""}",success,,1,0.8819,724,13,2026-07-23T20:38:59.695177+00:00
2887,news,australia,news,australia,llama3.2:3b,1.0,"{""category"": ""news"", ""section"": ""australia""}",success,,1,0.9668,1019,15,2026-07-23T20:03:48.974531+00:00
2888,news,europe,entertainment,world,llama3.2:3b,1.0,"{""category"": ""entertainment"", ""section"": ""world""}",success,,1,0.8854,834,14,2026-07-23T20:11:33.743644+00:00
2889,sport,golf,entertainment,movies,llama3.2:3b,1.0,"{""category"": ""entertainment"", ""section"": ""movies""}",success,,1,0.9152,989,14,2026-07-23T20:49:27.371222+00:00
2890,sport,football,sport,football,llama3.2:3b,1.0,"{""category"":""sport"",""section"":""football""}",success,,1,0.856,956,10,2026-07-23T19:54:48.997340+00:00
2892,sport,football,sport,us,llama3.2:3b,1.0,"{""category"": ""sport"", ""section"": ""us""}",success,,1,0.935,895,13,2026-07-23T20:05:49.624068+00:00
2893,news,europe,politics,europe,llama3.2:3b,1.0,"{""category"": ""politics"", ""section"": ""europe""}",success,,1,1.0573,893,16,2026-07-23T20:00:19.090608+00:00
2894,news,europe,news,world,llama3.2:3b,1.0,"{""category"": ""news"", ""section"": ""world""}",success,,1,0.904,833,13,2026-07-23T20:54:17.762282+00:00
2896,sport,sport,entertainment,movies,llama3.2:3b,1.0,"{""category"": ""entertainment"", ""section"": ""movies""}",success,,1,1.0115,1043,14,2026-07-23T20:24:03.989662+00:00
2897,news,europe,politics,us,llama3.2:3b,1.0,"{""category"": ""politics"", ""section"": ""us""}",success,,1,0.7926,625,14,2026-07-23T20:14:44.902642+00:00
2898,sport,football,sport,us,llama3.2:3b,1.0,"{""category"": ""sport"", ""section"": ""us""}",success,,1,0.8514,653,13,2026-07-23T20:06:19.104949+00:00
2899,sport,sport,entertainment,us,llama3.2:3b,1.0,"{""category"": ""entertainment"", ""section"": ""us""}",success,,1,1.0334,987,14,2026-07-23T19:55:54.406965+00:00
2902,sport,sport,sport,us,llama3.2:3b,1.0,"{""category"": ""sport"", ""section"": ""us""}",success,,1,0.8614,648,13,2026-07-23T20:45:20.350280+00:00
2907,sport,sport,sport,us,llama3.2:3b,1.0,"{""category"": ""sport"", ""section"": ""us""}",success,,1,0.926,1041,13,2026-07-23T20:13:42.093075+00:00
2908,sport,sport,news,us,llama3.2:3b,1.0,"{""category"": ""news"", ""section"": ""us""}",success,,1,0.9194,1029,13,2026-07-23T20:38:05.214196+00:00
2909,news,europe,news,world,llama3.2:3b,1.0,"{""category"": ""news"", ""section"": ""world""}",success,,1,0.8558,937,13,2026-07-23T20:00:04.647956+00:00
2914,sport,sport,sport,us,llama3.2:3b,1.0,"{""category"": ""sport"", ""section"": ""us""}",success,,1,0.9207,924,13,2026-07-23T20:49:07.357620+00:00
2916,sport,sport,news,us,llama3.2:3b,1.0,"{""category"": ""news"", ""section"": ""us""}",success,,1,0.8641,985,13,2026-07-23T20:01:29.232544+00:00
2917,sport,sport,sport,us,llama3.2:3b,1.0,"{""category"": ""sport"", ""section"": ""us""}",success,,1,0.806,536,13,2026-07-23T20:05:06.081922+00:00
2918,sport,sport,entertainment,us,llama3.2:3b,1.0,"{""category"": ""entertainment"", ""section"": ""us""}",success,,1,0.951,1029,14,2026-07-23T20:34:54.587850+00:00
2919,sport,sport,news,world,llama3.2:3b,1.0,"{""category"": ""news"", ""section"": ""world""}",success,,1,0.8622,609,13,2026-07-23T20:48:04.861567+00:00
2920,sport,sport,sport,us,llama3.2:3b,1.0,"{""category"": ""sport"", ""section"": ""us""}",success,,1,0.9572,1021,13,2026-07-23T20:10:56.198972+00:00
2921,sport,sport,news,us,llama3.2:3b,1.0,"{""category"": ""news"", ""section"": ""us""}",success,,1,0.9518,1020,13,2026-07-23T19:58:29.865801+00:00
2922,sport,sport,sport,us,llama3.2:3b,1.0,"{""category"": ""sport"", ""section"": ""us""}",success,,1,1.0054,739,13,2026-07-23T19:55:21.475258+00:00
2923,sport,sport,entertainment,movies,llama3.2:3b,1.0,"{""category"": ""entertainment"", ""section"": ""movies""}",success,,1,0.8727,942,14,2026-07-23T20:41:24.257102+00:00
2924,sport,sport,sport,us,llama3.2:3b,1.0,"{""category"": ""sport"", ""section"": ""us""}",success,,1,0.8354,615,13,2026-07-23T20:40:39.318125+00:00
2925,news,europe,news,world,llama3.2:3b,1.0,"{""category"": ""news"", ""section"": ""world""}",success,,1,0.8544,925,13,2026-07-23T20:12:19.396868+00:00
2927,sport,sport,sport,asia,llama3.2:3b,1.0,"{""category"": ""sport"", ""section"": ""asia""}",success,,1,1.0498,1031,13,2026-07-23T20:16:36.907632+00:00
2928,sport,sport,sport,us,llama3.2:3b,1.0,"{""category"": ""sport"", ""section"": ""us""}",success,,1,0.9999,1033,13,2026-07-23T20:13:07.617649+00:00
2929,sport,sport,entertainment,movies,llama3.2:3b,1.0,"{""category"": ""entertainment"", ""section"": ""movies""}",success,,1,0.9572,1004,14,2026-07-23T20:03:03.321050+00:00
2931,sport,sport,sport,us,llama3.2:3b,1.0,"{""category"": ""sport"", ""section"": ""us""}",success,,1,0.9113,940,13,2026-07-23T20:45:33.679847+00:00
2932,sport,sport,news,us,llama3.2:3b,1.0,"{""category"":""news"",""section"":""us""}",success,,1,1.0038,1025,10,2026-07-23T20:31:30.551404+00:00
2933,sport,sport,entertainment,us,llama3.2:3b,1.0,"{""category"": ""entertainment"", ""section"": ""us""}",success,,1,0.9928,1005,14,2026-07-23T20:04:11.490573+00:00
2934,sport,sport,entertainment,us,llama3.2:3b,1.0,"{""category"": ""entertainment"", ""section"": ""us""}",success,,1,0.9412,1046,14,2026-07-23T20:53:31.688409+00:00
2935,news,australia,news,australia,llama3.2:3b,1.0,"{""category"": ""news"", ""section"": ""australia""}",success,,1,0.9172,931,15,2026-07-23T20:53:24.352678+00:00
2937,news,europe,news,world,llama3.2:3b,1.0,"{""category"": ""news"", ""section"": ""world""}",success,,1,0.9128,1008,13,2026-07-23T19:55:42.076537+00:00
2938,sport,sport,sport,us,llama3.2:3b,1.0,"{""category"": ""sport"", ""section"": ""us""}",success,,1,0.8962,976,13,2026-07-23T20:04:51.578148+00:00
2939,sport,sport,entertainment,movies,llama3.2:3b,1.0,"{""category"": ""entertainment"", ""section"": ""movies""}",success,,1,0.9761,957,14,2026-07-23T20:18:57.329959+00:00
2940,sport,sport,sport,asia,llama3.2:3b,1.0,"{""category"": ""sport"", ""section"": ""asia""}",success,,1,0.8718,700,13,2026-07-23T20:05:30.419876+00:00
2941,sport,sport,sport,us,llama3.2:3b,1.0,"{""category"": ""sport"", ""section"": ""us""}",success,,1,0.953,839,13,2026-07-23T20:51:18.333148+00:00
2942,sport,sport,sport,us,llama3.2:3b,1.0,"{""category"": ""sport"", ""section"": ""us""}",success,,1,0.9629,977,13,2026-07-23T20:17:22.528283+00:00
2943,sport,sport,sport,us,llama3.2:3b,1.0,"{""category"": ""sport"", ""section"": ""us""}",success,,1,0.8423,619,13,2026-07-23T20:02:18.980223+00:00
2944,news,europe,news,world,llama3.2:3b,1.0,"{""category"": ""news"", ""section"": ""world""}",success,,1,0.8118,640,13,2026-07-23T20:32:39.398323+00:00
2945,news,europe,politics,world,llama3.2:3b,1.0,"{""category"": ""politics"", ""section"": ""world""}",success,,1,0.966,964,14,2026-07-23T20:26:06.814661+00:00
2946,sport,tennis,sport,us,llama3.2:3b,1.0,"{""category"": ""sport"", ""section"": ""us""}",success,,1,0.966,1001,13,2026-07-23T19:58:11.181032+00:00
2948,sport,sport,sport,us,llama3.2:3b,1.0,"{""category"": ""sport"", ""section"": ""us""}",success,,1,0.928,997,13,2026-07-23T20:35:31.318727+00:00
2949,sport,sport,sport,us,llama3.2:3b,1.0,"{""category"": ""sport"", ""section"": ""us""}",success,,1,0.878,1013,13,2026-07-23T20:03:49.907914+00:00
2950,sport,sport,sport,us,llama3.2:3b,1.0,"{""category"": ""sport"", ""section"": ""us""}",success,,1,0.8887,830,13,2026-07-23T20:21:15.477188+00:00
2951,sport,sport,news,world,llama3.2:3b,1.0,"{""category"": ""news"", ""section"": ""world""}",success,,1,1.013,862,13,2026-07-23T20:30:40.646572+00:00
2952,news,europe,entertainment,us,llama3.2:3b,1.0,"{""category"": ""entertainment"", ""section"": ""us""}",success,,1,0.9516,1036,14,2026-07-23T20:22:11.247346+00:00
2953,news,uk,politics,us,llama3.2:3b,1.0,"{""category"": ""politics"", ""section"": ""us""}",success,,1,0.8734,956,14,2026-07-23T20:13:34.143250+00:00
2954,sport,sport,sport,us,llama3.2:3b,1.0,"{""category"": ""sport"", ""section"": ""us""}",success,,1,0.9194,806,13,2026-07-23T20:37:05.616406+00:00
2956,news,australia,news,world,llama3.2:3b,1.0,"{""category"": ""news"", ""section"": ""world""}",success,,1,0.9836,976,13,2026-07-23T20:19:09.619422+00:00
2957,sport,sport,news,us,llama3.2:3b,1.0,"{""category"": ""news"", ""section"": ""us""}",success,,1,0.9274,905,13,2026-07-23T20:42:35.747545+00:00
2958,sport,sport,sport,us,llama3.2:3b,1.0,"{""category"": ""sport"", ""section"": ""us""}",success,,1,0.7909,623,13,2026-07-23T20:00:00.859316+00:00
2960,sport,sport,entertainment,us,llama3.2:3b,1.0,"{""category"": ""entertainment"", ""section"": ""us""}",success,,1,0.8202,751,14,2026-07-23T20:01:22.781270+00:00
2961,sport,sport,sport,us,llama3.2:3b,1.0,"{""category"": ""sport"", ""section"": ""us""}",success,,1,0.963,1001,13,2026-07-23T20:02:01.563725+00:00
2963,sport,sport,entertainment,us,llama3.2:3b,1.0,"{""category"": ""entertainment"", ""section"": ""us""}",success,,1,0.8737,870,14,2026-07-23T20:28:51.427873+00:00
2964,sport,sport,entertainment,us,llama3.2:3b,1.0,"{""category"": ""entertainment"", ""section"": ""us""}",success,,1,0.9198,1015,14,2026-07-23T20:47:49.999580+00:00
2965,sport,sport,sport,asia,llama3.2:3b,1.0,"{""category"": ""sport"", ""section"": ""asia""}",success,,1,0.8469,530,13,2026-07-23T20:09:46.889211+00:00
2966,sport,sport,sport,us,llama3.2:3b,1.0,"{""category"": ""sport"", ""section"": ""us""}",success,,1,0.913,924,13,2026-07-23T20:07:55.932036+00:00
2967,news,uk,news,world,llama3.2:3b,1.0,"{""category"": ""news"", ""section"": ""world""}",success,,1,0.8948,843,13,2026-07-23T19:56:55.098016+00:00
2969,sport,tennis,sport,asia,llama3.2:3b,1.0,"{""category"": ""sport"", ""section"": ""asia""}",success,,1,0.974,969,13,2026-07-23T20:18:26.728508+00:00
2970,news,uk,politics,uk,llama3.2:3b,1.0,"{""category"": ""politics"", ""section"": ""uk""}",success,,1,0.8213,952,14,2026-07-23T20:41:27.885284+00:00
2971,sport,sport,sport,asia,llama3.2:3b,1.0,"{""category"": ""sport"", ""section"": ""asia""}",success,,1,0.8753,898,13,2026-07-23T20:14:00.413481+00:00
2972,sport,sport,sport,us,llama3.2:3b,1.0,"{""category"": ""sport"", ""section"": ""us""}",success,,1,0.78,600,13,2026-07-23T20:47:35.497035+00:00
2973,news,europe,news,world,llama3.2:3b,1.0,"{""category"": ""news"", ""section"": ""world""}",success,,1,0.9288,963,13,2026-07-23T20:21:38.675553+00:00
2975,news,europe,politics,world,llama3.2:3b,1.0,"{""category"": ""politics"", ""section"": ""world""}",success,,1,0.855,868,14,2026-07-23T20:05:26.520704+00:00
2976,sport,sport,news,world,llama3.2:3b,1.0,"{""category"": ""news"", ""section"": ""world""}",success,,1,0.8727,933,13,2026-07-23T20:32:23.504566+00:00
2977,sport,sport,news,world,llama3.2:3b,1.0,"{""category"": ""news"", ""section"": ""world""}",success,,1,0.9836,942,13,2026-07-23T19:53:29.581505+00:00
2978,sport,sport,sport,asia,llama3.2:3b,1.0,"{""category"": ""sport"", ""section"": ""asia""}",success,,1,0.9588,1017,13,2026-07-23T20:46:13.481554+00:00
2979,sport,sport,news,world,llama3.2:3b,1.0,"{""category"": ""news"", ""section"": ""world""}",success,,1,0.9402,847,13,2026-07-23T20:51:28.883925+00:00
2980,sport,sport,sport,asia,llama3.2:3b,1.0,"{""category"": ""sport"", ""section"": ""asia""}",success,,1,0.9555,938,13,2026-07-23T20:00:05.647541+00:00
2981,sport,sport,news,world,llama3.2:3b,1.0,"{""category"": ""news"", ""section"": ""world""}",success,,1,0.944,945,13,2026-07-23T20:11:40.737255+00:00
2982,sport,sport,news,us,llama3.2:3b,1.0,"{""category"": ""news"", ""section"": ""us""}",success,,1,0.8866,850,13,2026-07-23T20:18:47.563980+00:00
2983,news,uk,entertainment,us,llama3.2:3b,1.0,"{""category"": ""entertainment"", ""section"": ""us""}",success,,1,0.8763,960,14,2026-07-23T20:30:54.377212+00:00
2984,news,australia,news,world,llama3.2:3b,1.0,"{""category"": ""news"", ""section"": ""world""}",success,,1,1.0196,957,13,2026-07-23T19:59:13.849204+00:00
2985,sport,sport,news,world,llama3.2:3b,1.0,"{""category"": ""news"", ""section"": ""world""}",success,,1,0.9454,1004,13,2026-07-23T20:34:06.424628+00:00
2986,sport,sport,sport,us,llama3.2:3b,1.0,"{""category"": ""sport"", ""section"": ""us""}",success,,1,1.0561,981,13,2026-07-23T19:54:38.454778+00:00
2988,news,uk,news,world,llama3.2:3b,1.0,"{""category"": ""news"", ""section"": ""world""}",success,,1,0.905,913,13,2026-07-23T20:23:40.733981+00:00
2989,news,europe,news,world,llama3.2:3b,1.0,"{""category"": ""news"", ""section"": ""world""}",success,,1,0.8998,1020,13,2026-07-23T20:37:15.498222+00:00
2990,sport,sport,news,us,llama3.2:3b,1.0,"{""category"": ""news"", ""section"": ""us""}",success,,1,0.9374,943,13,2026-07-23T20:11:31.680613+00:00
2991,news,europe,news,world,llama3.2:3b,1.0,"{""category"":""news"",""section"":""world""}",success,,1,0.8691,968,10,2026-07-23T20:12:13.177564+00:00
2992,sport,sport,news,asia,llama3.2:3b,1.0,"{""category"": ""news"", ""section"": ""asia""}",success,,1,1.0091,906,13,2026-07-23T19:57:51.977262+00:00
2994,sport,sport,sport,us,llama3.2:3b,1.0,"{""category"": ""sport"", ""section"": ""us""}",success,,1,0.8323,584,13,2026-07-23T20:01:41.621209+00:00
2996,sport,sport,news,us,llama3.2:3b,1.0,"{""category"": ""news"", ""section"": ""us""}",success,,1,0.9128,795,13,2026-07-23T20:49:58.694846+00:00
2997,sport,sport,sport,us,llama3.2:3b,1.0,"{""category"": ""sport"", ""section"": ""us""}",success,,1,0.9698,954,13,2026-07-23T20:51:24.255399+00:00
2998,sport,sport,sport,us,llama3.2:3b,1.0,"{""category"": ""sport"", ""section"": ""us""}",success,,1,0.9889,1021,13,2026-07-23T20:53:33.575139+00:00
2999,sport,sport,sport,us,llama3.2:3b,1.0,"{""category"": ""sport"", ""section"": ""us""}",success,,1,0.9924,976,13,2026-07-23T20:15:11.764924+00:00
3000,sport,sport,sport,us,llama3.2:3b,1.0,"{""category"": ""sport"", ""section"": ""us""}",success,,1,0.8731,823,13,2026-07-23T20:35:12.008185+00:00
3001,sport,sport,sport,us,llama3.2:3b,1.0,"{""category"": ""sport"", ""section"": ""us""}",success,,1,0.8611,739,13,2026-07-23T20:38:45.867482+00:00
3004,news,europe,politics,europe,llama3.2:3b,1.0,"{""category"": ""politics"", ""section"": ""europe""}",success,,1,0.9393,897,16,2026-07-23T20:34:51.382162+00:00
3005,sport,sport,news,world,llama3.2:3b,1.0,"{""category"": ""news"", ""section"": ""world""}",success,,1,0.9959,942,13,2026-07-23T20:46:47.770096+00:00
3006,sport,sport,sport,us,llama3.2:3b,1.0,"{""category"": ""sport"", ""section"": ""us""}",success,,1,0.8748,911,13,2026-07-23T20:03:23.569023+00:00
3007,sport,sport,sport,us,llama3.2:3b,1.0,"{""category"": ""sport"", ""section"": ""us""}",success,,1,0.8914,793,13,2026-07-23T19:58:21.481911+00:00
3008,sport,sport,sport,us,llama3.2:3b,1.0,"{""category"":""sport"",""section"":""us""}",success,,1,0.9316,963,10,2026-07-23T20:53:09.663216+00:00
3009,sport,sport,sport,us,llama3.2:3b,1.0,"{""category"": ""sport"", ""section"": ""us""}",success,,1,0.9663,986,13,2026-07-23T20:11:58.948598+00:00
3010,sport,sport,sport,us,llama3.2:3b,1.0,"{""category"": ""sport"", ""section"": ""us""}",success,,1,0.8177,637,13,2026-07-23T20:38:47.898759+00:00
3011,news,europe,news,world,llama3.2:3b,1.0,"{""category"": ""news"", ""section"": ""world""}",success,,1,0.9325,892,13,2026-07-23T20:08:28.296042+00:00
3013,sport,sport,news,us,llama3.2:3b,1.0,"{""category"": ""news"", ""section"": ""us""}",success,,1,0.9678,1000,13,2026-07-23T20:20:49.490429+00:00
3015,news,uk,politics,uk,llama3.2:3b,1.0,"{""category"": ""politics"", ""section"": ""uk""}",success,,1,0.9312,947,14,2026-07-23T20:00:06.623217+00:00
3017,sport,sport,news,asia,llama3.2:3b,1.0,"{""category"": ""news"", ""section"": ""asia""}",success,,1,1.0013,947,13,2026-07-23T20:28:24.564211+00:00
3018,sport,sport,news,world,llama3.2:3b,1.0,"{""category"": ""news"", ""section"": ""world""}",success,,1,0.9242,953,13,2026-07-23T20:44:09.946101+00:00
3019,sport,football,entertainment,us,llama3.2:3b,1.0,"{""category"": ""entertainment"", ""section"": ""us""}",success,,1,0.9109,947,14,2026-07-23T20:08:23.486469+00:00
3020,sport,sport,news,world,llama3.2:3b,1.0,"{""category"": ""news"", ""section"": ""world""}",success,,1,0.8849,757,13,2026-07-23T20:43:20.277784+00:00
3021,sport,sport,sport,us,llama3.2:3b,1.0,"{""category"": ""sport"", ""section"": ""us""}",success,,1,0.9679,1038,13,2026-07-23T20:20:30.829386+00:00
3022,sport,football,sport,us,llama3.2:3b,1.0,"{""category"": ""sport"", ""section"": ""us""}",success,,1,0.8189,464,13,2026-07-23T19:57:06.958926+00:00
3025,sport,golf,sport,us,llama3.2:3b,1.0,"{""category"": ""sport"", ""section"": ""us""}",success,,1,1.0817,1001,13,2026-07-23T19:55:48.500619+00:00
3026,news,uk,politics,us,llama3.2:3b,1.0,"{""category"": ""politics"", ""section"": ""us""}",success,,1,0.9949,976,14,2026-07-23T20:21:34.093439+00:00
3027,sport,sport,news,asia,llama3.2:3b,1.0,"{""category"": ""news"", ""section"": ""asia""}",success,,1,0.8616,717,13,2026-07-23T20:27:18.852527+00:00
3028,news,uk,politics,uk,llama3.2:3b,1.0,"{""category"": ""politics"", ""section"": ""uk""}",success,,1,0.8996,946,14,2026-07-23T19:57:59.650460+00:00
3029,sport,motorsport,news,world,llama3.2:3b,1.0,"{""category"": ""news"", ""section"": ""world""}",success,,1,0.935,903,13,2026-07-23T20:05:39.013079+00:00
3030,sport,sport,sport,us,llama3.2:3b,1.0,"{""category"": ""sport"", ""section"": ""us""}",success,,1,0.8963,924,13,2026-07-23T20:40:45.090913+00:00
3031,sport,sport,entertainment,us,llama3.2:3b,1.0,"{""category"": ""entertainment"", ""section"": ""us""}",success,,1,0.9348,882,14,2026-07-23T20:05:00.268304+00:00
3032,sport,sport,news,world,llama3.2:3b,1.0,"{""category"": ""news"", ""section"": ""world""}",success,,1,0.9075,957,13,2026-07-23T20:05:16.851990+00:00
3033,news,australia,news,world,llama3.2:3b,1.0,"{""category"": ""news"", ""section"": ""world""}",success,,1,0.7988,653,13,2026-07-23T20:09:21.510365+00:00
3035,news,europe,news,world,llama3.2:3b,1.0,"{""category"": ""news"", ""section"": ""world""}",success,,1,0.8496,770,13,2026-07-23T20:34:57.845641+00:00
3036,sport,sport,entertainment,opinions,llama3.2:3b,1.0,"{""category"": ""entertainment"", ""section"": ""opinions""}",success,,1,0.9441,1026,15,2026-07-23T20:04:58.289817+00:00
3037,news,europe,news,world,llama3.2:3b,1.0,"{""category"": ""news"", ""section"": ""world""}",success,,1,0.8398,740,13,2026-07-23T19:59:25.401872+00:00
3038,sport,sport,sport,us,llama3.2:3b,1.0,"{""category"": ""sport"", ""section"": ""us""}",success,,1,0.9302,1017,13,2026-07-23T20:45:12.532201+00:00
3040,sport,football,sport,us,llama3.2:3b,1.0,"{""category"": ""sport"", ""section"": ""us""}",success,,1,1.3963,764,13,2026-07-23T20:38:53.215305+00:00
3041,sport,sport,sport,us,llama3.2:3b,1.0,"{""category"": ""sport"", ""section"": ""us""}",success,,1,0.8837,803,13,2026-07-23T20:14:17.531277+00:00
3044,sport,golf,sport,us,llama3.2:3b,1.0,"{""category"": ""sport"", ""section"": ""us""}",success,,1,0.8513,646,13,2026-07-23T20:00:03.750145+00:00
3045,sport,sport,news,world,llama3.2:3b,1.0,"{""category"": ""news"", ""section"": ""world""}",success,,1,0.9484,797,13,2026-07-23T19:54:19.064535+00:00
3046,sport,football,news,world,llama3.2:3b,1.0,"{""category"": ""news"", ""section"": ""world""}",success,,1,1.0024,966,13,2026-07-23T20:37:12.250600+00:00
3047,sport,sport,sport,us,llama3.2:3b,1.0,"{""category"":""sport"",""section"":""us""}",success,,1,0.964,1013,10,2026-07-23T20:18:02.574240+00:00
3048,sport,sport,sport,asia,llama3.2:3b,1.0,"{""category"": ""sport"", ""section"": ""asia""}",success,,1,1.2749,1016,13,2026-07-23T20:19:45.629367+00:00
3049,news,europe,news,world,llama3.2:3b,1.0,"{""category"": ""news"", ""section"": ""world""}",success,,1,0.9566,964,13,2026-07-23T20:52:31.560909+00:00
3050,sport,golf,sport,golf,llama3.2:3b,1.0,"{""category"": ""sport"", ""section"": ""golf""}",success,,1,0.9847,994,14,2026-07-23T20:53:03.144884+00:00
3051,news,europe,news,world,llama3.2:3b,1.0,"{""category"": ""news"", ""section"": ""world""}",success,,1,0.8606,964,13,2026-07-23T20:08:06.369574+00:00
3052,sport,sport,sport,us,llama3.2:3b,1.0,"{""category"": ""sport"", ""section"": ""us""}",success,,1,0.8334,619,13,2026-07-23T20:13:03.534880+00:00
3053,sport,football,sport,us,llama3.2:3b,1.0,"{""category"": ""sport"", ""section"": ""us""}",success,,1,0.8542,979,13,2026-07-23T20:52:42.673247+00:00
3054,sport,sport,news,world,llama3.2:3b,1.0,"{""category"": ""news"", ""section"": ""world""}",success,,1,0.9826,783,13,2026-07-23T19:57:02.145143+00:00
3055,sport,sport,news,us,llama3.2:3b,1.0,"{""category"": ""news"", ""section"": ""us""}",success,,1,0.9207,979,13,2026-07-23T20:38:41.609067+00:00
3056,sport,sport,sport,us,llama3.2:3b,1.0,"{""category"": ""sport"", ""section"": ""us""}",success,,1,0.9836,1039,13,2026-07-23T20:29:16.274574+00:00
3057,news,europe,news,world,llama3.2:3b,1.0,"{""category"": ""news"", ""section"": ""world""}",success,,1,1.3135,973,13,2026-07-23T20:43:55.009908+00:00
3060,sport,motorsport,sport,football,llama3.2:3b,1.0,"{""category"": ""sport"", ""section"": ""football""}",success,,1,0.9645,969,14,2026-07-23T20:22:43.812159+00:00
3062,news,uk,entertainment,movies,llama3.2:3b,1.0,"{""category"": ""entertainment"", ""section"": ""movies""}",success,,1,0.9358,935,14,2026-07-23T20:07:59.126220+00:00
3063,sport,golf,sport,us,llama3.2:3b,1.0,"{""category"": ""sport"", ""section"": ""us""}",success,,1,0.9174,1027,13,2026-07-23T20:05:58.478072+00:00
3065,sport,sport,sport,us,llama3.2:3b,1.0,"{""category"": ""sport"", ""section"": ""us""}",success,,1,0.9451,746,13,2026-07-23T20:15:27.573080+00:00
3066,news,europe,news,world,llama3.2:3b,1.0,"{""category"": ""news"", ""section"": ""world""}",success,,1,0.8126,880,13,2026-07-23T19:57:23.524840+00:00
3067,sport,tennis,sport,us,llama3.2:3b,1.0,"{""category"": ""sport"", ""section"": ""us""}",success,,1,0.8319,632,13,2026-07-23T20:47:11.277888+00:00
3069,sport,motorsport,sport,us,llama3.2:3b,1.0,"{""category"": ""sport"", ""section"": ""us""}",success,,1,0.8926,1016,13,2026-07-23T20:01:03.763150+00:00
3070,sport,sport,sport,us,llama3.2:3b,1.0,"{""category"": ""sport"", ""section"": ""us""}",success,,1,0.8954,1028,13,2026-07-23T20:40:18.890709+00:00
3071,news,europe,politics,europe,llama3.2:3b,1.0,"{""category"": ""politics"", ""section"": ""europe""}",success,,1,1.0065,944,16,2026-07-23T19:53:07.150233+00:00
3074,sport,sport,news,us,llama3.2:3b,1.0,"{""category"": ""news"", ""section"": ""us""}",success,,1,0.8746,654,13,2026-07-23T20:42:18.536941+00:00
3075,news,uk,business,uk,llama3.2:3b,1.0,"{""category"": ""business"", ""section"": ""uk""}",success,,1,1.0303,736,13,2026-07-23T20:06:37.081947+00:00
3076,sport,football,entertainment,us,llama3.2:3b,1.0,"{""category"": ""entertainment"", ""section"": ""us""}",success,,1,0.9635,922,14,2026-07-23T20:32:25.699453+00:00
3077,sport,football,sport,football,llama3.2:3b,1.0,"{""category"": ""sport"", ""section"": ""football""}",success,,1,0.869,977,13,2026-07-23T20:36:39.079446+00:00
3078,sport,motorsport,sport,uk,llama3.2:3b,1.0,"{""category"": ""sport"", ""section"": ""uk""}",success,,1,0.8874,893,13,2026-07-23T20:03:11.933498+00:00
3079,sport,tennis,sport,us,llama3.2:3b,1.0,"{""category"": ""sport"", ""section"": ""us""}",success,,1,0.8754,663,13,2026-07-23T19:58:48.606168+00:00
3083,sport,football,sport,us,llama3.2:3b,1.0,"{""category"": ""sport"", ""section"": ""us""}",success,,1,0.8831,907,13,2026-07-23T20:23:35.035088+00:00
3086,news,europe,news,tech,llama3.2:3b,1.0,"{""category"": ""news"", ""section"": ""tech""}",success,,1,0.8679,924,13,2026-07-23T19:58:46.690211+00:00
3087,news,europe,politics,europe,llama3.2:3b,1.0,"{""category"": ""politics"", ""section"": ""europe""}",success,,1,0.9908,946,16,2026-07-23T19:58:07.292036+00:00
3089,sport,football,sport,football,llama3.2:3b,1.0,"{""category"": ""sport"", ""section"": ""football""}",success,,1,0.882,946,13,2026-07-23T20:46:03.481268+00:00
3090,sport,football,sport,football,llama3.2:3b,1.0,"{""category"": ""sport"", ""section"": ""football""}",success,,1,0.8634,929,13,2026-07-23T20:48:09.273408+00:00
3091,sport,sport,sport,us,llama3.2:3b,1.0,"{""category"": ""sport"", ""section"": ""us""}",success,,1,0.9186,960,13,2026-07-23T20:41:05.841894+00:00
3092,sport,football,news,world,llama3.2:3b,1.0,"{""category"": ""news"", ""section"": ""world""}",success,,1,0.9703,963,13,2026-07-23T20:32:43.810930+00:00
3094,sport,football,sport,us,llama3.2:3b,1.0,"{""category"": ""sport"", ""section"": ""us""}",success,,1,0.9308,892,13,2026-07-23T19:54:20.948644+00:00
3096,sport,football,sport,europe,llama3.2:3b,1.0,"{""category"": ""sport"", ""section"": ""europe""}",success,,1,1.1873,1050,14,2026-07-23T20:55:05.399579+00:00
3097,news,europe,politics,world,llama3.2:3b,1.0,"{""category"": ""politics"", ""section"": ""world""}",success,,1,0.8851,752,14,2026-07-23T20:01:33.975311+00:00
3098,sport,tennis,sport,us,llama3.2:3b,1.0,"{""category"": ""sport"", ""section"": ""us""}",success,,1,0.9056,656,13,2026-07-23T20:09:15.238060+00:00
3099,sport,football,sport,us,llama3.2:3b,1.0,"{""category"": ""sport"", ""section"": ""us""}",success,,1,0.8741,961,13,2026-07-23T20:46:20.011883+00:00
3101,sport,sport,sport,us,llama3.2:3b,1.0,"{""category"": ""sport"", ""section"": ""us""}",success,,1,0.9047,809,13,2026-07-23T20:15:02.210823+00:00
3103,news,uk,news,world,llama3.2:3b,1.0,"{""category"": ""news"", ""section"": ""world""}",success,,1,0.9092,952,13,2026-07-23T20:12:58.762882+00:00
3104,sport,football,sport,europe,llama3.2:3b,1.0,"{""category"": ""sport"", ""section"": ""europe""}",success,,1,0.9399,1040,14,2026-07-23T20:29:01.135064+00:00
3105,sport,tennis,sport,tennis,llama3.2:3b,1.0,"{""category"": ""sport"", ""section"": ""tennis""}",success,,1,0.9852,999,14,2026-07-23T19:56:24.103643+00:00
3107,sport,football,sport,us,llama3.2:3b,1.0,"{""category"": ""sport"", ""section"": ""us""}",success,,1,0.8972,943,13,2026-07-23T20:02:12.495664+00:00
3108,sport,tennis,sport,us,llama3.2:3b,1.0,"{""category"": ""sport"", ""section"": ""us""}",success,,1,0.954,993,13,2026-07-23T20:29:00.057351+00:00
3109,news,europe,news,world,llama3.2:3b,1.0,"{""category"": ""news"", ""section"": ""world""}",success,,1,0.8609,646,13,2026-07-23T20:19:39.791097+00:00
3110,sport,football,sport,football,llama3.2:3b,1.0,"{""category"": ""sport"", ""section"": ""football""}",success,,1,0.9219,904,13,2026-07-23T20:15:23.589518+00:00
3111,sport,football,sport,us,llama3.2:3b,1.0,"{""category"": ""sport"", ""section"": ""us""}",success,,1,0.8749,603,13,2026-07-23T19:55:31.972270+00:00
3112,sport,sport,sport,us,llama3.2:3b,1.0,"{""category"": ""sport"", ""section"": ""us""}",success,,1,0.8931,785,13,2026-07-23T20:08:59.215028+00:00
3113,sport,tennis,sport,us,llama3.2:3b,1.0,"{""category"": ""sport"", ""section"": ""us""}",success,,1,0.9158,1009,13,2026-07-23T20:32:22.484283+00:00
3114,sport,tennis,sport,us,llama3.2:3b,1.0,"{""category"": ""sport"", ""section"": ""us""}",success,,1,0.9859,1028,13,2026-07-23T19:53:37.096698+00:00
3115,sport,sport,entertainment,movies,llama3.2:3b,1.0,"{""category"": ""entertainment"", ""section"": ""movies""}",success,,1,0.8971,855,14,2026-07-23T20:09:38.967405+00:00
3116,news,europe,news,world,llama3.2:3b,1.0,"{""category"": ""news"", ""section"": ""world""}",success,,1,0.8184,683,13,2026-07-23T20:43:15.889793+00:00
3117,news,europe,news,world,llama3.2:3b,1.0,"{""category"": ""news"", ""section"": ""world""}",success,,1,0.8156,757,13,2026-07-23T20:27:46.207932+00:00
3118,sport,sport,sport,us,llama3.2:3b,1.0,"{""category"": ""sport"", ""section"": ""us""}",success,,1,0.8901,1034,13,2026-07-23T20:37:04.532469+00:00
3119,news,uk,sport,football,llama3.2:3b,1.0,"{""category"": ""sport"", ""section"": ""football""}",success,,1,1.0212,924,13,2026-07-23T19:58:55.325624+00:00
3120,news,europe,news,world,llama3.2:3b,1.0,"{""category"": ""news"", ""section"": ""world""}",success,,1,0.9771,1014,13,2026-07-23T20:17:29.266010+00:00
3121,news,europe,news,world,llama3.2:3b,1.0,"{""category"": ""news"", ""section"": ""world""}",success,,1,0.95,967,13,2026-07-23T20:41:09.159292+00:00
3122,sport,sport,sport,us,llama3.2:3b,1.0,"{""category"": ""sport"", ""section"": ""us""}",success,,1,0.8073,690,13,2026-07-23T20:47:34.511635+00:00
3123,news,europe,news,world,llama3.2:3b,1.0,"{""category"": ""news"", ""section"": ""world""}",success,,1,0.9401,972,13,2026-07-23T20:47:55.938985+00:00
3125,news,europe,news,world,llama3.2:3b,1.0,"{""category"": ""news"", ""section"": ""world""}",success,,1,0.9436,794,13,2026-07-23T20:24:58.485646+00:00
3126,news,europe,politics,europe,llama3.2:3b,1.0,"{""category"": ""politics"", ""section"": ""europe""}",success,,1,0.9818,881,16,2026-07-23T20:33:42.608339+00:00
3127,sport,sport,news,world,llama3.2:3b,1.0,"{""category"": ""news"", ""section"": ""world""}",success,,1,0.9983,952,13,2026-07-23T20:54:33.799773+00:00
3128,news,europe,politics,europe,llama3.2:3b,1.0,"{""category"": ""politics"", ""section"": ""europe""}",success,,1,0.9172,566,16,2026-07-23T20:04:12.484802+00:00
3129,sport,golf,sport,us,llama3.2:3b,1.0,"{""category"": ""sport"", ""section"": ""us""}",success,,1,0.9576,991,13,2026-07-23T20:22:23.798758+00:00
3130,sport,tennis,entertainment,movies,llama3.2:3b,1.0,"{""category"": ""entertainment"", ""section"": ""movies""}",success,,1,1.066,945,14,2026-07-23T20:28:45.987355+00:00
3131,sport,tennis,sport,tennis,llama3.2:3b,1.0,"{""category"": ""sport"", ""section"": ""tennis""}",success,,1,0.9086,991,14,2026-07-23T20:04:39.676908+00:00
3132,sport,tennis,sport,us,llama3.2:3b,1.0,"{""category"": ""sport"", ""section"": ""us""}",success,,1,0.9345,1054,13,2026-07-23T19:55:11.744520+00:00
3133,sport,sport,sport,us,llama3.2:3b,1.0,"{""category"": ""sport"", ""section"": ""us""}",success,,1,0.9357,998,13,2026-07-23T20:21:40.050541+00:00
3134,news,europe,news,world,llama3.2:3b,1.0,"{""category"": ""news"", ""section"": ""world""}",success,,1,0.861,995,13,2026-07-23T20:45:32.570620+00:00
3135,sport,tennis,entertainment,movies,llama3.2:3b,1.0,"{""category"": ""entertainment"", ""section"": ""movies""}",success,,1,0.819,739,14,2026-07-23T20:49:30.708469+00:00
3136,sport,football,sport,us,llama3.2:3b,1.0,"{""category"": ""sport"", ""section"": ""us""}",success,,1,0.8364,608,13,2026-07-23T20:34:34.635430+00:00
3137,sport,football,sport,football,llama3.2:3b,1.0,"{""category"": ""sport"", ""section"": ""football""}",success,,1,0.8869,943,13,2026-07-23T20:51:09.032766+00:00
3138,news,europe,news,world,llama3.2:3b,1.0,"{""category"": ""news"", ""section"": ""world""}",success,,1,0.8616,751,13,2026-07-23T20:19:28.944483+00:00
3140,news,europe,news,world,llama3.2:3b,1.0,"{""category"": ""news"", ""section"": ""world""}",success,,1,0.9096,952,13,2026-07-23T20:47:15.845124+00:00
3141,sport,sport,sport,us,llama3.2:3b,1.0,"{""category"": ""sport"", ""section"": ""us""}",success,,1,0.8943,944,13,2026-07-23T20:02:30.457224+00:00
3142,news,europe,news,world,llama3.2:3b,1.0,"{""category"": ""news"", ""section"": ""world""}",success,,1,0.9191,993,13,2026-07-23T19:56:25.054518+00:00
3143,news,europe,news,world,llama3.2:3b,1.0,"{""category"": ""news"", ""section"": ""world""}",success,,1,0.865,920,13,2026-07-23T20:50:01.995324+00:00
3145,news,europe,health,us,llama3.2:3b,1.0,"{""category"": ""health"", ""section"": ""us""}",success,,1,0.9433,872,13,2026-07-23T19:56:40.839266+00:00
3147,sport,sport,sport,us,llama3.2:3b,1.0,"{""category"": ""sport"", ""section"": ""us""}",success,,1,0.9283,997,13,2026-07-23T20:36:31.658228+00:00
3148,news,europe,news,world,llama3.2:3b,1.0,"{""category"": ""news"", ""section"": ""world""}",success,,1,0.8606,772,13,2026-07-23T20:03:22.628105+00:00
3150,sport,sport,sport,us,llama3.2:3b,1.0,"{""category"": ""sport"", ""section"": ""us""}",success,,1,0.8719,673,13,2026-07-23T20:31:25.088010+00:00
3153,news,europe,news,world,llama3.2:3b,1.0,"{""category"": ""news"", ""section"": ""world""}",success,,1,0.8704,714,13,2026-07-23T19:56:43.715603+00:00
3154,sport,tennis,sport,us,llama3.2:3b,1.0,"{""category"": ""sport"", ""section"": ""us""}",success,,1,0.941,893,13,2026-07-23T20:15:16.953850+00:00
3155,sport,sport,news,us,llama3.2:3b,1.0,"{""category"": ""news"", ""section"": ""us""}",success,,1,1.0511,1009,13,2026-07-23T20:11:34.884066+00:00
3156,news,europe,politics,world,llama3.2:3b,1.0,"{""category"": ""politics"", ""section"": ""world""}",success,,1,0.9202,815,14,2026-07-23T20:09:52.772049+00:00
3157,news,uk,news,world,llama3.2:3b,1.0,"{""category"": ""news"", ""section"": ""world""}",success,,1,0.9643,818,13,2026-07-23T20:10:23.784021+00:00
3158,sport,sport,news,us,llama3.2:3b,1.0,"{""category"": ""news"", ""section"": ""us""}",success,,1,0.9186,715,13,2026-07-23T19:54:41.445195+00:00
3159,news,uk,politics,uk,llama3.2:3b,1.0,"{""category"": ""politics"", ""section"": ""uk""}",success,,1,0.9305,949,14,2026-07-23T20:30:01.758264+00:00
3160,sport,football,sport,europe,llama3.2:3b,1.0,"{""category"": ""sport"", ""section"": ""europe""}",success,,1,0.8541,953,14,2026-07-23T20:07:54.945564+00:00
3162,news,europe,news,world,llama3.2:3b,1.0,"{""category"": ""news"", ""section"": ""world""}",success,,1,0.8835,917,13,2026-07-23T20:36:34.767734+00:00
3163,news,uk,politics,uk,llama3.2:3b,1.0,"{""category"": ""politics"", ""section"": ""uk""}",success,,1,0.903,777,14,2026-07-23T20:09:13.256343+00:00
3164,sport,sport,sport,asia,llama3.2:3b,1.0,"{""category"": ""sport"", ""section"": ""asia""}",success,,1,0.8631,600,13,2026-07-23T20:00:26.351633+00:00
3165,news,europe,news,world,llama3.2:3b,1.0,"{""category"": ""news"", ""section"": ""world""}",success,,1,0.907,933,13,2026-07-23T20:37:14.442281+00:00
3167,news,europe,health,world,llama3.2:3b,1.0,"{""category"": ""health"", ""section"": ""world""}",success,,1,0.8729,585,13,2026-07-23T20:37:42.226622+00:00
3168,sport,sport,news,us,llama3.2:3b,1.0,"{""category"": ""news"", ""section"": ""us""}",success,,1,0.9667,948,13,2026-07-23T20:29:03.364811+00:00
3169,sport,motorsport,sport,football,llama3.2:3b,1.0,"{""category"":""sport"",""section"":""football""}",success,,1,1.0478,976,11,2026-07-23T20:31:27.316256+00:00
3170,news,europe,news,world,llama3.2:3b,1.0,"{""category"": ""news"", ""section"": ""world""}",success,,1,0.836,649,13,2026-07-23T20:45:58.019534+00:00
3171,sport,sport,sport,us,llama3.2:3b,1.0,"{""category"": ""sport"", ""section"": ""us""}",success,,1,0.9676,929,13,2026-07-23T20:44:23.407557+00:00
3172,news,uk,news,uk,llama3.2:3b,1.0,"{""category"": ""news"", ""section"": ""uk""}",success,,1,0.9276,935,13,2026-07-23T20:20:02.594751+00:00
3173,news,uk,entertainment,us,llama3.2:3b,1.0,"{""category"": ""entertainment"", ""section"": ""us""}",success,,1,0.9135,800,14,2026-07-23T20:25:11.951176+00:00
3174,sport,sport,news,world,llama3.2:3b,1.0,"{""category"": ""news"", ""section"": ""world""}",success,,1,1.1809,831,13,2026-07-23T19:53:10.209628+00:00
3176,news,europe,news,world,llama3.2:3b,1.0,"{""category"": ""news"", ""section"": ""world""}",success,,1,0.8904,831,13,2026-07-23T20:34:41.942430+00:00
3177,sport,tennis,sport,us,llama3.2:3b,1.0,"{""category"": ""sport"", ""section"": ""us""}",success,,1,0.9505,845,13,2026-07-23T20:00:36.773014+00:00
3178,sport,motorsport,sport,football,llama3.2:3b,1.0,"{""category"": ""sport"", ""section"": ""football""}",success,,1,0.9387,787,14,2026-07-23T20:10:53.153875+00:00
3179,news,australia,health,world,llama3.2:3b,1.0,"{""category"": ""health"", ""section"": ""world""}",success,,1,0.8179,750,13,2026-07-23T20:14:34.185341+00:00
3180,news,uk,politics,us,llama3.2:3b,1.0,"{""category"": ""politics"", ""section"": ""us""}",success,,1,0.921,914,14,2026-07-23T19:53:44.491233+00:00
3182,sport,football,sport,football,llama3.2:3b,1.0,"{""category"": ""sport"", ""section"": ""football""}",success,,1,0.885,942,13,2026-07-23T20:43:32.687504+00:00
3184,sport,sport,sport,us,llama3.2:3b,1.0,"{""category"": ""sport"", ""section"": ""us""}",success,,1,0.9414,980,13,2026-07-23T20:46:55.576768+00:00
3185,sport,football,sport,europe,llama3.2:3b,1.0,"{""category"": ""sport"", ""section"": ""europe""}",success,,1,0.89,914,14,2026-07-23T20:33:51.961353+00:00
3186,sport,sport,sport,us,llama3.2:3b,1.0,"{""category"": ""sport"", ""section"": ""us""}",success,,1,0.992,973,13,2026-07-23T20:04:05.639398+00:00
3189,news,europe,politics,us,llama3.2:3b,1.0,"{""category"": ""politics"", ""section"": ""us""}",success,,1,0.9334,902,14,2026-07-23T20:19:08.193012+00:00
3191,sport,sport,sport,us,llama3.2:3b,1.0,"{""category"": ""sport"", ""section"": ""us""}",success,,1,0.8739,828,13,2026-07-23T19:55:32.871284+00:00
3192,news,europe,news,world,llama3.2:3b,1.0,"{""category"": ""news"", ""section"": ""world""}",success,,1,0.8548,705,13,2026-07-23T20:41:04.254505+00:00
3193,sport,football,sport,football,llama3.2:3b,1.0,"{""category"": ""sport"", ""section"": ""football""}",success,,1,0.8893,938,13,2026-07-23T20:32:55.066765+00:00
3194,sport,football,sport,us,llama3.2:3b,1.0,"{""category"": ""sport"", ""section"": ""us""}",success,,1,0.9234,881,13,2026-07-23T20:21:05.394046+00:00
3195,news,europe,politics,europe,llama3.2:3b,1.0,"{""category"": ""politics"", ""section"": ""europe""}",success,,1,1.071,918,16,2026-07-23T20:25:46.224505+00:00
3197,sport,sport,sport,us,llama3.2:3b,1.0,"{""category"": ""sport"", ""section"": ""us""}",success,,1,0.8862,643,13,2026-07-23T20:30:31.115243+00:00
3198,news,uk,news,world,llama3.2:3b,1.0,"{""category"": ""news"", ""section"": ""world""}",success,,1,0.848,920,13,2026-07-23T20:19:02.513017+00:00
3201,news,europe,news,world,llama3.2:3b,1.0,"{""category"": ""news"", ""section"": ""world""}",success,,1,0.8877,961,13,2026-07-23T20:51:37.858873+00:00
3202,sport,sport,sport,us,llama3.2:3b,1.0,"{""category"": ""sport"", ""section"": ""us""}",success,,1,0.9354,1022,13,2026-07-23T20:31:40.203057+00:00
3203,sport,football,sport,world,llama3.2:3b,1.0,"{""category"": ""sport"", ""section"": ""world""}",success,,1,0.8319,835,13,2026-07-23T20:48:48.035765+00:00
3204,sport,sport,sport,us,llama3.2:3b,1.0,"{""category"": ""sport"", ""section"": ""us""}",success,,1,0.979,985,13,2026-07-23T19:59:06.144983+00:00
3205,sport,tennis,sport,tennis,llama3.2:3b,1.0,"{""category"": ""sport"", ""section"": ""tennis""}",success,,1,0.9216,934,14,2026-07-23T20:40:52.915247+00:00
3206,news,europe,politics,uk,llama3.2:3b,1.0,"{""category"": ""politics"", ""section"": ""uk""}",success,,1,0.8533,933,14,2026-07-23T20:10:06.462518+00:00
3207,sport,football,sport,us,llama3.2:3b,1.0,"{""category"": ""sport"", ""section"": ""us""}",success,,1,0.9153,830,13,2026-07-23T20:12:18.458311+00:00
3208,sport,sport,politics,us,llama3.2:3b,1.0,"{""category"": ""politics"", ""section"": ""us""}",success,,1,0.8728,993,14,2026-07-23T20:02:43.979933+00:00
3209,sport,sport,sport,asia,llama3.2:3b,1.0,"{""category"": ""sport"", ""section"": ""asia""}",success,,1,0.9332,956,13,2026-07-23T20:43:51.253467+00:00
3210,sport,golf,sport,us,llama3.2:3b,1.0,"{""category"": ""sport"", ""section"": ""us""}",success,,1,0.8314,789,13,2026-07-23T20:39:01.192907+00:00
3211,sport,motorsport,sport,football,llama3.2:3b,1.0,"{""category"":""sport"",""section"":""football""}",success,,1,1.0753,966,11,2026-07-23T20:08:57.175174+00:00
3212,sport,football,sport,us,llama3.2:3b,1.0,"{""category"": ""sport"", ""section"": ""us""}",success,,1,0.9738,1008,13,2026-07-23T19:59:58.130518+00:00
3214,sport,sport,news,us,llama3.2:3b,1.0,"{""category"": ""news"", ""section"": ""us""}",success,,1,0.9246,1059,13,2026-07-23T20:04:35.779495+00:00
3215,news,europe,politics,europe,llama3.2:3b,1.0,"{""category"": ""politics"", ""section"": ""europe""}",success,,1,1.0099,907,16,2026-07-23T20:30:38.418879+00:00
3216,sport,tennis,sport,us,llama3.2:3b,1.0,"{""category"": ""sport"", ""section"": ""us""}",success,,1,0.8761,758,13,2026-07-23T20:01:23.704260+00:00
3217,sport,sport,sport,us,llama3.2:3b,1.0,"{""category"": ""sport"", ""section"": ""us""}",success,,1,0.9844,825,13,2026-07-23T20:28:50.430012+00:00
3218,sport,sport,news,us,llama3.2:3b,1.0,"{""category"": ""news"", ""section"": ""us""}",success,,1,0.9012,806,13,2026-07-23T20:05:46.677753+00:00
3219,sport,sport,sport,us,llama3.2:3b,1.0,"{""category"": ""sport"", ""section"": ""us""}",success,,1,0.9678,912,13,2026-07-23T20:13:48.076755+00:00
3222,sport,football,entertainment,us,llama3.2:3b,1.0,"{""category"": ""entertainment"", ""section"": ""us""}",success,,1,0.9331,983,14,2026-07-23T20:24:51.205755+00:00
3223,sport,sport,sport,asia,llama3.2:3b,1.0,"{""category"": ""sport"", ""section"": ""asia""}",success,,1,0.8902,937,13,2026-07-23T19:57:24.450020+00:00
3224,sport,sport,news,us,llama3.2:3b,1.0,"{""category"": ""news"", ""section"": ""us""}",success,,1,0.965,1047,13,2026-07-23T20:52:19.001995+00:00
3226,sport,football,sport,football,llama3.2:3b,1.0,"{""category"": ""sport"", ""section"": ""football""}",success,,1,0.9267,968,13,2026-07-23T20:32:36.269388+00:00
3227,sport,golf,sport,us,llama3.2:3b,1.0,"{""category"": ""sport"", ""section"": ""us""}",success,,1,0.9073,1022,13,2026-07-23T20:04:02.712112+00:00
3229,sport,sport,sport,us,llama3.2:3b,1.0,"{""category"": ""sport"", ""section"": ""us""}",success,,1,0.941,1029,13,2026-07-23T20:48:14.932246+00:00
3230,sport,football,sport,us,llama3.2:3b,1.0,"{""category"": ""sport"", ""section"": ""us""}",success,,1,0.8955,944,13,2026-07-23T20:11:18.309735+00:00
3231,news,europe,news,world,llama3.2:3b,1.0,"{""category"": ""news"", ""section"": ""world""}",success,,1,0.8495,571,13,2026-07-23T20:44:34.635896+00:00
3232,sport,football,sport,football,llama3.2:3b,1.0,"{""category"": ""sport"", ""section"": ""football""}",success,,1,0.8395,971,13,2026-07-23T20:44:46.752084+00:00
3233,sport,tennis,sport,us,llama3.2:3b,1.0,"{""category"": ""sport"", ""section"": ""us""}",success,,1,0.8737,764,13,2026-07-23T20:30:50.317394+00:00
3234,news,europe,politics,world,llama3.2:3b,1.0,"{""category"": ""politics"", ""section"": ""world""}",success,,1,1.0789,1039,14,2026-07-23T20:55:23.441035+00:00
3235,sport,football,news,us,llama3.2:3b,1.0,"{""category"": ""news"", ""section"": ""us""}",success,,1,0.8007,506,13,2026-07-23T20:50:36.352630+00:00
3236,sport,football,sport,us,llama3.2:3b,1.0,"{""category"": ""sport"", ""section"": ""us""}",success,,1,1.0125,889,13,2026-07-23T20:01:20.082751+00:00
3238,sport,sport,sport,us,llama3.2:3b,1.0,"{""category"": ""sport"", ""section"": ""us""}",success,,1,0.8699,758,13,2026-07-23T20:48:02.629144+00:00
3241,sport,football,news,world,llama3.2:3b,1.0,"{""category"": ""news"", ""section"": ""world""}",success,,1,0.939,761,13,2026-07-23T20:02:21.026187+00:00
3243,sport,football,sport,uk,llama3.2:3b,1.0,"{""category"": ""sport"", ""section"": ""uk""}",success,,1,0.9992,893,13,2026-07-23T20:54:54.317846+00:00
3244,sport,sport,news,us,llama3.2:3b,1.0,"{""category"": ""news"", ""section"": ""us""}",success,,1,0.9492,797,13,2026-07-23T20:28:44.787538+00:00
3247,news,europe,news,world,llama3.2:3b,1.0,"{""category"": ""news"", ""section"": ""world""}",success,,1,0.8831,584,13,2026-07-23T20:43:43.685492+00:00
3249,sport,sport,news,asia,llama3.2:3b,1.0,"{""category"": ""news"", ""section"": ""asia""}",success,,1,0.9703,981,13,2026-07-23T20:33:18.490290+00:00
3250,sport,tennis,sport,us,llama3.2:3b,1.0,"{""category"": ""sport"", ""section"": ""us""}",success,,1,0.9168,629,13,2026-07-23T19:55:47.387822+00:00
3253,news,europe,news,world,llama3.2:3b,1.0,"{""category"": ""news"", ""section"": ""world""}",success,,1,0.9865,947,13,2026-07-23T20:16:33.824145+00:00
3254,sport,sport,sport,us,llama3.2:3b,1.0,"{""category"": ""sport"", ""section"": ""us""}",success,,1,0.9623,936,13,2026-07-23T20:34:08.578012+00:00
3255,news,europe,news,world,llama3.2:3b,1.0,"{""category"": ""news"", ""section"": ""world""}",success,,1,0.8157,959,13,2026-07-23T20:09:54.546290+00:00
3256,sport,sport,sport,asia,llama3.2:3b,1.0,"{""category"": ""sport"", ""section"": ""asia""}",success,,1,0.9849,907,13,2026-07-23T20:25:05.704691+00:00
3259,sport,sport,news,world,llama3.2:3b,1.0,"{""category"": ""news"", ""section"": ""world""}",success,,1,0.8738,954,13,2026-07-23T20:49:26.243470+00:00
3260,sport,sport,news,world,llama3.2:3b,1.0,"{""category"": ""news"", ""section"": ""world""}",success,,1,1.1351,941,13,2026-07-23T20:28:08.274458+00:00
3261,news,europe,news,world,llama3.2:3b,1.0,"{""category"": ""news"", ""section"": ""world""}",success,,1,0.9172,945,13,2026-07-23T19:59:19.682487+00:00
3262,sport,golf,sport,us,llama3.2:3b,1.0,"{""category"": ""sport"", ""section"": ""us""}",success,,1,0.9318,817,13,2026-07-23T20:20:40.759431+00:00
3263,sport,sport,news,sport,llama3.2:3b,1.0,"{""category"": ""news"", ""section"": ""sport""}",success,,1,1.0535,998,13,2026-07-23T20:54:26.762015+00:00
3265,sport,football,sport,us,llama3.2:3b,1.0,"{""category"": ""sport"", ""section"": ""us""}",success,,1,0.8535,713,13,2026-07-23T20:10:02.621259+00:00
3266,sport,football,news,world,llama3.2:3b,1.0,"{""category"": ""news"", ""section"": ""world""}",success,,1,0.9223,939,13,2026-07-23T20:30:20.541959+00:00
3268,sport,sport,news,us,llama3.2:3b,1.0,"{""category"": ""news"", ""section"": ""us""}",success,,1,0.9707,1042,13,2026-07-23T20:11:45.550139+00:00
3269,sport,sport,sport,us,llama3.2:3b,1.0,"{""category"": ""sport"", ""section"": ""us""}",success,,1,0.8811,670,13,2026-07-23T20:38:32.085564+00:00
3271,sport,football,entertainment,movies,llama3.2:3b,1.0,"{""category"": ""entertainment"", ""section"": ""movies""}",success,,1,1.0207,986,14,2026-07-23T20:21:55.713043+00:00
3273,sport,sport,sport,us,llama3.2:3b,1.0,"{""category"": ""sport"", ""section"": ""us""}",success,,1,0.8405,642,13,2026-07-23T20:12:39.792647+00:00
3274,sport,golf,sport,us,llama3.2:3b,1.0,"{""category"": ""sport"", ""section"": ""us""}",success,,1,0.938,908,13,2026-07-23T20:03:32.367948+00:00
3275,sport,sport,news,world,llama3.2:3b,1.0,"{""category"": ""news"", ""section"": ""world""}",success,,1,0.8941,976,13,2026-07-23T20:36:45.258032+00:00
3276,news,europe,news,world,llama3.2:3b,1.0,"{""category"": ""news"", ""section"": ""world""}",success,,1,0.9168,912,13,2026-07-23T20:14:48.858188+00:00
3277,sport,football,sport,football,llama3.2:3b,1.0,"{""category"": ""sport"", ""section"": ""football""}",success,,1,0.8777,980,13,2026-07-23T20:04:04.589311+00:00
3278,sport,football,sport,us,llama3.2:3b,1.0,"{""category"": ""sport"", ""section"": ""us""}",success,,1,0.907,855,13,2026-07-23T20:03:08.027341+00:00
3279,sport,football,news,world,llama3.2:3b,1.0,"{""category"": ""news"", ""section"": ""world""}",success,,1,0.8802,817,13,2026-07-23T20:34:58.891779+00:00
3281,news,europe,news,world,llama3.2:3b,1.0,"{""category"": ""news"", ""section"": ""world""}",success,,1,0.905,1011,13,2026-07-23T20:05:50.596973+00:00
3282,sport,tennis,sport,us,llama3.2:3b,1.0,"{""category"": ""sport"", ""section"": ""us""}",success,,1,0.8925,721,13,2026-07-23T20:40:24.207445+00:00
3283,news,europe,politics,us,llama3.2:3b,1.0,"{""category"": ""politics"", ""section"": ""us""}",success,,1,0.8855,910,14,2026-07-23T20:51:46.838413+00:00
3284,sport,tennis,politics,us,llama3.2:3b,1.0,"{""category"": ""politics"", ""section"": ""us""}",success,,1,0.9676,756,14,2026-07-23T20:43:52.407226+00:00
3287,sport,football,sport,us,llama3.2:3b,1.0,"{""category"": ""sport"", ""section"": ""us""}",success,,1,0.9513,958,13,2026-07-23T20:08:09.288362+00:00
3288,sport,sport,news,us,llama3.2:3b,1.0,"{""category"": ""news"", ""section"": ""us""}",success,,1,0.9368,984,13,2026-07-23T20:32:12.999050+00:00
3290,sport,football,news,world,llama3.2:3b,1.0,"{""category"": ""news"", ""section"": ""world""}",success,,1,0.8358,684,13,2026-07-23T20:04:28.871501+00:00
3291,sport,tennis,sport,us,llama3.2:3b,1.0,"{""category"": ""sport"", ""section"": ""us""}",success,,1,0.9721,930,13,2026-07-23T19:57:29.255603+00:00
3293,sport,football,sport,us,llama3.2:3b,1.0,"{""category"": ""sport"", ""section"": ""us""}",success,,1,0.9682,963,13,2026-07-23T19:54:09.318235+00:00
3295,sport,golf,entertainment,movies,llama3.2:3b,1.0,"{""category"": ""entertainment"", ""section"": ""movies""}",success,,1,0.9005,1025,14,2026-07-23T20:03:46.967683+00:00
3296,sport,motorsport,sport,asia,llama3.2:3b,1.0,"{""category"": ""sport"", ""section"": ""asia""}",success,,1,0.7871,496,13,2026-07-23T20:06:02.252647+00:00
3297,sport,tennis,sport,us,llama3.2:3b,1.0,"{""category"": ""sport"", ""section"": ""us""}",success,,1,0.9288,846,13,2026-07-23T20:35:40.710654+00:00
3300,sport,sport,sport,us,llama3.2:3b,1.0,"{""category"": ""sport"", ""section"": ""us""}",success,,1,0.8835,651,13,2026-07-23T20:52:27.055736+00:00
3301,sport,football,sport,us,llama3.2:3b,1.0,"{""category"": ""sport"", ""section"": ""us""}",success,,1,0.9079,952,13,2026-07-23T20:44:41.370875+00:00
3302,sport,tennis,sport,us,llama3.2:3b,1.0,"{""category"": ""sport"", ""section"": ""us""}",success,,1,0.9014,575,13,2026-07-23T20:16:06.591965+00:00
3303,sport,sport,news,world,llama3.2:3b,1.0,"{""category"": ""news"", ""section"": ""world""}",success,,1,0.8868,742,13,2026-07-23T20:14:13.478491+00:00
3304,sport,football,sport,us,llama3.2:3b,1.0,"{""category"": ""sport"", ""section"": ""us""}",success,,1,0.9323,984,13,2026-07-23T20:13:27.321155+00:00
3305,sport,tennis,sport,us,llama3.2:3b,1.0,"{""category"": ""sport"", ""section"": ""us""}",success,,1,0.9228,704,13,2026-07-23T20:43:59.709192+00:00
3306,sport,sport,sport,us,llama3.2:3b,1.0,"{""category"": ""sport"", ""section"": ""us""}",success,,1,0.8253,616,13,2026-07-23T20:27:48.877654+00:00
3307,news,europe,news,world,llama3.2:3b,1.0,"{""category"": ""news"", ""section"": ""world""}",success,,1,0.7901,583,13,2026-07-23T19:56:54.171354+00:00
3308,sport,football,sport,us,llama3.2:3b,1.0,"{""category"": ""sport"", ""section"": ""us""}",success,,1,0.8939,932,13,2026-07-23T19:58:13.024545+00:00
3309,news,europe,news,world,llama3.2:3b,1.0,"{""category"": ""news"", ""section"": ""world""}",success,,1,0.8783,913,13,2026-07-23T20:53:13.224674+00:00
3310,sport,sport,sport,australia,llama3.2:3b,1.0,"{""category"": ""sport"", ""section"": ""australia""}",success,,1,0.9876,962,15,2026-07-23T20:18:50.356536+00:00
3311,sport,sport,sport,us,llama3.2:3b,1.0,"{""category"": ""sport"", ""section"": ""us""}",success,,1,1.0835,1008,13,2026-07-23T20:56:40.342030+00:00
3312,sport,sport,sport,us,llama3.2:3b,1.0,"{""category"": ""sport"", ""section"": ""us""}",success,,1,0.9033,654,13,2026-07-23T20:04:07.608617+00:00
3313,sport,tennis,sport,us,llama3.2:3b,1.0,"{""category"": ""sport"", ""section"": ""us""}",success,,1,1.0084,536,13,2026-07-23T20:42:04.644154+00:00
3315,sport,football,sport,us,llama3.2:3b,1.0,"{""category"": ""sport"", ""section"": ""us""}",success,,1,0.9886,942,13,2026-07-23T20:25:55.427300+00:00
3316,news,uk,news,world,llama3.2:3b,1.0,"{""category"": ""news"", ""section"": ""world""}",success,,1,0.9047,986,13,2026-07-23T20:09:49.813555+00:00
3317,news,europe,politics,world,llama3.2:3b,1.0,"{""category"": ""politics"", ""section"": ""world""}",success,,1,0.9697,935,14,2026-07-23T20:11:55.743788+00:00
3318,news,australia,news,australia,llama3.2:3b,1.0,"{""category"": ""news"", ""section"": ""australia""}",success,,1,0.9734,932,15,2026-07-23T20:20:39.394307+00:00
3321,news,europe,news,world,llama3.2:3b,1.0,"{""category"": ""news"", ""section"": ""world""}",success,,1,0.8897,628,13,2026-07-23T19:56:20.083106+00:00
3322,news,europe,news,world,llama3.2:3b,1.0,"{""category"": ""news"", ""section"": ""world""}",success,,1,0.9383,965,13,2026-07-23T20:10:29.481984+00:00
3323,news,uk,news,world,llama3.2:3b,1.0,"{""category"": ""news"", ""section"": ""world""}",success,,1,0.8654,942,13,2026-07-23T19:58:25.070953+00:00
3324,sport,football,sport,uk,llama3.2:3b,1.0,"{""category"": ""sport"", ""section"": ""uk""}",success,,1,0.9593,951,13,2026-07-23T20:50:23.693571+00:00
3325,sport,sport,news,world,llama3.2:3b,1.0,"{""category"": ""news"", ""section"": ""world""}",success,,1,0.9072,934,13,2026-07-23T20:31:24.070675+00:00
3326,news,uk,politics,us,llama3.2:3b,1.0,"{""category"": ""politics"", ""section"": ""us""}",success,,1,1.011,938,14,2026-07-23T20:00:02.852221+00:00
3327,sport,sport,sport,us,llama3.2:3b,1.0,"{""category"": ""sport"", ""section"": ""us""}",success,,1,0.94,837,13,2026-07-23T20:05:29.485074+00:00
3329,sport,football,entertainment,movies,llama3.2:3b,1.0,"{""category"": ""entertainment"", ""section"": ""movies""}",success,,1,0.9084,973,14,2026-07-23T20:43:30.524348+00:00
3330,sport,sport,news,australia,llama3.2:3b,1.0,"{""category"": ""news"", ""section"": ""australia""}",success,,1,1.0472,925,15,2026-07-23T20:43:06.018404+00:00
3332,sport,sport,entertainment,us,llama3.2:3b,1.0,"{""category"": ""entertainment"", ""section"": ""us""}",success,,1,0.919,802,14,2026-07-23T20:35:19.469793+00:00
3333,news,europe,news,world,llama3.2:3b,1.0,"{""category"": ""news"", ""section"": ""world""}",success,,1,0.9406,949,13,2026-07-23T20:50:31.451111+00:00
3334,sport,football,sport,us,llama3.2:3b,1.0,"{""category"": ""sport"", ""section"": ""us""}",success,,1,0.8957,1007,13,2026-07-23T20:24:35.452112+00:00
3335,sport,sport,sport,us,llama3.2:3b,1.0,"{""category"": ""sport"", ""section"": ""us""}",success,,1,0.8831,413,13,2026-07-23T20:03:06.244943+00:00
3337,news,europe,news,world,llama3.2:3b,1.0,"{""category"": ""news"", ""section"": ""world""}",success,,1,0.8311,799,13,2026-07-23T20:01:54.663967+00:00
3338,sport,golf,sport,us,llama3.2:3b,1.0,"{""category"": ""sport"", ""section"": ""us""}",success,,1,0.9195,903,13,2026-07-23T20:02:08.540215+00:00
3339,sport,football,sport,us,llama3.2:3b,1.0,"{""category"": ""sport"", ""section"": ""us""}",success,,1,0.9991,974,13,2026-07-23T20:29:29.063106+00:00
3340,news,europe,news,world,llama3.2:3b,1.0,"{""category"": ""news"", ""section"": ""world""}",success,,1,0.8462,717,13,2026-07-23T19:54:00.131243+00:00
3341,news,uk,politics,us,llama3.2:3b,1.0,"{""category"": ""politics"", ""section"": ""us""}",success,,1,0.9114,959,14,2026-07-23T20:39:55.551613+00:00
3343,news,europe,news,world,llama3.2:3b,1.0,"{""category"": ""news"", ""section"": ""world""}",success,,1,0.9366,886,13,2026-07-23T20:23:01.330998+00:00
3345,news,europe,news,world,llama3.2:3b,1.0,"{""category"": ""news"", ""section"": ""world""}",success,,1,0.9169,884,13,2026-07-23T20:48:27.527036+00:00
3346,news,europe,politics,world,llama3.2:3b,1.0,"{""category"": ""politics"", ""section"": ""world""}",success,,1,1.1068,511,14,2026-07-23T20:26:52.758877+00:00
3347,sport,sport,sport,asia,llama3.2:3b,1.0,"{""category"": ""sport"", ""section"": ""asia""}",success,,1,0.8556,653,13,2026-07-23T19:53:20.379018+00:00
3349,sport,football,sport,us,llama3.2:3b,1.0,"{""category"": ""sport"", ""section"": ""us""}",success,,1,0.9551,949,13,2026-07-23T20:03:10.991342+00:00
3350,news,australia,news,australia,llama3.2:3b,1.0,"{""category"": ""news"", ""section"": ""australia""}",success,,1,0.904,876,15,2026-07-23T20:00:28.282497+00:00
3351,sport,sport,news,asia,llama3.2:3b,1.0,"{""category"": ""news"", ""section"": ""asia""}",success,,1,0.9187,929,13,2026-07-23T20:33:50.921958+00:00
3352,sport,sport,sport,us,llama3.2:3b,1.0,"{""category"": ""sport"", ""section"": ""us""}",success,,1,0.9162,925,13,2026-07-23T20:05:32.318450+00:00
3353,news,australia,news,australia,llama3.2:3b,1.0,"{""category"": ""news"", ""section"": ""australia""}",success,,1,0.8944,926,15,2026-07-23T20:34:23.432138+00:00
3354,news,australia,news,australia,llama3.2:3b,1.0,"{""category"": ""news"", ""section"": ""australia""}",success,,1,0.9063,890,15,2026-07-23T20:04:41.665331+00:00
3355,sport,sport,sport,us,llama3.2:3b,1.0,"{""category"": ""sport"", ""section"": ""us""}",success,,1,0.9043,938,13,2026-07-23T20:42:29.071277+00:00
3356,sport,sport,news,us,llama3.2:3b,1.0,"{""category"": ""news"", ""section"": ""us""}",success,,1,0.9124,818,13,2026-07-23T20:23:19.686443+00:00
3357,sport,sport,sport,us,llama3.2:3b,1.0,"{""category"": ""sport"", ""section"": ""us""}",success,,1,0.916,788,13,2026-07-23T20:51:43.400885+00:00
3358,sport,golf,sport,us,llama3.2:3b,1.0,"{""category"": ""sport"", ""section"": ""us""}",success,,1,0.9431,793,13,2026-07-23T20:46:15.785129+00:00
3359,news,australia,news,australia,llama3.2:3b,1.0,"{""category"": ""news"", ""section"": ""australia""}",success,,1,0.8258,624,15,2026-07-23T20:34:33.646485+00:00
3362,sport,golf,sport,us,llama3.2:3b,1.0,"{""category"": ""sport"", ""section"": ""us""}",success,,1,0.928,1032,13,2026-07-23T20:26:05.330751+00:00
3363,sport,motorsport,sport,us,llama3.2:3b,1.0,"{""category"": ""sport"", ""section"": ""us""}",success,,1,0.9144,990,13,2026-07-23T20:48:25.168885+00:00
3364,sport,sport,sport,us,llama3.2:3b,1.0,"{""category"": ""sport"", ""section"": ""us""}",success,,1,0.8807,999,13,2026-07-23T20:05:52.575854+00:00
3365,news,europe,politics,us,llama3.2:3b,1.0,"{""category"": ""politics"", ""section"": ""us""}",success,,1,0.891,906,14,2026-07-23T20:45:28.081651+00:00
3366,sport,sport,sport,us,llama3.2:3b,1.0,"{""category"": ""sport"", ""section"": ""us""}",success,,1,0.8889,1035,13,2026-07-23T20:43:18.112171+00:00
3367,sport,sport,sport,us,llama3.2:3b,1.0,"{""category"": ""sport"", ""section"": ""us""}",success,,1,1.0327,1022,13,2026-07-23T20:01:39.711636+00:00
3368,news,europe,politics,europe,llama3.2:3b,1.0,"{""category"": ""politics"", ""section"": ""europe""}",success,,1,1.0177,829,16,2026-07-23T20:34:01.408670+00:00
3369,sport,sport,sport,us,llama3.2:3b,1.0,"{""category"": ""sport"", ""section"": ""us""}",success,,1,0.9265,431,13,2026-07-23T20:40:47.417713+00:00
3370,sport,sport,sport,us,llama3.2:3b,1.0,"{""category"": ""sport"", ""section"": ""us""}",success,,1,0.9182,975,13,2026-07-23T20:08:04.334548+00:00
3371,sport,sport,entertainment,us,llama3.2:3b,1.0,"{""category"": ""entertainment"", ""section"": ""us""}",success,,1,0.8803,1032,14,2026-07-23T20:04:21.321040+00:00
3372,sport,sport,sport,us,llama3.2:3b,1.0,"{""category"": ""sport"", ""section"": ""us""}",success,,1,1.056,973,13,2026-07-23T20:25:41.969945+00:00
3373,news,europe,news,world,llama3.2:3b,1.0,"{""category"": ""news"", ""section"": ""world""}",success,,1,0.907,986,13,2026-07-23T20:36:10.342579+00:00
3374,sport,sport,sport,us,llama3.2:3b,1.0,"{""category"": ""sport"", ""section"": ""us""}",success,,1,0.9525,825,13,2026-07-23T20:19:46.992014+00:00
3375,sport,sport,news,sport,llama3.2:3b,1.0,"{""category"": ""news"", ""section"": ""sport""}",success,,1,0.8648,956,13,2026-07-23T20:28:39.616129+00:00
3376,news,europe,news,world,llama3.2:3b,1.0,"{""category"": ""news"", ""section"": ""world""}",success,,1,0.8565,925,13,2026-07-23T20:00:19.993867+00:00
3377,news,europe,news,world,llama3.2:3b,1.0,"{""category"": ""news"", ""section"": ""world""}",success,,1,0.962,980,13,2026-07-23T20:46:14.642585+00:00
3379,sport,sport,entertainment,us,llama3.2:3b,1.0,"{""category"": ""entertainment"", ""section"": ""us""}",success,,1,0.9304,977,14,2026-07-23T20:28:47.060211+00:00
3381,sport,sport,sport,us,llama3.2:3b,1.0,"{""category"": ""sport"", ""section"": ""us""}",success,,1,0.9785,1025,13,2026-07-23T20:52:20.199311+00:00
3382,sport,football,news,world,llama3.2:3b,1.0,"{""category"": ""news"", ""section"": ""world""}",success,,1,0.9751,748,13,2026-07-23T20:43:00.378288+00:00
3384,sport,sport,sport,asia,llama3.2:3b,1.0,"{""category"": ""sport"", ""section"": ""asia""}",success,,1,0.9322,960,13,2026-07-23T20:52:43.828556+00:00
3385,sport,sport,news,world,llama3.2:3b,1.0,"{""category"": ""news"", ""section"": ""world""}",success,,1,1.0967,952,13,2026-07-23T20:15:41.868710+00:00
3386,news,uk,news,us,llama3.2:3b,1.0,"{""category"": ""news"", ""section"": ""us""}",success,,1,0.9034,929,13,2026-07-23T20:04:24.208473+00:00
3387,sport,sport,sport,asia,llama3.2:3b,1.0,"{""category"": ""sport"", ""section"": ""asia""}",success,,1,1.0492,982,13,2026-07-23T20:08:12.291731+00:00
3389,sport,sport,entertainment,us,llama3.2:3b,1.0,"{""category"": ""entertainment"", ""section"": ""us""}",success,,1,0.9818,973,14,2026-07-23T20:35:14.139377+00:00
3390,news,europe,news,world,llama3.2:3b,1.0,"{""category"": ""news"", ""section"": ""world""}",success,,1,0.9508,958,13,2026-07-23T20:42:40.071067+00:00
3392,news,australia,news,australia,llama3.2:3b,1.0,"{""category"": ""news"", ""section"": ""australia""}",success,,1,0.9327,933,15,2026-07-23T20:35:41.820319+00:00
3393,sport,sport,sport,us,llama3.2:3b,1.0,"{""category"": ""sport"", ""section"": ""us""}",success,,1,0.8995,869,13,2026-07-23T20:03:15.803664+00:00
3394,sport,sport,news,us,llama3.2:3b,1.0,"{""category"": ""news"", ""section"": ""us""}",success,,1,0.9695,784,13,2026-07-23T20:22:49.819018+00:00
3395,sport,football,sport,us,llama3.2:3b,1.0,"{""category"": ""sport"", ""section"": ""us""}",success,,1,0.8961,822,13,2026-07-23T20:30:23.735604+00:00
3396,sport,sport,sport,us,llama3.2:3b,1.0,"{""category"": ""sport"", ""section"": ""us""}",success,,1,1.2039,983,13,2026-07-23T20:26:24.537983+00:00
3398,news,australia,politics,australia,llama3.2:3b,1.0,"{""category"": ""politics"", ""section"": ""australia""}",success,,1,0.8779,903,16,2026-07-23T20:07:38.361753+00:00
3399,sport,football,sport,us,llama3.2:3b,1.0,"{""category"": ""sport"", ""section"": ""us""}",success,,1,0.8558,965,13,2026-07-23T20:34:05.318630+00:00
3400,sport,football,news,world,llama3.2:3b,1.0,"{""category"": ""news"", ""section"": ""world""}",success,,1,0.9356,922,13,2026-07-23T20:10:59.260558+00:00
3401,news,europe,news,world,llama3.2:3b,1.0,"{""category"": ""news"", ""section"": ""world""}",success,,1,0.8618,933,13,2026-07-23T20:37:47.413907+00:00
3404,sport,sport,news,world,llama3.2:3b,1.0,"{""category"": ""news"", ""section"": ""world""}",success,,1,0.8552,936,13,2026-07-23T20:36:54.842875+00:00
3405,news,europe,entertainment,us,llama3.2:3b,1.0,"{""category"": ""entertainment"", ""section"": ""us""}",success,,1,0.9077,986,14,2026-07-23T19:58:04.382696+00:00
3407,news,europe,news,world,llama3.2:3b,1.0,"{""category"": ""news"", ""section"": ""world""}",success,,1,0.9815,995,13,2026-07-23T20:52:40.450342+00:00
3408,sport,sport,sport,us,llama3.2:3b,1.0,"{""category"": ""sport"", ""section"": ""us""}",success,,1,0.9062,982,13,2026-07-23T19:55:49.435400+00:00
3409,sport,sport,sport,us,llama3.2:3b,1.0,"{""category"": ""sport"", ""section"": ""us""}",success,,1,0.9558,973,13,2026-07-23T20:08:43.090313+00:00
3410,news,europe,news,world,llama3.2:3b,1.0,"{""category"": ""news"", ""section"": ""world""}",success,,1,0.7786,597,13,2026-07-23T20:06:29.749432+00:00
3411,sport,sport,news,asia,llama3.2:3b,1.0,"{""category"": ""news"", ""section"": ""asia""}",success,,1,1.003,922,13,2026-07-23T19:56:02.461467+00:00
3413,sport,sport,sport,us,llama3.2:3b,1.0,"{""category"": ""sport"", ""section"": ""us""}",success,,1,0.8973,568,13,2026-07-23T20:15:55.871078+00:00
3415,sport,football,sport,football,llama3.2:3b,1.0,"{""category"": ""sport"", ""section"": ""football""}",success,,1,0.888,739,13,2026-07-23T20:39:09.247580+00:00
3416,sport,sport,sport,us,llama3.2:3b,1.0,"{""category"": ""sport"", ""section"": ""us""}",success,,1,0.9517,886,13,2026-07-23T20:16:03.875930+00:00
3419,sport,sport,entertainment,us,llama3.2:3b,1.0,"{""category"": ""entertainment"", ""section"": ""us""}",success,,1,0.8953,906,14,2026-07-23T20:08:21.538859+00:00
3420,sport,sport,entertainment,us,llama3.2:3b,1.0,"{""category"": ""entertainment"", ""section"": ""us""}",success,,1,0.9066,890,14,2026-07-23T20:08:35.203294+00:00
3421,sport,sport,sport,us,llama3.2:3b,1.0,"{""category"": ""sport"", ""section"": ""us""}",success,,1,0.8661,682,13,2026-07-23T19:58:18.638516+00:00
3422,sport,sport,sport,us,llama3.2:3b,1.0,"{""category"": ""sport"", ""section"": ""us""}",success,,1,0.9744,1012,13,2026-07-23T20:06:10.136488+00:00
3423,sport,sport,sport,us,llama3.2:3b,1.0,"{""category"": ""sport"", ""section"": ""us""}",success,,1,1.0761,1002,13,2026-07-23T19:59:50.444767+00:00
3425,news,europe,news,world,llama3.2:3b,1.0,"{""category"": ""news"", ""section"": ""world""}",success,,1,0.9144,982,13,2026-07-23T20:06:04.201477+00:00
3426,sport,sport,sport,us,llama3.2:3b,1.0,"{""category"": ""sport"", ""section"": ""us""}",success,,1,0.9631,981,13,2026-07-23T19:55:45.285658+00:00
3428,sport,sport,sport,us,llama3.2:3b,1.0,"{""category"": ""sport"", ""section"": ""us""}",success,,1,0.8305,685,13,2026-07-23T20:11:36.786301+00:00
3429,sport,sport,sport,us,llama3.2:3b,1.0,"{""category"": ""sport"", ""section"": ""us""}",success,,1,0.8702,617,13,2026-07-23T20:42:52.433114+00:00
3430,sport,sport,entertainment,us,llama3.2:3b,1.0,"{""category"": ""entertainment"", ""section"": ""us""}",success,,1,0.8455,644,14,2026-07-23T20:02:58.315188+00:00
3431,sport,sport,sport,us,llama3.2:3b,1.0,"{""category"": ""sport"", ""section"": ""us""}",success,,1,0.9123,961,13,2026-07-23T20:39:29.751000+00:00
3433,sport,sport,business,investing,llama3.2:3b,1.0,"{""category"": ""business"", ""section"": ""investing""}",success,,1,0.9006,962,14,2026-07-23T20:38:24.632881+00:00
3434,sport,sport,sport,us,llama3.2:3b,1.0,"{""category"": ""sport"", ""section"": ""us""}",success,,1,0.9129,938,13,2026-07-23T20:01:17.039897+00:00
3435,sport,sport,sport,us,llama3.2:3b,1.0,"{""category"": ""sport"", ""section"": ""us""}",success,,1,0.8779,917,13,2026-07-23T20:06:46.446321+00:00
3436,news,europe,politics,us,llama3.2:3b,1.0,"{""category"": ""politics"", ""section"": ""us""}",success,,1,0.8512,717,14,2026-07-23T20:00:13.021008+00:00
3439,sport,sport,sport,asia,llama3.2:3b,1.0,"{""category"": ""sport"", ""section"": ""asia""}",success,,1,0.9479,992,13,2026-07-23T20:13:33.179046+00:00
3441,sport,sport,news,world,llama3.2:3b,1.0,"{""category"": ""news"", ""section"": ""world""}",success,,1,1.0539,989,13,2026-07-23T19:56:14.783183+00:00
3443,sport,sport,sport,us,llama3.2:3b,1.0,"{""category"": ""sport"", ""section"": ""us""}",success,,1,0.8812,1014,13,2026-07-23T20:29:57.448504+00:00
3445,sport,sport,sport,us,llama3.2:3b,1.0,"{""category"": ""sport"", ""section"": ""us""}",success,,1,1.0111,1020,13,2026-07-23T20:12:26.827315+00:00
3446,sport,football,sport,football,llama3.2:3b,1.0,"{""category"": ""sport"", ""section"": ""football""}",success,,1,0.8869,974,13,2026-07-23T20:02:35.271115+00:00
3447,news,europe,politics,europe,llama3.2:3b,1.0,"{""category"": ""politics"", ""section"": ""europe""}",success,,1,0.9397,850,15,2026-07-23T20:52:03.117379+00:00
3448,news,europe,politics,world,llama3.2:3b,1.0,"{""category"": ""politics"", ""section"": ""world""}",success,,1,0.8461,770,14,2026-07-23T20:33:31.303378+00:00
3450,sport,sport,news,asia,llama3.2:3b,1.0,"{""category"": ""news"", ""section"": ""asia""}",success,,1,1.0201,922,13,2026-07-23T19:55:43.123511+00:00
3452,sport,sport,news,australia,llama3.2:3b,1.0,"{""category"": ""news"", ""section"": ""australia""}",success,,1,0.8995,899,15,2026-07-23T20:44:40.270527+00:00
3453,sport,football,sport,us,llama3.2:3b,1.0,"{""category"": ""sport"", ""section"": ""us""}",success,,1,0.8687,977,13,2026-07-23T20:13:23.381238+00:00
3454,sport,golf,sport,us,llama3.2:3b,1.0,"{""category"": ""sport"", ""section"": ""us""}",success,,1,0.8979,977,13,2026-07-23T20:31:54.031262+00:00
3455,news,uk,politics,uk,llama3.2:3b,1.0,"{""category"": ""politics"", ""section"": ""uk""}",success,,1,0.9129,1026,14,2026-07-23T20:47:08.029787+00:00
3458,sport,sport,sport,us,llama3.2:3b,1.0,"{""category"": ""sport"", ""section"": ""us""}",success,,1,1.1566,1023,13,2026-07-23T20:19:14.190115+00:00
3459,news,australia,news,world,llama3.2:3b,1.0,"{""category"": ""news"", ""section"": ""world""}",success,,1,0.9466,943,13,2026-07-23T20:28:43.704909+00:00
3461,sport,golf,sport,us,llama3.2:3b,1.0,"{""category"":""sport"",""section"":""us""}",success,,1,0.8392,1014,10,2026-07-23T20:02:21.911757+00:00
3462,news,uk,politics,uk,llama3.2:3b,1.0,"{""category"": ""politics"", ""section"": ""uk""}",success,,1,0.9073,1010,14,2026-07-23T20:47:22.442574+00:00
3463,sport,sport,politics,asia,llama3.2:3b,1.0,"{""category"": ""politics"", ""section"": ""asia""}",success,,1,0.9786,802,14,2026-07-23T20:21:01.236004+00:00
3464,sport,football,sport,football,llama3.2:3b,1.0,"{""category"": ""sport"", ""section"": ""football""}",success,,1,0.9535,951,13,2026-07-23T20:42:47.049185+00:00
3465,sport,sport,news,us,llama3.2:3b,1.0,"{""category"": ""news"", ""section"": ""us""}",success,,1,0.881,877,13,2026-07-23T20:12:42.700560+00:00
3466,news,europe,news,world,llama3.2:3b,1.0,"{""category"": ""news"", ""section"": ""world""}",success,,1,0.8755,844,13,2026-07-23T19:53:19.512677+00:00
3467,sport,football,sport,football,llama3.2:3b,1.0,"{""category"": ""sport"", ""section"": ""football""}",success,,1,0.8769,1005,13,2026-07-23T20:45:09.009192+00:00
3468,sport,sport,sport,us,llama3.2:3b,1.0,"{""category"": ""sport"", ""section"": ""us""}",success,,1,1.0124,1070,13,2026-07-23T19:55:53.343636+00:00
3469,sport,sport,news,middleeast,llama3.2:3b,1.0,"{""category"": ""news"", ""section"": ""middleeast""}",success,,1,0.8993,962,14,2026-07-23T20:24:05.354244+00:00
3470,news,europe,news,world,llama3.2:3b,1.0,"{""category"": ""news"", ""section"": ""world""}",success,,1,0.8932,917,13,2026-07-23T20:33:37.383440+00:00
3471,sport,football,sport,football,llama3.2:3b,1.0,"{""category"": ""sport"", ""section"": ""football""}",success,,1,0.8691,895,13,2026-07-23T20:34:30.548180+00:00
3472,news,europe,news,world,llama3.2:3b,1.0,"{""category"": ""news"", ""section"": ""world""}",success,,1,0.8454,744,13,2026-07-23T20:08:46.809452+00:00
3474,sport,sport,news,us,llama3.2:3b,1.0,"{""category"": ""news"", ""section"": ""us""}",success,,1,0.9582,949,13,2026-07-23T20:27:16.030890+00:00
3476,sport,sport,sport,us,llama3.2:3b,1.0,"{""category"": ""sport"", ""section"": ""us""}",success,,1,0.9916,987,13,2026-07-23T20:24:45.730831+00:00
3477,sport,football,news,us,llama3.2:3b,1.0,"{""category"": ""news"", ""section"": ""us""}",success,,1,0.9274,738,13,2026-07-23T20:04:40.699302+00:00
3478,sport,sport,entertainment,us,llama3.2:3b,1.0,"{""category"": ""entertainment"", ""section"": ""us""}",success,,1,0.877,957,14,2026-07-23T20:38:19.313523+00:00
3479,news,europe,health,world,llama3.2:3b,1.0,"{""category"": ""health"", ""section"": ""world""}",success,,1,0.928,937,13,2026-07-23T20:07:04.102304+00:00
3480,news,europe,politics,europe,llama3.2:3b,1.0,"{""category"": ""politics"", ""section"": ""europe""}",success,,1,0.9886,905,16,2026-07-23T20:29:14.124433+00:00
3481,sport,golf,sport,us,llama3.2:3b,1.0,"{""category"": ""sport"", ""section"": ""us""}",success,,1,0.8725,950,13,2026-07-23T20:03:08.962706+00:00
3482,sport,football,sport,football,llama3.2:3b,1.0,"{""category"": ""sport"", ""section"": ""football""}",success,,1,0.8662,980,13,2026-07-23T20:16:51.722461+00:00
3483,news,europe,news,world,llama3.2:3b,1.0,"{""category"": ""news"", ""section"": ""world""}",success,,1,1.032,782,13,2026-07-23T20:45:46.744759+00:00
3485,news,europe,news,world,llama3.2:3b,1.0,"{""category"": ""news"", ""section"": ""world""}",success,,1,0.8675,988,13,2026-07-23T20:36:18.786804+00:00
3487,news,europe,news,world,llama3.2:3b,1.0,"{""category"": ""news"", ""section"": ""world""}",success,,1,0.8357,962,13,2026-07-23T20:12:51.516777+00:00
3488,sport,sport,sport,us,llama3.2:3b,1.0,"{""category"": ""sport"", ""section"": ""us""}",success,,1,0.8929,625,13,2026-07-23T20:11:17.326484+00:00
3489,sport,sport,sport,asia,llama3.2:3b,1.0,"{""category"": ""sport"", ""section"": ""asia""}",success,,1,0.9457,895,13,2026-07-23T20:31:20.903873+00:00
3491,news,europe,news,world,llama3.2:3b,1.0,"{""category"": ""news"", ""section"": ""world""}",success,,1,0.8557,1007,13,2026-07-23T20:01:43.413848+00:00
3492,news,europe,news,world,llama3.2:3b,1.0,"{""category"": ""news"", ""section"": ""world""}",success,,1,0.8612,976,13,2026-07-23T20:33:47.825349+00:00
3493,sport,sport,sport,us,llama3.2:3b,1.0,"{""category"": ""sport"", ""section"": ""us""}",success,,1,1.1429,847,13,2026-07-23T20:06:24.012136+00:00
3494,news,europe,politics,world,llama3.2:3b,1.0,"{""category"": ""politics"", ""section"": ""world""}",success,,1,0.9046,943,14,2026-07-23T20:04:59.272380+00:00
3497,news,australia,news,australia,llama3.2:3b,1.0,"{""category"": ""news"", ""section"": ""australia""}",success,,1,0.8849,906,15,2026-07-23T20:00:13.951117+00:00
3499,news,europe,news,world,llama3.2:3b,1.0,"{""category"": ""news"", ""section"": ""world""}",success,,1,0.9834,988,13,2026-07-23T20:26:27.517681+00:00
3500,news,europe,politics,world,llama3.2:3b,1.0,"{""category"": ""politics"", ""section"": ""world""}",success,,1,0.9443,961,14,2026-07-23T20:08:25.431008+00:00
3502,sport,motorsport,sport,us,llama3.2:3b,1.0,"{""category"": ""sport"", ""section"": ""us""}",success,,1,0.9008,948,13,2026-07-23T20:44:30.168199+00:00
3504,news,europe,news,world,llama3.2:3b,1.0,"{""category"": ""news"", ""section"": ""world""}",success,,1,0.7684,663,13,2026-07-23T19:57:22.682636+00:00
3505,sport,golf,sport,us,llama3.2:3b,1.0,"{""category"": ""sport"", ""section"": ""us""}",success,,1,0.9891,983,13,2026-07-23T20:16:05.227184+00:00
3506,news,uk,news,world,llama3.2:3b,1.0,"{""category"": ""news"", ""section"": ""world""}",success,,1,0.8957,983,13,2026-07-23T20:11:39.710030+00:00
3507,sport,sport,sport,us,llama3.2:3b,1.0,"{""category"": ""sport"", ""section"": ""us""}",success,,1,0.9532,852,13,2026-07-23T20:33:14.266968+00:00
3508,sport,golf,sport,us,llama3.2:3b,1.0,"{""category"": ""sport"", ""section"": ""us""}",success,,1,0.9648,830,13,2026-07-23T20:27:04.219297+00:00
3509,news,europe,politics,europe,llama3.2:3b,1.0,"{""category"": ""politics"", ""section"": ""europe""}",success,,1,1.0085,891,16,2026-07-23T20:48:38.052219+00:00
3511,news,europe,politics,europe,llama3.2:3b,1.0,"{""category"": ""politics"", ""section"": ""europe""}",success,,1,0.9238,944,16,2026-07-23T20:05:38.020166+00:00
3512,sport,golf,sport,us,llama3.2:3b,1.0,"{""category"": ""sport"", ""section"": ""us""}",success,,1,0.9007,788,13,2026-07-23T19:56:12.840700+00:00
3514,news,europe,news,world,llama3.2:3b,1.0,"{""category"": ""news"", ""section"": ""world""}",success,,1,0.888,959,13,2026-07-23T20:47:10.240117+00:00
3515,sport,motorsport,sport,football,llama3.2:3b,1.0,"{""category"": ""sport"", ""section"": ""football""}",success,,1,1.1356,967,14,2026-07-23T20:09:22.723593+00:00
3516,news,uk,politics,uk,llama3.2:3b,1.0,"{""category"": ""politics"", ""section"": ""uk""}",success,,1,0.8994,995,14,2026-07-23T20:37:17.677897+00:00
3517,sport,golf,sport,us,llama3.2:3b,1.0,"{""category"": ""sport"", ""section"": ""us""}",success,,1,0.9161,982,13,2026-07-23T20:13:44.089213+00:00
3518,sport,tennis,entertainment,us,llama3.2:3b,1.0,"{""category"": ""entertainment"", ""section"": ""us""}",success,,1,0.9412,754,14,2026-07-23T20:20:01.234480+00:00
3519,sport,football,news,world,llama3.2:3b,1.0,"{""category"": ""news"", ""section"": ""world""}",success,,1,0.8973,937,13,2026-07-23T20:25:16.208014+00:00
3520,sport,sport,sport,us,llama3.2:3b,1.0,"{""category"": ""sport"", ""section"": ""us""}",success,,1,0.9354,884,13,2026-07-23T20:03:53.744054+00:00
3521,sport,golf,sport,us,llama3.2:3b,1.0,"{""category"": ""sport"", ""section"": ""us""}",success,,1,0.8736,730,13,2026-07-23T20:37:10.021426+00:00
3523,sport,golf,sport,us,llama3.2:3b,1.0,"{""category"": ""sport"", ""section"": ""us""}",success,,1,0.8744,670,13,2026-07-23T20:16:02.538124+00:00
3524,news,europe,news,world,llama3.2:3b,1.0,"{""category"": ""news"", ""section"": ""world""}",success,,1,0.7424,626,13,2026-07-23T20:49:41.941178+00:00
3525,sport,football,sport,us,llama3.2:3b,1.0,"{""category"": ""sport"", ""section"": ""us""}",success,,1,0.8985,805,13,2026-07-23T20:01:53.764837+00:00
3526,news,europe,news,world,llama3.2:3b,1.0,"{""category"": ""news"", ""section"": ""world""}",success,,1,0.8999,948,13,2026-07-23T20:52:11.159161+00:00
3527,sport,golf,sport,us,llama3.2:3b,1.0,"{""category"": ""sport"", ""section"": ""us""}",success,,1,0.9191,1074,13,2026-07-23T20:01:57.617991+00:00
3528,sport,sport,news,us,llama3.2:3b,1.0,"{""category"": ""news"", ""section"": ""us""}",success,,1,0.9326,688,13,2026-07-23T19:58:28.873435+00:00
3529,sport,golf,entertainment,us,llama3.2:3b,1.0,"{""category"": ""entertainment"", ""section"": ""us""}",success,,1,0.9029,789,14,2026-07-23T20:25:21.813830+00:00
3530,news,uk,politics,world,llama3.2:3b,1.0,"{""category"": ""politics"", ""section"": ""world""}",success,,1,0.8572,940,14,2026-07-23T20:42:37.828284+00:00
3531,news,europe,news,world,llama3.2:3b,1.0,"{""category"": ""news"", ""section"": ""world""}",success,,1,0.9962,944,13,2026-07-23T20:18:11.108872+00:00
3533,news,europe,news,world,llama3.2:3b,1.0,"{""category"": ""news"", ""section"": ""world""}",success,,1,0.8084,610,13,2026-07-23T20:24:18.317503+00:00
3534,sport,football,politics,us,llama3.2:3b,1.0,"{""category"": ""politics"", ""section"": ""us""}",success,,1,0.9413,1035,14,2026-07-23T20:04:53.585099+00:00
3535,sport,golf,sport,us,llama3.2:3b,1.0,"{""category"": ""sport"", ""section"": ""us""}",success,,1,0.8735,998,13,2026-07-23T20:02:45.949957+00:00
3536,sport,sport,sport,us,llama3.2:3b,1.0,"{""category"": ""sport"", ""section"": ""us""}",success,,1,1.0305,983,13,2026-07-23T20:19:43.962784+00:00
3537,sport,sport,sport,us,llama3.2:3b,1.0,"{""category"": ""sport"", ""section"": ""us""}",success,,1,1.0162,967,13,2026-07-23T20:17:39.359838+00:00
3538,news,australia,news,world,llama3.2:3b,1.0,"{""category"": ""news"", ""section"": ""world""}",success,,1,0.8774,785,13,2026-07-23T20:01:59.575835+00:00
3539,news,europe,politics,europe,llama3.2:3b,1.0,"{""category"": ""politics"", ""section"": ""europe""}",success,,1,0.9229,688,15,2026-07-23T20:12:08.083470+00:00
3541,news,europe,politics,world,llama3.2:3b,1.0,"{""category"": ""politics"", ""section"": ""world""}",success,,1,0.9054,979,14,2026-07-23T19:59:48.342409+00:00
3542,sport,sport,sport,us,llama3.2:3b,1.0,"{""category"": ""sport"", ""section"": ""us""}",success,,1,0.9298,789,13,2026-07-23T20:13:54.339426+00:00
3545,news,europe,news,world,llama3.2:3b,1.0,"{""category"": ""news"", ""section"": ""world""}",success,,1,0.8124,748,13,2026-07-23T20:35:29.201711+00:00
3546,news,europe,news,world,llama3.2:3b,1.0,"{""category"": ""news"", ""section"": ""world""}",success,,1,0.8634,1007,13,2026-07-23T19:58:19.534912+00:00
3547,news,europe,politics,world,llama3.2:3b,1.0,"{""category"": ""politics"", ""section"": ""world""}",success,,1,0.9033,930,14,2026-07-23T19:54:01.058901+00:00
3549,sport,golf,sport,us,llama3.2:3b,1.0,"{""category"": ""sport"", ""section"": ""us""}",success,,1,0.9336,1010,13,2026-07-23T20:13:36.185342+00:00
3550,news,australia,news,world,llama3.2:3b,1.0,"{""category"": ""news"", ""section"": ""world""}",success,,1,0.8892,772,13,2026-07-23T20:14:21.407042+00:00
3551,sport,football,sport,us,llama3.2:3b,1.0,"{""category"": ""sport"", ""section"": ""us""}",success,,1,1.3632,834,13,2026-07-23T20:56:42.580327+00:00
3552,news,europe,news,world,llama3.2:3b,1.0,"{""category"": ""news"", ""section"": ""world""}",success,,1,0.9416,857,13,2026-07-23T20:27:02.857754+00:00
3553,sport,sport,sport,us,llama3.2:3b,1.0,"{""category"": ""sport"", ""section"": ""us""}",success,,1,0.9646,943,13,2026-07-23T20:27:43.485110+00:00
3554,news,uk,politics,us,llama3.2:3b,1.0,"{""category"": ""politics"", ""section"": ""us""}",success,,1,0.8651,632,14,2026-07-23T20:34:03.414579+00:00
3555,news,europe,news,world,llama3.2:3b,1.0,"{""category"": ""news"", ""section"": ""world""}",success,,1,0.966,952,13,2026-07-23T20:23:28.278896+00:00
3557,news,australia,news,australia,llama3.2:3b,1.0,"{""category"": ""news"", ""section"": ""australia""}",success,,1,0.8626,719,15,2026-07-23T20:54:59.639255+00:00
3558,sport,sport,entertainment,us,llama3.2:3b,1.0,"{""category"": ""entertainment"", ""section"": ""us""}",success,,1,0.8918,913,14,2026-07-23T20:34:59.944878+00:00
3559,news,uk,news,us,llama3.2:3b,1.0,"{""category"": ""news"", ""section"": ""us""}",success,,1,0.8677,767,13,2026-07-23T20:08:34.212572+00:00
3560,sport,sport,news,us,llama3.2:3b,1.0,"{""category"": ""news"", ""section"": ""us""}",success,,1,0.9064,842,13,2026-07-23T20:20:59.772759+00:00
3561,news,europe,news,world,llama3.2:3b,1.0,"{""category"": ""news"", ""section"": ""world""}",success,,1,0.9553,900,13,2026-07-23T20:05:59.502632+00:00
3562,sport,football,sport,us,llama3.2:3b,1.0,"{""category"": ""sport"", ""section"": ""us""}",success,,1,1.0082,818,13,2026-07-23T20:04:31.936451+00:00
3563,news,europe,politics,world,llama3.2:3b,1.0,"{""category"": ""politics"", ""section"": ""world""}",success,,1,1.0973,890,14,2026-07-23T20:29:49.033647+00:00
3566,news,europe,news,world,llama3.2:3b,1.0,"{""category"": ""news"", ""section"": ""world""}",success,,1,0.799,737,13,2026-07-23T19:57:46.973869+00:00
3567,sport,football,sport,football,llama3.2:3b,1.0,"{""category"": ""sport"", ""section"": ""football""}",success,,1,0.9748,865,13,2026-07-23T20:37:03.473247+00:00
3569,news,uk,politics,uk,llama3.2:3b,1.0,"{""category"": ""politics"", ""section"": ""uk""}",success,,1,0.9383,910,14,2026-07-23T20:10:57.227164+00:00
3570,news,europe,news,world,llama3.2:3b,1.0,"{""category"": ""news"", ""section"": ""world""}",success,,1,0.8883,855,13,2026-07-23T20:02:32.371981+00:00
3572,news,europe,politics,us,llama3.2:3b,1.0,"{""category"": ""politics"", ""section"": ""us""}",success,,1,0.888,996,14,2026-07-23T20:02:59.266062+00:00
3573,news,uk,news,world,llama3.2:3b,1.0,"{""category"": ""news"", ""section"": ""world""}",success,,1,0.9438,782,13,2026-07-23T20:17:05.233863+00:00
3574,sport,football,sport,us,llama3.2:3b,1.0,"{""category"": ""sport"", ""section"": ""us""}",success,,1,0.8767,968,13,2026-07-23T20:43:07.078117+00:00
3576,sport,football,sport,us,llama3.2:3b,1.0,"{""category"": ""sport"", ""section"": ""us""}",success,,1,0.8714,811,13,2026-07-23T20:02:36.192274+00:00
3578,news,europe,politics,us,llama3.2:3b,1.0,"{""category"": ""politics"", ""section"": ""us""}",success,,1,0.8917,898,14,2026-07-23T19:54:50.786993+00:00
3579,sport,sport,sport,us,llama3.2:3b,1.0,"{""category"": ""sport"", ""section"": ""us""}",success,,1,0.9385,971,13,2026-07-23T20:09:08.166326+00:00
3580,news,europe,news,world,llama3.2:3b,1.0,"{""category"": ""news"", ""section"": ""world""}",success,,1,0.9213,992,13,2026-07-23T19:54:58.333751+00:00
3581,sport,football,news,us,llama3.2:3b,1.0,"{""category"": ""news"", ""section"": ""us""}",success,,1,0.9399,786,13,2026-07-23T20:18:16.533084+00:00
3582,news,europe,news,world,llama3.2:3b,1.0,"{""category"": ""news"", ""section"": ""world""}",success,,1,0.8524,905,13,2026-07-23T20:34:35.662284+00:00
3584,sport,football,sport,world,llama3.2:3b,1.0,"{""category"": ""sport"", ""section"": ""world""}",success,,1,0.8524,708,13,2026-07-23T20:52:34.841648+00:00
3585,news,australia,news,world,llama3.2:3b,1.0,"{""category"": ""news"", ""section"": ""world""}",success,,1,0.8562,886,13,2026-07-23T19:54:49.876913+00:00
3586,sport,football,sport,football,llama3.2:3b,1.0,"{""category"": ""sport"", ""section"": ""football""}",success,,1,0.9305,909,13,2026-07-23T19:54:17.208839+00:00
3587,sport,football,sport,us,llama3.2:3b,1.0,"{""category"": ""sport"", ""section"": ""us""}",success,,1,0.9438,979,13,2026-07-23T20:07:31.087508+00:00
3588,news,uk,politics,uk,llama3.2:3b,1.0,"{""category"": ""politics"", ""section"": ""uk""}",success,,1,1.0113,935,14,2026-07-23T19:56:36.969249+00:00
3589,news,uk,politics,us,llama3.2:3b,1.0,"{""category"": ""politics"", ""section"": ""us""}",success,,1,0.9396,989,14,2026-07-23T20:19:49.685505+00:00
3590,sport,sport,entertainment,movies,llama3.2:3b,1.0,"{""category"": ""entertainment"", ""section"": ""movies""}",success,,1,0.9697,1048,14,2026-07-23T19:58:00.664015+00:00
3592,sport,sport,sport,us,llama3.2:3b,1.0,"{""category"": ""sport"", ""section"": ""us""}",success,,1,0.9384,811,13,2026-07-23T20:38:55.071567+00:00
3594,sport,football,sport,football,llama3.2:3b,1.0,"{""category"": ""sport"", ""section"": ""football""}",success,,1,0.8385,671,13,2026-07-23T20:49:11.714657+00:00
3595,news,europe,politics,world,llama3.2:3b,1.0,"{""category"": ""politics"", ""section"": ""world""}",success,,1,1.0834,891,14,2026-07-23T20:13:49.251054+00:00
3596,news,uk,politics,world,llama3.2:3b,1.0,"{""category"": ""politics"", ""section"": ""world""}",success,,1,0.8944,522,14,2026-07-23T20:43:41.527845+00:00
3598,news,uk,news,world,llama3.2:3b,1.0,"{""category"": ""news"", ""section"": ""world""}",success,,1,0.81,789,13,2026-07-23T20:06:44.227332+00:00
3599,sport,sport,sport,asia,llama3.2:3b,1.0,"{""category"": ""sport"", ""section"": ""asia""}",success,,1,0.9158,775,13,2026-07-23T20:05:19.744363+00:00
3600,sport,football,news,world,llama3.2:3b,1.0,"{""category"": ""news"", ""section"": ""world""}",success,,1,1.0637,966,13,2026-07-23T20:35:01.173669+00:00
3602,news,europe,news,world,llama3.2:3b,1.0,"{""category"": ""news"", ""section"": ""world""}",success,,1,0.8248,768,13,2026-07-23T20:00:11.232262+00:00
3603,sport,football,sport,asia,llama3.2:3b,1.0,"{""category"": ""sport"", ""section"": ""asia""}",success,,1,0.9037,895,13,2026-07-23T19:59:57.109376+00:00
3604,news,europe,news,world,llama3.2:3b,1.0,"{""category"": ""news"", ""section"": ""world""}",success,,1,0.8453,745,13,2026-07-23T20:40:21.013805+00:00
3605,sport,football,sport,us,llama3.2:3b,1.0,"{""category"": ""sport"", ""section"": ""us""}",success,,1,0.9488,987,13,2026-07-23T20:31:29.414140+00:00
3606,sport,football,sport,football,llama3.2:3b,1.0,"{""category"": ""sport"", ""section"": ""football""}",success,,1,0.8697,1026,13,2026-07-23T20:03:33.296473+00:00
3607,news,europe,news,world,llama3.2:3b,1.0,"{""category"": ""news"", ""section"": ""world""}",success,,1,0.8601,844,13,2026-07-23T20:32:21.407958+00:00
3609,news,europe,news,world,llama3.2:3b,1.0,"{""category"": ""news"", ""section"": ""world""}",success,,1,0.9026,940,13,2026-07-23T20:13:12.692395+00:00
3610,sport,tennis,sport,us,llama3.2:3b,1.0,"{""category"": ""sport"", ""section"": ""us""}",success,,1,1.0112,1017,13,2026-07-23T20:22:59.897137+00:00
3613,sport,football,sport,football,llama3.2:3b,1.0,"{""category"": ""sport"", ""section"": ""football""}",success,,1,1.073,989,13,2026-07-23T20:30:44.038529+00:00
3614,news,europe,news,world,llama3.2:3b,1.0,"{""category"": ""news"", ""section"": ""world""}",success,,1,0.9608,951,13,2026-07-23T20:26:59.994839+00:00
3616,sport,sport,entertainment,movies,llama3.2:3b,1.0,"{""category"": ""entertainment"", ""section"": ""movies""}",success,,1,0.9187,1017,14,2026-07-23T20:02:26.654019+00:00
3617,news,europe,politics,europe,llama3.2:3b,1.0,"{""category"": ""politics"", ""section"": ""europe""}",success,,1,0.9086,933,16,2026-07-23T20:40:48.503805+00:00
3618,sport,football,sport,football,llama3.2:3b,1.0,"{""category"": ""sport"", ""section"": ""football""}",success,,1,0.8828,999,13,2026-07-23T20:45:13.596890+00:00
3619,news,europe,politics,europe,llama3.2:3b,1.0,"{""category"": ""politics"", ""section"": ""europe""}",success,,1,0.9057,965,15,2026-07-23T20:33:35.345527+00:00
3621,sport,sport,sport,us,llama3.2:3b,1.0,"{""category"": ""sport"", ""section"": ""us""}",success,,1,0.979,907,13,2026-07-23T20:21:02.652253+00:00
3624,sport,sport,politics,middleeast,llama3.2:3b,1.0,"{""category"": ""politics"", ""section"": ""middleeast""}",success,,1,0.9807,992,15,2026-07-23T20:05:12.069861+00:00
3625,news,europe,politics,world,llama3.2:3b,1.0,"{""category"": ""politics"", ""section"": ""world""}",success,,1,1.0412,910,14,2026-07-23T20:39:26.039806+00:00
3626,sport,football,sport,football,llama3.2:3b,1.0,"{""category"": ""sport"", ""section"": ""football""}",success,,1,0.9689,732,13,2026-07-23T19:55:31.072200+00:00
3628,news,europe,politics,world,llama3.2:3b,1.0,"{""category"": ""politics"", ""section"": ""world""}",success,,1,0.9476,794,14,2026-07-23T20:01:48.148160+00:00
3629,news,europe,politics,us,llama3.2:3b,1.0,"{""category"": ""politics"", ""section"": ""us""}",success,,1,0.9996,938,14,2026-07-23T19:59:51.480008+00:00
3631,sport,sport,sport,asia,llama3.2:3b,1.0,"{""category"": ""sport"", ""section"": ""asia""}",success,,1,0.8675,662,13,2026-07-23T20:03:54.679241+00:00
3632,sport,football,sport,us,llama3.2:3b,1.0,"{""category"": ""sport"", ""section"": ""us""}",success,,1,0.8794,880,13,2026-07-23T20:10:28.463113+00:00
3634,sport,tennis,sport,us,llama3.2:3b,1.0,"{""category"": ""sport"", ""section"": ""us""}",success,,1,0.9226,1057,13,2026-07-23T19:58:36.327189+00:00
3636,sport,golf,sport,us,llama3.2:3b,1.0,"{""category"": ""sport"", ""section"": ""us""}",success,,1,0.875,808,13,2026-07-23T20:02:33.295640+00:00
3637,sport,sport,sport,us,llama3.2:3b,1.0,"{""category"": ""sport"", ""section"": ""us""}",success,,1,0.9992,973,13,2026-07-23T20:21:16.899379+00:00
3639,sport,golf,sport,us,llama3.2:3b,1.0,"{""category"":""sport"",""section"":""us""}",success,,1,0.9647,958,10,2026-07-23T20:24:47.146844+00:00
3640,sport,motorsport,sport,football,llama3.2:3b,1.0,"{""category"": ""sport"", ""section"": ""football""}",success,,1,1.1025,991,14,2026-07-23T20:52:10.030289+00:00
3641,sport,tennis,sport,us,llama3.2:3b,1.0,"{""category"": ""sport"", ""section"": ""us""}",success,,1,0.975,1025,13,2026-07-23T20:24:01.063689+00:00
3643,sport,sport,sport,us,llama3.2:3b,1.0,"{""category"": ""sport"", ""section"": ""us""}",success,,1,0.962,817,13,2026-07-23T20:26:51.127987+00:00
3646,sport,sport,sport,us,llama3.2:3b,1.0,"{""category"": ""sport"", ""section"": ""us""}",success,,1,0.916,598,13,2026-07-23T20:44:13.442075+00:00
3648,sport,sport,sport,us,llama3.2:3b,1.0,"{""category"": ""sport"", ""section"": ""us""}",success,,1,0.8913,639,13,2026-07-23T20:40:22.078273+00:00
3649,sport,tennis,sport,us,llama3.2:3b,1.0,"{""category"":""sport"",""section"":""us""}",success,,1,0.8704,1025,10,2026-07-23T20:45:45.487910+00:00
3650,sport,tennis,sport,us,llama3.2:3b,1.0,"{""category"": ""sport"", ""section"": ""us""}",success,,1,1.0302,1066,13,2026-07-23T20:17:49.015577+00:00
3652,news,australia,news,world,llama3.2:3b,1.0,"{""category"": ""news"", ""section"": ""world""}",success,,1,0.8731,837,13,2026-07-23T20:54:23.130872+00:00
3653,sport,football,politics,us,llama3.2:3b,1.0,"{""category"": ""politics"", ""section"": ""us""}",success,,1,1.0821,968,14,2026-07-23T20:20:48.045295+00:00
3654,sport,football,sport,us,llama3.2:3b,1.0,"{""category"": ""sport"", ""section"": ""us""}",success,,1,0.9406,997,13,2026-07-23T20:47:23.583722+00:00
3655,sport,sport,sport,us,llama3.2:3b,1.0,"{""category"":""sport"",""section"":""us""}",success,,1,0.9492,934,10,2026-07-23T19:55:02.205829+00:00
3656,news,europe,politics,world,llama3.2:3b,1.0,"{""category"": ""politics"", ""section"": ""world""}",success,,1,0.9559,912,14,2026-07-23T19:54:57.392521+00:00
3657,sport,tennis,sport,us,llama3.2:3b,1.0,"{""category"": ""sport"", ""section"": ""us""}",success,,1,0.9174,1094,13,2026-07-23T20:48:07.136686+00:00
3658,sport,sport,news,us,llama3.2:3b,1.0,"{""category"": ""news"", ""section"": ""us""}",success,,1,0.9724,1014,13,2026-07-23T19:54:33.419834+00:00
3659,news,europe,politics,world,llama3.2:3b,1.0,"{""category"": ""politics"", ""section"": ""world""}",success,,1,0.8701,875,14,2026-07-23T20:38:37.353781+00:00
3660,sport,football,news,world,llama3.2:3b,1.0,"{""category"": ""news"", ""section"": ""world""}",success,,1,0.8448,539,13,2026-07-23T20:48:44.704744+00:00
3661,news,europe,politics,uk,llama3.2:3b,1.0,"{""category"": ""politics"", ""section"": ""uk""}",success,,1,0.9947,914,14,2026-07-23T20:04:50.631423+00:00
3663,sport,golf,sport,us,llama3.2:3b,1.0,"{""category"": ""sport"", ""section"": ""us""}",success,,1,0.9249,1007,13,2026-07-23T19:59:56.160643+00:00
3664,news,europe,news,world,llama3.2:3b,1.0,"{""category"": ""news"", ""section"": ""world""}",success,,1,0.8046,525,13,2026-07-23T20:29:56.413266+00:00
3665,sport,sport,sport,asia,llama3.2:3b,1.0,"{""category"": ""sport"", ""section"": ""asia""}",success,,1,0.942,894,13,2026-07-23T20:49:34.013309+00:00
3666,sport,sport,sport,asia,llama3.2:3b,1.0,"{""category"": ""sport"", ""section"": ""asia""}",success,,1,0.9546,915,13,2026-07-23T20:49:47.665838+00:00
3667,sport,football,sport,football,llama3.2:3b,1.0,"{""category"": ""sport"", ""section"": ""football""}",success,,1,0.8497,737,13,2026-07-23T20:38:48.922151+00:00
3668,sport,motorsport,entertainment,us,llama3.2:3b,1.0,"{""category"": ""entertainment"", ""section"": ""us""}",success,,1,0.8217,680,14,2026-07-23T20:37:29.361284+00:00
3669,sport,tennis,sport,us,llama3.2:3b,1.0,"{""category"": ""sport"", ""section"": ""us""}",success,,1,0.8885,1036,13,2026-07-23T20:13:28.308970+00:00
3670,news,europe,news,world,llama3.2:3b,1.0,"{""category"": ""news"", ""section"": ""world""}",success,,1,0.8963,882,13,2026-07-23T20:36:03.961786+00:00
3672,sport,sport,entertainment,movies,llama3.2:3b,1.0,"{""category"": ""entertainment"", ""section"": ""movies""}",success,,1,0.9189,947,14,2026-07-23T20:51:19.486976+00:00
3673,sport,tennis,sport,us,llama3.2:3b,1.0,"{""category"": ""sport"", ""section"": ""us""}",success,,1,0.9153,937,13,2026-07-23T20:20:44.873660+00:00
3674,news,europe,politics,world,llama3.2:3b,1.0,"{""category"": ""politics"", ""section"": ""world""}",success,,1,0.9595,992,14,2026-07-23T20:28:21.332284+00:00
3675,news,europe,news,world,llama3.2:3b,1.0,"{""category"": ""news"", ""section"": ""world""}",success,,1,0.9888,958,13,2026-07-23T20:16:45.924241+00:00
3676,sport,sport,news,world,llama3.2:3b,1.0,"{""category"": ""news"", ""section"": ""world""}",success,,1,0.9164,941,13,2026-07-23T20:31:03.780517+00:00
3677,news,europe,news,world,llama3.2:3b,1.0,"{""category"": ""news"", ""section"": ""world""}",success,,1,0.9133,906,13,2026-07-23T19:56:39.860341+00:00
3678,news,europe,news,world,llama3.2:3b,1.0,"{""category"": ""news"", ""section"": ""world""}",success,,1,0.8083,632,13,2026-07-23T20:09:53.652488+00:00
3679,sport,football,sport,world,llama3.2:3b,1.0,"{""category"": ""sport"", ""section"": ""world""}",success,,1,0.9904,957,13,2026-07-23T20:45:52.447923+00:00
3680,sport,golf,sport,us,llama3.2:3b,1.0,"{""category"": ""sport"", ""section"": ""us""}",success,,1,0.8977,895,13,2026-07-23T20:25:58.248674+00:00
3681,news,australia,news,world,llama3.2:3b,1.0,"{""category"": ""news"", ""section"": ""world""}",success,,1,0.9509,987,13,2026-07-23T20:22:25.208029+00:00
3683,sport,football,news,world,llama3.2:3b,1.0,"{""category"": ""news"", ""section"": ""world""}",success,,1,0.9429,674,13,2026-07-23T20:17:13.044014+00:00
3684,news,uk,politics,uk,llama3.2:3b,1.0,"{""category"": ""politics"", ""section"": ""uk""}",success,,1,0.9489,908,14,2026-07-23T20:30:11.171960+00:00
3685,sport,golf,sport,us,llama3.2:3b,1.0,"{""category"": ""sport"", ""section"": ""us""}",success,,1,0.9108,976,13,2026-07-23T20:03:28.437340+00:00
3686,news,europe,news,world,llama3.2:3b,1.0,"{""category"": ""news"", ""section"": ""world""}",success,,1,0.9207,952,13,2026-07-23T19:54:23.964002+00:00
3687,sport,tennis,news,us,llama3.2:3b,1.0,"{""category"": ""news"", ""section"": ""us""}",success,,1,0.9614,981,13,2026-07-23T19:54:10.426211+00:00
3688,news,australia,entertainment,movies,llama3.2:3b,1.0,"{""category"": ""entertainment"", ""section"": ""movies""}",success,,1,1.0525,934,14,2026-07-23T20:15:04.970252+00:00
3689,sport,sport,sport,us,llama3.2:3b,1.0,"{""category"": ""sport"", ""section"": ""us""}",success,,1,0.9649,957,13,2026-07-23T19:54:44.308598+00:00
3691,sport,football,news,us,llama3.2:3b,1.0,"{""category"": ""news"", ""section"": ""us""}",success,,1,0.9446,1017,13,2026-07-23T20:43:27.282839+00:00
3692,sport,tennis,sport,us,llama3.2:3b,1.0,"{""category"": ""sport"", ""section"": ""us""}",success,,1,0.9588,1048,13,2026-07-23T19:56:01.435505+00:00
3693,news,europe,politics,world,llama3.2:3b,1.0,"{""category"": ""politics"", ""section"": ""world""}",success,,1,0.9105,960,14,2026-07-23T20:25:19.066617+00:00
3694,sport,football,news,world,llama3.2:3b,1.0,"{""category"": ""news"", ""section"": ""world""}",success,,1,0.9013,933,13,2026-07-23T20:10:12.345647+00:00
3695,sport,tennis,sport,us,llama3.2:3b,1.0,"{""category"": ""sport"", ""section"": ""us""}",success,,1,0.9418,984,13,2026-07-23T20:10:08.431950+00:00
3696,sport,sport,news,us,llama3.2:3b,1.0,"{""category"": ""news"", ""section"": ""us""}",success,,1,0.8898,952,13,2026-07-23T20:21:22.675149+00:00
3697,news,europe,news,asia,llama3.2:3b,1.0,"{""category"": ""news"", ""section"": ""asia""}",success,,1,0.8452,695,13,2026-07-23T20:28:06.576097+00:00
3698,sport,football,news,world,llama3.2:3b,1.0,"{""category"": ""news"", ""section"": ""world""}",success,,1,0.8969,1033,13,2026-07-23T20:51:51.453485+00:00
3699,sport,motorsport,sport,football,llama3.2:3b,1.0,"{""category"": ""sport"", ""section"": ""football""}",success,,1,0.9392,845,14,2026-07-23T20:17:06.569967+00:00
3700,news,australia,news,world,llama3.2:3b,1.0,"{""category"": ""news"", ""section"": ""world""}",success,,1,0.8243,549,13,2026-07-23T20:00:34.793969+00:00
3701,sport,golf,sport,us,llama3.2:3b,1.0,"{""category"": ""sport"", ""section"": ""us""}",success,,1,0.9698,1040,13,2026-07-23T20:36:50.580206+00:00
3702,sport,sport,sport,us,llama3.2:3b,1.0,"{""category"": ""sport"", ""section"": ""us""}",success,,1,1.0161,909,13,2026-07-23T20:41:14.349962+00:00
3703,sport,tennis,sport,us,llama3.2:3b,1.0,"{""category"": ""sport"", ""section"": ""us""}",success,,1,0.8907,671,13,2026-07-23T20:53:20.626396+00:00
3704,sport,sport,sport,us,llama3.2:3b,1.0,"{""category"": ""sport"", ""section"": ""us""}",success,,1,0.8931,1035,13,2026-07-23T20:00:01.797472+00:00
3705,news,australia,politics,australia,llama3.2:3b,1.0,"{""category"": ""politics"", ""section"": ""australia""}",success,,1,0.8912,915,16,2026-07-23T20:45:25.927858+00:00
3706,sport,sport,sport,us,llama3.2:3b,1.0,"{""category"": ""sport"", ""section"": ""us""}",success,,1,0.9315,995,13,2026-07-23T20:43:13.728476+00:00
3707,sport,sport,sport,us,llama3.2:3b,1.0,"{""category"": ""sport"", ""section"": ""us""}",success,,1,0.979,1039,13,2026-07-23T20:44:47.915810+00:00
3708,sport,sport,news,us,llama3.2:3b,1.0,"{""category"": ""news"", ""section"": ""us""}",success,,1,0.8823,659,13,2026-07-23T20:37:48.470171+00:00
3709,sport,football,sport,world,llama3.2:3b,1.0,"{""category"": ""sport"", ""section"": ""world""}",success,,1,0.8413,705,13,2026-07-23T20:08:40.161579+00:00
3710,sport,football,sport,world,llama3.2:3b,1.0,"{""category"": ""sport"", ""section"": ""world""}",success,,1,0.9461,917,13,2026-07-23T20:03:36.313668+00:00
3711,news,uk,politics,uk,llama3.2:3b,1.0,"{""category"": ""politics"", ""section"": ""uk""}",success,,1,0.9265,895,14,2026-07-23T20:08:38.208164+00:00
3713,sport,sport,entertainment,us,llama3.2:3b,1.0,"{""category"": ""entertainment"", ""section"": ""us""}",success,,1,0.904,870,14,2026-07-23T20:37:19.847059+00:00
3714,sport,football,sport,us,llama3.2:3b,1.0,"{""category"": ""sport"", ""section"": ""us""}",success,,1,0.9098,794,13,2026-07-23T19:56:53.348378+00:00
3715,sport,sport,health,us,llama3.2:3b,1.0,"{""category"": ""health"", ""section"": ""us""}",success,,1,1.092,927,13,2026-07-23T20:24:17.002204+00:00
3716,sport,sport,news,world,llama3.2:3b,1.0,"{""category"": ""news"", ""section"": ""world""}",success,,1,0.92,757,13,2026-07-23T20:05:35.312258+00:00
3717,sport,tennis,sport,us,llama3.2:3b,1.0,"{""category"": ""sport"", ""section"": ""us""}",success,,1,0.9666,952,13,2026-07-23T20:17:18.307195+00:00
3719,sport,tennis,sport,us,llama3.2:3b,1.0,"{""category"": ""sport"", ""section"": ""us""}",success,,1,1.2,1037,13,2026-07-23T20:16:31.015412+00:00
3720,sport,tennis,sport,us,llama3.2:3b,1.0,"{""category"": ""sport"", ""section"": ""us""}",success,,1,1.0155,972,13,2026-07-23T20:26:21.083041+00:00
3722,sport,football,news,world,llama3.2:3b,1.0,"{""category"": ""news"", ""section"": ""world""}",success,,1,0.9078,939,13,2026-07-23T20:56:09.557306+00:00
3723,news,australia,news,australia,llama3.2:3b,1.0,"{""category"": ""news"", ""section"": ""australia""}",success,,1,0.9168,869,15,2026-07-23T20:04:23.241361+00:00
3724,sport,tennis,sport,us,llama3.2:3b,1.0,"{""category"": ""sport"", ""section"": ""us""}",success,,1,1.0315,1028,13,2026-07-23T19:55:12.800562+00:00
3725,news,europe,politics,world,llama3.2:3b,1.0,"{""category"": ""politics"", ""section"": ""world""}",success,,1,0.8857,990,14,2026-07-23T20:02:47.794980+00:00
3727,news,europe,news,world,llama3.2:3b,1.0,"{""category"": ""news"", ""section"": ""world""}",success,,1,1.1768,451,13,2026-07-23T20:39:35.038982+00:00
3728,sport,sport,sport,asia,llama3.2:3b,1.0,"{""category"": ""sport"", ""section"": ""asia""}",success,,1,1.0404,981,13,2026-07-23T20:50:06.635689+00:00
3729,sport,sport,news,us,llama3.2:3b,1.0,"{""category"": ""news"", ""section"": ""us""}",success,,1,0.9971,993,13,2026-07-23T20:44:38.005463+00:00
3731,news,europe,news,world,llama3.2:3b,1.0,"{""category"": ""news"", ""section"": ""world""}",success,,1,1.199,1003,13,2026-07-23T20:16:35.467503+00:00
3732,sport,football,news,us,llama3.2:3b,1.0,"{""category"": ""news"", ""section"": ""us""}",success,,1,0.8878,722,13,2026-07-23T20:25:39.118860+00:00
3734,sport,sport,news,us,llama3.2:3b,1.0,"{""category"": ""news"", ""section"": ""us""}",success,,1,0.8792,644,13,2026-07-23T19:59:55.189926+00:00
3735,sport,sport,sport,us,llama3.2:3b,1.0,"{""category"": ""sport"", ""section"": ""us""}",success,,1,0.9462,1001,13,2026-07-23T20:28:58.966183+00:00
3736,sport,tennis,sport,us,llama3.2:3b,1.0,"{""category"": ""sport"", ""section"": ""us""}",success,,1,0.9385,812,13,2026-07-23T20:56:07.744835+00:00
3737,sport,sport,sport,us,llama3.2:3b,1.0,"{""category"": ""sport"", ""section"": ""us""}",success,,1,0.9297,955,13,2026-07-23T20:10:55.151828+00:00
3738,sport,sport,sport,us,llama3.2:3b,1.0,"{""category"": ""sport"", ""section"": ""us""}",success,,1,0.9648,823,13,2026-07-23T20:44:19.051561+00:00
3739,sport,sport,politics,us,llama3.2:3b,1.0,"{""category"": ""politics"", ""section"": ""us""}",success,,1,0.8829,729,14,2026-07-23T20:38:09.588868+00:00
3741,sport,sport,sport,us,llama3.2:3b,1.0,"{""category"": ""sport"", ""section"": ""us""}",success,,1,0.8885,959,13,2026-07-23T20:51:27.718017+00:00
3742,sport,football,entertainment,us,llama3.2:3b,1.0,"{""category"": ""entertainment"", ""section"": ""us""}",success,,1,0.8321,462,14,2026-07-23T19:54:53.626617+00:00
3743,news,uk,politics,us,llama3.2:3b,1.0,"{""category"": ""politics"", ""section"": ""us""}",success,,1,0.9605,981,14,2026-07-23T20:43:34.992883+00:00
3744,news,europe,news,world,llama3.2:3b,1.0,"{""category"": ""news"", ""section"": ""world""}",success,,1,0.8831,917,13,2026-07-23T20:52:59.532307+00:00
3745,news,europe,news,world,llama3.2:3b,1.0,"{""category"": ""news"", ""section"": ""world""}",success,,1,0.8889,931,13,2026-07-23T20:10:37.667960+00:00
3748,sport,football,sport,football,llama3.2:3b,1.0,"{""category"": ""sport"", ""section"": ""football""}",success,,1,0.9813,965,13,2026-07-23T20:48:54.790023+00:00
3749,sport,sport,politics,asia,llama3.2:3b,1.0,"{""category"": ""politics"", ""section"": ""asia""}",success,,1,0.891,911,14,2026-07-23T20:48:36.840725+00:00
3750,sport,sport,news,us,llama3.2:3b,1.0,"{""category"": ""news"", ""section"": ""us""}",success,,1,0.9777,944,13,2026-07-23T20:15:18.283880+00:00
3751,news,uk,health,world,llama3.2:3b,1.0,"{""category"": ""health"", ""section"": ""world""}",success,,1,0.9313,886,13,2026-07-23T20:53:26.152758+00:00
3752,sport,sport,news,us,llama3.2:3b,1.0,"{""category"": ""news"", ""section"": ""us""}",success,,1,0.879,883,13,2026-07-23T20:32:49.969837+00:00
3753,news,europe,politics,europe,llama3.2:3b,1.0,"{""category"": ""politics"", ""section"": ""europe""}",success,,1,0.9668,540,16,2026-07-23T20:20:43.531839+00:00
3754,sport,sport,sport,us,llama3.2:3b,1.0,"{""category"":""sport"",""section"":""us""}",success,,1,0.8179,968,10,2026-07-23T20:33:15.226959+00:00
3756,sport,sport,sport,us,llama3.2:3b,1.0,"{""category"": ""sport"", ""section"": ""us""}",success,,1,0.9739,1027,13,2026-07-23T20:22:29.526313+00:00
3758,sport,golf,sport,golf,llama3.2:3b,1.0,"{""category"":""sport"",""section"":""golf""}",success,,1,0.9528,1051,11,2026-07-23T20:51:23.070754+00:00
3759,sport,sport,news,us,llama3.2:3b,1.0,"{""category"": ""news"", ""section"": ""us""}",success,,1,0.947,998,13,2026-07-23T20:55:14.528591+00:00
3760,sport,football,news,world,llama3.2:3b,1.0,"{""category"": ""news"", ""section"": ""world""}",success,,1,0.9087,925,13,2026-07-23T20:09:11.279454+00:00
3762,sport,sport,sport,us,llama3.2:3b,1.0,"{""category"": ""sport"", ""section"": ""us""}",success,,1,0.9119,774,13,2026-07-23T20:11:54.687529+00:00
3764,sport,football,sport,us,llama3.2:3b,1.0,"{""category"": ""sport"", ""section"": ""us""}",success,,1,0.9505,711,13,2026-07-23T20:51:53.816815+00:00
3765,sport,football,sport,football,llama3.2:3b,1.0,"{""category"":""sport"",""section"":""football""}",success,,1,0.9609,963,10,2026-07-23T20:37:22.112215+00:00
3766,news,europe,health,world,llama3.2:3b,1.0,"{""category"": ""health"", ""section"": ""world""}",success,,1,0.8815,915,13,2026-07-23T20:12:07.070075+00:00
3767,sport,sport,sport,us,llama3.2:3b,1.0,"{""category"": ""sport"", ""section"": ""us""}",success,,1,0.9097,749,13,2026-07-23T20:55:26.901199+00:00
3768,news,uk,politics,us,llama3.2:3b,1.0,"{""category"": ""politics"", ""section"": ""us""}",success,,1,0.8688,826,14,2026-07-23T20:00:42.421630+00:00
3769,sport,sport,sport,us,llama3.2:3b,1.0,"{""category"": ""sport"", ""section"": ""us""}",success,,1,0.9274,995,13,2026-07-23T20:05:55.555146+00:00
3772,sport,football,sport,football,llama3.2:3b,1.0,"{""category"": ""sport"", ""section"": ""football""}",success,,1,0.8831,990,13,2026-07-23T20:31:00.724141+00:00
3774,sport,football,news,us,llama3.2:3b,1.0,"{""category"": ""news"", ""section"": ""us""}",success,,1,0.9141,738,13,2026-07-23T20:09:27.903003+00:00
3775,news,europe,news,world,llama3.2:3b,1.0,"{""category"": ""news"", ""section"": ""world""}",success,,1,0.96,887,13,2026-07-23T20:11:13.296576+00:00
3777,news,europe,business,investing,llama3.2:3b,1.0,"{""category"": ""business"", ""section"": ""investing""}",success,,1,0.8617,651,14,2026-07-23T20:29:23.666699+00:00
3778,sport,tennis,sport,australia,llama3.2:3b,1.0,"{""category"": ""sport"", ""section"": ""australia""}",success,,1,0.9636,926,15,2026-07-23T19:59:08.060496+00:00
3779,news,europe,news,world,llama3.2:3b,1.0,"{""category"": ""news"", ""section"": ""world""}",success,,1,0.9355,958,13,2026-07-23T20:27:01.432354+00:00
3780,news,europe,news,world,llama3.2:3b,1.0,"{""category"": ""news"", ""section"": ""world""}",success,,1,0.8347,736,13,2026-07-23T20:44:57.960519+00:00
3782,sport,golf,sport,us,llama3.2:3b,1.0,"{""category"": ""sport"", ""section"": ""us""}",success,,1,0.8679,851,13,2026-07-23T20:39:04.133595+00:00
3783,sport,football,entertainment,us,llama3.2:3b,1.0,"{""category"": ""entertainment"", ""section"": ""us""}",success,,1,0.8739,749,14,2026-07-23T20:23:05.423745+00:00
3784,sport,sport,sport,asia,llama3.2:3b,1.0,"{""category"": ""sport"", ""section"": ""asia""}",success,,1,0.8812,960,13,2026-07-23T19:58:06.271718+00:00
3785,sport,football,sport,us,llama3.2:3b,1.0,"{""category"": ""sport"", ""section"": ""us""}",success,,1,0.8919,627,13,2026-07-23T20:25:27.796164+00:00
3786,news,europe,news,world,llama3.2:3b,1.0,"{""category"": ""news"", ""section"": ""world""}",success,,1,0.8594,805,13,2026-07-23T20:54:48.259555+00:00
3787,news,australia,news,world,llama3.2:3b,1.0,"{""category"": ""news"", ""section"": ""world""}",success,,1,0.9235,974,13,2026-07-23T20:17:09.075145+00:00
3788,news,europe,news,world,llama3.2:3b,1.0,"{""category"": ""news"", ""section"": ""world""}",success,,1,0.913,906,13,2026-07-23T20:52:41.592922+00:00
3789,sport,sport,entertainment,movies,llama3.2:3b,1.0,"{""category"": ""entertainment"", ""section"": ""movies""}",success,,1,0.9399,970,14,2026-07-23T20:27:44.917390+00:00
3790,sport,football,sport,football,llama3.2:3b,1.0,"{""category"": ""sport"", ""section"": ""football""}",success,,1,1.0737,991,13,2026-07-23T20:18:22.632179+00:00
3791,sport,golf,entertainment,movies,llama3.2:3b,1.0,"{""category"": ""entertainment"", ""section"": ""movies""}",success,,1,0.9032,955,14,2026-07-23T19:53:51.813197+00:00
3792,sport,sport,sport,us,llama3.2:3b,1.0,"{""category"": ""sport"", ""section"": ""us""}",success,,1,1.0859,1011,13,2026-07-23T20:44:11.226841+00:00
3793,news,australia,news,world,llama3.2:3b,1.0,"{""category"": ""news"", ""section"": ""world""}",success,,1,0.9529,938,13,2026-07-23T20:21:28.548349+00:00
3794,sport,sport,news,us,llama3.2:3b,1.0,"{""category"": ""news"", ""section"": ""us""}",success,,1,0.8942,640,13,2026-07-23T19:57:12.454995+00:00
3795,sport,sport,sport,us,llama3.2:3b,1.0,"{""category"": ""sport"", ""section"": ""us""}",success,,1,0.846,800,13,2026-07-23T20:45:31.509147+00:00
3796,sport,sport,sport,us,llama3.2:3b,1.0,"{""category"": ""sport"", ""section"": ""us""}",success,,1,0.9266,964,13,2026-07-23T20:21:25.741032+00:00
3798,sport,football,sport,us,llama3.2:3b,1.0,"{""category"": ""sport"", ""section"": ""us""}",success,,1,0.8341,730,13,2026-07-23T20:45:59.107419+00:00
3800,news,uk,news,world,llama3.2:3b,1.0,"{""category"": ""news"", ""section"": ""world""}",success,,1,0.9787,942,13,2026-07-23T20:45:53.638764+00:00
3801,sport,tennis,sport,australia,llama3.2:3b,1.0,"{""category"": ""sport"", ""section"": ""australia""}",success,,1,0.9309,905,15,2026-07-23T19:58:14.000544+00:00
3802,sport,sport,sport,asia,llama3.2:3b,1.0,"{""category"": ""sport"", ""section"": ""asia""}",success,,1,0.9571,819,13,2026-07-23T20:55:44.007658+00:00
3804,sport,sport,sport,us,llama3.2:3b,1.0,"{""category"": ""sport"", ""section"": ""us""}",success,,1,0.8643,1014,13,2026-07-23T20:47:36.561521+00:00
3805,news,europe,news,world,llama3.2:3b,1.0,"{""category"": ""news"", ""section"": ""world""}",success,,1,0.8644,937,13,2026-07-23T20:36:14.583595+00:00
3807,news,uk,news,world,llama3.2:3b,1.0,"{""category"": ""news"", ""section"": ""world""}",success,,1,0.8731,926,13,2026-07-23T20:52:46.059605+00:00
3808,news,uk,politics,uk,llama3.2:3b,1.0,"{""category"": ""politics"", ""section"": ""uk""}",success,,1,0.8523,801,14,2026-07-23T20:38:02.102794+00:00
3809,news,europe,politics,world,llama3.2:3b,1.0,"{""category"": ""politics"", ""section"": ""world""}",success,,1,0.8848,711,14,2026-07-23T20:43:19.202704+00:00
3811,sport,sport,sport,us,llama3.2:3b,1.0,"{""category"": ""sport"", ""section"": ""us""}",success,,1,0.9734,707,13,2026-07-23T20:30:17.381963+00:00
3812,sport,sport,sport,us,llama3.2:3b,1.0,"{""category"": ""sport"", ""section"": ""us""}",success,,1,0.873,732,13,2026-07-23T20:12:57.764085+00:00
3813,news,europe,politics,middleeast,llama3.2:3b,1.0,"{""category"": ""politics"", ""section"": ""middleeast""}",success,,1,1.3428,893,15,2026-07-23T20:15:36.048233+00:00
3814,sport,football,sport,football,llama3.2:3b,1.0,"{""category"": ""sport"", ""section"": ""football""}",success,,1,0.9385,960,13,2026-07-23T20:32:35.192205+00:00
3815,sport,sport,sport,us,llama3.2:3b,1.0,"{""category"": ""sport"", ""section"": ""us""}",success,,1,0.9616,819,13,2026-07-23T20:27:53.678682+00:00
3816,news,europe,news,world,llama3.2:3b,1.0,"{""category"": ""news"", ""section"": ""world""}",success,,1,1.1294,535,13,2026-07-23T20:40:13.951106+00:00
3817,news,europe,politics,world,llama3.2:3b,1.0,"{""category"": ""politics"", ""section"": ""world""}",success,,1,0.8625,876,14,2026-07-23T20:33:03.376265+00:00
3818,news,uk,politics,uk,llama3.2:3b,1.0,"{""category"": ""politics"", ""section"": ""uk""}",success,,1,0.9218,867,14,2026-07-23T20:51:45.722546+00:00
3819,news,europe,politics,europe,llama3.2:3b,1.0,"{""category"": ""politics"", ""section"": ""europe""}",success,,1,1.0112,783,16,2026-07-23T20:20:53.937971+00:00
3820,sport,sport,sport,us,llama3.2:3b,1.0,"{""category"": ""sport"", ""section"": ""us""}",success,,1,0.8492,955,13,2026-07-23T20:40:28.474039+00:00
3821,sport,football,sport,us,llama3.2:3b,1.0,"{""category"": ""sport"", ""section"": ""us""}",success,,1,0.8884,763,13,2026-07-23T20:55:16.237324+00:00
3822,news,europe,news,world,llama3.2:3b,1.0,"{""category"": ""news"", ""section"": ""world""}",success,,1,0.8607,670,13,2026-07-23T20:24:48.486710+00:00
3825,news,europe,news,world,llama3.2:3b,1.0,"{""category"": ""news"", ""section"": ""world""}",success,,1,0.959,949,13,2026-07-23T19:56:00.447423+00:00
3826,sport,sport,entertainment,us,llama3.2:3b,1.0,"{""category"": ""entertainment"", ""section"": ""us""}",success,,1,0.9169,938,14,2026-07-23T20:50:14.756682+00:00
3828,sport,motorsport,sport,us,llama3.2:3b,1.0,"{""category"": ""sport"", ""section"": ""us""}",success,,1,0.9555,904,13,2026-07-23T20:24:54.286231+00:00
3829,news,uk,news,world,llama3.2:3b,1.0,"{""category"": ""news"", ""section"": ""world""}",success,,1,0.9346,775,13,2026-07-23T19:59:36.980197+00:00
3830,news,europe,politics,europe,llama3.2:3b,1.0,"{""category"": ""politics"", ""section"": ""europe""}",success,,1,1.0307,986,16,2026-07-23T20:22:46.924940+00:00
3831,news,uk,news,uk,llama3.2:3b,1.0,"{""category"": ""news"", ""section"": ""uk""}",success,,1,0.9837,929,13,2026-07-23T20:20:23.968804+00:00
3832,news,europe,news,world,llama3.2:3b,1.0,"{""category"": ""news"", ""section"": ""world""}",success,,1,0.9254,748,13,2026-07-23T20:24:44.240517+00:00
3833,sport,sport,sport,us,llama3.2:3b,1.0,"{""category"": ""sport"", ""section"": ""us""}",success,,1,0.9847,799,13,2026-07-23T20:43:08.249295+00:00
3834,sport,sport,news,asia,llama3.2:3b,1.0,"{""category"": ""news"", ""section"": ""asia""}",success,,1,0.9378,955,13,2026-07-23T20:23:25.437908+00:00
3836,sport,motorsport,sport,us,llama3.2:3b,1.0,"{""category"": ""sport"", ""section"": ""us""}",success,,1,0.976,1001,13,2026-07-23T20:49:56.480117+00:00
3837,sport,tennis,sport,us,llama3.2:3b,1.0,"{""category"": ""sport"", ""section"": ""us""}",success,,1,0.8233,658,13,2026-07-23T19:59:34.021374+00:00
3838,news,europe,news,world,llama3.2:3b,1.0,"{""category"": ""news"", ""section"": ""world""}",success,,1,0.8435,872,13,2026-07-23T20:38:23.558619+00:00
3839,sport,sport,sport,us,llama3.2:3b,1.0,"{""category"": ""sport"", ""section"": ""us""}",success,,1,0.978,883,13,2026-07-23T20:34:56.820622+00:00
3841,sport,football,news,us,llama3.2:3b,1.0,"{""category"": ""news"", ""section"": ""us""}",success,,1,0.9517,637,13,2026-07-23T19:56:58.126204+00:00
3842,news,europe,politics,europe,llama3.2:3b,1.0,"{""category"": ""politics"", ""section"": ""europe""}",success,,1,0.9986,904,16,2026-07-23T20:52:52.530255+00:00
3843,news,australia,news,world,llama3.2:3b,1.0,"{""category"": ""news"", ""section"": ""world""}",success,,1,1.0382,1005,13,2026-07-23T20:23:22.587715+00:00
3844,news,uk,politics,uk,llama3.2:3b,1.0,"{""category"": ""politics"", ""section"": ""uk""}",success,,1,0.8948,711,14,2026-07-23T20:44:36.813814+00:00
3845,sport,sport,sport,us,llama3.2:3b,1.0,"{""category"": ""sport"", ""section"": ""us""}",success,,1,0.8883,915,13,2026-07-23T19:53:24.869797+00:00
3846,sport,sport,news,world,llama3.2:3b,1.0,"{""category"": ""news"", ""section"": ""world""}",success,,1,0.8804,563,13,2026-07-23T20:30:33.091943+00:00
3848,news,uk,news,world,llama3.2:3b,1.0,"{""category"": ""news"", ""section"": ""world""}",success,,1,0.8844,894,13,2026-07-23T20:29:26.809038+00:00
3849,news,uk,politics,uk,llama3.2:3b,1.0,"{""category"": ""politics"", ""section"": ""uk""}",success,,1,1.2348,835,14,2026-07-23T20:27:41.980858+00:00
3850,news,uk,news,world,llama3.2:3b,1.0,"{""category"": ""news"", ""section"": ""world""}",success,,1,0.9913,927,13,2026-07-23T20:55:38.528258+00:00
3852,sport,golf,sport,us,llama3.2:3b,1.0,"{""category"": ""sport"", ""section"": ""us""}",success,,1,1.0752,1001,13,2026-07-23T20:17:50.478207+00:00
3853,news,europe,news,world,llama3.2:3b,1.0,"{""category"": ""news"", ""section"": ""world""}",success,,1,0.8443,688,13,2026-07-23T20:19:25.086780+00:00
3854,sport,tennis,sport,australia,llama3.2:3b,1.0,"{""category"": ""sport"", ""section"": ""australia""}",success,,1,0.9816,957,15,2026-07-23T20:02:10.536531+00:00
3855,sport,sport,sport,us,llama3.2:3b,1.0,"{""category"": ""sport"", ""section"": ""us""}",success,,1,0.9415,1003,13,2026-07-23T20:04:00.731528+00:00
3856,news,uk,politics,uk,llama3.2:3b,1.0,"{""category"": ""politics"", ""section"": ""uk""}",success,,1,0.8983,814,14,2026-07-23T20:25:33.327823+00:00
3857,sport,football,sport,uk,llama3.2:3b,1.0,"{""category"": ""sport"", ""section"": ""uk""}",success,,1,0.9335,905,13,2026-07-23T20:47:18.021710+00:00
3858,sport,football,sport,football,llama3.2:3b,1.0,"{""category"": ""sport"", ""section"": ""football""}",success,,1,0.9796,982,13,2026-07-23T20:26:33.612838+00:00
3859,news,uk,news,world,llama3.2:3b,1.0,"{""category"": ""news"", ""section"": ""world""}",success,,1,0.889,812,13,2026-07-23T20:07:36.489035+00:00
3861,news,europe,news,world,llama3.2:3b,1.0,"{""category"": ""news"", ""section"": ""world""}",success,,1,0.8398,944,13,2026-07-23T20:34:27.536517+00:00
3862,sport,football,news,world,llama3.2:3b,1.0,"{""category"": ""news"", ""section"": ""world""}",success,,1,0.9461,980,13,2026-07-23T20:03:02.307160+00:00
3864,sport,football,sport,us,llama3.2:3b,1.0,"{""category"": ""sport"", ""section"": ""us""}",success,,1,0.8365,814,13,2026-07-23T19:59:42.693751+00:00
3866,news,europe,politics,world,llama3.2:3b,1.0,"{""category"": ""politics"", ""section"": ""world""}",success,,1,0.878,755,14,2026-07-23T20:11:51.712693+00:00
3867,news,uk,politics,uk,llama3.2:3b,1.0,"{""category"": ""politics"", ""section"": ""uk""}",success,,1,0.8832,726,14,2026-07-23T20:42:30.148888+00:00
3868,sport,sport,sport,australia,llama3.2:3b,1.0,"{""category"": ""sport"", ""section"": ""australia""}",success,,1,0.8272,701,15,2026-07-23T20:29:44.673135+00:00
3869,sport,football,sport,us,llama3.2:3b,1.0,"{""category"": ""sport"", ""section"": ""us""}",success,,1,0.9285,854,13,2026-07-23T20:38:12.822566+00:00
3870,sport,sport,entertainment,movies,llama3.2:3b,1.0,"{""category"": ""entertainment"", ""section"": ""movies""}",success,,1,0.9712,1070,14,2026-07-23T20:18:32.434487+00:00
3871,sport,football,sport,us,llama3.2:3b,1.0,"{""category"": ""sport"", ""section"": ""us""}",success,,1,1.012,973,13,2026-07-23T20:17:03.938874+00:00
3872,sport,tennis,sport,australia,llama3.2:3b,1.0,"{""category"": ""sport"", ""section"": ""australia""}",success,,1,1.0034,942,15,2026-07-23T20:07:25.067783+00:00
3873,sport,sport,sport,us,llama3.2:3b,1.0,"{""category"": ""sport"", ""section"": ""us""}",success,,1,1.0071,946,13,2026-07-23T19:55:27.272525+00:00
3874,sport,sport,sport,us,llama3.2:3b,1.0,"{""category"": ""sport"", ""section"": ""us""}",success,,1,0.9255,831,13,2026-07-23T20:45:50.142597+00:00
3875,news,europe,politics,europe,llama3.2:3b,1.0,"{""category"": ""politics"", ""section"": ""europe""}",success,,1,1.0074,938,16,2026-07-23T20:10:15.506644+00:00
3877,news,uk,politics,us,llama3.2:3b,1.0,"{""category"": ""politics"", ""section"": ""us""}",success,,1,0.9037,784,14,2026-07-23T20:12:35.816047+00:00
3878,sport,sport,sport,us,llama3.2:3b,1.0,"{""category"": ""sport"", ""section"": ""us""}",success,,1,0.8742,940,13,2026-07-23T20:07:23.993362+00:00
3879,news,uk,politics,uk,llama3.2:3b,1.0,"{""category"": ""politics"", ""section"": ""uk""}",success,,1,0.8986,944,14,2026-07-23T20:03:31.373833+00:00
3880,news,europe,news,world,llama3.2:3b,1.0,"{""category"": ""news"", ""section"": ""world""}",success,,1,0.85,528,13,2026-07-23T20:28:31.234195+00:00
3881,sport,football,sport,us,llama3.2:3b,1.0,"{""category"": ""sport"", ""section"": ""us""}",success,,1,0.9173,864,13,2026-07-23T20:05:24.620248+00:00
3882,sport,sport,news,us,llama3.2:3b,1.0,"{""category"": ""news"", ""section"": ""us""}",success,,1,0.7985,772,13,2026-07-23T20:12:53.470945+00:00
3883,news,uk,business,investing,llama3.2:3b,1.0,"{""category"": ""business"", ""section"": ""investing""}",success,,1,0.9205,963,14,2026-07-23T20:45:02.255882+00:00
3884,news,europe,news,world,llama3.2:3b,1.0,"{""category"": ""news"", ""section"": ""world""}",success,,1,1.0431,787,13,2026-07-23T20:53:27.984811+00:00
3886,sport,football,news,world,llama3.2:3b,1.0,"{""category"": ""news"", ""section"": ""world""}",success,,1,0.8896,706,13,2026-07-23T20:36:43.196226+00:00
3887,sport,sport,entertainment,us,llama3.2:3b,1.0,"{""category"": ""entertainment"", ""section"": ""us""}",success,,1,0.9834,810,14,2026-07-23T20:29:51.225028+00:00
3888,news,australia,news,australia,llama3.2:3b,1.0,"{""category"": ""news"", ""section"": ""australia""}",success,,1,1.0141,885,15,2026-07-23T20:51:21.888566+00:00
3890,sport,tennis,sport,us,llama3.2:3b,1.0,"{""category"": ""sport"", ""section"": ""us""}",success,,1,0.9561,1013,13,2026-07-23T20:01:56.647280+00:00
3891,sport,sport,news,world,llama3.2:3b,1.0,"{""category"": ""news"", ""section"": ""world""}",success,,1,0.8296,784,13,2026-07-23T20:09:51.773319+00:00
3892,sport,sport,sport,football,llama3.2:3b,1.0,"{""category"": ""sport"", ""section"": ""football""}",success,,1,0.9199,947,13,2026-07-23T20:04:37.764240+00:00
3893,sport,golf,sport,us,llama3.2:3b,1.0,"{""category"": ""sport"", ""section"": ""us""}",success,,1,0.8732,744,13,2026-07-23T20:36:06.103539+00:00
3894,news,europe,news,world,llama3.2:3b,1.0,"{""category"": ""news"", ""section"": ""world""}",success,,1,0.868,975,13,2026-07-23T20:48:40.250025+00:00
3895,news,australia,health,australia,llama3.2:3b,1.0,"{""category"": ""health"", ""section"": ""australia""}",success,,1,0.8625,672,15,2026-07-23T20:33:46.819562+00:00
3896,sport,football,news,world,llama3.2:3b,1.0,"{""category"": ""news"", ""section"": ""world""}",success,,1,1.2386,637,13,2026-07-23T20:40:42.918368+00:00
3901,news,europe,politics,europe,llama3.2:3b,1.0,"{""category"": ""politics"", ""section"": ""europe""}",success,,1,1.0735,865,15,2026-07-23T20:14:50.280251+00:00
3902,sport,golf,sport,us,llama3.2:3b,1.0,"{""category"": ""sport"", ""section"": ""us""}",success,,1,0.9068,1049,13,2026-07-23T19:54:37.355625+00:00
3903,news,australia,news,world,llama3.2:3b,1.0,"{""category"": ""news"", ""section"": ""world""}",success,,1,0.8988,822,13,2026-07-23T20:48:50.220684+00:00
3904,news,europe,politics,world,llama3.2:3b,1.0,"{""category"": ""politics"", ""section"": ""world""}",success,,1,0.9452,912,14,2026-07-23T20:46:09.130043+00:00
3905,sport,sport,politics,asia,llama3.2:3b,1.0,"{""category"": ""politics"", ""section"": ""asia""}",success,,1,0.8101,929,14,2026-07-23T20:34:39.837586+00:00
3906,sport,football,sport,us,llama3.2:3b,1.0,"{""category"": ""sport"", ""section"": ""us""}",success,,1,0.8098,705,13,2026-07-23T20:08:26.313991+00:00
3908,news,europe,politics,europe,llama3.2:3b,1.0,"{""category"": ""politics"", ""section"": ""europe""}",success,,1,0.9363,699,16,2026-07-23T20:48:42.561503+00:00
3910,sport,sport,news,us,llama3.2:3b,1.0,"{""category"": ""news"", ""section"": ""us""}",success,,1,0.9738,933,13,2026-07-23T20:40:07.390699+00:00
3911,sport,golf,sport,us,llama3.2:3b,1.0,"{""category"": ""sport"", ""section"": ""us""}",success,,1,1.4865,801,13,2026-07-23T20:06:28.736452+00:00
3912,news,europe,news,world,llama3.2:3b,1.0,"{""category"": ""news"", ""section"": ""world""}",success,,1,0.9272,1021,13,2026-07-23T20:07:28.936718+00:00
3913,sport,sport,news,world,llama3.2:3b,1.0,"{""category"": ""news"", ""section"": ""world""}",success,,1,0.9067,789,13,2026-07-23T20:00:33.908504+00:00
3915,sport,sport,sport,asia,llama3.2:3b,1.0,"{""category"": ""sport"", ""section"": ""asia""}",success,,1,0.9184,1001,13,2026-07-23T20:46:59.062779+00:00
3917,news,europe,news,world,llama3.2:3b,1.0,"{""category"": ""news"", ""section"": ""world""}",success,,1,0.8937,919,13,2026-07-23T20:10:45.678577+00:00
3918,news,europe,news,world,llama3.2:3b,1.0,"{""category"": ""news"", ""section"": ""world""}",success,,1,0.7605,465,13,2026-07-23T20:19:01.269057+00:00
3919,news,uk,politics,uk,llama3.2:3b,1.0,"{""category"": ""politics"", ""section"": ""uk""}",success,,1,0.9341,923,14,2026-07-23T20:00:43.402490+00:00
3921,sport,football,sport,football,llama3.2:3b,1.0,"{""category"": ""sport"", ""section"": ""football""}",success,,1,0.931,979,13,2026-07-23T20:45:03.389723+00:00
3922,sport,football,sport,us,llama3.2:3b,1.0,"{""category"": ""sport"", ""section"": ""us""}",success,,1,0.8743,882,13,2026-07-23T20:00:48.339173+00:00
3923,sport,sport,sport,us,llama3.2:3b,1.0,"{""category"": ""sport"", ""section"": ""us""}",success,,1,0.8787,992,13,2026-07-23T20:00:37.699653+00:00
3925,news,europe,news,world,llama3.2:3b,1.0,"{""category"": ""news"", ""section"": ""world""}",success,,1,0.81,939,13,2026-07-23T20:53:44.941998+00:00
3926,news,uk,news,world,llama3.2:3b,1.0,"{""category"": ""news"", ""section"": ""world""}",success,,1,0.8954,804,13,2026-07-23T20:18:43.455621+00:00
3927,news,australia,politics,world,llama3.2:3b,1.0,"{""category"": ""politics"", ""section"": ""world""}",success,,1,0.8963,926,14,2026-07-23T20:46:21.109131+00:00
3928,news,uk,politics,us,llama3.2:3b,1.0,"{""category"": ""politics"", ""section"": ""us""}",success,,1,0.886,935,14,2026-07-23T20:00:08.520587+00:00
3929,sport,sport,news,asia,llama3.2:3b,1.0,"{""category"": ""news"", ""section"": ""asia""}",success,,1,0.9761,1001,13,2026-07-23T19:53:45.480061+00:00
3930,news,europe,politics,world,llama3.2:3b,1.0,"{""category"": ""politics"", ""section"": ""world""}",success,,1,0.8822,769,14,2026-07-23T20:37:28.377820+00:00
3931,sport,sport,sport,us,llama3.2:3b,1.0,"{""category"": ""sport"", ""section"": ""us""}",success,,1,0.99,1003,13,2026-07-23T20:30:55.508463+00:00
3932,sport,tennis,sport,us,llama3.2:3b,1.0,"{""category"": ""sport"", ""section"": ""us""}",success,,1,0.8959,741,13,2026-07-23T20:43:03.717538+00:00
3933,sport,sport,news,world,llama3.2:3b,1.0,"{""category"": ""news"", ""section"": ""world""}",success,,1,0.959,817,13,2026-07-23T20:23:36.402439+00:00
3935,sport,sport,sport,europe,llama3.2:3b,1.0,"{""category"": ""sport"", ""section"": ""europe""}",success,,1,0.9235,1035,14,2026-07-23T20:13:08.625669+00:00
3939,sport,sport,sport,us,llama3.2:3b,1.0,"{""category"": ""sport"", ""section"": ""us""}",success,,1,0.9516,903,13,2026-07-23T20:35:05.534156+00:00
3940,news,europe,news,world,llama3.2:3b,1.0,"{""category"": ""news"", ""section"": ""world""}",success,,1,0.937,967,13,2026-07-23T20:11:26.515217+00:00
3942,news,europe,news,world,llama3.2:3b,1.0,"{""category"": ""news"", ""section"": ""world""}",success,,1,0.9113,999,13,2026-07-23T20:27:24.601585+00:00
3943,sport,football,sport,us,llama3.2:3b,1.0,"{""category"": ""sport"", ""section"": ""us""}",success,,1,0.9277,919,13,2026-07-23T20:02:07.567688+00:00
3944,news,europe,news,world,llama3.2:3b,1.0,"{""category"": ""news"", ""section"": ""world""}",success,,1,0.8403,643,13,2026-07-23T20:32:04.361526+00:00
3945,news,europe,politics,world,llama3.2:3b,1.0,"{""category"": ""politics"", ""section"": ""world""}",success,,1,0.8841,917,14,2026-07-23T20:25:34.756208+00:00
3946,sport,sport,news,world,llama3.2:3b,1.0,"{""category"": ""news"", ""section"": ""world""}",success,,1,0.9325,882,13,2026-07-23T19:55:26.239396+00:00
3947,news,europe,news,world,llama3.2:3b,1.0,"{""category"": ""news"", ""section"": ""world""}",success,,1,0.9845,961,13,2026-07-23T20:30:42.817843+00:00
3948,sport,sport,news,us,llama3.2:3b,1.0,"{""category"": ""news"", ""section"": ""us""}",success,,1,0.9226,957,13,2026-07-23T20:05:14.914435+00:00
3949,news,uk,politics,uk,llama3.2:3b,1.0,"{""category"": ""politics"", ""section"": ""uk""}",success,,1,0.8165,546,14,2026-07-23T20:13:17.398276+00:00
3950,sport,sport,sport,us,llama3.2:3b,1.0,"{""category"": ""sport"", ""section"": ""us""}",success,,1,0.8929,907,13,2026-07-23T20:13:26.300413+00:00
3952,sport,football,sport,us,llama3.2:3b,1.0,"{""category"": ""sport"", ""section"": ""us""}",success,,1,0.8913,590,13,2026-07-23T20:35:53.466100+00:00
3953,sport,sport,news,us,llama3.2:3b,1.0,"{""category"": ""news"", ""section"": ""us""}",success,,1,0.927,908,13,2026-07-23T20:09:06.255428+00:00
3954,news,uk,politics,uk,llama3.2:3b,1.0,"{""category"": ""politics"", ""section"": ""uk""}",success,,1,0.9382,921,14,2026-07-23T20:14:57.089392+00:00
3956,news,europe,news,world,llama3.2:3b,1.0,"{""category"": ""news"", ""section"": ""world""}",success,,1,0.9667,845,13,2026-07-23T20:11:50.748441+00:00
3957,sport,football,sport,us,llama3.2:3b,1.0,"{""category"": ""sport"", ""section"": ""us""}",success,,1,1.0808,922,13,2026-07-23T19:57:50.044775+00:00
3958,sport,sport,sport,us,llama3.2:3b,1.0,"{""category"": ""sport"", ""section"": ""us""}",success,,1,0.9449,924,13,2026-07-23T20:48:51.372737+00:00
3960,news,europe,news,world,llama3.2:3b,1.0,"{""category"": ""news"", ""section"": ""world""}",success,,1,0.8136,660,13,2026-07-23T20:52:15.588870+00:00
3962,news,europe,politics,europe,llama3.2:3b,1.0,"{""category"": ""politics"", ""section"": ""europe""}",success,,1,1.0344,937,16,2026-07-23T20:48:33.423385+00:00
3963,news,europe,politics,uk,llama3.2:3b,1.0,"{""category"": ""politics"", ""section"": ""uk""}",success,,1,0.8901,899,14,2026-07-23T20:11:20.263142+00:00
3964,news,australia,news,australia,llama3.2:3b,1.0,"{""category"": ""news"", ""section"": ""australia""}",success,,1,0.8774,624,15,2026-07-23T20:10:27.507117+00:00
3965,sport,golf,entertainment,movies,llama3.2:3b,1.0,"{""category"": ""entertainment"", ""section"": ""movies""}",success,,1,0.9044,997,14,2026-07-23T20:11:00.266055+00:00
3966,sport,sport,sport,us,llama3.2:3b,1.0,"{""category"": ""sport"", ""section"": ""us""}",success,,1,1.0223,938,13,2026-07-23T20:20:55.419673+00:00
3967,sport,football,sport,us,llama3.2:3b,1.0,"{""category"": ""sport"", ""section"": ""us""}",success,,1,0.8249,733,13,2026-07-23T20:19:23.788531+00:00
3968,sport,sport,sport,us,llama3.2:3b,1.0,"{""category"":""sport"",""section"":""us""}",success,,1,0.9886,908,10,2026-07-23T20:23:54.222205+00:00
3969,sport,tennis,sport,australia,llama3.2:3b,1.0,"{""category"": ""sport"", ""section"": ""australia""}",success,,1,0.8998,789,15,2026-07-23T20:35:18.392034+00:00
3971,news,europe,news,world,llama3.2:3b,1.0,"{""category"": ""news"", ""section"": ""world""}",success,,1,0.829,932,13,2026-07-23T20:56:38.356205+00:00
3972,news,europe,news,world,llama3.2:3b,1.0,"{""category"": ""news"", ""section"": ""world""}",success,,1,1.0398,961,13,2026-07-23T20:26:54.264594+00:00
3973,news,europe,news,world,llama3.2:3b,1.0,"{""category"": ""news"", ""section"": ""world""}",success,,1,0.8603,759,13,2026-07-23T20:26:38.013348+00:00
3974,sport,golf,sport,us,llama3.2:3b,1.0,"{""category"": ""sport"", ""section"": ""us""}",success,,1,0.8386,820,13,2026-07-23T19:57:26.307155+00:00
3975,sport,sport,sport,us,llama3.2:3b,1.0,"{""category"": ""sport"", ""section"": ""us""}",success,,1,0.9611,849,13,2026-07-23T19:53:26.728425+00:00
3976,news,australia,politics,australia,llama3.2:3b,1.0,"{""category"": ""politics"", ""section"": ""australia""}",success,,1,0.9937,812,16,2026-07-23T20:16:32.450956+00:00
3977,sport,sport,news,us,llama3.2:3b,1.0,"{""category"": ""news"", ""section"": ""us""}",success,,1,0.9396,843,13,2026-07-23T20:12:49.702626+00:00
3978,sport,sport,sport,us,llama3.2:3b,1.0,"{""category"": ""sport"", ""section"": ""us""}",success,,1,0.9534,855,13,2026-07-23T20:45:18.186720+00:00
3979,news,australia,news,australia,llama3.2:3b,1.0,"{""category"": ""news"", ""section"": ""australia""}",success,,1,0.9049,971,15,2026-07-23T20:39:44.983045+00:00
3980,sport,golf,sport,us,llama3.2:3b,1.0,"{""category"": ""sport"", ""section"": ""us""}",success,,1,0.8535,764,13,2026-07-23T19:55:23.362901+00:00
3981,news,europe,news,world,llama3.2:3b,1.0,"{""category"": ""news"", ""section"": ""world""}",success,,1,0.9364,959,13,2026-07-23T20:29:37.390969+00:00
3982,sport,football,sport,football,llama3.2:3b,1.0,"{""category"": ""sport"", ""section"": ""football""}",success,,1,0.8744,920,13,2026-07-23T20:32:46.868115+00:00
3984,news,europe,politics,europe,llama3.2:3b,1.0,"{""category"": ""politics"", ""section"": ""europe""}",success,,1,0.9567,909,15,2026-07-23T20:22:55.658026+00:00
3986,sport,football,sport,us,llama3.2:3b,1.0,"{""category"": ""sport"", ""section"": ""us""}",success,,1,0.8879,733,13,2026-07-23T20:31:56.167319+00:00
3987,news,europe,entertainment,movies,llama3.2:3b,1.0,"{""category"": ""entertainment"", ""section"": ""movies""}",success,,1,0.9396,1078,14,2026-07-23T20:09:26.898142+00:00
3989,news,uk,politics,us,llama3.2:3b,1.0,"{""category"": ""politics"", ""section"": ""us""}",success,,1,0.9314,932,14,2026-07-23T19:56:59.079141+00:00
3991,news,europe,news,world,llama3.2:3b,1.0,"{""category"": ""news"", ""section"": ""world""}",success,,1,1.4549,705,13,2026-07-23T20:39:28.154102+00:00
3992,news,europe,news,world,llama3.2:3b,1.0,"{""category"": ""news"", ""section"": ""world""}",success,,1,0.897,662,13,2026-07-23T20:11:35.868502+00:00
3993,sport,sport,sport,football,llama3.2:3b,1.0,"{""category"": ""sport"", ""section"": ""football""}",success,,1,0.9052,909,13,2026-07-23T20:08:08.266159+00:00
3994,sport,football,news,us,llama3.2:3b,1.0,"{""category"": ""news"", ""section"": ""us""}",success,,1,0.9841,988,13,2026-07-23T20:29:11.865544+00:00
3995,sport,sport,sport,us,llama3.2:3b,1.0,"{""category"": ""sport"", ""section"": ""us""}",success,,1,0.8791,761,13,2026-07-23T20:04:22.265593+00:00
3996,news,europe,news,world,llama3.2:3b,1.0,"{""category"": ""news"", ""section"": ""world""}",success,,1,0.9397,734,13,2026-07-23T20:23:31.036633+00:00
3997,sport,motorsport,sport,football,llama3.2:3b,1.0,"{""category"": ""sport"", ""section"": ""football""}",success,,1,0.8914,894,14,2026-07-23T20:43:04.793358+00:00
3998,sport,sport,sport,us,llama3.2:3b,1.0,"{""category"":""sport"",""section"":""us""}",success,,1,0.8816,967,10,2026-07-23T20:30:04.789865+00:00
3999,news,europe,news,world,llama3.2:3b,1.0,"{""category"": ""news"", ""section"": ""world""}",success,,1,0.886,874,13,2026-07-23T20:30:34.136798+00:00
4000,sport,football,sport,football,llama3.2:3b,1.0,"{""category"": ""sport"", ""section"": ""football""}",success,,1,1.0363,1004,13,2026-07-23T19:59:22.707198+00:00
4001,news,europe,news,world,llama3.2:3b,1.0,"{""category"": ""news"", ""section"": ""world""}",success,,1,0.8467,867,13,2026-07-23T20:17:07.775244+00:00
4002,sport,sport,news,us,llama3.2:3b,1.0,"{""category"": ""news"", ""section"": ""us""}",success,,1,0.8706,644,13,2026-07-23T20:09:28.861477+00:00
4003,news,uk,news,world,llama3.2:3b,1.0,"{""category"": ""news"", ""section"": ""world""}",success,,1,0.8779,950,13,2026-07-23T20:09:44.987844+00:00
4004,sport,tennis,sport,us,llama3.2:3b,1.0,"{""category"": ""sport"", ""section"": ""us""}",success,,1,0.9442,1040,13,2026-07-23T20:31:59.372930+00:00
4005,sport,sport,news,us,llama3.2:3b,1.0,"{""category"": ""news"", ""section"": ""us""}",success,,1,1.0139,983,13,2026-07-23T20:46:37.485466+00:00
4006,sport,sport,sport,us,llama3.2:3b,1.0,"{""category"": ""sport"", ""section"": ""us""}",success,,1,0.9294,789,13,2026-07-23T20:12:20.415193+00:00
4007,sport,football,sport,football,llama3.2:3b,1.0,"{""category"": ""sport"", ""section"": ""football""}",success,,1,0.818,897,13,2026-07-23T20:53:18.562897+00:00
4008,sport,sport,sport,us,llama3.2:3b,1.0,"{""category"": ""sport"", ""section"": ""us""}",success,,1,0.9423,707,13,2026-07-23T20:16:47.211792+00:00
4009,sport,sport,sport,us,llama3.2:3b,1.0,"{""category"": ""sport"", ""section"": ""us""}",success,,1,0.9591,986,13,2026-07-23T20:38:50.765976+00:00
4010,sport,football,sport,us,llama3.2:3b,1.0,"{""category"": ""sport"", ""section"": ""us""}",success,,1,0.8879,698,13,2026-07-23T20:14:32.320095+00:00
4011,news,uk,news,us,llama3.2:3b,1.0,"{""category"": ""news"", ""section"": ""us""}",success,,1,0.8938,1009,13,2026-07-23T20:46:33.013807+00:00
4012,sport,football,sport,football,llama3.2:3b,1.0,"{""category"": ""sport"", ""section"": ""football""}",success,,1,0.8467,858,13,2026-07-23T20:02:22.811803+00:00
4013,sport,football,sport,us,llama3.2:3b,1.0,"{""category"": ""sport"", ""section"": ""us""}",success,,1,0.9632,898,13,2026-07-23T20:12:22.503591+00:00
4015,news,europe,politics,europe,llama3.2:3b,1.0,"{""category"": ""politics"", ""section"": ""europe""}",success,,1,1.0344,925,16,2026-07-23T20:16:53.167450+00:00
4016,sport,sport,sport,us,llama3.2:3b,1.0,"{""category"": ""sport"", ""section"": ""us""}",success,,1,0.9282,891,13,2026-07-23T20:01:04.744821+00:00
4017,sport,sport,sport,us,llama3.2:3b,1.0,"{""category"": ""sport"", ""section"": ""us""}",success,,1,0.9609,951,13,2026-07-23T20:56:34.464055+00:00
4018,sport,football,sport,football,llama3.2:3b,1.0,"{""category"": ""sport"", ""section"": ""football""}",success,,1,0.8353,908,13,2026-07-23T20:06:42.084326+00:00
4019,news,europe,politics,europe,llama3.2:3b,1.0,"{""category"": ""politics"", ""section"": ""europe""}",success,,1,0.9511,583,16,2026-07-23T20:48:35.725530+00:00
4020,sport,football,sport,us,llama3.2:3b,1.0,"{""category"": ""sport"", ""section"": ""us""}",success,,1,0.8371,707,13,2026-07-23T20:02:46.855026+00:00
4021,sport,football,sport,football,llama3.2:3b,1.0,"{""category"": ""sport"", ""section"": ""football""}",success,,1,0.9686,905,13,2026-07-23T20:30:07.944547+00:00
4022,sport,sport,sport,us,llama3.2:3b,1.0,"{""category"": ""sport"", ""section"": ""us""}",success,,1,0.9803,983,13,2026-07-23T20:25:14.832566+00:00
4023,sport,football,sport,uk,llama3.2:3b,1.0,"{""category"": ""sport"", ""section"": ""uk""}",success,,1,0.9677,947,13,2026-07-23T20:14:08.460893+00:00
4024,news,uk,politics,world,llama3.2:3b,1.0,"{""category"": ""politics"", ""section"": ""world""}",success,,1,0.8717,885,14,2026-07-23T20:30:03.771713+00:00
4025,sport,golf,sport,us,llama3.2:3b,1.0,"{""category"": ""sport"", ""section"": ""us""}",success,,1,0.8848,745,13,2026-07-23T20:12:41.710316+00:00
4026,news,europe,politics,world,llama3.2:3b,1.0,"{""category"": ""politics"", ""section"": ""world""}",success,,1,0.9706,970,14,2026-07-23T20:37:34.756281+00:00
4027,news,europe,news,world,llama3.2:3b,1.0,"{""category"": ""news"", ""section"": ""world""}",success,,1,0.9522,942,13,2026-07-23T20:07:02.919713+00:00
4028,sport,football,sport,football,llama3.2:3b,1.0,"{""category"": ""sport"", ""section"": ""football""}",success,,1,0.941,944,13,2026-07-23T20:41:53.528352+00:00
4030,sport,sport,politics,us,llama3.2:3b,1.0,"{""category"": ""politics"", ""section"": ""us""}",success,,1,0.971,799,14,2026-07-23T20:15:53.309777+00:00
4031,sport,football,news,us,llama3.2:3b,1.0,"{""category"": ""news"", ""section"": ""us""}",success,,1,0.9199,961,13,2026-07-23T19:53:23.040220+00:00
4032,sport,football,sport,uk,llama3.2:3b,1.0,"{""category"": ""sport"", ""section"": ""uk""}",success,,1,0.8945,928,13,2026-07-23T20:29:33.251953+00:00
4033,news,europe,politics,uk,llama3.2:3b,1.0,"{""category"": ""politics"", ""section"": ""uk""}",success,,1,0.8789,991,14,2026-07-23T19:57:56.006502+00:00
4034,news,europe,politics,us,llama3.2:3b,1.0,"{""category"": ""politics"", ""section"": ""us""}",success,,1,0.9512,996,14,2026-07-23T20:02:43.046340+00:00
4035,sport,football,sport,us,llama3.2:3b,1.0,"{""category"": ""sport"", ""section"": ""us""}",success,,1,0.8139,583,13,2026-07-23T19:58:23.263874+00:00
4038,sport,football,entertainment,movies,llama3.2:3b,1.0,"{""category"": ""entertainment"", ""section"": ""movies""}",success,,1,0.8938,1063,14,2026-07-23T20:32:40.439896+00:00
4039,sport,tennis,sport,us,llama3.2:3b,1.0,"{""category"": ""sport"", ""section"": ""us""}",success,,1,0.9574,950,13,2026-07-23T19:59:36.005778+00:00
4040,news,europe,news,world,llama3.2:3b,1.0,"{""category"": ""news"", ""section"": ""world""}",success,,1,0.9013,937,13,2026-07-23T20:32:10.903936+00:00
4042,news,europe,news,world,llama3.2:3b,1.0,"{""category"": ""news"", ""section"": ""world""}",success,,1,0.8771,694,13,2026-07-23T20:54:44.705976+00:00
4043,sport,football,sport,us,llama3.2:3b,1.0,"{""category"": ""sport"", ""section"": ""us""}",success,,1,0.8335,686,13,2026-07-23T19:57:56.876049+00:00
4045,news,europe,news,world,llama3.2:3b,1.0,"{""category"": ""news"", ""section"": ""world""}",success,,1,0.8136,707,13,2026-07-23T20:32:58.104581+00:00
4046,sport,football,news,world,llama3.2:3b,1.0,"{""category"": ""news"", ""section"": ""world""}",success,,1,0.8937,838,13,2026-07-23T20:36:09.270399+00:00
4047,news,europe,news,world,llama3.2:3b,1.0,"{""category"": ""news"", ""section"": ""world""}",success,,1,0.7997,447,13,2026-07-23T20:16:13.032658+00:00
4048,sport,sport,sport,us,llama3.2:3b,1.0,"{""category"": ""sport"", ""section"": ""us""}",success,,1,0.9197,960,13,2026-07-23T20:30:39.491037+00:00
4049,sport,football,sport,uk,llama3.2:3b,1.0,"{""category"": ""sport"", ""section"": ""uk""}",success,,1,0.913,772,13,2026-07-23T20:35:37.540214+00:00
4051,sport,football,sport,us,llama3.2:3b,1.0,"{""category"": ""sport"", ""section"": ""us""}",success,,1,1.0002,870,13,2026-07-23T20:08:58.247467+00:00
4052,sport,sport,sport,us,llama3.2:3b,1.0,"{""category"": ""sport"", ""section"": ""us""}",success,,1,0.9356,1085,13,2026-07-23T20:06:16.925738+00:00
4053,sport,sport,entertainment,movies,llama3.2:3b,1.0,"{""category"": ""entertainment"", ""section"": ""movies""}",success,,1,1.0083,1002,14,2026-07-23T20:20:12.727090+00:00
4054,sport,football,sport,us,llama3.2:3b,1.0,"{""category"": ""sport"", ""section"": ""us""}",success,,1,1.1146,951,13,2026-07-23T20:33:27.164687+00:00
4055,sport,sport,sport,us,llama3.2:3b,1.0,"{""category"": ""sport"", ""section"": ""us""}",success,,1,0.865,723,13,2026-07-23T20:03:40.142374+00:00
4056,sport,sport,news,us,llama3.2:3b,1.0,"{""category"": ""news"", ""section"": ""us""}",success,,1,0.9402,826,13,2026-07-23T20:42:21.775346+00:00
4058,news,europe,news,world,llama3.2:3b,1.0,"{""category"": ""news"", ""section"": ""world""}",success,,1,0.9004,949,13,2026-07-23T20:44:06.475830+00:00
4059,sport,football,sport,football,llama3.2:3b,1.0,"{""category"": ""sport"", ""section"": ""football""}",success,,1,0.8966,633,13,2026-07-23T20:05:42.910625+00:00
4060,news,uk,politics,uk,llama3.2:3b,1.0,"{""category"": ""politics"", ""section"": ""uk""}",success,,1,0.9165,912,14,2026-07-23T20:49:44.163467+00:00
4062,sport,sport,entertainment,us,llama3.2:3b,1.0,"{""category"": ""entertainment"", ""section"": ""us""}",success,,1,0.8881,952,14,2026-07-23T20:14:06.381713+00:00
4063,sport,sport,sport,us,llama3.2:3b,1.0,"{""category"": ""sport"", ""section"": ""us""}",success,,1,0.9817,1056,13,2026-07-23T20:31:50.897729+00:00
4064,sport,football,sport,us,llama3.2:3b,1.0,"{""category"": ""sport"", ""section"": ""us""}",success,,1,0.9424,944,13,2026-07-23T20:05:53.582782+00:00
4065,sport,football,sport,football,llama3.2:3b,1.0,"{""category"": ""sport"", ""section"": ""football""}",success,,1,0.9243,944,13,2026-07-23T20:36:23.159110+00:00
4067,news,europe,politics,world,llama3.2:3b,1.0,"{""category"": ""politics"", ""section"": ""world""}",success,,1,0.9242,936,14,2026-07-23T20:36:30.565539+00:00
4068,news,australia,politics,australia,llama3.2:3b,1.0,"{""category"": ""politics"", ""section"": ""australia""}",success,,1,0.9408,904,16,2026-07-23T20:24:09.777650+00:00
4069,news,europe,news,world,llama3.2:3b,1.0,"{""category"": ""news"", ""section"": ""world""}",success,,1,0.9145,1007,13,2026-07-23T20:35:02.242860+00:00
4070,news,uk,entertainment,us,llama3.2:3b,1.0,"{""category"": ""entertainment"", ""section"": ""us""}",success,,1,0.9414,996,14,2026-07-23T20:34:55.682906+00:00
4071,sport,sport,sport,us,llama3.2:3b,1.0,"{""category"": ""sport"", ""section"": ""us""}",success,,1,0.9553,753,13,2026-07-23T20:20:42.164535+00:00
4072,sport,sport,news,world,llama3.2:3b,1.0,"{""category"": ""news"", ""section"": ""world""}",success,,1,1.0165,988,13,2026-07-23T20:23:43.725262+00:00
4073,sport,football,news,world,llama3.2:3b,1.0,"{""category"": ""news"", ""section"": ""world""}",success,,1,1.007,697,13,2026-07-23T20:48:19.611680+00:00
4074,news,uk,news,us,llama3.2:3b,1.0,"{""category"": ""news"", ""section"": ""us""}",success,,1,0.9129,993,13,2026-07-23T20:16:07.889486+00:00
4075,news,europe,news,world,llama3.2:3b,1.0,"{""category"": ""news"", ""section"": ""world""}",success,,1,0.916,979,13,2026-07-23T20:08:47.806011+00:00
4076,sport,football,news,us,llama3.2:3b,1.0,"{""category"": ""news"", ""section"": ""us""}",success,,1,1.0422,988,13,2026-07-23T20:21:37.334165+00:00
4077,sport,football,sport,football,llama3.2:3b,1.0,"{""category"": ""sport"", ""section"": ""football""}",success,,1,0.9352,924,13,2026-07-23T20:05:03.229474+00:00
4078,news,europe,news,world,llama3.2:3b,1.0,"{""category"": ""news"", ""section"": ""world""}",success,,1,0.9317,935,13,2026-07-23T20:49:03.944432+00:00
4081,news,uk,news,world,llama3.2:3b,1.0,"{""category"": ""news"", ""section"": ""world""}",success,,1,0.9159,956,13,2026-07-23T20:55:03.324475+00:00
4082,sport,sport,entertainment,movies,llama3.2:3b,1.0,"{""category"": ""entertainment"", ""section"": ""movies""}",success,,1,1.0255,963,14,2026-07-23T20:21:08.445027+00:00
4084,news,europe,politics,world,llama3.2:3b,1.0,"{""category"": ""politics"", ""section"": ""world""}",success,,1,0.8992,712,14,2026-07-23T20:16:57.174633+00:00
4085,news,europe,health,world,llama3.2:3b,1.0,"{""category"": ""health"", ""section"": ""world""}",success,,1,0.8461,783,13,2026-07-23T20:51:35.535330+00:00
4086,sport,sport,sport,us,llama3.2:3b,1.0,"{""category"": ""sport"", ""section"": ""us""}",success,,1,0.9197,649,13,2026-07-23T20:19:18.302222+00:00
4087,sport,golf,sport,us,llama3.2:3b,1.0,"{""category"": ""sport"", ""section"": ""us""}",success,,1,0.959,804,13,2026-07-23T20:39:17.349122+00:00
4089,sport,sport,news,world,llama3.2:3b,1.0,"{""category"": ""news"", ""section"": ""world""}",success,,1,0.9071,980,13,2026-07-23T20:28:30.245098+00:00
4090,sport,sport,sport,us,llama3.2:3b,1.0,"{""category"": ""sport"", ""section"": ""us""}",success,,1,0.9635,1013,13,2026-07-23T20:51:20.662943+00:00
4091,sport,football,sport,football,llama3.2:3b,1.0,"{""category"": ""sport"", ""section"": ""football""}",success,,1,0.901,922,13,2026-07-23T19:59:52.439185+00:00
4092,news,europe,politics,world,llama3.2:3b,1.0,"{""category"": ""politics"", ""section"": ""world""}",success,,1,0.9754,523,14,2026-07-23T20:53:43.228593+00:00
4093,news,europe,news,world,llama3.2:3b,1.0,"{""category"": ""news"", ""section"": ""world""}",success,,1,0.8397,738,13,2026-07-23T20:37:31.467187+00:00
4094,sport,football,sport,football,llama3.2:3b,1.0,"{""category"": ""sport"", ""section"": ""football""}",success,,1,1.0524,972,13,2026-07-23T20:31:39.106784+00:00
4095,sport,football,sport,football,llama3.2:3b,1.0,"{""category"": ""sport"", ""section"": ""football""}",success,,1,0.9162,910,13,2026-07-23T20:44:12.331998+00:00
4096,sport,football,politics,world,llama3.2:3b,1.0,"{""category"": ""politics"", ""section"": ""world""}",success,,1,1.0191,998,14,2026-07-23T19:59:01.251013+00:00
4097,sport,golf,sport,us,llama3.2:3b,1.0,"{""category"": ""sport"", ""section"": ""us""}",success,,1,1.3571,820,13,2026-07-23T20:54:50.530346+00:00
4099,sport,sport,business,investing,llama3.2:3b,1.0,"{""category"": ""business"", ""section"": ""investing""}",success,,1,0.8923,692,14,2026-07-23T20:48:39.165815+00:00
4100,sport,sport,sport,us,llama3.2:3b,1.0,"{""category"": ""sport"", ""section"": ""us""}",success,,1,0.8987,770,13,2026-07-23T20:08:33.272057+00:00
4101,sport,football,sport,us,llama3.2:3b,1.0,"{""category"": ""sport"", ""section"": ""us""}",success,,1,0.9971,1002,13,2026-07-23T20:44:32.495269+00:00
4102,news,uk,news,world,llama3.2:3b,1.0,"{""category"": ""news"", ""section"": ""world""}",success,,1,1.1052,949,13,2026-07-23T20:06:25.402996+00:00
4103,sport,sport,news,us,llama3.2:3b,1.0,"{""category"": ""news"", ""section"": ""us""}",success,,1,0.8936,656,13,2026-07-23T20:30:26.884427+00:00
4104,sport,sport,sport,us,llama3.2:3b,1.0,"{""category"": ""sport"", ""section"": ""us""}",success,,1,1.0792,978,13,2026-07-23T20:45:30.461639+00:00
4105,sport,football,sport,uk,llama3.2:3b,1.0,"{""category"": ""sport"", ""section"": ""uk""}",success,,1,0.903,916,13,2026-07-23T20:02:40.029182+00:00
4106,sport,football,sport,us,llama3.2:3b,1.0,"{""category"": ""sport"", ""section"": ""us""}",success,,1,0.8386,772,13,2026-07-23T20:22:19.420785+00:00
4108,sport,sport,sport,us,llama3.2:3b,1.0,"{""category"": ""sport"", ""section"": ""us""}",success,,1,0.886,637,13,2026-07-23T20:07:15.152033+00:00
4109,sport,football,sport,football,llama3.2:3b,1.0,"{""category"": ""sport"", ""section"": ""football""}",success,,1,0.9047,982,13,2026-07-23T20:12:43.702532+00:00
4110,news,europe,politics,europe,llama3.2:3b,1.0,"{""category"": ""politics"", ""section"": ""europe""}",success,,1,0.9368,806,16,2026-07-23T20:13:59.436746+00:00
4111,sport,golf,sport,us,llama3.2:3b,1.0,"{""category"": ""sport"", ""section"": ""us""}",success,,1,0.864,1003,13,2026-07-23T20:13:47.005498+00:00
4112,sport,sport,entertainment,us,llama3.2:3b,1.0,"{""category"": ""entertainment"", ""section"": ""us""}",success,,1,0.9811,1010,14,2026-07-23T20:11:49.697907+00:00
4113,news,europe,news,world,llama3.2:3b,1.0,"{""category"": ""news"", ""section"": ""world""}",success,,1,0.9664,829,13,2026-07-23T20:19:06.838832+00:00
4114,sport,sport,sport,us,llama3.2:3b,1.0,"{""category"": ""sport"", ""section"": ""us""}",success,,1,0.7818,692,13,2026-07-23T20:51:39.950941+00:00
4115,news,europe,news,world,llama3.2:3b,1.0,"{""category"": ""news"", ""section"": ""world""}",success,,1,0.8402,639,13,2026-07-23T20:45:44.375809+00:00
4116,sport,football,sport,football,llama3.2:3b,1.0,"{""category"": ""sport"", ""section"": ""football""}",success,,1,1.0068,909,13,2026-07-23T19:54:46.218195+00:00
4117,sport,football,sport,football,llama3.2:3b,1.0,"{""category"":""sport"",""section"":""football""}",success,,1,0.8515,977,10,2026-07-23T20:36:47.317695+00:00
4118,sport,sport,sport,us,llama3.2:3b,1.0,"{""category"": ""sport"", ""section"": ""us""}",success,,1,0.8758,911,13,2026-07-23T20:26:39.403311+00:00
4119,sport,sport,news,us,llama3.2:3b,1.0,"{""category"": ""news"", ""section"": ""us""}",success,,1,0.9474,950,13,2026-07-23T20:00:46.411361+00:00
4120,sport,motorsport,news,us,llama3.2:3b,1.0,"{""category"": ""news"", ""section"": ""us""}",success,,1,0.859,966,13,2026-07-23T20:31:19.808057+00:00
4122,sport,tennis,news,world,llama3.2:3b,1.0,"{""category"": ""news"", ""section"": ""world""}",success,,1,0.9486,936,13,2026-07-23T20:23:04.090994+00:00
4123,sport,sport,sport,us,llama3.2:3b,1.0,"{""category"": ""sport"", ""section"": ""us""}",success,,1,0.8738,667,13,2026-07-23T20:09:40.971960+00:00
4124,sport,sport,news,world,llama3.2:3b,1.0,"{""category"":""news"",""section"":""world""}",success,,1,0.909,1007,10,2026-07-23T19:58:15.855361+00:00
4125,sport,tennis,news,world,llama3.2:3b,1.0,"{""category"": ""news"", ""section"": ""world""}",success,,1,0.8981,945,13,2026-07-23T20:17:15.538087+00:00
4128,sport,golf,sport,us,llama3.2:3b,1.0,"{""category"": ""sport"", ""section"": ""us""}",success,,1,0.9283,1020,13,2026-07-23T20:40:55.145518+00:00
4130,sport,golf,sport,uk,llama3.2:3b,1.0,"{""category"": ""sport"", ""section"": ""uk""}",success,,1,0.9039,899,13,2026-07-23T20:46:51.079087+00:00
4131,sport,sport,news,world,llama3.2:3b,1.0,"{""category"": ""news"", ""section"": ""world""}",success,,1,0.8233,702,13,2026-07-23T20:49:48.688015+00:00
4133,news,europe,politics,world,llama3.2:3b,1.0,"{""category"": ""politics"", ""section"": ""world""}",success,,1,0.9005,982,14,2026-07-23T20:00:31.057183+00:00
4134,sport,football,sport,us,llama3.2:3b,1.0,"{""category"": ""sport"", ""section"": ""us""}",success,,1,0.8996,817,13,2026-07-23T19:55:00.254689+00:00
4137,news,europe,news,world,llama3.2:3b,1.0,"{""category"": ""news"", ""section"": ""world""}",success,,1,0.8162,716,13,2026-07-23T20:42:19.542781+00:00
4139,sport,sport,entertainment,us,llama3.2:3b,1.0,"{""category"": ""entertainment"", ""section"": ""us""}",success,,1,0.988,976,14,2026-07-23T19:54:52.768719+00:00
4140,sport,tennis,sport,asia,llama3.2:3b,1.0,"{""category"": ""sport"", ""section"": ""asia""}",success,,1,1.0125,939,13,2026-07-23T20:47:42.233112+00:00
4141,news,uk,entertainment,us,llama3.2:3b,1.0,"{""category"": ""entertainment"", ""section"": ""us""}",success,,1,0.9888,905,14,2026-07-23T20:31:10.205459+00:00
4142,news,europe,news,world,llama3.2:3b,1.0,"{""category"": ""news"", ""section"": ""world""}",success,,1,0.84,776,13,2026-07-23T20:29:20.584777+00:00
4143,news,europe,news,world,llama3.2:3b,1.0,"{""category"": ""news"", ""section"": ""world""}",success,,1,0.9146,934,13,2026-07-23T20:38:44.832533+00:00
4144,news,europe,news,world,llama3.2:3b,1.0,"{""category"": ""news"", ""section"": ""world""}",success,,1,0.8955,902,13,2026-07-23T19:58:34.416042+00:00
4145,sport,football,sport,us,llama3.2:3b,1.0,"{""category"": ""sport"", ""section"": ""us""}",success,,1,0.9027,980,13,2026-07-23T20:03:01.298132+00:00
4146,sport,football,sport,football,llama3.2:3b,1.0,"{""category"": ""sport"", ""section"": ""football""}",success,,1,0.9447,1009,13,2026-07-23T20:42:59.204179+00:00
4147,news,europe,politics,world,llama3.2:3b,1.0,"{""category"": ""politics"", ""section"": ""world""}",success,,1,1.0707,954,14,2026-07-23T20:36:25.433670+00:00
4148,sport,sport,sport,us,llama3.2:3b,1.0,"{""category"": ""sport"", ""section"": ""us""}",success,,1,0.899,934,13,2026-07-23T20:10:00.688370+00:00
4149,news,europe,health,world,llama3.2:3b,1.0,"{""category"": ""health"", ""section"": ""world""}",success,,1,0.9065,991,13,2026-07-23T20:44:49.011642+00:00
4150,sport,sport,sport,us,llama3.2:3b,1.0,"{""category"": ""sport"", ""section"": ""us""}",success,,1,0.9492,999,13,2026-07-23T20:23:26.856697+00:00
4151,sport,sport,news,us,llama3.2:3b,1.0,"{""category"": ""news"", ""section"": ""us""}",success,,1,1.003,947,13,2026-07-23T20:10:30.562872+00:00
4152,sport,golf,sport,us,llama3.2:3b,1.0,"{""category"": ""sport"", ""section"": ""us""}",success,,1,1.0256,1045,13,2026-07-23T20:35:24.945377+00:00
4153,sport,football,news,world,llama3.2:3b,1.0,"{""category"": ""news"", ""section"": ""world""}",success,,1,0.9451,922,13,2026-07-23T20:31:37.907014+00:00
4154,sport,football,news,world,llama3.2:3b,1.0,"{""category"": ""news"", ""section"": ""world""}",success,,1,0.8959,1007,13,2026-07-23T20:45:54.738195+00:00
4155,sport,sport,sport,us,llama3.2:3b,1.0,"{""category"": ""sport"", ""section"": ""us""}",success,,1,0.9326,956,13,2026-07-23T20:37:58.959245+00:00
4156,news,uk,politics,uk,llama3.2:3b,1.0,"{""category"": ""politics"", ""section"": ""uk""}",success,,1,0.9184,947,14,2026-07-23T19:53:12.101906+00:00
4157,news,europe,news,world,llama3.2:3b,1.0,"{""category"": ""news"", ""section"": ""world""}",success,,1,0.8538,899,13,2026-07-23T20:29:21.578616+00:00
4158,news,uk,news,uk,llama3.2:3b,1.0,"{""category"": ""news"", ""section"": ""uk""}",success,,1,0.8532,911,13,2026-07-23T20:31:28.314849+00:00
4159,sport,football,sport,us,llama3.2:3b,1.0,"{""category"": ""sport"", ""section"": ""us""}",success,,1,0.959,780,13,2026-07-23T19:53:15.883500+00:00
4160,sport,football,sport,us,llama3.2:3b,1.0,"{""category"": ""sport"", ""section"": ""us""}",success,,1,0.9057,785,13,2026-07-23T20:32:09.848628+00:00
4161,news,uk,news,world,llama3.2:3b,1.0,"{""category"": ""news"", ""section"": ""world""}",success,,1,0.9149,932,13,2026-07-23T20:28:11.088621+00:00
4162,sport,sport,news,us,llama3.2:3b,1.0,"{""category"": ""news"", ""section"": ""us""}",success,,1,0.8926,1072,13,2026-07-23T20:44:35.723397+00:00
4165,sport,tennis,sport,us,llama3.2:3b,1.0,"{""category"": ""sport"", ""section"": ""us""}",success,,1,0.9658,888,13,2026-07-23T20:03:52.748076+00:00
4166,news,europe,politics,europe,llama3.2:3b,1.0,"{""category"": ""politics"", ""section"": ""europe""}",success,,1,0.977,974,16,2026-07-23T20:46:27.710574+00:00
4167,sport,sport,news,us,llama3.2:3b,1.0,"{""category"": ""news"", ""section"": ""us""}",success,,1,0.8688,848,13,2026-07-23T20:00:29.195702+00:00
4168,news,europe,news,world,llama3.2:3b,1.0,"{""category"": ""news"", ""section"": ""world""}",success,,1,0.9051,951,13,2026-07-23T20:29:09.686685+00:00
4169,news,europe,news,world,llama3.2:3b,1.0,"{""category"": ""news"", ""section"": ""world""}",success,,1,0.8727,950,13,2026-07-23T20:36:24.200357+00:00
4170,news,europe,news,world,llama3.2:3b,1.0,"{""category"": ""news"", ""section"": ""world""}",success,,1,0.9722,986,13,2026-07-23T20:09:57.628081+00:00
4171,news,europe,news,world,llama3.2:3b,1.0,"{""category"": ""news"", ""section"": ""world""}",success,,1,0.9212,925,13,2026-07-23T20:43:22.551889+00:00
4173,sport,sport,sport,us,llama3.2:3b,1.0,"{""category"":""sport"",""section"":""us""}",success,,1,0.9551,960,10,2026-07-23T20:27:57.940053+00:00
4178,sport,football,sport,football,llama3.2:3b,1.0,"{""category"": ""sport"", ""section"": ""football""}",success,,1,0.9664,854,13,2026-07-23T20:05:51.626807+00:00
4180,sport,football,sport,us,llama3.2:3b,1.0,"{""category"": ""sport"", ""section"": ""us""}",success,,1,0.887,872,13,2026-07-23T20:05:21.650773+00:00
4181,sport,sport,sport,us,llama3.2:3b,1.0,"{""category"": ""sport"", ""section"": ""us""}",success,,1,1.0198,821,13,2026-07-23T20:16:25.288842+00:00
4183,news,europe,news,world,llama3.2:3b,1.0,"{""category"": ""news"", ""section"": ""world""}",success,,1,1.0214,965,13,2026-07-23T20:11:21.389713+00:00
4184,news,europe,news,world,llama3.2:3b,1.0,"{""category"": ""news"", ""section"": ""world""}",success,,1,0.9082,885,13,2026-07-23T19:54:02.947693+00:00
4185,sport,tennis,sport,us,llama3.2:3b,1.0,"{""category"": ""sport"", ""section"": ""us""}",success,,1,0.9154,1065,13,2026-07-23T20:02:23.783090+00:00
4186,sport,football,sport,football,llama3.2:3b,1.0,"{""category"": ""sport"", ""section"": ""football""}",success,,1,0.906,951,13,2026-07-23T20:19:54.239365+00:00
4187,sport,golf,sport,us,llama3.2:3b,1.0,"{""category"": ""sport"", ""section"": ""us""}",success,,1,0.9353,511,13,2026-07-23T19:54:29.583424+00:00
4189,sport,tennis,politics,asia,llama3.2:3b,1.0,"{""category"": ""politics"", ""section"": ""asia""}",success,,1,0.9582,967,14,2026-07-23T19:57:47.967726+00:00
4190,sport,sport,news,asia,llama3.2:3b,1.0,"{""category"": ""news"", ""section"": ""asia""}",success,,1,0.9621,945,13,2026-07-23T20:02:04.668936+00:00
4192,news,europe,politics,europe,llama3.2:3b,1.0,"{""category"": ""politics"", ""section"": ""europe""}",success,,1,1.0308,970,16,2026-07-23T20:28:29.217607+00:00
4193,sport,sport,sport,us,llama3.2:3b,1.0,"{""category"": ""sport"", ""section"": ""us""}",success,,1,0.8638,924,13,2026-07-23T20:14:41.322079+00:00
4194,sport,football,sport,uk,llama3.2:3b,1.0,"{""category"":""sport"",""section"":""uk""}",success,,1,0.9179,956,10,2026-07-23T20:25:53.933823+00:00
4195,sport,football,sport,us,llama3.2:3b,1.0,"{""category"": ""sport"", ""section"": ""us""}",success,,1,1.0681,927,13,2026-07-23T20:11:03.510147+00:00
4196,news,europe,news,world,llama3.2:3b,1.0,"{""category"": ""news"", ""section"": ""world""}",success,,1,0.8865,874,13,2026-07-23T20:40:59.466847+00:00
4197,news,europe,news,world,llama3.2:3b,1.0,"{""category"": ""news"", ""section"": ""world""}",success,,1,0.8358,897,13,2026-07-23T20:30:53.359768+00:00
4198,sport,sport,politics,us,llama3.2:3b,1.0,"{""category"": ""politics"", ""section"": ""us""}",success,,1,0.9748,973,14,2026-07-23T20:48:29.807595+00:00
4199,sport,football,sport,football,llama3.2:3b,1.0,"{""category"": ""sport"", ""section"": ""football""}",success,,1,0.8638,658,13,2026-07-23T20:52:16.680572+00:00
4200,news,europe,news,world,llama3.2:3b,1.0,"{""category"": ""news"", ""section"": ""world""}",success,,1,0.8343,670,13,2026-07-23T20:17:14.254161+00:00
4201,news,europe,health,living,llama3.2:3b,1.0,"{""category"": ""health"", ""section"": ""living""}",success,,1,0.9106,926,13,2026-07-23T20:49:18.467643+00:00
4202,news,uk,politics,uk,llama3.2:3b,1.0,"{""category"": ""politics"", ""section"": ""uk""}",success,,1,0.9705,965,14,2026-07-23T20:56:15.379364+00:00
4203,sport,tennis,sport,australia,llama3.2:3b,1.0,"{""category"": ""sport"", ""section"": ""australia""}",success,,1,0.9937,981,15,2026-07-23T20:36:19.951035+00:00
4206,sport,football,sport,us,llama3.2:3b,1.0,"{""category"": ""sport"", ""section"": ""us""}",success,,1,0.9132,979,13,2026-07-23T20:41:44.486402+00:00
4208,news,europe,news,world,llama3.2:3b,1.0,"{""category"": ""news"", ""section"": ""world""}",success,,1,0.7905,405,13,2026-07-23T19:59:10.048497+00:00
4209,sport,sport,entertainment,movies,llama3.2:3b,1.0,"{""category"": ""entertainment"", ""section"": ""movies""}",success,,1,0.8204,652,14,2026-07-23T19:54:24.804157+00:00
4210,news,europe,news,world,llama3.2:3b,1.0,"{""category"": ""news"", ""section"": ""world""}",success,,1,0.9112,909,13,2026-07-23T20:46:34.154145+00:00
4211,sport,motorsport,sport,us,llama3.2:3b,1.0,"{""category"": ""sport"", ""section"": ""us""}",success,,1,0.9474,943,13,2026-07-23T20:03:44.044036+00:00
4212,news,europe,politics,europe,llama3.2:3b,1.0,"{""category"": ""politics"", ""section"": ""europe""}",success,,1,0.9706,939,16,2026-07-23T20:51:36.738103+00:00
4213,sport,motorsport,sport,football,llama3.2:3b,1.0,"{""category"": ""sport"", ""section"": ""football""}",success,,1,1.0101,938,14,2026-07-23T20:21:54.259658+00:00
4215,sport,motorsport,sport,football,llama3.2:3b,1.0,"{""category"": ""sport"", ""section"": ""football""}",success,,1,0.8581,724,14,2026-07-23T20:46:18.944012+00:00
4216,news,uk,news,world,llama3.2:3b,1.0,"{""category"": ""news"", ""section"": ""world""}",success,,1,0.8864,925,13,2026-07-23T19:55:39.189300+00:00
4217,sport,sport,news,sport,llama3.2:3b,1.0,"{""category"": ""news"", ""section"": ""sport""}",success,,1,0.9213,958,13,2026-07-23T20:37:33.611650+00:00
4218,sport,football,sport,world,llama3.2:3b,1.0,"{""category"": ""sport"", ""section"": ""world""}",success,,1,0.917,860,13,2026-07-23T20:03:25.520531+00:00
4220,news,europe,politics,europe,llama3.2:3b,1.0,"{""category"": ""politics"", ""section"": ""europe""}",success,,1,0.9648,956,15,2026-07-23T20:43:02.635186+00:00
4221,sport,sport,sport,us,llama3.2:3b,1.0,"{""category"": ""sport"", ""section"": ""us""}",success,,1,0.9932,997,13,2026-07-23T20:32:42.681274+00:00
4222,sport,football,news,world,llama3.2:3b,1.0,"{""category"": ""news"", ""section"": ""world""}",success,,1,0.8798,923,13,2026-07-23T20:23:08.559028+00:00
4224,news,europe,news,world,llama3.2:3b,1.0,"{""category"": ""news"", ""section"": ""world""}",success,,1,0.9229,956,13,2026-07-23T20:52:30.388696+00:00
4225,sport,tennis,news,asia,llama3.2:3b,1.0,"{""category"": ""news"", ""section"": ""asia""}",success,,1,0.9562,931,13,2026-07-23T20:33:07.654295+00:00
4226,sport,sport,politics,uk,llama3.2:3b,1.0,"{""category"": ""politics"", ""section"": ""uk""}",success,,1,0.9099,848,14,2026-07-23T20:52:05.361003+00:00
4227,news,europe,news,world,llama3.2:3b,1.0,"{""category"": ""news"", ""section"": ""world""}",success,,1,0.8882,957,13,2026-07-23T20:13:55.321128+00:00
4228,news,europe,news,world,llama3.2:3b,1.0,"{""category"": ""news"", ""section"": ""world""}",success,,1,0.9063,958,13,2026-07-23T20:28:25.967683+00:00
4229,sport,tennis,sport,us,llama3.2:3b,1.0,"{""category"": ""sport"", ""section"": ""us""}",success,,1,0.9805,794,13,2026-07-23T20:10:32.594907+00:00
4230,news,europe,news,tech,llama3.2:3b,1.0,"{""category"": ""news"", ""section"": ""tech""}",success,,1,0.9495,971,13,2026-07-23T20:18:31.056130+00:00
4231,news,europe,news,world,llama3.2:3b,1.0,"{""category"": ""news"", ""section"": ""world""}",success,,1,0.8754,898,13,2026-07-23T20:32:30.871253+00:00
4232,news,europe,news,world,llama3.2:3b,1.0,"{""category"": ""news"", ""section"": ""world""}",success,,1,0.8819,912,13,2026-07-23T20:48:00.462089+00:00
4235,sport,sport,politics,uk,llama3.2:3b,1.0,"{""category"": ""politics"", ""section"": ""uk""}",success,,1,1.1608,968,14,2026-07-23T20:50:54.990002+00:00
4236,sport,football,sport,football,llama3.2:3b,1.0,"{""category"": ""sport"", ""section"": ""football""}",success,,1,0.9519,950,13,2026-07-23T19:54:07.453314+00:00
4237,sport,sport,news,us,llama3.2:3b,1.0,"{""category"": ""news"", ""section"": ""us""}",success,,1,0.9492,983,13,2026-07-23T19:54:35.370812+00:00
4238,sport,football,sport,us,llama3.2:3b,1.0,"{""category"": ""sport"", ""section"": ""us""}",success,,1,15.5627,755,13,2026-07-23T20:07:54.005732+00:00
4240,sport,golf,sport,golf,llama3.2:3b,1.0,"{""category"": ""sport"", ""section"": ""golf""}",success,,1,0.978,973,14,2026-07-23T20:25:37.745277+00:00
4242,sport,sport,sport,us,llama3.2:3b,1.0,"{""category"": ""sport"", ""section"": ""us""}",success,,1,0.8636,874,13,2026-07-23T20:35:38.569077+00:00
4244,news,uk,politics,uk,llama3.2:3b,1.0,"{""category"": ""politics"", ""section"": ""uk""}",success,,1,0.9455,929,14,2026-07-23T20:54:30.222141+00:00
4245,sport,sport,news,us,llama3.2:3b,1.0,"{""category"": ""news"", ""section"": ""us""}",success,,1,0.9402,747,13,2026-07-23T19:57:08.862525+00:00
4246,news,europe,politics,europe,llama3.2:3b,1.0,"{""category"": ""politics"", ""section"": ""europe""}",success,,1,0.913,956,15,2026-07-23T20:30:35.193624+00:00
4247,sport,sport,sport,us,llama3.2:3b,1.0,"{""category"": ""sport"", ""section"": ""us""}",success,,1,0.9449,859,13,2026-07-23T20:07:05.312077+00:00
4248,news,europe,news,world,llama3.2:3b,1.0,"{""category"": ""news"", ""section"": ""world""}",success,,1,0.851,774,13,2026-07-23T20:00:10.361231+00:00
4250,news,europe,news,world,llama3.2:3b,1.0,"{""category"": ""news"", ""section"": ""world""}",success,,1,0.8298,540,13,2026-07-23T19:53:58.298069+00:00
4251,sport,motorsport,sport,football,llama3.2:3b,1.0,"{""category"": ""sport"", ""section"": ""football""}",success,,1,0.9768,1011,14,2026-07-23T19:55:22.480217+00:00
4253,news,australia,news,australia,llama3.2:3b,1.0,"{""category"": ""news"", ""section"": ""australia""}",success,,1,0.9086,599,15,2026-07-23T19:58:30.813046+00:00
4254,sport,football,news,us,llama3.2:3b,1.0,"{""category"": ""news"", ""section"": ""us""}",success,,1,0.7756,519,13,2026-07-23T20:33:33.246723+00:00
4255,sport,sport,news,us,llama3.2:3b,1.0,"{""category"": ""news"", ""section"": ""us""}",success,,1,0.9904,665,13,2026-07-23T20:08:14.403970+00:00
4256,sport,sport,sport,us,llama3.2:3b,1.0,"{""category"": ""sport"", ""section"": ""us""}",success,,1,0.7782,526,13,2026-07-23T19:57:21.881346+00:00
4257,news,europe,politics,europe,llama3.2:3b,1.0,"{""category"": ""politics"", ""section"": ""europe""}",success,,1,0.926,927,15,2026-07-23T20:36:51.673703+00:00
4259,sport,tennis,entertainment,movies,llama3.2:3b,1.0,"{""category"": ""entertainment"", ""section"": ""movies""}",success,,1,0.9237,819,14,2026-07-23T19:54:19.998658+00:00
4260,news,europe,politics,europe,llama3.2:3b,1.0,"{""category"": ""politics"", ""section"": ""europe""}",success,,1,0.9639,913,15,2026-07-23T20:07:20.209139+00:00
4262,sport,sport,sport,us,llama3.2:3b,1.0,"{""category"": ""sport"", ""section"": ""us""}",success,,1,0.9781,971,13,2026-07-23T20:43:21.444420+00:00
4263,sport,sport,sport,uk,llama3.2:3b,1.0,"{""category"": ""sport"", ""section"": ""uk""}",success,,1,0.9398,988,13,2026-07-23T20:32:37.360204+00:00
4264,sport,football,sport,football,llama3.2:3b,1.0,"{""category"": ""sport"", ""section"": ""football""}",success,,1,0.8837,944,13,2026-07-23T20:35:36.469245+00:00
4265,sport,sport,sport,us,llama3.2:3b,1.0,"{""category"":""sport"",""section"":""us""}",success,,1,0.9751,944,10,2026-07-23T20:29:54.399788+00:00
4266,news,australia,news,australia,llama3.2:3b,1.0,"{""category"": ""news"", ""section"": ""australia""}",success,,1,1.0046,931,15,2026-07-23T20:27:08.660930+00:00
4267,sport,sport,sport,us,llama3.2:3b,1.0,"{""category"": ""sport"", ""section"": ""us""}",success,,1,0.8793,857,13,2026-07-23T20:08:22.499176+00:00
4268,news,uk,news,world,llama3.2:3b,1.0,"{""category"": ""news"", ""section"": ""world""}",success,,1,1.0733,932,13,2026-07-23T20:54:12.248274+00:00
4269,news,europe,news,world,llama3.2:3b,1.0,"{""category"": ""news"", ""section"": ""world""}",success,,1,0.8778,928,13,2026-07-23T20:33:45.802548+00:00
4270,sport,tennis,sport,us,llama3.2:3b,1.0,"{""category"": ""sport"", ""section"": ""us""}",success,,1,0.8902,933,13,2026-07-23T20:18:13.763778+00:00
4271,sport,golf,sport,us,llama3.2:3b,1.0,"{""category"": ""sport"", ""section"": ""us""}",success,,1,0.9361,1042,13,2026-07-23T20:30:19.476072+00:00
4272,sport,tennis,sport,us,llama3.2:3b,1.0,"{""category"": ""sport"", ""section"": ""us""}",success,,1,0.8974,791,13,2026-07-23T20:37:01.243827+00:00
4274,sport,sport,entertainment,us,llama3.2:3b,1.0,"{""category"": ""entertainment"", ""section"": ""us""}",success,,1,1.0121,947,14,2026-07-23T20:41:17.658932+00:00
4275,sport,motorsport,sport,football,llama3.2:3b,1.0,"{""category"": ""sport"", ""section"": ""football""}",success,,1,0.9245,1030,13,2026-07-23T19:59:30.447039+00:00
4276,sport,football,sport,world,llama3.2:3b,1.0,"{""category"": ""sport"", ""section"": ""world""}",success,,1,1.0456,734,13,2026-07-23T20:46:40.978363+00:00
4277,news,uk,news,world,llama3.2:3b,1.0,"{""category"": ""news"", ""section"": ""world""}",success,,1,0.8489,606,13,2026-07-23T19:56:45.696691+00:00
4278,sport,motorsport,sport,football,llama3.2:3b,1.0,"{""category"": ""sport"", ""section"": ""football""}",success,,1,0.8729,814,14,2026-07-23T20:23:09.879812+00:00
4279,news,uk,news,world,llama3.2:3b,1.0,"{""category"": ""news"", ""section"": ""world""}",success,,1,0.9159,880,13,2026-07-23T20:03:29.407492+00:00
4280,sport,football,sport,us,llama3.2:3b,1.0,"{""category"": ""sport"", ""section"": ""us""}",success,,1,0.878,866,13,2026-07-23T20:14:25.360936+00:00
4281,news,europe,news,world,llama3.2:3b,1.0,"{""category"": ""news"", ""section"": ""world""}",success,,1,0.9414,966,13,2026-07-23T20:35:23.746481+00:00
4283,sport,sport,sport,us,llama3.2:3b,1.0,"{""category"": ""sport"", ""section"": ""us""}",success,,1,0.9116,939,13,2026-07-23T20:02:09.504743+00:00
4284,sport,sport,sport,us,llama3.2:3b,1.0,"{""category"": ""sport"", ""section"": ""us""}",success,,1,0.9276,957,13,2026-07-23T20:29:10.739924+00:00
4285,sport,sport,sport,us,llama3.2:3b,1.0,"{""category"": ""sport"", ""section"": ""us""}",success,,1,0.8863,972,13,2026-07-23T19:59:03.144937+00:00
4287,news,europe,politics,world,llama3.2:3b,1.0,"{""category"": ""politics"", ""section"": ""world""}",success,,1,0.9699,919,14,2026-07-23T20:25:13.396808+00:00
4288,sport,sport,sport,us,llama3.2:3b,1.0,"{""category"": ""sport"", ""section"": ""us""}",success,,1,0.8342,631,13,2026-07-23T20:48:24.046098+00:00
4290,sport,football,sport,us,llama3.2:3b,1.0,"{""category"": ""sport"", ""section"": ""us""}",success,,1,0.8682,941,13,2026-07-23T19:59:14.767523+00:00
4291,news,europe,politics,world,llama3.2:3b,1.0,"{""category"": ""politics"", ""section"": ""world""}",success,,1,0.8931,912,14,2026-07-23T20:29:34.287854+00:00
4292,sport,golf,sport,us,llama3.2:3b,1.0,"{""category"": ""sport"", ""section"": ""us""}",success,,1,0.863,940,13,2026-07-23T20:02:37.117510+00:00
4294,news,europe,news,world,llama3.2:3b,1.0,"{""category"": ""news"", ""section"": ""world""}",success,,1,0.79,734,13,2026-07-23T20:42:06.019098+00:00
4295,news,europe,news,world,llama3.2:3b,1.0,"{""category"": ""news"", ""section"": ""world""}",success,,1,0.8857,919,13,2026-07-23T20:56:44.376042+00:00
4296,sport,sport,sport,us,llama3.2:3b,1.0,"{""category"": ""sport"", ""section"": ""us""}",success,,1,0.9087,878,13,2026-07-23T20:08:53.837350+00:00
4297,sport,sport,sport,us,llama3.2:3b,1.0,"{""category"": ""sport"", ""section"": ""us""}",success,,1,0.9493,943,13,2026-07-23T20:52:25.963476+00:00
4299,sport,sport,sport,us,llama3.2:3b,1.0,"{""category"":""sport"",""section"":""us""}",success,,1,0.8472,928,10,2026-07-23T20:28:52.419751+00:00
4300,sport,football,sport,us,llama3.2:3b,1.0,"{""category"": ""sport"", ""section"": ""us""}",success,,1,0.9238,834,13,2026-07-23T20:47:25.805025+00:00
4301,news,europe,news,world,llama3.2:3b,1.0,"{""category"": ""news"", ""section"": ""world""}",success,,1,0.905,952,13,2026-07-23T20:44:54.776944+00:00
4302,sport,football,sport,us,llama3.2:3b,1.0,"{""category"": ""sport"", ""section"": ""us""}",success,,1,0.936,866,13,2026-07-23T20:49:22.847790+00:00
4303,sport,football,news,us,llama3.2:3b,1.0,"{""category"": ""news"", ""section"": ""us""}",success,,1,0.8161,708,13,2026-07-23T20:34:50.284031+00:00
4304,sport,sport,sport,us,llama3.2:3b,1.0,"{""category"": ""sport"", ""section"": ""us""}",success,,1,0.8411,617,13,2026-07-23T20:42:48.084151+00:00
4305,news,europe,politics,us,llama3.2:3b,1.0,"{""category"": ""politics"", ""section"": ""us""}",success,,1,1.1096,925,14,2026-07-23T20:19:15.686180+00:00
4307,sport,sport,sport,us,llama3.2:3b,1.0,"{""category"": ""sport"", ""section"": ""us""}",success,,1,0.9631,792,13,2026-07-23T20:22:12.648085+00:00
4310,sport,sport,news,us,llama3.2:3b,1.0,"{""category"": ""news"", ""section"": ""us""}",success,,1,0.9051,975,13,2026-07-23T20:36:22.074085+00:00
4311,sport,sport,sport,us,llama3.2:3b,1.0,"{""category"": ""sport"", ""section"": ""us""}",success,,1,0.823,580,13,2026-07-23T19:54:04.634590+00:00
4312,news,europe,news,world,llama3.2:3b,1.0,"{""category"": ""news"", ""section"": ""world""}",success,,1,0.9286,918,13,2026-07-23T19:58:57.284866+00:00
4313,sport,tennis,sport,us,llama3.2:3b,1.0,"{""category"": ""sport"", ""section"": ""us""}",success,,1,0.8075,706,13,2026-07-23T19:53:06.138325+00:00
4314,news,europe,news,world,llama3.2:3b,1.0,"{""category"": ""news"", ""section"": ""world""}",success,,1,0.9849,935,13,2026-07-23T20:18:38.093147+00:00
4316,sport,sport,sport,us,llama3.2:3b,1.0,"{""category"": ""sport"", ""section"": ""us""}",success,,1,0.8566,726,13,2026-07-23T20:31:01.715467+00:00
4317,sport,football,sport,us,llama3.2:3b,1.0,"{""category"": ""sport"", ""section"": ""us""}",success,,1,0.8127,658,13,2026-07-23T20:38:26.733007+00:00
4318,news,uk,politics,uk,llama3.2:3b,1.0,"{""category"": ""politics"", ""section"": ""uk""}",success,,1,0.8505,969,14,2026-07-23T20:06:33.147839+00:00
4319,news,europe,news,world,llama3.2:3b,1.0,"{""category"": ""news"", ""section"": ""world""}",success,,1,0.8987,980,13,2026-07-23T20:28:09.664470+00:00
4321,sport,tennis,sport,us,llama3.2:3b,1.0,"{""category"": ""sport"", ""section"": ""us""}",success,,1,0.8562,629,13,2026-07-23T20:47:26.866730+00:00
4322,news,europe,news,world,llama3.2:3b,1.0,"{""category"": ""news"", ""section"": ""world""}",success,,1,0.8509,896,13,2026-07-23T20:52:48.174781+00:00
4323,sport,sport,sport,us,llama3.2:3b,1.0,"{""category"": ""sport"", ""section"": ""us""}",success,,1,0.9011,953,13,2026-07-23T20:35:28.231159+00:00
4324,sport,sport,news,us,llama3.2:3b,1.0,"{""category"": ""news"", ""section"": ""us""}",success,,1,0.8894,925,13,2026-07-23T20:21:19.572197+00:00
4325,sport,sport,sport,us,llama3.2:3b,1.0,"{""category"": ""sport"", ""section"": ""us""}",success,,1,0.9483,817,13,2026-07-23T20:42:34.627764+00:00
4326,sport,tennis,sport,tennis,llama3.2:3b,1.0,"{""category"": ""sport"", ""section"": ""tennis""}",success,,1,0.934,887,14,2026-07-23T20:33:44.782099+00:00
4327,sport,sport,politics,us,llama3.2:3b,1.0,"{""category"": ""politics"", ""section"": ""us""}",success,,1,0.9172,937,14,2026-07-23T20:16:43.279854+00:00
4329,sport,sport,sport,us,llama3.2:3b,1.0,"{""category"": ""sport"", ""section"": ""us""}",success,,1,0.8691,740,13,2026-07-23T20:01:25.603823+00:00
4330,news,europe,news,world,llama3.2:3b,1.0,"{""category"": ""news"", ""section"": ""world""}",success,,1,0.8962,934,13,2026-07-23T20:52:21.347769+00:00
4331,news,australia,news,world,llama3.2:3b,1.0,"{""category"": ""news"", ""section"": ""world""}",success,,1,0.9227,784,13,2026-07-23T20:09:14.254414+00:00
4332,sport,sport,news,us,llama3.2:3b,1.0,"{""category"": ""news"", ""section"": ""us""}",success,,1,0.8959,796,13,2026-07-23T20:05:20.705184+00:00
4335,sport,sport,sport,asia,llama3.2:3b,1.0,"{""category"": ""sport"", ""section"": ""asia""}",success,,1,0.9487,906,13,2026-07-23T20:05:23.639568+00:00
4336,news,europe,news,world,llama3.2:3b,1.0,"{""category"": ""news"", ""section"": ""world""}",success,,1,1.0175,925,13,2026-07-23T20:30:46.200931+00:00
4338,sport,sport,sport,us,llama3.2:3b,1.0,"{""category"": ""sport"", ""section"": ""us""}",success,,1,0.958,791,13,2026-07-23T20:00:45.420389+00:00
4339,sport,golf,sport,golf,llama3.2:3b,1.0,"{""category"": ""sport"", ""section"": ""golf""}",success,,1,0.916,960,14,2026-07-23T19:58:03.436747+00:00
4340,news,europe,health,world,llama3.2:3b,1.0,"{""category"": ""health"", ""section"": ""world""}",success,,1,0.8168,783,13,2026-07-23T20:38:03.116132+00:00
4341,news,europe,news,world,llama3.2:3b,1.0,"{""category"": ""news"", ""section"": ""world""}",success,,1,0.7975,540,13,2026-07-23T20:07:26.939066+00:00
4343,sport,sport,sport,us,llama3.2:3b,1.0,"{""category"":""sport"",""section"":""us""}",success,,1,0.9007,960,10,2026-07-23T20:13:50.249162+00:00
4344,news,europe,news,world,llama3.2:3b,1.0,"{""category"": ""news"", ""section"": ""world""}",success,,1,0.8715,921,13,2026-07-23T20:47:51.100872+00:00
4345,news,europe,news,world,llama3.2:3b,1.0,"{""category"": ""news"", ""section"": ""world""}",success,,1,0.8663,746,13,2026-07-23T20:16:21.097584+00:00
4346,news,europe,politics,world,llama3.2:3b,1.0,"{""category"": ""politics"", ""section"": ""world""}",success,,1,0.9413,954,14,2026-07-23T20:19:05.251027+00:00
4347,sport,football,sport,football,llama3.2:3b,1.0,"{""category"": ""sport"", ""section"": ""football""}",success,,1,0.894,989,13,2026-07-23T20:22:09.856966+00:00
4348,news,australia,health,world,llama3.2:3b,1.0,"{""category"": ""health"", ""section"": ""world""}",success,,1,1.0743,976,13,2026-07-23T20:10:48.941093+00:00
4349,sport,football,sport,us,llama3.2:3b,1.0,"{""category"": ""sport"", ""section"": ""us""}",success,,1,0.9291,864,13,2026-07-23T20:32:56.159853+00:00
4350,sport,football,sport,us,llama3.2:3b,1.0,"{""category"": ""sport"", ""section"": ""us""}",success,,1,0.831,627,13,2026-07-23T19:56:27.033759+00:00
4351,sport,motorsport,sport,football,llama3.2:3b,1.0,"{""category"": ""sport"", ""section"": ""football""}",success,,1,0.9874,940,14,2026-07-23T19:55:41.138524+00:00
4353,sport,football,sport,football,llama3.2:3b,1.0,"{""category"": ""sport"", ""section"": ""football""}",success,,1,0.9181,956,13,2026-07-23T20:05:34.323137+00:00
4354,sport,sport,sport,us,llama3.2:3b,1.0,"{""category"": ""sport"", ""section"": ""us""}",success,,1,0.9005,777,13,2026-07-23T19:56:10.014841+00:00
4355,sport,sport,sport,us,llama3.2:3b,1.0,"{""category"": ""sport"", ""section"": ""us""}",success,,1,0.8395,583,13,2026-07-23T20:40:27.443951+00:00
4357,sport,football,sport,us,llama3.2:3b,1.0,"{""category"": ""sport"", ""section"": ""us""}",success,,1,1.1804,875,13,2026-07-23T20:06:38.499176+00:00
4358,news,europe,politics,europe,llama3.2:3b,1.0,"{""category"": ""politics"", ""section"": ""europe""}",success,,1,0.9528,982,15,2026-07-23T20:49:01.687855+00:00
4360,sport,sport,sport,us,llama3.2:3b,1.0,"{""category"": ""sport"", ""section"": ""us""}",success,,1,0.834,666,13,2026-07-23T20:02:48.683923+00:00
4361,sport,tennis,sport,us,llama3.2:3b,1.0,"{""category"": ""sport"", ""section"": ""us""}",success,,1,0.9626,787,13,2026-07-23T20:15:21.010098+00:00
4363,sport,sport,sport,us,llama3.2:3b,1.0,"{""category"": ""sport"", ""section"": ""us""}",success,,1,0.8469,930,13,2026-07-23T20:13:32.135593+00:00
4364,sport,sport,sport,us,llama3.2:3b,1.0,"{""category"": ""sport"", ""section"": ""us""}",success,,1,0.9113,814,13,2026-07-23T20:39:22.705279+00:00
4366,sport,sport,sport,us,llama3.2:3b,1.0,"{""category"": ""sport"", ""section"": ""us""}",success,,1,1.016,1022,13,2026-07-23T20:23:42.202875+00:00
4367,sport,sport,sport,us,llama3.2:3b,1.0,"{""category"": ""sport"", ""section"": ""us""}",success,,1,1.0298,758,13,2026-07-23T20:27:13.176784+00:00
4368,news,europe,news,world,llama3.2:3b,1.0,"{""category"": ""news"", ""section"": ""world""}",success,,1,1.3811,968,13,2026-07-23T20:41:26.317382+00:00
4370,news,europe,news,world,llama3.2:3b,1.0,"{""category"": ""news"", ""section"": ""world""}",success,,1,0.8284,624,13,2026-07-23T20:30:13.202110+00:00
4371,news,uk,news,world,llama3.2:3b,1.0,"{""category"": ""news"", ""section"": ""world""}",success,,1,0.8721,793,13,2026-07-23T20:14:23.414029+00:00
4372,sport,football,sport,us,llama3.2:3b,1.0,"{""category"": ""sport"", ""section"": ""us""}",success,,1,0.853,918,13,2026-07-23T19:58:45.775926+00:00
4373,sport,sport,sport,us,llama3.2:3b,1.0,"{""category"": ""sport"", ""section"": ""us""}",success,,1,0.8891,1040,13,2026-07-23T20:33:40.423688+00:00
4374,news,europe,news,world,llama3.2:3b,1.0,"{""category"": ""news"", ""section"": ""world""}",success,,1,0.8792,952,13,2026-07-23T20:19:48.288562+00:00
4375,sport,sport,sport,asia,llama3.2:3b,1.0,"{""category"": ""sport"", ""section"": ""asia""}",success,,1,0.9224,658,13,2026-07-23T20:01:10.490188+00:00
4376,news,europe,news,world,llama3.2:3b,1.0,"{""category"": ""news"", ""section"": ""world""}",success,,1,0.9108,938,13,2026-07-23T20:26:08.335772+00:00
4377,sport,sport,news,world,llama3.2:3b,1.0,"{""category"": ""news"", ""section"": ""world""}",success,,1,0.8501,853,13,2026-07-23T20:36:55.865847+00:00
4378,sport,sport,news,world,llama3.2:3b,1.0,"{""category"": ""news"", ""section"": ""world""}",success,,1,0.9733,923,13,2026-07-23T20:29:02.262392+00:00
4379,news,australia,news,world,llama3.2:3b,1.0,"{""category"": ""news"", ""section"": ""world""}",success,,1,0.8659,823,13,2026-07-23T20:23:49.381260+00:00
4381,news,europe,politics,europe,llama3.2:3b,1.0,"{""category"": ""politics"", ""section"": ""europe""}",success,,1,0.8276,712,15,2026-07-23T20:42:53.450990+00:00
4382,sport,sport,news,us,llama3.2:3b,1.0,"{""category"": ""news"", ""section"": ""us""}",success,,1,0.9096,965,13,2026-07-23T20:32:16.205638+00:00
4383,sport,sport,politics,us,llama3.2:3b,1.0,"{""category"": ""politics"", ""section"": ""us""}",success,,1,0.9912,986,14,2026-07-23T20:11:14.359743+00:00
4384,sport,motorsport,sport,us,llama3.2:3b,1.0,"{""category"": ""sport"", ""section"": ""us""}",success,,1,0.8897,999,13,2026-07-23T20:01:13.297531+00:00
4386,news,uk,politics,us,llama3.2:3b,1.0,"{""category"": ""politics"", ""section"": ""us""}",success,,1,0.9484,932,14,2026-07-23T20:53:01.269852+00:00
4387,news,europe,news,world,llama3.2:3b,1.0,"{""category"": ""news"", ""section"": ""world""}",success,,1,0.8633,881,13,2026-07-23T20:00:30.107657+00:00
4389,news,europe,politics,world,llama3.2:3b,1.0,"{""category"": ""politics"", ""section"": ""world""}",success,,1,0.9569,913,14,2026-07-23T20:16:10.524761+00:00
4390,news,australia,news,australia,llama3.2:3b,1.0,"{""category"": ""news"", ""section"": ""australia""}",success,,1,0.9244,695,15,2026-07-23T20:17:23.862055+00:00
4392,news,uk,politics,world,llama3.2:3b,1.0,"{""category"": ""politics"", ""section"": ""world""}",success,,1,0.8338,899,14,2026-07-23T20:39:43.381421+00:00
4394,sport,sport,news,sport,llama3.2:3b,1.0,"{""category"": ""news"", ""section"": ""sport""}",success,,1,0.9685,946,13,2026-07-23T20:35:04.429633+00:00
4397,sport,sport,sport,us,llama3.2:3b,1.0,"{""category"": ""sport"", ""section"": ""us""}",success,,1,0.9473,950,13,2026-07-23T20:29:25.784702+00:00
4398,sport,sport,sport,us,llama3.2:3b,1.0,"{""category"":""sport"",""section"":""us""}",success,,1,0.9748,1027,10,2026-07-23T20:46:05.808775+00:00
4399,sport,football,news,world,llama3.2:3b,1.0,"{""category"": ""news"", ""section"": ""world""}",success,,1,0.957,943,13,2026-07-23T20:25:36.178722+00:00
4400,sport,football,sport,us,llama3.2:3b,1.0,"{""category"": ""sport"", ""section"": ""us""}",success,,1,0.8622,960,13,2026-07-23T20:08:24.421658+00:00
4401,news,europe,news,world,llama3.2:3b,1.0,"{""category"": ""news"", ""section"": ""world""}",success,,1,0.8067,565,13,2026-07-23T20:13:14.570838+00:00
4402,news,europe,health,world,llama3.2:3b,1.0,"{""category"": ""health"", ""section"": ""world""}",success,,1,0.8761,973,13,2026-07-23T20:29:59.546303+00:00
4405,news,australia,news,australia,llama3.2:3b,1.0,"{""category"": ""news"", ""section"": ""australia""}",success,,1,0.9586,761,15,2026-07-23T19:59:46.512769+00:00
4406,sport,sport,news,us,llama3.2:3b,1.0,"{""category"": ""news"", ""section"": ""us""}",success,,1,1.0889,761,13,2026-07-23T20:17:36.593184+00:00
4407,sport,football,sport,us,llama3.2:3b,1.0,"{""category"": ""sport"", ""section"": ""us""}",success,,1,0.8773,675,13,2026-07-23T20:26:16.974762+00:00
4409,sport,sport,news,us,llama3.2:3b,1.0,"{""category"": ""news"", ""section"": ""us""}",success,,1,1.0322,764,13,2026-07-23T20:22:07.007346+00:00
4410,sport,football,sport,football,llama3.2:3b,1.0,"{""category"": ""sport"", ""section"": ""football""}",success,,1,0.9049,967,13,2026-07-23T20:46:02.383053+00:00
4411,sport,sport,sport,uk,llama3.2:3b,1.0,"{""category"": ""sport"", ""section"": ""uk""}",success,,1,0.9036,965,13,2026-07-23T20:31:21.969538+00:00
4412,sport,sport,sport,us,llama3.2:3b,1.0,"{""category"": ""sport"", ""section"": ""us""}",success,,1,0.8759,1012,13,2026-07-23T20:37:36.958496+00:00
4413,sport,football,sport,football,llama3.2:3b,1.0,"{""category"": ""sport"", ""section"": ""football""}",success,,1,0.8813,972,13,2026-07-23T20:37:27.326229+00:00
4414,news,uk,news,world,llama3.2:3b,1.0,"{""category"": ""news"", ""section"": ""world""}",success,,1,0.9145,875,13,2026-07-23T20:10:18.551549+00:00
4415,sport,sport,sport,us,llama3.2:3b,1.0,"{""category"": ""sport"", ""section"": ""us""}",success,,1,0.8806,646,13,2026-07-23T19:56:33.984897+00:00
4416,news,australia,news,world,llama3.2:3b,1.0,"{""category"": ""news"", ""section"": ""world""}",success,,1,0.8314,995,13,2026-07-23T20:29:36.313364+00:00
4417,sport,sport,sport,us,llama3.2:3b,1.0,"{""category"":""sport"",""section"":""us""}",success,,1,1.006,1014,10,2026-07-23T20:09:20.623721+00:00
4418,sport,football,politics,world,llama3.2:3b,1.0,"{""category"": ""politics"", ""section"": ""world""}",success,,1,0.9978,994,14,2026-07-23T20:35:26.129922+00:00
4419,news,uk,politics,world,llama3.2:3b,1.0,"{""category"": ""politics"", ""section"": ""world""}",success,,1,0.9911,956,14,2026-07-23T20:14:27.440185+00:00
4421,sport,sport,sport,australia,llama3.2:3b,1.0,"{""category"": ""sport"", ""section"": ""australia""}",success,,1,0.8576,735,15,2026-07-23T20:04:47.544613+00:00
4422,sport,sport,sport,us,llama3.2:3b,1.0,"{""category"": ""sport"", ""section"": ""us""}",success,,1,1.0456,780,13,2026-07-23T20:39:58.911730+00:00
4423,sport,football,sport,football,llama3.2:3b,1.0,"{""category"": ""sport"", ""section"": ""football""}",success,,1,0.9318,886,13,2026-07-23T20:56:48.050011+00:00
4424,news,europe,politics,world,llama3.2:3b,1.0,"{""category"": ""politics"", ""section"": ""world""}",success,,1,15.8563,760,14,2026-07-23T19:57:46.143301+00:00
4425,news,uk,news,uk,llama3.2:3b,1.0,"{""category"": ""news"", ""section"": ""uk""}",success,,1,0.967,751,13,2026-07-23T20:15:40.271896+00:00
4427,news,europe,politics,world,llama3.2:3b,1.0,"{""category"": ""politics"", ""section"": ""world""}",success,,1,1.0529,990,14,2026-07-23T20:48:16.184417+00:00
4428,sport,sport,sport,us,llama3.2:3b,1.0,"{""category"": ""sport"", ""section"": ""us""}",success,,1,0.9097,973,13,2026-07-23T20:40:41.493703+00:00
4431,sport,sport,sport,us,llama3.2:3b,1.0,"{""category"": ""sport"", ""section"": ""us""}",success,,1,0.9239,883,13,2026-07-23T20:08:52.838951+00:00
4432,news,australia,news,world,llama3.2:3b,1.0,"{""category"": ""news"", ""section"": ""world""}",success,,1,0.9225,865,13,2026-07-23T20:40:08.986314+00:00
4434,sport,sport,sport,us,llama3.2:3b,1.0,"{""category"": ""sport"", ""section"": ""us""}",success,,1,0.8778,548,13,2026-07-23T20:02:16.224758+00:00
4435,sport,sport,sport,us,llama3.2:3b,1.0,"{""category"":""sport"",""section"":""us""}",success,,1,0.8716,986,10,2026-07-23T20:56:24.782929+00:00
4436,sport,sport,news,us,llama3.2:3b,1.0,"{""category"": ""news"", ""section"": ""us""}",success,,1,0.8757,730,13,2026-07-23T20:35:45.080900+00:00
4437,sport,football,sport,europe,llama3.2:3b,1.0,"{""category"": ""sport"", ""section"": ""europe""}",success,,1,0.9806,621,15,2026-07-23T20:44:50.190424+00:00
4438,news,uk,news,world,llama3.2:3b,1.0,"{""category"": ""news"", ""section"": ""world""}",success,,1,0.8475,726,13,2026-07-23T19:55:18.546452+00:00
4440,news,europe,politics,us,llama3.2:3b,1.0,"{""category"": ""politics"", ""section"": ""us""}",success,,1,0.95,936,14,2026-07-23T20:20:05.344596+00:00
4441,news,europe,news,world,llama3.2:3b,1.0,"{""category"": ""news"", ""section"": ""world""}",success,,1,0.8841,744,13,2026-07-23T20:23:57.080897+00:00
4442,sport,tennis,sport,australia,llama3.2:3b,1.0,"{""category"": ""sport"", ""section"": ""australia""}",success,,1,0.9164,780,15,2026-07-23T20:27:14.583856+00:00
4443,sport,sport,sport,us,llama3.2:3b,1.0,"{""category"": ""sport"", ""section"": ""us""}",success,,1,0.9569,985,13,2026-07-23T20:18:24.008787+00:00
4444,news,uk,politics,us,llama3.2:3b,1.0,"{""category"": ""politics"", ""section"": ""us""}",success,,1,1.0448,921,14,2026-07-23T20:10:46.803995+00:00
4445,sport,football,sport,football,llama3.2:3b,1.0,"{""category"": ""sport"", ""section"": ""football""}",success,,1,0.903,1008,13,2026-07-23T20:36:28.434033+00:00
4446,sport,sport,politics,us,llama3.2:3b,1.0,"{""category"": ""politics"", ""section"": ""us""}",success,,1,0.9174,548,14,2026-07-23T20:10:42.845679+00:00
4447,sport,football,news,us,llama3.2:3b,1.0,"{""category"": ""news"", ""section"": ""us""}",success,,1,0.8399,673,13,2026-07-23T20:47:27.900937+00:00
4449,news,uk,news,world,llama3.2:3b,1.0,"{""category"": ""news"", ""section"": ""world""}",success,,1,0.8889,782,13,2026-07-23T20:11:19.287439+00:00
4451,sport,football,sport,asia,llama3.2:3b,1.0,"{""category"": ""sport"", ""section"": ""asia""}",success,,1,0.9396,683,13,2026-07-23T19:56:17.103730+00:00
4452,sport,football,sport,asia,llama3.2:3b,1.0,"{""category"": ""sport"", ""section"": ""asia""}",success,,1,0.9642,957,13,2026-07-23T20:33:23.721482+00:00
4454,sport,football,sport,football,llama3.2:3b,1.0,"{""category"": ""sport"", ""section"": ""football""}",success,,1,0.8755,874,13,2026-07-23T20:23:02.647814+00:00
4455,sport,sport,news,us,llama3.2:3b,1.0,"{""category"": ""news"", ""section"": ""us""}",success,,1,0.9322,980,13,2026-07-23T19:56:35.923971+00:00
4456,news,europe,news,world,llama3.2:3b,1.0,"{""category"": ""news"", ""section"": ""world""}",success,,1,0.902,884,13,2026-07-23T20:42:50.199326+00:00
4457,sport,football,sport,football,llama3.2:3b,1.0,"{""category"": ""sport"", ""section"": ""football""}",success,,1,0.9306,970,13,2026-07-23T20:04:36.777585+00:00
4458,sport,golf,entertainment,movies,llama3.2:3b,1.0,"{""category"": ""entertainment"", ""section"": ""movies""}",success,,1,0.9033,999,14,2026-07-23T20:15:07.687667+00:00
4459,news,europe,politics,world,llama3.2:3b,1.0,"{""category"": ""politics"", ""section"": ""world""}",success,,1,1.0204,875,14,2026-07-23T20:01:35.032727+00:00
4460,sport,sport,sport,us,llama3.2:3b,1.0,"{""category"":""sport"",""section"":""us""}",success,,1,0.8596,983,10,2026-07-23T20:33:34.280235+00:00
4461,news,europe,news,world,llama3.2:3b,1.0,"{""category"": ""news"", ""section"": ""world""}",success,,1,0.9268,968,13,2026-07-23T20:05:47.697788+00:00
4462,news,europe,news,europe,llama3.2:3b,1.0,"{""category"": ""news"", ""section"": ""europe""}",success,,1,0.9588,890,14,2026-07-23T20:22:41.014542+00:00
4464,sport,football,sport,uk,llama3.2:3b,1.0,"{""category"": ""sport"", ""section"": ""uk""}",success,,1,0.8452,744,13,2026-07-23T20:38:46.901547+00:00
4467,sport,sport,sport,us,llama3.2:3b,1.0,"{""category"": ""sport"", ""section"": ""us""}",success,,1,0.938,863,13,2026-07-23T20:50:42.372363+00:00
4468,sport,football,sport,uk,llama3.2:3b,1.0,"{""category"": ""sport"", ""section"": ""uk""}",success,,1,0.9152,780,13,2026-07-23T20:55:07.186673+00:00
4469,news,europe,news,world,llama3.2:3b,1.0,"{""category"": ""news"", ""section"": ""world""}",success,,1,0.8303,702,13,2026-07-23T20:34:45.049186+00:00
4472,news,europe,news,world,llama3.2:3b,1.0,"{""category"": ""news"", ""section"": ""world""}",success,,1,0.9012,955,13,2026-07-23T20:15:28.823703+00:00
4473,news,uk,politics,world,llama3.2:3b,1.0,"{""category"": ""politics"", ""section"": ""world""}",success,,1,0.9322,820,14,2026-07-23T20:21:09.788932+00:00
4474,sport,football,sport,uk,llama3.2:3b,1.0,"{""category"": ""sport"", ""section"": ""uk""}",success,,1,1.938,955,13,2026-07-23T20:18:52.951281+00:00
4475,news,europe,politics,world,llama3.2:3b,1.0,"{""category"": ""politics"", ""section"": ""world""}",success,,1,1.1778,964,14,2026-07-23T20:26:32.138173+00:00
4477,sport,football,news,us,llama3.2:3b,1.0,"{""category"": ""news"", ""section"": ""us""}",success,,1,0.8986,695,13,2026-07-23T20:04:45.498295+00:00
4478,sport,sport,news,us,llama3.2:3b,1.0,"{""category"": ""news"", ""section"": ""us""}",success,,1,0.8457,662,13,2026-07-23T20:04:26.091320+00:00
4480,sport,football,sport,us,llama3.2:3b,1.0,"{""category"": ""sport"", ""section"": ""us""}",success,,1,0.9239,521,13,2026-07-23T20:11:42.733762+00:00
4482,news,europe,politics,us,llama3.2:3b,1.0,"{""category"": ""politics"", ""section"": ""us""}",success,,1,0.8463,762,14,2026-07-23T20:10:25.605797+00:00
4484,news,uk,entertainment,us,llama3.2:3b,1.0,"{""category"": ""entertainment"", ""section"": ""us""}",success,,1,0.8383,701,14,2026-07-23T20:04:44.538270+00:00
4485,sport,sport,politics,asia,llama3.2:3b,1.0,"{""category"": ""politics"", ""section"": ""asia""}",success,,1,0.9152,900,14,2026-07-23T20:12:17.449733+00:00
4486,news,europe,business,energy,llama3.2:3b,1.0,"{""category"": ""business"", ""section"": ""energy""}",success,,1,0.9025,939,13,2026-07-23T20:41:15.979483+00:00
4487,sport,sport,news,world,llama3.2:3b,1.0,"{""category"": ""news"", ""section"": ""world""}",success,,1,0.8532,965,13,2026-07-23T20:29:30.065847+00:00
4488,sport,football,news,us,llama3.2:3b,1.0,"{""category"": ""news"", ""section"": ""us""}",success,,1,0.9234,884,13,2026-07-23T20:00:00.025330+00:00
4489,news,uk,news,world,llama3.2:3b,1.0,"{""category"": ""news"", ""section"": ""world""}",success,,1,0.9056,901,13,2026-07-23T20:42:45.919127+00:00
4490,news,europe,business,tech,llama3.2:3b,1.0,"{""category"": ""business"", ""section"": ""tech""}",success,,1,0.8243,708,13,2026-07-23T20:24:12.570127+00:00
4491,sport,sport,sport,us,llama3.2:3b,1.0,"{""category"": ""sport"", ""section"": ""us""}",success,,1,1.0741,813,13,2026-07-23T20:02:02.690967+00:00
4492,sport,motorsport,sport,us,llama3.2:3b,1.0,"{""category"": ""sport"", ""section"": ""us""}",success,,1,0.9382,818,13,2026-07-23T20:00:55.061638+00:00
4493,news,australia,news,australia,llama3.2:3b,1.0,"{""category"": ""news"", ""section"": ""australia""}",success,,1,0.9467,878,15,2026-07-23T20:09:03.211025+00:00
4495,news,europe,politics,world,llama3.2:3b,1.0,"{""category"": ""politics"", ""section"": ""world""}",success,,1,0.8821,919,14,2026-07-23T19:59:53.366487+00:00
4497,sport,sport,news,us,llama3.2:3b,1.0,"{""category"": ""news"", ""section"": ""us""}",success,,1,0.9229,898,13,2026-07-23T20:03:41.132555+00:00
4498,sport,sport,entertainment,us,llama3.2:3b,1.0,"{""category"": ""entertainment"", ""section"": ""us""}",success,,1,0.9304,800,14,2026-07-23T20:18:12.465413+00:00
4499,news,europe,politics,europe,llama3.2:3b,1.0,"{""category"": ""politics"", ""section"": ""europe""}",success,,1,0.9918,1002,15,2026-07-23T19:56:21.103638+00:00
4500,sport,sport,sport,us,llama3.2:3b,1.0,"{""category"": ""sport"", ""section"": ""us""}",success,,1,0.8838,963,13,2026-07-23T20:32:54.027232+00:00
4501,sport,football,sport,uk,llama3.2:3b,1.0,"{""category"": ""sport"", ""section"": ""uk""}",success,,1,0.8824,941,13,2026-07-23T20:36:41.100238+00:00
4502,news,europe,news,world,llama3.2:3b,1.0,"{""category"": ""news"", ""section"": ""world""}",success,,1,0.8775,968,13,2026-07-23T20:48:12.513552+00:00
4506,sport,football,news,world,llama3.2:3b,1.0,"{""category"": ""news"", ""section"": ""world""}",success,,1,0.9628,747,13,2026-07-23T20:19:22.542075+00:00
4507,news,australia,politics,australia,llama3.2:3b,1.0,"{""category"": ""politics"", ""section"": ""australia""}",success,,1,1.0547,905,16,2026-07-23T20:50:48.453993+00:00
4510,sport,tennis,news,asia,llama3.2:3b,1.0,"{""category"": ""news"", ""section"": ""asia""}",success,,1,0.8914,930,13,2026-07-23T20:14:42.546877+00:00
4511,news,uk,politics,uk,llama3.2:3b,1.0,"{""category"": ""politics"", ""section"": ""uk""}",success,,1,0.8453,924,14,2026-07-23T20:33:49.849961+00:00
4512,sport,tennis,sport,us,llama3.2:3b,1.0,"{""category"": ""sport"", ""section"": ""us""}",success,,1,0.8002,574,13,2026-07-23T20:06:52.527976+00:00
4513,sport,sport,sport,us,llama3.2:3b,1.0,"{""category"": ""sport"", ""section"": ""us""}",success,,1,0.853,636,13,2026-07-23T20:01:52.801974+00:00
4514,sport,sport,news,world,llama3.2:3b,1.0,"{""category"": ""news"", ""section"": ""world""}",success,,1,0.9226,1032,13,2026-07-23T20:51:32.268635+00:00
4516,news,uk,politics,uk,llama3.2:3b,1.0,"{""category"": ""politics"", ""section"": ""uk""}",success,,1,0.838,788,14,2026-07-23T20:46:35.214841+00:00
4517,sport,football,sport,football,llama3.2:3b,1.0,"{""category"": ""sport"", ""section"": ""football""}",success,,1,0.9295,946,13,2026-07-23T20:34:48.199913+00:00
4518,sport,sport,sport,us,llama3.2:3b,1.0,"{""category"": ""sport"", ""section"": ""us""}",success,,1,0.9394,663,13,2026-07-23T20:33:05.570394+00:00
4519,sport,sport,sport,australia,llama3.2:3b,1.0,"{""category"": ""sport"", ""section"": ""australia""}",success,,1,1.0612,453,15,2026-07-23T20:50:57.799065+00:00
4520,sport,tennis,entertainment,us,llama3.2:3b,1.0,"{""category"": ""entertainment"", ""section"": ""us""}",success,,1,0.9001,657,14,2026-07-23T20:14:54.448732+00:00
4521,sport,sport,sport,us,llama3.2:3b,1.0,"{""category"": ""sport"", ""section"": ""us""}",success,,1,0.8568,968,13,2026-07-23T20:31:45.515501+00:00
4523,sport,sport,sport,us,llama3.2:3b,1.0,"{""category"":""sport"",""section"":""us""}",success,,1,0.9469,912,10,2026-07-23T19:58:47.679292+00:00
4524,news,europe,news,world,llama3.2:3b,1.0,"{""category"": ""news"", ""section"": ""world""}",success,,1,0.8633,963,13,2026-07-23T19:56:05.226158+00:00
4525,sport,football,sport,us,llama3.2:3b,1.0,"{""category"": ""sport"", ""section"": ""us""}",success,,1,0.8582,756,13,2026-07-23T20:33:48.835179+00:00
4526,sport,sport,news,us,llama3.2:3b,1.0,"{""category"": ""news"", ""section"": ""us""}",success,,1,0.943,848,13,2026-07-23T20:21:59.964411+00:00
4528,news,uk,politics,uk,llama3.2:3b,1.0,"{""category"": ""politics"", ""section"": ""uk""}",success,,1,0.9838,922,14,2026-07-23T20:01:51.898360+00:00
4529,sport,sport,sport,us,llama3.2:3b,1.0,"{""category"": ""sport"", ""section"": ""us""}",success,,1,1.0477,915,13,2026-07-23T19:56:32.119663+00:00
4530,sport,football,sport,uk,llama3.2:3b,1.0,"{""category"": ""sport"", ""section"": ""uk""}",success,,1,0.8212,532,13,2026-07-23T20:05:36.202331+00:00
4531,sport,motorsport,sport,football,llama3.2:3b,1.0,"{""category"": ""sport"", ""section"": ""football""}",success,,1,0.8987,923,14,2026-07-23T20:14:26.353275+00:00
4532,news,uk,news,us,llama3.2:3b,1.0,"{""category"": ""news"", ""section"": ""us""}",success,,1,0.833,672,13,2026-07-23T19:53:53.602920+00:00
4533,sport,football,sport,us,llama3.2:3b,1.0,"{""category"": ""sport"", ""section"": ""us""}",success,,1,0.8899,588,13,2026-07-23T20:31:52.987149+00:00
4534,sport,sport,sport,us,llama3.2:3b,1.0,"{""category"": ""sport"", ""section"": ""us""}",success,,1,1.0035,918,13,2026-07-23T20:18:58.764045+00:00
4535,sport,football,entertainment,us,llama3.2:3b,1.0,"{""category"": ""entertainment"", ""section"": ""us""}",success,,1,0.8534,777,14,2026-07-23T20:35:20.485219+00:00
4537,news,australia,news,world,llama3.2:3b,1.0,"{""category"": ""news"", ""section"": ""world""}",success,,1,0.9632,956,13,2026-07-23T20:03:45.083611+00:00
4538,sport,sport,news,us,llama3.2:3b,1.0,"{""category"": ""news"", ""section"": ""us""}",success,,1,0.8532,814,13,2026-07-23T20:10:40.720280+00:00
4540,sport,sport,sport,us,llama3.2:3b,1.0,"{""category"": ""sport"", ""section"": ""us""}",success,,1,0.8302,719,13,2026-07-23T20:13:38.142524+00:00
4541,news,uk,news,world,llama3.2:3b,1.0,"{""category"": ""news"", ""section"": ""world""}",success,,1,0.9178,912,13,2026-07-23T20:37:46.381744+00:00
4542,sport,sport,news,world,llama3.2:3b,1.0,"{""category"": ""news"", ""section"": ""world""}",success,,1,0.8437,1007,13,2026-07-23T20:14:33.272922+00:00
4543,sport,tennis,sport,australia,llama3.2:3b,1.0,"{""category"": ""sport"", ""section"": ""australia""}",success,,1,0.7945,662,15,2026-07-23T20:41:48.629238+00:00
4544,news,europe,politics,world,llama3.2:3b,1.0,"{""category"": ""politics"", ""section"": ""world""}",success,,1,0.9306,903,14,2026-07-23T20:12:27.880436+00:00
4545,news,uk,entertainment,us,llama3.2:3b,1.0,"{""category"": ""entertainment"", ""section"": ""us""}",success,,1,0.8959,936,14,2026-07-23T20:33:41.464959+00:00
4546,sport,sport,news,world,llama3.2:3b,1.0,"{""category"": ""news"", ""section"": ""world""}",success,,1,0.8709,842,13,2026-07-23T20:00:23.634723+00:00
4547,sport,sport,news,us,llama3.2:3b,1.0,"{""category"": ""news"", ""section"": ""us""}",success,,1,0.9208,911,13,2026-07-23T20:12:33.860589+00:00
4548,sport,sport,sport,us,llama3.2:3b,1.0,"{""category"":""sport"",""section"":""us""}",success,,1,0.8992,934,10,2026-07-23T20:41:50.185942+00:00
4549,sport,football,sport,us,llama3.2:3b,1.0,"{""category"": ""sport"", ""section"": ""us""}",success,,1,0.8935,747,13,2026-07-23T20:13:46.054790+00:00
4550,news,europe,politics,europe,llama3.2:3b,1.0,"{""category"": ""politics"", ""section"": ""europe""}",success,,1,0.9873,924,16,2026-07-23T20:34:36.799052+00:00
4551,sport,sport,sport,us,llama3.2:3b,1.0,"{""category"": ""sport"", ""section"": ""us""}",success,,1,1.5562,983,13,2026-07-23T20:06:22.513641+00:00
4552,news,australia,entertainment,australia,llama3.2:3b,1.0,"{""category"": ""entertainment"", ""section"": ""australia""}",success,,1,0.949,789,16,2026-07-23T20:56:26.631661+00:00
4553,sport,football,news,world,llama3.2:3b,1.0,"{""category"": ""news"", ""section"": ""world""}",success,,1,0.9212,692,13,2026-07-23T20:07:27.937602+00:00
4556,news,europe,news,world,llama3.2:3b,1.0,"{""category"": ""news"", ""section"": ""world""}",success,,1,1.031,770,13,2026-07-23T20:53:29.881946+00:00
4557,sport,motorsport,sport,football,llama3.2:3b,1.0,"{""category"": ""sport"", ""section"": ""football""}",success,,1,0.9783,921,14,2026-07-23T19:56:31.024804+00:00
4558,news,europe,health,europe,llama3.2:3b,1.0,"{""category"": ""health"", ""section"": ""europe""}",success,,1,0.8569,646,14,2026-07-23T20:01:28.321560+00:00
4559,sport,football,sport,football,llama3.2:3b,1.0,"{""category"": ""sport"", ""section"": ""football""}",success,,1,0.968,981,13,2026-07-23T20:36:37.008174+00:00
4560,sport,football,sport,football,llama3.2:3b,1.0,"{""category"": ""sport"", ""section"": ""football""}",success,,1,0.8822,673,13,2026-07-23T20:43:37.096604+00:00
4561,sport,sport,sport,us,llama3.2:3b,1.0,"{""category"": ""sport"", ""section"": ""us""}",success,,1,0.8801,740,13,2026-07-23T20:28:02.206817+00:00
4562,sport,motorsport,sport,football,llama3.2:3b,1.0,"{""category"": ""sport"", ""section"": ""football""}",success,,1,1.006,863,14,2026-07-23T20:29:43.715466+00:00
4563,news,uk,politics,uk,llama3.2:3b,1.0,"{""category"": ""politics"", ""section"": ""uk""}",success,,1,0.9566,920,14,2026-07-23T20:43:17.034347+00:00
4564,news,europe,politics,europe,llama3.2:3b,1.0,"{""category"": ""politics"", ""section"": ""europe""}",success,,1,0.9766,1003,16,2026-07-23T20:09:37.988858+00:00
4565,sport,sport,sport,us,llama3.2:3b,1.0,"{""category"": ""sport"", ""section"": ""us""}",success,,1,0.9877,1019,13,2026-07-23T20:19:58.501874+00:00
4567,sport,sport,sport,us,llama3.2:3b,1.0,"{""category"": ""sport"", ""section"": ""us""}",success,,1,1.0591,951,13,2026-07-23T20:20:15.532117+00:00
4568,sport,football,sport,football,llama3.2:3b,1.0,"{""category"": ""sport"", ""section"": ""football""}",success,,1,0.8999,958,13,2026-07-23T20:05:10.076586+00:00
4572,sport,golf,sport,us,llama3.2:3b,1.0,"{""category"": ""sport"", ""section"": ""us""}",success,,1,0.868,988,13,2026-07-23T20:56:28.368645+00:00
4573,news,europe,news,world,llama3.2:3b,1.0,"{""category"": ""news"", ""section"": ""world""}",success,,1,0.9207,952,13,2026-07-23T20:13:40.109680+00:00
4574,sport,tennis,sport,us,llama3.2:3b,1.0,"{""category"": ""sport"", ""section"": ""us""}",success,,1,0.8001,601,13,2026-07-23T20:32:50.928225+00:00
4575,sport,sport,news,us,llama3.2:3b,1.0,"{""category"": ""news"", ""section"": ""us""}",success,,1,0.9472,941,13,2026-07-23T20:22:08.401370+00:00
4577,sport,football,news,world,llama3.2:3b,1.0,"{""category"": ""news"", ""section"": ""world""}",success,,1,1.0599,912,13,2026-07-23T20:15:43.441187+00:00
4579,sport,sport,sport,us,llama3.2:3b,1.0,"{""category"":""sport"",""section"":""us""}",success,,1,0.9008,980,10,2026-07-23T20:45:19.287885+00:00
4580,sport,sport,sport,europe,llama3.2:3b,1.0,"{""category"": ""sport"", ""section"": ""europe""}",success,,1,1.0243,968,14,2026-07-23T20:45:22.642581+00:00
4581,news,uk,news,world,llama3.2:3b,1.0,"{""category"": ""news"", ""section"": ""world""}",success,,1,0.8898,950,13,2026-07-23T20:40:25.279377+00:00
4583,news,europe,news,world,llama3.2:3b,1.0,"{""category"": ""news"", ""section"": ""world""}",success,,1,0.8057,654,13,2026-07-23T20:13:29.217845+00:00
4584,sport,sport,sport,us,llama3.2:3b,1.0,"{""category"":""sport"",""section"":""us""}",success,,1,0.8576,992,10,2026-07-23T20:01:27.413254+00:00
4585,news,uk,entertainment,us,llama3.2:3b,1.0,"{""category"": ""entertainment"", ""section"": ""us""}",success,,1,0.8366,703,14,2026-07-23T20:52:35.895643+00:00
4586,sport,football,sport,us,llama3.2:3b,1.0,"{""category"": ""sport"", ""section"": ""us""}",success,,1,1.0238,764,13,2026-07-23T20:11:01.367050+00:00
4587,sport,motorsport,sport,football,llama3.2:3b,1.0,"{""category"": ""sport"", ""section"": ""football""}",success,,1,1.0234,949,14,2026-07-23T20:50:38.705203+00:00
4588,sport,motorsport,sport,football,llama3.2:3b,1.0,"{""category"":""sport"",""section"":""football""}",success,,1,0.9258,952,11,2026-07-23T20:01:01.798348+00:00
4589,sport,sport,sport,us,llama3.2:3b,1.0,"{""category"": ""sport"", ""section"": ""us""}",success,,1,0.8623,735,13,2026-07-23T20:33:57.076986+00:00
4590,news,europe,news,world,llama3.2:3b,1.0,"{""category"": ""news"", ""section"": ""world""}",success,,1,0.9358,860,13,2026-07-23T20:10:11.366833+00:00
4591,news,uk,news,world,llama3.2:3b,1.0,"{""category"": ""news"", ""section"": ""world""}",success,,1,1.2241,961,13,2026-07-23T20:17:21.205029+00:00
4592,sport,football,sport,us,llama3.2:3b,1.0,"{""category"": ""sport"", ""section"": ""us""}",success,,1,0.861,791,13,2026-07-23T20:30:57.582806+00:00
4593,sport,football,sport,football,llama3.2:3b,1.0,"{""category"": ""sport"", ""section"": ""football""}",success,,1,1.1092,966,13,2026-07-23T20:12:54.673143+00:00
4594,news,europe,news,world,llama3.2:3b,1.0,"{""category"": ""news"", ""section"": ""world""}",success,,1,0.897,857,13,2026-07-23T20:01:11.438789+00:00
4595,sport,motorsport,sport,football,llama3.2:3b,1.0,"{""category"": ""sport"", ""section"": ""football""}",success,,1,0.9959,971,14,2026-07-23T20:45:17.030482+00:00
4596,news,uk,politics,us,llama3.2:3b,1.0,"{""category"": ""politics"", ""section"": ""us""}",success,,1,0.9339,961,14,2026-07-23T20:31:05.906579+00:00
4597,news,europe,politics,world,llama3.2:3b,1.0,"{""category"": ""politics"", ""section"": ""world""}",success,,1,1.1035,884,14,2026-07-23T20:43:58.550959+00:00
4598,news,europe,politics,us,llama3.2:3b,1.0,"{""category"": ""politics"", ""section"": ""us""}",success,,1,0.9874,909,14,2026-07-23T20:02:34.342619+00:00
4599,news,europe,news,world,llama3.2:3b,1.0,"{""category"": ""news"", ""section"": ""world""}",success,,1,0.8753,575,13,2026-07-23T20:07:00.560585+00:00
4600,sport,football,news,world,llama3.2:3b,1.0,"{""category"": ""news"", ""section"": ""world""}",success,,1,1.0165,1024,13,2026-07-23T20:55:19.681812+00:00
4601,sport,sport,news,us,llama3.2:3b,1.0,"{""category"": ""news"", ""section"": ""us""}",success,,1,0.8628,873,13,2026-07-23T20:43:29.410713+00:00
4602,news,uk,politics,uk,llama3.2:3b,1.0,"{""category"": ""politics"", ""section"": ""uk""}",success,,1,0.8995,912,14,2026-07-23T20:51:41.066945+00:00
4604,news,europe,news,world,llama3.2:3b,1.0,"{""category"": ""news"", ""section"": ""world""}",success,,1,0.8569,848,13,2026-07-23T20:02:53.428880+00:00
4605,sport,sport,sport,us,llama3.2:3b,1.0,"{""category"":""sport"",""section"":""us""}",success,,1,0.8241,980,10,2026-07-23T20:01:50.862621+00:00
4606,sport,sport,news,us,llama3.2:3b,1.0,"{""category"": ""news"", ""section"": ""us""}",success,,1,0.9262,854,13,2026-07-23T19:55:25.284313+00:00
4608,news,europe,news,world,llama3.2:3b,1.0,"{""category"": ""news"", ""section"": ""world""}",success,,1,0.9126,920,13,2026-07-23T20:37:20.981034+00:00
4609,sport,motorsport,sport,football,llama3.2:3b,1.0,"{""category"": ""sport"", ""section"": ""football""}",success,,1,0.9157,946,14,2026-07-23T20:38:10.684249+00:00
4610,sport,motorsport,sport,us,llama3.2:3b,1.0,"{""category"": ""sport"", ""section"": ""us""}",success,,1,0.8523,648,13,2026-07-23T20:27:55.015091+00:00
4612,sport,sport,business,investing,llama3.2:3b,1.0,"{""category"": ""business"", ""section"": ""investing""}",success,,1,0.895,967,14,2026-07-23T20:53:56.241613+00:00
4614,sport,sport,sport,us,llama3.2:3b,1.0,"{""category"": ""sport"", ""section"": ""us""}",success,,1,0.9142,988,13,2026-07-23T20:14:01.433866+00:00
4615,sport,sport,sport,us,llama3.2:3b,1.0,"{""category"": ""sport"", ""section"": ""us""}",success,,1,0.9135,792,13,2026-07-23T20:05:56.534867+00:00
4616,news,uk,entertainment,us,llama3.2:3b,1.0,"{""category"": ""entertainment"", ""section"": ""us""}",success,,1,0.9559,907,14,2026-07-23T20:10:38.718030+00:00
4617,sport,sport,sport,us,llama3.2:3b,1.0,"{""category"": ""sport"", ""section"": ""us""}",success,,1,0.8436,802,13,2026-07-23T19:58:32.563479+00:00
4618,news,uk,news,us,llama3.2:3b,1.0,"{""category"": ""news"", ""section"": ""us""}",success,,1,0.8069,704,13,2026-07-23T20:52:57.553706+00:00
4619,sport,sport,sport,us,llama3.2:3b,1.0,"{""category"": ""sport"", ""section"": ""us""}",success,,1,0.9978,962,13,2026-07-23T20:16:54.549609+00:00
4620,news,europe,politics,us,llama3.2:3b,1.0,"{""category"": ""politics"", ""section"": ""us""}",success,,1,0.9005,918,14,2026-07-23T20:30:25.854340+00:00
4621,sport,motorsport,sport,football,llama3.2:3b,1.0,"{""category"": ""sport"", ""section"": ""football""}",success,,1,0.9642,1011,14,2026-07-23T20:48:41.424244+00:00
4622,sport,sport,sport,us,llama3.2:3b,1.0,"{""category"": ""sport"", ""section"": ""us""}",success,,1,0.8975,616,13,2026-07-23T20:39:53.966410+00:00
4623,sport,football,news,world,llama3.2:3b,1.0,"{""category"": ""news"", ""section"": ""world""}",success,,1,0.9762,931,13,2026-07-23T20:13:11.700249+00:00
4624,news,uk,politics,uk,llama3.2:3b,1.0,"{""category"": ""politics"", ""section"": ""uk""}",success,,1,1.1497,916,14,2026-07-23T20:54:06.424549+00:00
4625,news,europe,news,world,llama3.2:3b,1.0,"{""category"": ""news"", ""section"": ""world""}",success,,1,0.8884,711,13,2026-07-23T19:55:04.099864+00:00
4626,sport,sport,sport,us,llama3.2:3b,1.0,"{""category"":""sport"",""section"":""us""}",success,,1,0.8711,993,10,2026-07-23T20:46:24.362486+00:00
4628,sport,football,sport,football,llama3.2:3b,1.0,"{""category"":""sport"",""section"":""football""}",success,,1,0.9944,955,10,2026-07-23T20:55:10.822984+00:00
4629,news,australia,politics,us,llama3.2:3b,1.0,"{""category"": ""politics"", ""section"": ""us""}",success,,1,0.927,879,14,2026-07-23T20:47:44.474830+00:00
4631,news,uk,politics,uk,llama3.2:3b,1.0,"{""category"": ""politics"", ""section"": ""uk""}",success,,1,0.9536,934,14,2026-07-23T19:55:01.233894+00:00
4635,sport,motorsport,news,world,llama3.2:3b,1.0,"{""category"": ""news"", ""section"": ""world""}",success,,1,0.9235,953,13,2026-07-23T20:09:32.806580+00:00
4637,news,uk,politics,uk,llama3.2:3b,1.0,"{""category"": ""politics"", ""section"": ""uk""}",success,,1,0.9056,900,14,2026-07-23T20:31:48.705606+00:00
4638,sport,football,sport,us,llama3.2:3b,1.0,"{""category"": ""sport"", ""section"": ""us""}",success,,1,0.8594,735,13,2026-07-23T19:53:22.114238+00:00
4639,sport,sport,sport,football,llama3.2:3b,1.0,"{""category"": ""sport"", ""section"": ""football""}",success,,1,0.9977,918,13,2026-07-23T20:28:03.727127+00:00
4640,news,europe,politics,europe,llama3.2:3b,1.0,"{""category"": ""politics"", ""section"": ""europe""}",success,,1,1.0513,1027,15,2026-07-23T20:44:53.650795+00:00
4641,sport,golf,sport,us,llama3.2:3b,1.0,"{""category"": ""sport"", ""section"": ""us""}",success,,1,0.8242,773,13,2026-07-23T20:46:49.965173+00:00
4642,sport,tennis,sport,us,llama3.2:3b,1.0,"{""category"": ""sport"", ""section"": ""us""}",success,,1,0.9553,734,13,2026-07-23T20:18:33.793861+00:00
4644,news,europe,health,world,llama3.2:3b,1.0,"{""category"": ""health"", ""section"": ""world""}",success,,1,0.9576,905,13,2026-07-23T20:22:35.116124+00:00
4645,sport,football,sport,football,llama3.2:3b,1.0,"{""category"":""sport"",""section"":""football""}",success,,1,0.9482,962,10,2026-07-23T20:09:55.592689+00:00
4646,sport,sport,politics,asia,llama3.2:3b,1.0,"{""category"": ""politics"", ""section"": ""asia""}",success,,1,0.9264,921,14,2026-07-23T20:35:08.831448+00:00
4647,sport,football,sport,us,llama3.2:3b,1.0,"{""category"": ""sport"", ""section"": ""us""}",success,,1,0.9342,855,13,2026-07-23T20:46:45.446880+00:00
4648,news,europe,news,world,llama3.2:3b,1.0,"{""category"": ""news"", ""section"": ""world""}",success,,1,0.8542,955,13,2026-07-23T19:57:03.029101+00:00
4649,sport,sport,sport,us,llama3.2:3b,1.0,"{""category"": ""sport"", ""section"": ""us""}",success,,1,0.925,997,13,2026-07-23T20:17:33.596322+00:00
4650,news,europe,entertainment,movies,llama3.2:3b,1.0,"{""category"": ""entertainment"", ""section"": ""movies""}",success,,1,0.8944,1030,14,2026-07-23T20:37:44.231393+00:00
4651,sport,sport,sport,australia,llama3.2:3b,1.0,"{""category"": ""sport"", ""section"": ""australia""}",success,,1,0.9687,1008,15,2026-07-23T20:16:01.279757+00:00
4652,sport,football,sport,football,llama3.2:3b,1.0,"{""category"": ""sport"", ""section"": ""football""}",success,,1,1.0014,1012,13,2026-07-23T20:23:16.918473+00:00
4653,sport,sport,sport,us,llama3.2:3b,1.0,"{""category"":""sport"",""section"":""us""}",success,,1,0.8766,1001,10,2026-07-23T20:43:40.430420+00:00
4655,news,uk,news,world,llama3.2:3b,1.0,"{""category"": ""news"", ""section"": ""world""}",success,,1,0.8796,1004,13,2026-07-23T20:24:19.654920+00:00
4656,sport,sport,sport,us,llama3.2:3b,1.0,"{""category"": ""sport"", ""section"": ""us""}",success,,1,0.9904,1044,13,2026-07-23T20:31:43.353519+00:00
4657,sport,football,sport,us,llama3.2:3b,1.0,"{""category"": ""sport"", ""section"": ""us""}",success,,1,0.8277,606,13,2026-07-23T19:59:47.385839+00:00
4658,sport,sport,sport,us,llama3.2:3b,1.0,"{""category"": ""sport"", ""section"": ""us""}",success,,1,0.8956,1003,13,2026-07-23T19:54:39.371792+00:00
4659,news,uk,politics,world,llama3.2:3b,1.0,"{""category"": ""politics"", ""section"": ""world""}",success,,1,0.8996,916,14,2026-07-23T20:02:28.573257+00:00
4661,sport,sport,news,us,llama3.2:3b,1.0,"{""category"": ""news"", ""section"": ""us""}",success,,1,0.982,975,13,2026-07-23T20:26:11.268407+00:00
4662,news,europe,politics,world,llama3.2:3b,1.0,"{""category"": ""politics"", ""section"": ""world""}",success,,1,0.9036,964,14,2026-07-23T20:35:59.796545+00:00
4666,sport,sport,news,us,llama3.2:3b,1.0,"{""category"": ""news"", ""section"": ""us""}",success,,1,0.8329,854,13,2026-07-23T20:14:04.357279+00:00
4667,sport,football,sport,football,llama3.2:3b,1.0,"{""category"": ""sport"", ""section"": ""football""}",success,,1,0.9815,963,13,2026-07-23T20:08:13.342729+00:00
4669,sport,sport,news,us,llama3.2:3b,1.0,"{""category"": ""news"", ""section"": ""us""}",success,,1,0.925,970,13,2026-07-23T20:42:10.807765+00:00
4670,sport,tennis,news,world,llama3.2:3b,1.0,"{""category"": ""news"", ""section"": ""world""}",success,,1,0.9974,972,13,2026-07-23T20:45:04.598622+00:00
4671,news,europe,news,world,llama3.2:3b,1.0,"{""category"": ""news"", ""section"": ""world""}",success,,1,0.9404,930,13,2026-07-23T20:25:47.714263+00:00
4672,sport,sport,sport,us,llama3.2:3b,1.0,"{""category"": ""sport"", ""section"": ""us""}",success,,1,0.9582,993,13,2026-07-23T20:39:52.322230+00:00
4673,sport,sport,entertainment,movies,llama3.2:3b,1.0,"{""category"": ""entertainment"", ""section"": ""movies""}",success,,1,0.9564,998,14,2026-07-23T20:23:15.441427+00:00
4674,sport,sport,sport,us,llama3.2:3b,1.0,"{""category"": ""sport"", ""section"": ""us""}",success,,1,0.9262,978,13,2026-07-23T20:38:28.823905+00:00
4677,news,europe,news,world,llama3.2:3b,1.0,"{""category"": ""news"", ""section"": ""world""}",success,,1,0.8425,623,13,2026-07-23T20:34:20.355256+00:00
4680,sport,football,sport,us,llama3.2:3b,1.0,"{""category"": ""sport"", ""section"": ""us""}",success,,1,0.7918,744,13,2026-07-23T20:30:32.064214+00:00
4682,news,uk,entertainment,us,llama3.2:3b,1.0,"{""category"": ""entertainment"", ""section"": ""us""}",success,,1,0.8937,974,14,2026-07-23T20:49:05.053663+00:00
4683,sport,sport,news,world,llama3.2:3b,1.0,"{""category"": ""news"", ""section"": ""world""}",success,,1,0.9202,1046,13,2026-07-23T20:38:29.917166+00:00
4684,sport,sport,sport,us,llama3.2:3b,1.0,"{""category"": ""sport"", ""section"": ""us""}",success,,1,0.894,977,13,2026-07-23T20:33:56.059028+00:00
4686,sport,football,entertainment,movies,llama3.2:3b,1.0,"{""category"": ""entertainment"", ""section"": ""movies""}",success,,1,0.9984,976,14,2026-07-23T20:07:35.520572+00:00
4687,sport,motorsport,sport,us,llama3.2:3b,1.0,"{""category"": ""sport"", ""section"": ""us""}",success,,1,0.9111,944,13,2026-07-23T20:41:46.076102+00:00
4689,sport,sport,sport,us,llama3.2:3b,1.0,"{""category"": ""sport"", ""section"": ""us""}",success,,1,0.8265,796,13,2026-07-23T20:35:12.991650+00:00
4690,sport,sport,sport,us,llama3.2:3b,1.0,"{""category"": ""sport"", ""section"": ""us""}",success,,1,0.9381,821,13,2026-07-23T20:55:28.669490+00:00
4692,news,europe,news,world,llama3.2:3b,1.0,"{""category"": ""news"", ""section"": ""world""}",success,,1,0.8862,943,13,2026-07-23T20:11:32.672333+00:00
4693,news,europe,news,world,llama3.2:3b,1.0,"{""category"": ""news"", ""section"": ""world""}",success,,1,1.1895,887,13,2026-07-23T20:24:31.443467+00:00
4695,news,europe,news,world,llama3.2:3b,1.0,"{""category"": ""news"", ""section"": ""world""}",success,,1,0.8114,592,13,2026-07-23T20:23:20.945295+00:00
4696,sport,tennis,news,asia,llama3.2:3b,1.0,"{""category"": ""news"", ""section"": ""asia""}",success,,1,0.9485,959,13,2026-07-23T19:53:54.562008+00:00
4697,sport,sport,politics,asia,llama3.2:3b,1.0,"{""category"": ""politics"", ""section"": ""asia""}",success,,1,1.258,943,14,2026-07-23T20:53:52.710245+00:00
4698,news,uk,politics,uk,llama3.2:3b,1.0,"{""category"": ""politics"", ""section"": ""uk""}",success,,1,0.8596,940,14,2026-07-23T20:27:47.567859+00:00
4699,news,europe,news,world,llama3.2:3b,1.0,"{""category"": ""news"", ""section"": ""world""}",success,,1,0.8686,869,13,2026-07-23T20:52:14.552761+00:00
4700,sport,sport,news,us,llama3.2:3b,1.0,"{""category"": ""news"", ""section"": ""us""}",success,,1,0.8864,627,13,2026-07-23T20:28:13.855377+00:00
4701,sport,football,sport,football,llama3.2:3b,1.0,"{""category"": ""sport"", ""section"": ""football""}",success,,1,0.8437,1013,13,2026-07-23T20:11:44.481759+00:00
4702,sport,sport,news,us,llama3.2:3b,1.0,"{""category"": ""news"", ""section"": ""us""}",success,,1,1.0259,845,13,2026-07-23T20:09:17.351004+00:00
4703,news,europe,politics,europe,llama3.2:3b,1.0,"{""category"": ""politics"", ""section"": ""europe""}",success,,1,0.9104,899,16,2026-07-23T20:54:24.929620+00:00
4704,sport,sport,news,world,llama3.2:3b,1.0,"{""category"": ""news"", ""section"": ""world""}",success,,1,1.3792,757,13,2026-07-23T20:25:07.588190+00:00
4706,sport,motorsport,sport,football,llama3.2:3b,1.0,"{""category"": ""sport"", ""section"": ""football""}",success,,1,1.6867,973,14,2026-07-23T20:24:23.648719+00:00
4707,news,uk,news,world,llama3.2:3b,1.0,"{""category"": ""news"", ""section"": ""world""}",success,,1,0.9229,927,13,2026-07-23T20:11:30.620299+00:00
4708,sport,football,sport,football,llama3.2:3b,1.0,"{""category"":""sport"",""section"":""football""}",success,,1,0.8647,948,10,2026-07-23T20:47:00.118737+00:00
4710,sport,sport,sport,us,llama3.2:3b,1.0,"{""category"": ""sport"", ""section"": ""us""}",success,,1,0.8266,670,13,2026-07-23T20:51:33.324339+00:00
4711,news,europe,politics,europe,llama3.2:3b,1.0,"{""category"": ""politics"", ""section"": ""europe""}",success,,1,0.8899,854,15,2026-07-23T20:13:22.417794+00:00
4713,sport,sport,sport,us,llama3.2:3b,1.0,"{""category"": ""sport"", ""section"": ""us""}",success,,1,0.9305,849,13,2026-07-23T20:03:35.306245+00:00
4715,sport,golf,sport,us,llama3.2:3b,1.0,"{""category"": ""sport"", ""section"": ""us""}",success,,1,0.9503,663,13,2026-07-23T20:16:38.218670+00:00
4717,news,europe,politics,world,llama3.2:3b,1.0,"{""category"": ""politics"", ""section"": ""world""}",success,,1,0.8679,807,14,2026-07-23T20:48:49.123564+00:00
4719,sport,sport,sport,us,llama3.2:3b,1.0,"{""category"": ""sport"", ""section"": ""us""}",success,,1,1.5155,703,13,2026-07-23T20:08:17.472668+00:00
4720,news,australia,news,australia,llama3.2:3b,1.0,"{""category"": ""news"", ""section"": ""australia""}",success,,1,1.3252,586,15,2026-07-23T20:22:36.903768+00:00
4722,sport,sport,entertainment,movies,llama3.2:3b,1.0,"{""category"": ""entertainment"", ""section"": ""movies""}",success,,1,0.9438,991,14,2026-07-23T20:31:17.770852+00:00
4723,sport,football,sport,us,llama3.2:3b,1.0,"{""category"": ""sport"", ""section"": ""us""}",success,,1,0.8041,723,13,2026-07-23T20:32:29.840256+00:00
4724,sport,football,sport,world,llama3.2:3b,1.0,"{""category"": ""sport"", ""section"": ""world""}",success,,1,0.9627,743,13,2026-07-23T20:28:34.423104+00:00
4725,sport,tennis,news,australia,llama3.2:3b,1.0,"{""category"": ""news"", ""section"": ""australia""}",success,,1,1.0082,648,15,2026-07-23T20:31:12.419030+00:00
4726,sport,golf,sport,us,llama3.2:3b,1.0,"{""category"": ""sport"", ""section"": ""us""}",success,,1,0.8044,557,13,2026-07-23T20:53:14.905163+00:00
4727,sport,tennis,news,world,llama3.2:3b,1.0,"{""category"": ""news"", ""section"": ""world""}",success,,1,0.893,961,13,2026-07-23T20:35:03.300821+00:00
4728,news,europe,business,tech,llama3.2:3b,1.0,"{""category"": ""business"", ""section"": ""tech""}",success,,1,0.9081,962,13,2026-07-23T20:49:46.492228+00:00
4729,sport,golf,sport,us,llama3.2:3b,1.0,"{""category"": ""sport"", ""section"": ""us""}",success,,1,1.0267,1010,13,2026-07-23T20:22:57.123176+00:00
