Index,Headline,Category,Section,LDA_topic,LDA_topic_probability
0,"There's a shortage of truckers, but TuSimple thinks it has a solution: no driver needed - CNN",news,world,5,0.7133716408137573
2,Bioservo's robotic 'Ironhand' could protect factory workers from injuries - CNN,news,world,10,0.589106185463892
3,This swarm of robots gets smarter the more it works - CNN,news,asia,11,0.9294855960181304
4,Russia is no longer an option for investors. These emerging markets are - CNN,business,investing,5,0.44113478950909135
7,Russian energy investment ban part of new EU sanctions wave  - CNN,business,business,1,0.5041220927414087
8,Anti-war protester interrupts live Russian state news broadcast to denounce invasion of Ukraine - CNN,business,media,5,0.6110227755031816
9,Benjamin Hall: Fox News correspondent hospitalized after being injured in Ukraine - CNN,business,media,5,0.3627639972426395
10,Russia could default on its debt within days - CNN,business,investing,5,0.9345221233158899
12,Oil briefly tumbles below $100 a barrel. That's good news for gas prices - CNN,business,energy,5,0.5238485809664478
13,Russia may have found a buyer for its cheap oil: India - CNN,business,energy,5,0.7052474371510081
14,Japan orders crypto exchanges to comply with sanctions against Russia and Belarus - CNN,business,investing,5,0.6265350604524678
15,Why potassium iodide pills are suddenly in high demand  - CNN,business,business,5,0.5764882926888031
16,Russian internet users are learning to beat Putin's internet crackdown - CNN,business,tech,5,0.9758765471568571
17,Meta says it doesn't allow calls for assassinating heads of state - CNN,business,tech,1,0.49588567569764525
18,Citi expands its exit from Russia - CNN,business,investing,1,0.4178532629628648
19,Companies pulling back from Russia over the war in Ukraine - CNN,business,business,5,0.4605424434379847
20,Why internet backbone services Cogent and Lumen are cutting off Russia  - CNN,business,tech,2,0.4858195561424462
21,Britain's cost of living crisis is pushing millions to the brink  - CNN,business,business,10,0.5191188858814113
23,Starbucks is planning to phase out its iconic cups - CNN,business,business-food,1,0.8166647430008506
24,"Economic growth in 2022: China had a surprisingly good start, but it may not last - CNN",business,economy,10,0.28552703908741905
25,Hong Kong Covid divide: Expats get more perks while domestic workers lose their homes - CNN,business,business,10,0.5228657839948628
26,Shenzhen lockdown: Foxconn halts operations as Covid hits tech hub - CNN,business,tech,6,0.6351611902073783
27,US economy flashes a recession warning sign - CNN,business,economy,1,0.5428363188108721
28,Biden's plan to reshape the Fed just hit a hurdle - CNN,business,economy,7,0.6966067523978066
29,Shell's directors face legal action from climate group shareholder - CNN,business,business,1,0.7071769384044373
30,Gravity could solve renewable energy's biggest problem - CNN,business,energy,1,0.7496529720549225
31,Ford will start shipping Explorers without all the parts -- and add them later - CNN,business,business,3,0.34464335923355754
32,Tesla's cruise control woes put damper on 'full self-driving' hopes  - CNN,business,cars,6,0.6900826251828659
33,NASA says American aboard International Space Station will come back on Russian rocket 'for sure' - CNN,business,tech,5,0.4318256255280122
34,Pete Davidson and five paying customers to fly on Jeff Bezos' suborbital rocket - CNN,business,tech,5,0.9427072238681702
35,India's young investors prefer crypto to gold and 'boring' stocks - CNN,business,investing,5,0.6688059296911651
37,India budget 2022: Digital rupee and crypto tax announced - CNN,business,investing,6,0.9460773831697984
38,Adar Poonawalla: He vaccinates half the world's babies. Ending the pandemic proved much harder - CNN,business,business,10,0.8651575241329031
39,"India's got SaaS, the next big thing in tech, and it could be worth $1 trillion - CNN",business,tech,0,0.3449741723404808
40,India IPOs: 2021 was a dramatic year for tech. The hype won't go away in 2022 - CNN,business,investing,6,0.9618036806822083
41,Key supply of diamonds caught up in Russia sanctions - CNN,business,business,5,0.5510829222214653
43,"Ukraine halts half of world's neon output for chips, clouding outlook - CNN",business,tech,8,0.4075379860520532
44,Soaring nickel prices could be the next major headache for automakers - CNN,business,business,5,0.5937136555367692
45,"Wheat futures are soaring, and food prices could be next - CNN",business,business,5,0.6186869945002154
46,War has brought the world to the brink of a food crisis - CNN,business,business,1,0.49228315026286584
47,These apps are trying to put car dealers out of business - CNN,business,business,10,0.5646450787336953
49,"Electric robots are mapping the seafloor, Earth's last frontier - CNN",business,tech,1,0.563272145755288
51,What rising Covid-19 infections in the UK and Europe could mean for the US - CNN,health,health,10,0.34602482283583563
53,Here's what could lie ahead for the US in the third year of the pandemic  - CNN,health,health,10,0.5849210823765926
54,"A 4th dose of Covid-19 vaccine will be needed, Pfizer's CEO says, but the company is working on a shot to handle all variants - CNN",health,health,10,0.9683899673581762
55,Dr. Sanjay Gupta: Is America ready to take the next step in its Covid-19 recovery? - CNN,health,health,10,0.9704291741368772
56,Only 2% of Americans now live in counties with high Covid-19 levels - CNN,health,health,2,0.4432778558398502
57,'The Gilded Age' reminds us that the Black elite existed and thrived - CNN,entertainment,entertainment,7,0.5718185673645835
59,Bob Saget's family granted permanent injunction to block the release of records - CNN,entertainment,entertainment,2,0.6251874729308883
61,Jane Campion apologizes for 'thoughtless' comment about Venus and Serena Williams - CNN,entertainment,entertainment,11,0.9601440195930581
63,Rolling Stones announce new 'Sixty' tour  - CNN,entertainment,entertainment,2,0.5466933540258933
65,'The Kardashians' trailer has arrived and whoa baby - CNN,entertainment,entertainment,7,0.8166661619913247
67,Bob Odenkirk would like to be more like Bob Saget  - CNN,entertainment,entertainment,2,0.946077392840731
69,Dolly Parton bows out of the Rock & Roll Hall of Fame nominations - CNN,entertainment,entertainment,11,0.5149021723810076
71,How this musician made beauty in isolation - CNN,entertainment,entertainment,2,0.49747388946952753
73,"William Hurt, actor known for 'Body Heat' and 'Kiss of the Spider Woman,' dies  - CNN",news,us,7,0.3820742266428867
74,Adele has another concert special coming - CNN,entertainment,entertainment,0,0.8981447844162874
75,Critics Choice Awards 2022: See the full list of winners - CNN,entertainment,entertainment,11,0.7854403815982397
76,BAFTAS 2022: See the full list of winners - CNN,entertainment,entertainment,11,0.6482257666578406
77,Hailey Bieber says she is home after being hospitalized for a blood clot in her brain  - CNN,entertainment,entertainment,10,0.3889718785659252
78,Traci Braxton of 'Family Values' dies of esophageal cancer at 50 - CNN,entertainment,entertainment,11,0.9460764069735037
79,'Turning Red' tackles puberty and periods in a way that's rare - CNN,entertainment,entertainment,6,0.9460764899840555
80,'The Adam Project' review: Ryan Reynolds comes back from the future in a 'Free Guy' reunion for Netflix  - CNN,entertainment,entertainment,6,0.6252074991015488
81,"Jussie Smollett's return to acting 'up in the air,' says representative - CNN",entertainment,entertainment,8,0.4063124470164676
82,Analysis: 'The Last Days of Ptolemy Grey' won't let you forget - CNN,entertainment,entertainment,8,0.36347240886609217
83,Alicia Keys on the inspiration for her graphic novel and her approach to motherhood - CNN,entertainment,entertainment,6,0.9166648476339996
84,"As 'Obi-Wan Kenobi' heads to Disney+, just remember: It's Han Solo's fault - CNN",entertainment,entertainment,0,0.9563479691951768
85,Alec Baldwin says in legal filing that Halyna Hutchins told him to cock the gun before it fired - CNN,entertainment,entertainment,7,0.502187975027095
86, Grimes and Elon Musk secretly welcomed their second child in December - CNN,entertainment,entertainment,7,0.6216178903776425
87,Kim Kardashian said 'It seems nobody wants to work' about women and people are angry - - CNN,entertainment,entertainment,7,0.9388877227342731
88,"As Robert Pattinson takes over, why 'The Batman's' long history casts a long shadow among fans - CNN",entertainment,entertainment,8,0.9618045453261587
90,'Turning Red' review: Pixar's coming-of-age movie shows it hasn't lost its golden touch - CNN,entertainment,entertainment,6,0.5807671552404148
92,'Winning Time: The Rise of the Lakers Dynasty' review: HBO's nostalgic miniseries doesn't conjure much magic - CNN,entertainment,entertainment,11,0.34951176863026673
94,'Lucy and Desi' review: Amy Poehler's Amazon documentary puts a heart around Lucille Ball and Desi Arnaz - CNN,entertainment,entertainment,11,0.8531204608555945
96,Where to stream the best picture Oscar-nominated movies  - CNN,entertainment,entertainment,0,0.5598294824164188
98,"Analysis: Academy Award nominations: No Spider-Man, no Bond. Can streaming save the day? - CNN",entertainment,entertainment,2,0.9633320153551833
100,Cameron Smith claims PGA Tour's biggest payout after winning the Players Championship - CNN,sport,golf,4,0.6683562737267932
101,Karl-Anthony Towns records season-high NBA score on historic night of scoring - CNN,sport,sport,11,0.9054668877605606
102,"Kyrie Irving: NBA fines Brooklyn Nets $50,000 for allowing player to enter team locker room - CNN",sport,sport,9,0.7023368816299327
103,Lewis Hamilton to change name to honor mother  - CNN,sport,motorsport,5,0.6217978970235555
104,"Brittney Griner: 'It's the most audacious hostage taking by a state imaginable,' says former captive - CNN",sport,sport,9,0.559802421974542
105,Messi and Neymar booed by PSG fans after another Champions League meltdown: What next for the French club? - CNN,sport,football,4,0.6815732846575735
106,Pete Alonso: Mets star says he is thankful to be alive following rollover accident - CNN,sport,sport,11,0.3918246022634321
107,Shane Lowry hits hole-in-one on 'one of the most iconic holes in golf' at the Players Championship - CNN,sport,golf,4,0.47204614350271284
108,Roman Abramovich: Death and destruction in Ukraine overshadows Russian oligarch's legacy at Chelsea - CNN,sport,football,5,0.491828642115493
109,The world of sport has shunned Russian President Vladimir Putin. So what? - CNN,sport,sport,5,0.7339177452966329
110,Oleksandr Usyk: Heavyweight champion speaks exclusively to CNN after joining Ukrainian defense battalion - CNN,sport,sport,5,0.46931998513102663
112,Cristiano Ronaldo breaks all-time FIFA record after scoring his 806th career goal - CNN,sport,sport,11,0.4479762546099435
113,Obituary: Shane Warne was cricket's great showman and entertainer - CNN,sport,sport,2,0.578837031900655
114,Serena Williams: 'I should have been at like 30 or 32' grand slam singles titles - CNN,sport,tennis,4,0.5453770792108387
115,Harold Varner III says monster 92-foot eagle putt to win tournament is 'No. 1' moment in golf career  - CNN,sport,golf,4,0.9166638176031613
116,Coco Gauff: Teen tennis sensation is on a mission to inspire - CNN,sport,tennis,2,0.887531351245968
117,Nelly Korda: World No. 2 receiving treatment for a blood clot  - CNN,sport,golf,11,0.951753495745146
118,Players Championship: Powerful storm wreaks havoc as golf tournament suffers further delays - CNN,sport,golf,4,0.4303540480940578
119,"Tommy Fleetwood, Tom Hoge share early lead at weather-disrupted Players Championship - CNN",sport,golf,4,0.7947302292039908
120,Andriy Yarmolenko: Ukraine star moved to tears after scoring for West Ham in the Premier League - CNN,sport,football,0,0.3612421202081712
121,Chelsea FC: Dramatic late Havertz winner steals win for Blues amid Abramovich turmoil - CNN,sport,football,4,0.47623659793017775
122,Amilcar Djau Codjovi: Rising soccer star's harrowing escape from Ukraine - CNN,sport,football,0,0.7051933627314341
123,"Nick Kyrgios: 'I've come of age,' says smitten Aussie tennis star as he turns up heat at Indian Wells - CNN",sport,tennis,1,0.316716387473527
124,Andy Murray to donate 2022 season prize money to Ukrainian children - CNN,sport,tennis,10,0.8436097181956491
125,Novak Djokovic won't play at Indian Wells or Miami Open due to vaccination status - CNN,sport,tennis,9,0.5323584642637236
126,"Tom Brady's 'final' career touchdown ball sells for over $518,000 at auction  - CNN",sport,sport,8,0.3901045067885305
127,Tom Brady returning from retirement to Tampa Bay Buccaneers next season - CNN,sport,sport,8,0.8197197912328053
128,Patrick Mahomes marries high school sweetheart  - CNN,sport,sport,11,0.6617941240313083
129,Lewis Hamilton plays down hopes of starting F1 season with a win - CNN,sport,motorsport,5,0.6807255153354403
130,Fired Russian F1 driver Nikita Mazepin announces fund to help other excluded athletes - CNN,sport,motorsport,5,0.5773626501850674
131,Max Verstappen: F1 world champion signs new deal with Red Bull Racing until 2028 - CNN,sport,motorsport,5,0.9713537297409611
132,"The Winter Olympics don't really represent the world: Costs, climate and quotas keep the majority off the podium - CNN",sport,sport,9,0.45310339598938876
133,Eileen Gu and Kamila Valieva became the teenage faces of Beijing 2022 under wildly contrasting circumstances - CNN,sport,sport,8,0.6519598091406741
134,Cookbook: Secrets behind what fuels Olympic athletes are helping raise awareness of domestic abuse in the US - CNN,sport,sport,1,0.25529779087634596
135,Medina Spirit's 2021 Kentucky Derby win has been nullified and horse trainer Bob Baffert is suspended - CNN,sport,sport,2,0.9541650014308335
136,Chris Caserta: Jockey presumed dead after being caught in rip current  - CNN,sport,sport,10,0.5380459826498919
137,2021 Belmont Stakes results: Essential Quality wins race - CNN,sport,sport,11,0.3987004182535266
138,Lor Sabourin: How feeling 'vulnerable' helped climber explore their identity  - CNN,sport,sport,11,0.6313424707147468
139,Nadhira Alharthy: Omani climber wants to 'die empty' in her quest to share knowledge - CNN,sport,sport,3,0.7293231387852229
140,Janja Garnbret: Olympic hopeful on her Tokyo dream and hopes for climbing in the future  - CNN,sport,sport,9,0.4948384244493764
141,Tom Stoltman harnesses 'superpower' of autism to become the World's Strongest Man - CNN,sport,sport,8,0.3827496223560166
142,"His body 'totally depleted' by distance running, Ryan Hall turned to weightlifting and found a new lease of life - CNN",sport,sport,8,0.5199789294563852
143,Robbie Balenger: Vegan endurance athlete on his spiritual connection with running   - CNN,sport,sport,3,0.8981443389311422
144,Bodybuilding: Rene Campbell wants to change perceptions of what women should look like - CNN,sport,sport,11,0.6053291159843561
145,Eating disorders: Olympic high jumper Priscilla Frederick-Loomis pressured to 'perform better' and lose a few pounds - CNN,sport,sport,11,0.5011082836209377
146,Women sport stars' fight for body acceptance - CNN,sport,sport,8,0.6133889256851496
148,University of Michigan students say they were sexually abused by Robert Anderson. An ex-NFL player wants their stories to be heard.  - CNN,sport,sport,8,0.4590980422584281
149,Navid Afkari: Executed Iranian wrestling star's voice is 'everywhere now' - CNN,sport,sport,2,0.5380612809161569
150,Tokyo 2020: International Olympic Committee is coming under pressure over the alleged torture and arrest of Iranian athletes - CNN,sport,sport,3,0.5995413270506937
151,"Bundesliga: Targeted by far right group, Türkgücü Munich, founded by Turkish immigrants, looks to connect cultures - CNN",sport,football,8,0.2495406711248812
156,Ethiopia pledges action after video shows uniformed men burning civilians alive - CNN,news,africa,7,0.3940904241145223
158,Amazon's going to Nollywood -- and its deals with studios could shake up one of the world's most prolific filmmaking hubs - CNN,news,africa,7,0.3939071470623656
159,Opinion: Media coverage of Ukraine shows it's time to rethink what we know about Africa - CNN,news,opinions,7,0.5793364681989498
161,Opibus: The mobility startup converting Kenya to electric vehicles - CNN,news,africa,10,0.44839181937226263
162,"Uganda's anti-vaxxers told to accept Covid shots or expect fines, jail time in proposed law - CNN",news,africa,10,0.9583322860690285
163,Burkina Faso: About 60 killed in blast at informal gold mine - CNN,news,africa,6,0.5074279446145782
164,This Nigerian tech startup is fighting baby jaundice with solar-powered cribs  - CNN,news,africa,2,0.3158238879736321
165,"Niger: Seven children killed in airstrike by Nigerian forces, official says - CNN",news,africa,3,0.60399420360253
166,"Higher food prices, slumping trade: How the war in Ukraine could hit Africa - CNN",business,business,5,0.7226419440841139
168,"'Help us, we're stranded': International students say they're trapped in northeast Ukraine - CNN",news,europe,5,0.5677223265890167
169,Indian and African students fleeing Ukraine say they face racism at border - CNN,news,europe,5,0.534632026991609
170,African nations on UN Security Council condemn racism at Ukrainian border - CNN,news,africa,11,0.5930392866656944
171,Kenya's UN ambassador slams Russia and compares Ukraine crisis to Africa's colonial past - CNN,news,europe,5,0.4932949689054067
172,"South Africa has passed its Omicron outbreak peak, says top scientific researcher - CNN",news,africa,11,0.5458573799399461
174,Why are coups making a comeback in Africa?  - CNN,news,africa,5,0.39002980950656574
176,"Solhan, Burkina Faso: How children were used in a 48-hour deadly rampage for gold - CNN",news,africa,10,0.4198242305881764
177,AFCON: Senegal beats Egypt to win Africa Cup of Nations trophy - CNN,sport,football,0,0.394260154890105
179,AFCON: NBA superstar Joel Embiid discusses his love of Cameroon - CNN,sport,sport,6,0.7488751619488397
180,A viral image of a Black fetus is highlighting the need for diversity in medical illustrations - CNN,health,health,7,0.590595759396147
182,Ghana: How these companies going green could pay off for the country and the planet - CNN,news,africa,3,0.750066656149508
184,ColdHubs: How solar-powered cold storage is keeping food fresh in Nigeria - CNN,news,africa,11,0.9236100514630856
186,Masai Ujiri: 'It's fine being the first; I have a problem with being the only one' - CNN,sport,sport,6,0.6288980855250066
188,Chess coaches in Africa are building the next generation of grandmasters - CNN,sport,sport,6,0.8722204067702302
189,Amapiano: How this South African sound has become one of the hottest new music genres - CNN,news,africa,11,0.506650736305815
191,Kenechukwu Cornelius Ogbuagu is creating a made-in-Nigeria board game industry - CNN,news,africa,2,0.846952472682128
192,The creator of the viral Black fetus image will have his illustrations published in a book - CNN,health,health,7,0.6192309916449563
197,Nigeria is oil rich and energy poor. It can't wait around for cheaper batteries  - CNN,business,business,1,0.5519038579020403
199,Analysis: Japan's tough talk on Russia is really about China - CNN,news,asia,5,0.3472686313660289
201,"Sri Lanka's leopards are under threat, but this woman is determined to save them - CNN",news,asia,2,0.5856216198162791
202,Wildlife flourishing in uninhabited areas around Fukushima  - CNN,news,asia,10,0.39930744064508134
203,Self-driving robotaxis are taking off in China - CNN,business,tech,0,0.9388868620420839
204,Australian court overturns teenagers' landmark climate ruling  - CNN,news,asia,2,0.3710497928047998
208,China's promotion of Russian disinformation indicates where its loyalties lie - CNN,news,china,5,0.323583793234967
209,China can't do much to help Russia's sanction-hit economy - CNN,business,economy,5,0.7850546402874807
210,Hong Kong's outbreak shows the limits of zero-Covid -- but the government isn't budging - CNN,news,china,6,0.8253116413421244
211,Beijing Covid bubble: We are in the same Olympic city but remain a world apart  - CNN,news,china,9,0.7331596681958791
212,Why Europe's fight against the pandemic is about to get much more dangerous - CNN,news,europe,10,0.5432222634861315
214,Fact check: A look at Biden's first year in false claims - CNNPolitics,politics,politics,7,0.9770826664118437
216,Fact check: 5 enduring lies about Capitol insurrection - CNNPolitics,politics,politics,4,0.47105277222724096
218,Anatomy of a lie: How the myth that Antifa stormed the Capitol became a widespread belief among Republicans - CNNPolitics,politics,politics,7,0.3937023464199691
220,Key dates for the 2022 midterm election - CNNPolitics,politics,politics,7,0.6035369683038616
221,Why independents have cooled on Biden -- and what that means for Democrats - CNNPolitics,politics,politics,7,0.7342684571369894
222,Democrats' problem with Hispanic voters isn't going away as GOP gains seem to be solidifying - CNNPolitics,politics,politics,6,0.9672610593869962
223,Analysis: Republicans prove they are their own worst enemy in 2022 - CNNPolitics,politics,politics,11,0.31987239684058705
224,Madison Cawthorn: Judge rejects January 6-based challenge to congressman's candidacy - CNNPolitics,politics,politics,10,0.36642033599591195
225,Analysis: A signal Democrats could be facing a massive wave - CNNPolitics,politics,politics,10,0.3834037096940137
226,Biden: A brutal poll number for the president - CNNPolitics,politics,politics,7,0.5665554008984479
227,Analysis: How Republicans can still screw up 2022 - CNNPolitics,politics,politics,7,0.8981467853370529
228,Don't expect the Fed to slow rate hikes just because of the midterms   - CNN,business,economy,10,0.5071897750380076
229,Wealthy candidates pour millions into 2022 campaigns  - CNNPolitics,politics,politics,7,0.4366599438411733
230,Why polls may be underestimating Republicans - CNNPolitics,politics,politics,7,0.40403696995378957
232,2022 midterm election calendar - CNNPolitics,politics,politics,7,0.7267282777291307
233,The 10 Senate seats most likely to flip in 2022 - CNNPolitics,politics,politics,7,0.4754925639408024
234,How Democrats are winning congressional redistricting fights - CNNPolitics,politics,politics,6,0.5198066137004757
235,Supreme Court denies GOP challenges to congressional maps in North Carolina and Pennsylvania - CNNPolitics,politics,politics,11,0.5678259964568239
236,The biggest 2022 upset no one is talking about  - CNNPolitics,politics,politics,11,0.6710766206627118
237,DeSantis vows to veto latest GOP-proposed congressional boundaries in Florida - CNNPolitics,politics,politics,6,0.8137334368931813
238,Analysis: This is the big loser in redistricting the country's congressional lines - CNNPolitics,politics,politics,6,0.7369532536918463
239,What the Supreme Court's decision on Alabama's maps could mean for the Voting Rights Act - CNNPolitics,politics,politics,6,0.9694439228290428
240,North Carolina Supreme Court strikes down redistricting maps - CNNPolitics,politics,politics,6,0.41848288465103295
241,"New York completes congressional redistricting, likely netting Democrats several seats - CNNPolitics",politics,politics,6,0.9730386911573337
242,California's new congressional maps produce a scrambled playing field  - CNNPolitics,politics,politics,6,0.9541652791188233
243,Florida House passes bill creating election police force  - CNNPolitics,politics,politics,6,0.8706439846784423
244,"Bloody Sunday anniversary: Harris walks across Edmund Pettus Bridge in Selma, Alabama - CNNPolitics",politics,politics,6,0.48734383634951867
245,GOP redistricting battles in Alabama and other states raise concerns about voter suppression - CNNPolitics,politics,politics,7,0.463361211552258
246,Key states making moves to change election laws and voting options - CNNPolitics,politics,politics,6,0.5459650076383906
247,Arizona is ground zero for election changes - CNNPolitics,politics,politics,6,0.43144891152667364
248,State lawmakers continue drive for restrictive voting bills  - CNNPolitics,politics,politics,6,0.6206013452403404
249,Clyburn: 2022 elections are 'going to be chaotic' in wake of new state voting laws - CNNPolitics,politics,politics,6,0.682324096077278
250,The Supreme Court may completely hollow out the Voting Rights Act by 2024 - CNNPolitics,politics,politics,6,0.9660485263744216
251,Why the 2022 midterm elections look like the opposite of 2018 - CNNPolitics,politics,politics,7,0.5039852794358906
252,Here's why Democrats' chances of winning in November are slipping - CNNPolitics,politics,politics,1,0.44336358730969355
253,Tennessee lawmaker becomes latest House Democrat not to seek re-election - CNNPolitics,politics,politics,6,0.3771948085192408
254,Two long-serving Democratic congressmen announce they won't seek reelection in 2022 - CNNPolitics,politics,politics,6,0.488381503233295
255,GOP Rep. Trey Hollingsworth announces he won't seek reelection to Indiana seat  - CNNPolitics,politics,politics,10,0.7663610190210376
256,Rep. Brenda Lawrence adds to growing number of House Democrats to announce retirement - CNNPolitics,politics,politics,10,0.696006189934353
257,Democratic retirements: Low morale and redistricting hand the party a growing problem - CNNPolitics,politics,politics,10,0.5027639197595147
258,The Democratic retirement floodgates just burst open - CNNPolitics,politics,politics,6,0.5555152538059603
259,"The drip, drip, drip of Democratic retirements  - CNNPolitics",politics,politics,6,0.6271993391972437
260,"Cuellar and Cisneros will advance to runoff in Texas' 28th Congressional District, CNN projects  - CNNPolitics",politics,politics,7,0.3348570132698176
261,Texas Republican lawmaker Van Taylor suspends campaign after admitting to affair - CNNPolitics,politics,politics,7,0.5329686062419801
262,6 takeaways from the Texas primaries - CNNPolitics,politics,politics,7,0.6439393516963333
263,"Ken Paxton and George P. Bush will advance to May runoff in Texas attorney general primary, CNN projects  - CNNPolitics",politics,politics,7,0.5164276087349106
264,Analysis: Texas attorney general runoff is a win for the Bushes over Trump - CNNPolitics,politics,politics,7,0.7460667148799253
265,South Texas emerges as 2022 battleground as Democrats look to win back Latino voters after Trump's inroads  - CNNPolitics,politics,politics,7,0.7494762533805163
317,Premarket stocks: China's new Covid lockdowns are another threat to the economy - CNN,business,investing,10,0.42375998559843897
318,Joining a company remotely? Here's how to bond with your colleagues - CNN,business,success,10,0.5568838762102379
320,Why resume gaps aren't a big deal anymore - CNN,business,success,2,0.5702866839986062
322,Working remotely in a different state than your employer? Here's what that means for your taxes - CNN,business,success,10,0.832572191622241
324,Common credit score myths and truths - CNN,business,success,4,0.5071174154316747
326,Mortgages rates are on the rise again amid inflation fears - CNN,business,homes,10,0.6386467874489382
327,"As home values soar, the wealth gap grows even bigger  - CNN",business,homes,10,0.47779780701823965
328,Congrats on Your First Job! Here's What You Need to Know About Your 401(k) - CNN,business,success,10,0.5247341422724724
329,How to manage your money amid global unrest - CNN,business,success,5,0.48515202549593583
330,Conflict in Ukraine pushes mortgage rates lower - CNN,business,homes,2,0.48321996672736156
331,Ready to start saving? Do it in this order - CNN,business,business-money,5,0.9517528433732452
332,Half a million families are stranded due to the shortage of child care workers - CNN,business,economy,10,0.47756800381702574
333,Buying a home is more affordable than renting in these cities - CNN,business,homes,2,0.6121792975800378
334,Mortgage rates jump to nearly 4% - CNN,business,homes,10,0.5128195578031319
335,"Prices may be rising, but Americans shopped more than expected in January - CNN",business,economy,5,0.8458131262471361
336,No end to America's rising prices: Another inflation measure rose in January - CNN,business,economy,5,0.9541660934197204
337,3 steps to dealing with market volatility - CNN,business,business-money,10,0.33308874303677116
338,Manhattan rents rise to an all-time high - CNN,business,homes,10,0.5760945247191502
340,Why this tax season is extra frustrating - CNN,business,success,10,0.9083306095214798
342,"Welcome to Diversifying, CNN's new personal finance podcast for a changing world - CNN",business,success,10,0.3065766120587056
344,Opinion: What Russia's invasion of Ukraine could mean for the US economic recovery - CNN,business,perspectives,5,0.5700348221869285
346,Opinion: Athleta CEO: Women are driving the economy. It's time for businesses to prioritize them - CNN,business,perspectives,10,0.686596863734631
348,Opinion: Prices just keep rising. It's time to revive the enhanced child tax credit - CNN,business,perspectives,5,0.9713531911185787
350,Opinion: Soaring gas prices are hurting Americans. It's time for more stimulus checks - CNN,business,perspectives,5,0.9330216140195925
351,Opinion: How we can solve the nation's affordable housing crisis - CNN,business,perspectives,1,0.6096020817489384
352,Opinion: The labor shortage could lead to a recession next year - CNN,business,perspectives,5,0.3240097667004979
353,Opinion: This bill could help to end energy poverty in the US - CNN,business,perspectives,1,0.42268065296854584
354,Opinion: The government has a talent problem. This bill could help change that - CNN,business,perspectives,6,0.4391969994297983
355,Opinion: The big reason the US and UK are facing such a massive labor shortage - CNN,business,perspectives,10,0.49370694355053
356,"Opinion: Home prices could soar another 20% this year, but Black families are struggling to benefit - CNN",business,perspectives,7,0.3505501558532203
358,Opinion: China's digital yuan shows why we still need cryptocurrencies like bitcoin - CNN,business,perspectives,1,0.6787082319977846
360,Opinion: The next front in fighting climate change: your home - CNN,business,perspectives,1,0.720406774877135
361,Opinion: The reason 'SNL' is so hilarious again? Less Trump - CNN,business,perspectives,7,0.5261838954489856
362,Opinion: The biggest news story of 2021? Our imperiled democracy - CNN,business,perspectives,1,0.6060176968342512
363,Opinion: Cheesy Christmas movies are just what we need this year - CNN,business,perspectives,10,0.5382316855305822
364,Opinion: Best Buy founder: What every US college should teach their students - CNN,business,perspectives,7,0.9460767106726817
366,Opinion: It's time to ban Congress members from trading stocks - CNN,business,perspectives,5,0.9541653688977482
367,Opinion: Omicron is crushing small businesses like ours. But there are solutions - CNN,business,perspectives,10,0.5213733881039848
368,Opinion: The US is starting to make a manufacturing comeback. Here's how to sustain it - CNN,business,perspectives,10,0.6410588965563588
369,Opinion: Why protecting the planet is essential to preventing future pandemics - CNN,business,perspectives,2,0.9345220430840374
370,Opinion: The economy is recovering fast. But we need to ensure it works for everyone - CNN,business,perspectives,10,0.5833452491302272
372,Opinion: Expect markets to be on a wild ride until the Fed really starts raising rates - CNN,business,perspectives,10,0.9427071394920222
373,Opinion: Why inflation is about to peak - CNN,business,perspectives,10,0.6846654587914512
374,Opinion: The government can't run on short-term spending bills - CNN,business,perspectives,1,0.2999464062216987
375,Opinion: The labor market is upside down. Here's what CEOs can do about it - CNN,business,perspectives,10,0.2738329353878458
376,Opinion: Our nursing workforce will keep crumbling if changes aren't made - CNN,news,opinions,10,0.4853637094549584
378,"Opinion: Parents' fury over school closures is righteous, but misdirected - CNN",news,opinions,7,0.4366715264512632
380,"Opinion: If you think that glass of wine is good for you, it's time to reconsider - CNN",news,opinions,2,0.42884816576473056
431,Pete Davidson in talks to head to space on Jeff Bezos' Blue Origin - CNN,entertainment,entertainment,5,0.6654543284829753
433,Courteney Cox still doesn't remember 'Friends' - CNN,entertainment,entertainment,2,0.5746549737600971
435,Javier Bardem and Penélope Cruz join history with their Oscar nominations - CNN,entertainment,entertainment,0,0.3675036641527647
439,'The Jennifer Hudson Show' to debut in fall 2022 - CNN,entertainment,entertainment,11,0.47404649759282175
441,Angelina Jolie travels to Yemen amid Ukrainian war  - CNN,entertainment,entertainment,5,0.6922675070524348
443,Janet Jackson's documentary: The revelations we can't wait for - CNN,entertainment,entertainment,8,0.8166609818383671
445,"Analysis: Sidney Poitier left behind a legacy of landmark roles, but some smaller gems as well - CNN",entertainment,movies,11,0.9563481857712787
447,'Cyrano' review: Peter Dinklage stars in a musical film that doesn't hit enough of the right notes - CNN,entertainment,entertainment,11,0.7322466442929583
449,'Sing 2' review: Bono joins in as the sequel serves up another round of animated karaoke for kids - CNN,entertainment,entertainment,2,0.44772100004937176
456,"'Scream' review: Courteney Cox, David Arquette, and Neve Campbell reunite with a new cast to refresh the formula - CNN",entertainment,entertainment,11,0.7703617587007284
457,'Marry Me' review: Jennifer Lopez and Owen Wilson star in a 'meet dumb' rom-com - CNN,entertainment,entertainment,9,0.7655906903064663
458,'The Power of the Dog' and its Globes win show that the awards power is in streaming - CNN,entertainment,entertainment,11,0.4808038000407435
459,"'Encanto' and 'Tick, Tick ... Boom' review: Lin-Manuel Miranda isn't throwing away his movie shots - CNN",entertainment,entertainment,3,0.9166639240580183
460,Analysis: 'Spider-Man' throws movie theaters a lifeline as they swing into the unknown - CNN,entertainment,entertainment,10,0.5306855961760119
461,'King Richard' review: Will Smith occupies center court as Venus and Serena's dad - CNN,entertainment,celebrities,11,0.554143714020741
462,'Being the Ricardos' review: Nicole Kidman and Javier Bardem shine in Aaron Sorkin's beyond-black-and-white look at 'I Love Lucy' - CNN,entertainment,entertainment,11,0.5259158449761545
465,'The Dropout' review: Amanda Seyfried stars in Hulu's eye-opening take on Elizabeth Holmes and Theranos - CNN,entertainment,entertainment,10,0.37102208293483635
467,'Bel-Air' review: 'The Fresh Prince' goes down a dark path in a Peacock drama that's better than it has any right to be - CNN,entertainment,entertainment,6,0.5233377791180704
471,'Super Pumped: The Battle for Uber' review: Joseph Gordon-Levitt and Kyle Chandler star in Showtime's latest tech titan takedown - CNN,entertainment,entertainment,6,0.9618047858944577
473,'The Andy Warhol Diaries' review: Netflix's Ryan Murphy-produced docuseries gives the artist another 395 minutes of fame - CNN,entertainment,entertainment,2,0.9672606102201227
474,'The Marvelous Mrs. Maisel' season 4 review - CNN,entertainment,entertainment,11,0.6316381983493791
475,'The Gilded Age' review: Julian Fellowes' sprawling new drama shines as an American version of 'Downton Abbey' - CNN,entertainment,entertainment,11,0.49652507247823086
476,'Joe vs Carole' review: Kate McKinnon stars in a Peacock miniseries that arrives after 'Tiger King' has used up most of its lives - CNN,entertainment,entertainment,11,0.3281938986046559
477,'Pam & Tommy' review: Lily James and Sebastian Stan become Pam Anderson and Tommy Lee in Hulu's limited series - CNN,entertainment,entertainment,11,0.961803712606537
478,'As We See It' review: Producer Jason Katims delivers Amazon's touching coming-of-age look at life on the spectrum - CNN,entertainment,entertainment,3,0.7931367414210949
479,'Women of the Movement' review legacy: An ABC miniseries revisits Emmett Till's murder and its civil-rights legacy - CNN,entertainment,entertainment,8,0.38515860480542163
480,'Only Murders' and 'Hacks': How TV is celebrating its senior moment - CNN,entertainment,entertainment,8,0.308582018222
481,A grieving surfer is taking hundreds of strangers' late loved ones for one last ride  - CNN,news,us,8,0.6267617589715309
483,'Definition Please' and 'Donkeyhead' explore what it's like to reach adulthood and still feel stuck - CNN,entertainment,entertainment,11,0.636326498560981
487,Slovenian company Viberate wants to be the IMDb of the music industry - CNN,news,europe,0,0.34218940160926803
489,Luka Košir is blazing a trail for sustainable gastronomy  - CNN,news,europe,3,0.6944399857426757
491,Nervous about socializing in the office again? Here's how to break the ice - CNN,business,success,9,0.600983448157367
545,Serena Williams: US female 'A' listers and Reddit co-founder ready to disrupt football industry with Angel City - CNN,sport,football,11,0.5563053480790533
546,Mason Greenwood: The Man Utd teenager on the road to becoming a great - CNN,sport,football,11,0.5575422035706036
548,Bruno Fernandes: How one man transformed Manchester United's fortunes - CNN,sport,football,0,0.7203452252989815
550,PSG: Neymar's moment of reckoning in Champions League - CNN,sport,football,4,0.3581463322219979
552,Jair Bolsonaro: How a yellow jersey is dividing Brazil - CNN,sport,football,1,0.6472564591150574
554,Lyon stun Manchester City to reach Champions League semifinals - CNN,sport,football,4,0.5468296843720252
556,Champions League: Tyler Adams helps fire RB Leipzig into semifinals  - CNN,sport,football,4,0.9563486661647718
558,Barcelona suffers record defeat against Bayern Munich in Champions League - CNN,sport,football,4,0.4956532875714506
560,Mbappe and Neymar prove their worth as PSG reaches first Champions Leage semifinal in 25 years - CNN,sport,football,4,0.5848138862415079
562,FC Dallas' Reggie Cannon criticizes booing of players kneeling during national anthem - CNN,sport,football,0,0.730906605612624
564,PSG produces stunning comeback to knock Atalanta out of the Champions League - CNN,sport,football,4,0.9672615644056903
566,Jadon Sancho: Borussia Dortmund digs heel to stop Manchester United signing star - CNN,sport,football,0,0.6282054155868075
568,Lionel Messi lifts Barcelona in Champions League last 8 - CNN,sport,football,4,0.6137194929448572
570,Players can be red carded for deliberate coughing under English football's new Covid-19 guidelines - CNN,sport,football,0,0.48753071762892447
572,Yao Ming: Chinese basketball legend says Peng Shuai in 'pretty good condition' during December meeting - CNN,sport,sport,0,0.5789867095791774
573,Novak Djokovic arrives back in Belgrade after deportation from Australia - CNN,sport,tennis,4,0.8221309295735514
574,The Naomi Osaka fiasco is a sign that we're nowhere near finished with work on mental health - CNN,sport,tennis,10,0.3539000441136971
582,"Lydia Ko: 'Sometimes results are so overrated,' says former world No. 1 - CNN",sport,golf,5,0.3759814894342218
584,How Iceland could reshape the world of golf - CNN,sport,golf,11,0.4835705852770963
585,"How Arnold Palmer, Gary Player and Jack Nicklaus revolutionized golf - CNN",sport,golf,2,0.4026239180983524
587,Moe Norman: The 'Rain Man of golf' who amazed even the greats of the sport  - CNN,sport,golf,11,0.5559481205609592
589,US Women's Open: Juggling a pro golf career when you're a Mom - CNN,sport,golf,7,0.48210647657540084
591,Charlie Sifford: golf's first Black professional who paved the way for Tiger Woods - CNN,sport,golf,2,0.6137203128129947
593,Babe Didrikson Zaharias: The 'greatest all-sport athlete' who helped revolutionize women's golf - CNN,sport,golf,9,0.6482039927111758
595,"Gus Kenworthy: From pop-culture celebrity to Beijing 2022, Winter Olympian is looking to leave his final mark on skiing - CNN",sport,sport,9,0.6140398672836833
596,"'Cool Runnings': 'Most people die before their legacy is revealed, but I've had to live it,' says Dudley 'Tal' Stokes - CNN",sport,sport,9,0.4179170724642544
598,Ashley Cain-Gribble and Timothy LeDuc: How US figure skaters forged their own paths in a sport where stereotypes run deep   - CNN,sport,sport,9,0.661445636751452
599,The highs and lows of the 2022 Winter Olympics - CNN,sport,sport,9,0.6167442188197108
600,Remi Lindholm: Cross-country skier suffers frozen penis at Beijing 2022 - CNN,sport,sport,9,0.46753320487327044
601,Norway tops Beijing 2022 medal table after record-breaking performance  - CNN,sport,sport,11,0.4751891426161835
603,Here's who won gold medals at the Beijing Olympics on Sunday - CNN,sport,sport,9,0.9563487758108676
604,Elana Meyers Taylor says she is 'overwhelmed' after becoming the most decorated Black athlete in Winter Olympics history - CNN,sport,sport,9,0.5797375632671065
605,China's Sui Wenjing and Han Cong win gold in pairs figure skating  - CNN,sport,sport,9,0.7759707859388073
606,Kamila Valieva saga set to run and run as blame game breaks out over Russian skater's positive drugs test - CNN,sport,sport,9,0.40307926355902657
607,"Madison Hubbell and Zachary Donohue: 'We have our own empty medal box waiting in our room,' say US ice dancers - CNN",sport,sport,9,0.6076744830298771
608,"Kamila Valieva falls multiple times in free skate program, finishes in fourth place in the women's individual event - CNN",sport,sport,9,0.5612762232927455
609,Mikaela Shiffrin left reeling after third Beijing crash: 'I just feel like a joke' - CNN,sport,sport,5,0.552558490880222
610,The Olympics was a success inside of China. And that's the audience Beijing cares about  - CNN,news,china,9,0.48772724615537844
613,Timeline of figure skating controversies from 1902 to 2022 - CNN,sport,sport,9,0.45421462309084815
614,Women's figure skating: How scoring works and why stamina often leads to more points - CNN,sport,sport,9,0.6051140011786971
615,Benjamin Alexander: How 'absolutely fearless' Jamaican went from being a DJ to his country's first Olympic alpine skier - CNN,sport,sport,8,0.8331838485694973
616,Why is Norway so good at the Winter Olympics? - CNN,sport,sport,9,0.7231546673497246
617,"For Team USA's Nathan Chen, 'blood, sweat, tears' led to Olympic gold  - CNN",sport,sport,9,0.6817571070384928
618,"Lost sports of the Winter Olympics: Skijoring, the wild blend of horses and skis - CNN",sport,sport,9,0.9563479528940446
619,Why Olympic figure skaters don't get dizzy from spinning - CNN,sport,sport,9,0.425632257700212
620,Kamila Valieva: Timeline of Russian figure skater's failed drug test - CNN,sport,sport,9,0.5541258298255302
621,Beijing Winter Olympics 2022: Event-by-event guide - CNN,sport,sport,9,0.7608982967263073
623,The Tokyo Olympics set the record for LGBTQ+ visibility. The Beijing Games aren't likely to break it - CNN,sport,sport,9,0.550852676611784
625,China human rights: Beijing clamps down on dissent as Olympics heat up - CNN,news,china,2,0.6762464021068416
627,Snowboarder Jeremy Jones is fighting for climate action to protect winter sports  - CNN,sport,sport,1,0.37979510989205423
629,"Explaining ice hockey jargon: An apple, a biscuit and a cherry picker - CNN",sport,sport,9,0.8328522075950386
631,Opinion: What to do about the social media shaming of figure skater Zhu Yi - CNN,news,opinions,9,0.4394475504624938
633,Maame Biney: Smiling speed skater heads to Beijing stronger than ever after almost quitting - CNN,sport,sport,9,0.5602062212747919
635,Su Yiming: Former child actor grabs Beijing 2022 limelight - CNN,sport,sport,9,0.46399447473546274
637,Eileen Gu reveals mom helped her turn freeski slopestyle final around and win second medal of Beijing 2022 - CNN,sport,sport,9,0.36785270889290556
639,Kaillie Humphries: Canada-born slider wins monobob gold medal for US at Beijing 2022 after ​filing harassment complaint  - CNN,sport,sport,9,0.9345229090114757
641,Winter Olympics could become 'dangerous' because of fake snow - CNN,sport,sport,8,0.5041654320410062
643,"Beijing Olympics tickets will not be sold to general public due to Covid-19, China says - CNN",sport,sport,9,0.5618920097382377
645,Mikaela Shiffrin clinches record-breaking 47th World Cup slalom win - CNN,sport,sport,5,0.9647431464150261
647,Erin Jackson: World No. 1 speedskater is going to Beijing 2022 after teammate gives up place - CNN,sport,sport,8,0.4699019472493678
649,Timothy LeDuc is set to become the first openly non-binary athlete to compete at a Winter Olympics - CNN,sport,sport,9,0.8430118794368738
651,Nathan Chen breaks short program record at US figure Skating Championships - CNN,sport,sport,9,0.7379157445384713
653,Mariah Bell becomes the oldest US women's figure skating national champion in 95 years - CNN,sport,sport,6,0.41295095355458583
657,Black Ice film aiming to boost diversity in climbing  - CNN,sport,sport,11,0.4989053266385344
658,"Emily Harrington: 'We should be less afraid to be afraid,' says climber after making history on El Capitan  - CNN",sport,sport,5,0.8981442201549246
660,Sasha DiGiulian: US climber wants more women in climbing after being told 'little girls don't belong'  - CNN,sport,sport,3,0.5129527045835505
662,Dani Arnold climbs the Cima Grande in record time - CNN,sport,sport,11,0.6762763357110559
664,Blind climber Jesse Dufton pushing boundaries after leading 449-foot climb - CNN,sport,sport,11,0.9460766766815547
668,Slovenia chimney climb: Janja Garnbret and Domen Škofic scale the world's tallest artificial multi-pitch route - CNN,sport,sport,10,0.5083327380663133
669,Free Solo: Oscar-winning director Jimmy Chin on risking it all for the perfect shot  - CNN,sport,sport,6,0.4945848330570719
671,Oscars: Free Solo documentary and how Alex Honnold climbed without ropes - CNN,sport,sport,5,0.5664025607469619
673,Doug Scott: Everest conqueror and mountaineering icon dies aged 79 - CNN,sport,sport,11,0.5498568508330394
675,Nirmal Purja: Record breaking Nepalese climber shocked by climate change effects - CNN,sport,sport,2,0.455445150981819
677,Lewis Hamilton equals Michael Schumacher's record of seven world titles - CNN,sport,motorsport,8,0.5055311859152528
679,"Lewis Hamilton: 'I have walked this sport alone,' says F1 champion after record-equaling title win  - CNN",sport,motorsport,5,0.9722216842697812
681,Lewis Hamilton 'won't stop' his fight against racism as FIA rules out investigation into Breonna Taylor T-shirt - CNN,sport,motorsport,5,0.5481315289106942
683,Sebastian Vettel will join Aston Martin F1 team from 2021 - CNN,sport,motorsport,5,0.3983763110621172
685,Lewis Hamilton: F1 champion launches Extreme E team - CNN,sport,motorsport,5,0.5925074866347755
687,Italian GP: Ferrari records worst home qualifying performance since 1984 - CNN,sport,motorsport,5,0.7091052176786525
689,Lewis Hamilton pays tribute to Chadwick Boseman after F1 Belgian GP win - CNN,sport,motorsport,5,0.6559245300451703
691,Max Verstappen plays down Michael Schumacher comparisons - CNN,sport,motorsport,5,0.685559175397888
693,Brad Binder: Cheating death and creating MotoGP history - CNN,sport,motorsport,6,0.7278648989759534
694,Daniel Abt: Audi suspends star after 18-year-old gamer raced under Formula E driver's name in esports event - CNN,sport,motorsport,6,0.45434929737275015
696,Alex Zanardi transferred to specialist neuro-rehabilitation center after crash - CNN,sport,sport,5,0.455390510554879
698,Bubba Wallace: NASCAR driver learning to 'embrace' activism  - CNN,sport,motorsport,5,0.9044780043345038
700,NASCAR: Plane flew a Confederate flag over Bristol Motor Speedway - CNN,sport,motorsport,5,0.9490719566024222
702,"Sophia Floersch: If I watched the video, I still don't believe it's me flying' -- Female driver relives horror crash - CNN",sport,motorsport,2,0.439026375676267
703,Marc and Alex Marquez: World champion brothers on life in lockdown - CNN,sport,motorsport,5,0.3854056376145062
705,Ellie Goulding: Formula E is 'literally the future' - CNN,sport,motorsport,3,0.5726458464132724
707,Valorant: The new game boosting diversity in esports  - CNN,sport,sport,6,0.5690239443379072
709,Team Liquid: How esports has helped its fans get through lockdown - CNN,sport,sport,10,0.30645141067205506
711,These Kenyan gamers are putting Africa on the esports map - CNN,sport,sport,6,0.5840103415073008
713,"Lowkey.gg, a new service for adult gamers, throws a League of Legends tournament that we tried out - CNN",business,tech,11,0.27758027639224264
715,"Twitch gaming stars jump ship to Mixer, Facebook Gaming and YouTube - CNN",business,tech,11,0.9164022964748285
717,"The biggest esports facility in the US has training rooms, an apparel shop and lavish gaming chairs - CNN",business,tech,4,0.29593586136227684
719,Football stars go head-to-head over video games as coronavirus suspends play - CNN,sport,sport,11,0.4696348896269184
721,RB Leipzig: Trailblazing footballer Lena Güldenpfennig balancing her on-pitch duties with an esports career - CNN,sport,football,11,0.6648944009374642
723,Worlds 2020: Surviving two weeks of isolation ahead of the biggest esports tournament  - CNN,sport,sport,6,0.949071954603347
725,Sports are canceled. Esports are still around - CNN,business,tech,6,0.5017213521453386
727,How video games saved Ryan Hart from the streets  - CNN,news,europe,5,0.5602429335459417
729,League of Legends is growing. Traditional sports better watch out.  - CNN,sport,sport,6,0.5293569167455298
731,League of Legends: G2 Esports stars' journey to Worlds   - CNN,sport,sport,11,0.25681136654328923
733,Middle East's first female esports team makes debut - CNN,sport,sport,4,0.6201549151126958
735,Deaf culture in an American deaf family - CNN,news,living,2,0.3022487360597354
736,'Blackface': Dutch holiday tradition or racism? - CNN,news,world,5,0.37704012953055366
737,Filmmaker: Why I made 'Blackface' - CNN,news,opinions,5,0.7408216669808171
738,Meet the Gnomist: A force for good - CNN,news,living,8,0.4036961188274236
739,"Skin Whitening: The global market, the risks and who makes and sells the products - CNN",news,world,7,0.6926340089837832
741,"As the Taliban swept Kabul, one friend escaped. The other was trapped. They shared their anguish on WhatsApp - CNN",news,asia,7,0.4813310466387598
743,Child marriage annulment in India and the woman who dedicates her life to helping girls leave - CNN,news,asia,7,0.9601441609890624
745,Why CNN is launching a new series on skin whitening  - CNN,news,world,7,0.6418545029982713
747,The fight to save Hawaii Sign Language from extinction  - CNN,news,americas,3,0.929485423474221
749,Explainer: What is the Texas abortion ban?  - CNN,news,us,7,0.7144614874333061
751,These African women are making sexual pleasure a gender equality priority - CNN,news,africa,7,0.6330951993545445
753,Why Facebook's continuing Taliban ban should concern us all - CNN,news,opinions,10,0.40271833076492036
755,Why is it so strange to get married and keep my surname in 2021? - CNN,news,opinions,7,0.7498589547010737
757,India's Covid-19 crisis: Why I'm grateful I lost my parents before the current surge - CNN,news,opinions,10,0.6366762391219807
759,"With a Covid-19 vaccine patent waiver likely, time to rethink global intellectual property rules - CNN",news,opinions,10,0.7402413202363208
761,"They've been beaten, trolled, threatened with sexual violence but refuse to be silenced - CNN",news,world,10,0.45080350601380736
763,Shola Mos-Shogbamimu: Lessons learned from a lifetime of activism - CNN,news,opinions,2,0.4322594543465052
765,Chile's government distributed faulty birth control pills. Now more than 150 people are pregnant. - CNN,news,americas,7,0.9236075253451127
767,"Daulatdia: She was tricked as a teen into prostitution. A decade on, she has no work and faces starvation - CNN",news,asia,10,0.5893166110612124
769,A transport ban in Uganda means women are trapped at home with their abusers - CNN,news,africa,7,0.9618045036378853
770,"They were sent to a shelter for safety. Instead, these women say they were sexually abused - CNN",news,africa,8,0.9517535716036295
772,How a consulate in Lebanon became feared by the women it was meant to help  - CNN,news,middleeast,11,0.4803356910858419
773,"Troll armies, 'deepfake' porn videos and violent threats. How Twitter became so toxic for India's women politicians - CNN",news,india,7,0.6643064265226
774,An alleged child abuser died before his trial. His accusers are now being blamed - CNN,news,africa,8,0.4598790723215106
777,They wanted a son so much they made their daughter live as a boy - CNN,news,world,7,0.4092168592017127
778,She wants women to have good sex. So she started a website where they can talk about it (safely)  - CNN,news,africa,8,0.7585434456178682
779,The Nigerian schoolgirls fighting against child marriage - CNN,news,africa,7,0.95175376893956
780,They tried to use rape to silence women protesters. It didn't work - CNN,news,africa,8,0.4314961723172214
781,She grew up in a village where women rule and men are banned  - CNN,news,africa,6,0.7209336327277078
782,"Diane Rwigara, Rwandan opposition leader, and her mother cleared of all charges - CNN",news,africa,4,0.5397306656836882
783,"Diane Rwigara: Awaiting trial, Rwandan opposition leader says she's determined to hold government accountable
 - CNN",news,africa,4,0.7685782325444283
784,Diane Rwigara: Rwandan opposition leader freed on bail - CNN,news,africa,4,0.722361776213016
785,Women are dying from backstreet abortions. But reforms to Malawi's 157-year-old laws are stuck - CNN,health,health,8,0.34005966945986715
786,Diane Rwigara: Trial of Rwandan imprisoned opposition leader postponed - CNN,news,africa,4,0.9660487494670745
787,Diane Rwigara: Trial of Rwandan imprisoned opposition leader to begin - CNN,news,africa,4,0.7623997429889101
788,"A mother's impossible choice: risk rape to feed your family, or starve - CNN",news,africa,10,0.4855436017613121
789,"Noura Hussein: Facing public threats of revenge, Sudanese teen continues her fight for freedom - CNN",news,africa,7,0.45633236973946195
790,Sudan overturns death sentence for teen who killed her husband after he raped her - CNN,news,africa,7,0.45825763124715563
791,Sudan: How the #JusticeForNoura Instagram campaign gave a voice to the voiceless - CNN,news,opinions,9,0.9236095074183431
792,Sudan child marriage: The 11-year-old girl divorcing her 38-year-old husband - CNN,news,africa,7,0.802259000994092
793,Noura Hussein in her own words: Teen who killed rapist husband shares her story - CNN,news,africa,6,0.3935312738358262
794,Gangs in El Salvador use women's bodies for 'revenge and control' - CNN,news,americas,6,0.9541652230878415
795,Trump's ban on global abortion funding has led to more abortions - CNN,health,health,7,0.7315461396030776
796,'I never told anyone': 5 women's stories of sexual abuse at the Hajj - CNN,news,middleeast,7,0.7384482633221062
797,"Threatened with 'acid, rape, abuse': Protesting Iran's compulsory hijab law - CNN",news,middleeast,7,0.5079252596215034
798,16 and trying not to get pregnant - CNN,health,health,10,0.7366675779660828
799,'An homage to resilience': Portraits of Haiti's rape survivors - CNN,news,world,11,0.7844725215596765
800,"Cycle of shame: Harassed in the street, then again on social media
 - CNN",news,africa,7,0.9236106711136292
801,These women got married. But it wasn't for love  - CNN,news,africa,0,0.5571583374418275
802,Her world ended when her kids were murdered. Raising dozens of orphans saved her life - CNN,news,africa,6,0.36628921752352944
803,World Bank to consider giving Tanzania $500 million education loan despite ban on pregnant schoolgirls - CNN,news,africa,1,0.6949535140792047
804,They failed mandatory pregnancy tests at school. Then they were expelled - CNN,health,health,10,0.9460766709255872
805,Jidenna: There are millions of Nouras across the world  - CNN,news,opinions,5,0.9166642811340021
807,Malawi consent classes teach children no means no - CNN,news,africa,10,0.885414220243555
808,Child marriage in Yemen - As Equals - CNN,news,middleeast,7,0.5335905844007967
809,The 'Salt Queen' working to transform the health of a nation - CNN,health,health,10,0.750456212627445
810,Diane Rwigara: Rwandan opposition leader stands by her innocence at long-awaited trial   - CNN,news,africa,4,0.7693602870264451
811,"In Lesotho, only men can inherit the role of chief. One woman is trying to change that - CNN",news,africa,11,0.40762094057143
812,The feminist DJs in Uganda taking back the night  - CNN,news,africa,11,0.8981461792425112
813,"International Women's Day: The people have awoken, we need to make the most of this moment  - CNN",news,opinions,10,0.36665691633490305
814,This all-female TV station is bringing women's issues to Afghanistan's attention - CNN,news,middleeast,6,0.9388878813416697
815,The #MeToo stories you haven't heard: Meet the women speaking out in Nigeria - CNN,news,africa,7,0.682565590136123
816,War in Yemen gives women more responsibility but not empowerment - CNN,news,opinions,5,0.5677075480496129
817,"Told not to drum, this woman is breaking a centuries-old taboo - CNN",news,africa,5,0.3326260610488314
820,Female firefighters from Ghana launch first gender discrimination case - CNN,news,africa,3,0.6261704658431634
821,Slavery: Here's what you can do right now to end it - CNN,news,world,1,0.5247681971729159
822,How to provide aid to those in Ukraine - CNN,news,us,5,0.475050201209636
824,International Women's Day 2022: She became a refugee as a teenager and now runs a non-profit dedicated to helping women like herself - CNN,news,us,11,0.9647425047413651
826,How to help on International Women's Day - CNN,news,world,10,0.4265738728002628
827,"As anti-semitism grows, so does its dangers to everyone. Here's how you can fight against it - CNN",news,us,8,0.8854145575296337
829,Attacks against Asian Americans are on the rise. Here's what you can do - CNN,news,us,11,0.4594304046761352
830,"He threw a Super Bowl party for homeless New Yorkers. Now, his 'Super Soul Parties' are being held nationwide - CNN",entertainment,entertainment,6,0.9601440916590559
832,Montana nonprofit is fighting to protect native fish on this historic reservation - CNN,news,us,1,0.32956584425215246
833,Former NFL star Warrick Dunn helps single parents realize dream of homeownership - CNN,news,us,0,0.5284049130418436
834,Black History Month Black Health & Wellness - CNN,news,us,10,0.4314772527547182
836,Memphis nonprofit is using soul music to educate kids and celebrate Black History Month  - CNN,news,us,7,0.43021861649745924
837,No money? No problem. Here are 4 ways to give back without opening your wallet - CNN,news,us,0,0.5427751095513206
839,US Food Banks survive coronavirus demand to face new problems: supply chain disruption and rising food prices - CNN,news,us,10,0.6323602982923815
840,Holiday giving: It really is better to give than to receive... - CNN,health,health,7,0.24892682402908223
841,How to support animal lover Betty White's favorite cause - CNN,news,us,11,0.3714232510625968
843,How to honor Kobe Bryant's legacy through the charities he supported - CNN,news,us,4,0.7009856367270889
844,Here are some of Alex Trebek's favorite causes that he supported - CNN,news,us,10,0.49013702183870894
845,"Do you have a cold, the flu or Covid-19? How to tell the difference - CNN",health,health,11,0.372976669028622
846,"Dr. Sanjay Gupta: Resolutions for making 2022 a better, healthier year - CNN",health,health,11,0.4871062708805189
847,"Woman walks over 1,400 miles to honor her late mother and raise awareness of pulmonary fibrosis - CNN",news,us,1,0.9683899066078842
849,Vickery Trading helps refugee women stitch together a bright future  - CNN,news,us,1,0.3874599240649941
851,How two Maryland women work to raise awareness about missing Black people - CNN,news,us,7,0.6455899802291696
853,Arwa Damon: The question haunting me this World Humanitarian Day (opinion) - CNN,news,opinions,1,0.9236084311390272
855,Outdoor classroom reenergizes kids during the pandemic - CNN,health,health,0,0.49461595961532817
857,Giving Tuesday: How to help nonprofits - CNN,news,us,0,0.5165939046467547
859,Help Central America hurricane victims - CNN,news,weather,11,0.7203352949683991
861,Not getting a haircut for a while? Consider donating to charity - CNN,news,us,1,0.9388867481228333
863,Salvation Army starts holiday fundraising early to 'Rescue Christmas' - CNN,news,us,10,0.3984759533487516
865,"Black lives matter in children's books, too. That's why this couple started a non-profit  - CNN",news,us,7,0.5716782157937118
867,New Orleans after Katrina: This non-profit is still helping the city rebuild 15 years later - CNN,news,us,10,0.4376032988929001
869,"Book Bunk: In Kenya, these women are restoring and reclaiming Nairobi's dilapidated, colonial-era libraries - CNN",news,africa,7,0.33564370803895255
871,Nigeria's social media comedians are making laughter pay - CNN,news,africa,7,0.5470264844970878
873,These women are shaping the future of African space exploration - CNN,news,africa,2,0.489618871973932
875,Nigeria's 'techpreneurs' are using technology to provide life-changing solutions - CNN,news,africa,10,0.3946598983167685
879,A lab in a remote Namibian city is saving the cheetah from extinction - CNN,news,world,11,0.7444684370152717
881,COP21: Paris climate change deal is end of fossil fuels - CNN,news,opinions,2,0.954165559252862
883,COP21: We have a Paris climate agreement. Now what?  - CNN,news,opinions,2,0.9036727597301348
884,COP21: Obama praises Paris climate change agreement - CNN,news,world,2,0.9618042717933246
885,COP21: The moral case for climate action (Opinion) - CNN,news,opinions,2,0.9672614732511496
887,COP21 climate talks: Watching Greenland melt from Paris - CNN,news,opinions,2,0.6660568811080405
889,COP21: Is 2 degrees the wrong climate goal? (Opinion) - CNN,news,opinions,2,0.9647430475897651
891,Bill Gates: Your question (and his response) - CNN,news,opinions,1,0.48309131362382185
893,Climate change: Denmark's 'fairy tale' energy island - CNN,news,opinions,2,0.9618051980537653
895,Climate change: 'The shoes are marching for us' - CNN,news,opinions,2,0.9583324343834096
897,Climate change is a form of terror (Opinion)  - CNN,news,opinions,2,0.9647432265787811
899,Climate change: The community that stood up to coal - CNN,news,opinions,2,0.9460771323771557
901,Climate change: Why beef is the new SUV (Opinion) - CNN,news,opinions,2,0.9490729773886148
903,How to help save the Marshall Islands - CNN,news,opinions,2,0.8090511267635524
905,Climate: 15 scary facts about rising seas (Opinion) - CNN,news,opinions,2,0.6364413885259017
907,"Climate change: Vanishing stories, vanishing country - CNN",news,opinions,2,0.954165963204871
909,Climate: 9 questions on rising sea levels (2 degrees) - CNN,news,opinions,2,0.6374061676525883
911,Why so many who doubt climate change here? (Opinion) - CNN,news,opinions,2,0.9601441650416225
913,Climate change: Did it contribute to conflict in Syria? - CNN,news,world,2,0.6576917880951042
915,Climate change: Does it contribute to disease? - CNN,news,world,2,0.8566271537711639
917,Climate change: Does eating bugs help?  - CNN,news,world,2,0.9517540211520366
919,Your questions about climate change answered - CNN,news,opinions,2,0.5537235366733093
921,Climate change: 7 questions on 2 degrees (Opinion) - CNN,news,opinions,2,0.963333128239804
923,Climate change: 'Two degrees' may decide the future - CNN,news,opinions,2,0.9460768378261697
925,ISIS won't derail Paris climate talks - CNN,news,opinions,2,0.5601435602033058
926,COP21: Why more women need seats at the table - CNN,news,opinions,6,0.6927066317278022
927,Climate change: 48-page document could save the planet - CNN,news,opinions,2,0.8594097947046132
928,Report: Global temperature rise already halfway to 'two degree warming' limit - CNN,news,us,2,0.9083307578530577
929,On 6 degrees of climate change (Opinion) - CNN,news,opinions,2,0.9073926460148131
931,Books: 12 must-reads on climate change (2 degrees) - CNN,news,opinions,2,0.8425025282289187
933,Climate: We're burning through Earth's carbon budget - CNN,news,opinions,2,0.6294459975559062
935,"They fled their house in Ukraine, but a CNN Hero helped make Poland their new home - CNN",news,world,1,0.869896845275155
937,"With war raging, this CNN Hero is racing to aid Ukraine's Holocaust survivors - CNN",news,world,5,0.9517531686985309
938,2016 CNN Hero of the Year: Dreaming is worth it - CNN,news,opinions,3,0.6086930953853534
940,What are snow squalls and why they're more dangerous than blizzards - CNN,news,weather,8,0.942707424588451
941,How to survive an avalanche - CNN,news,weather,5,0.6665300172996799
942,Winter storm preparedness checklist - CNN,news,weather,11,0.5721974065643218
943,Wind chill is a real threat. It can and will harm you. - CNN,news,weather,10,0.7475635544790408
944,Weather news: Preparing for Category 6 hurricanes - CNN,news,weather,9,0.5970217124038039
946,"While the Northeast is digging out of last week's blizzard, the next storm is taking aim at the South  - CNN",news,weather,11,0.9460777657114002
948,"Winter weather news: Another winter storm is streaking across the northern Plains this week. But it won't stop Plowy McPlowface, one of Minnesota's famed snowplows - CNN",news,weather,11,0.37722833951924856
950,Weather news: Snow and ice will return to the South this week. Maybe.   - CNN,news,weather,11,0.6046755300830352
952,Northeast: Major US cities will feel like they're below zero this week. Find out where - CNN,news,weather,2,0.3590696730986033
954,"From record high temperatures to snow, these towns are shivering in shock Monday - CNN",news,weather,11,0.630839017551488
956,A travel nightmare is setting up from coast to coast as holiday travelers return home - CNN,news,weather,8,0.9583325288623153
960,Atlantic hurricane season ends up as more costly than the record-breaking one in 2020 - CNN,news,weather,11,0.6431838877863068
961,What a hurricane means when you live in Louisiana's 'Cancer Alley' - CNN,news,us,11,0.4532253189837867
962,Here's why hurricane hunters fly their planes in weird patterns into storms - CNN,news,weather,11,0.5404783304969115
963,Lake Mead water shortage: The shocking numbers behind the crisis - CNN,news,us,11,0.5541575100344551
965,Maps of historic drought in West - CNN,news,weather,11,0.9236101874249367
967,"Heat wave in West, made worse by climate change, continues through the week - CNN",news,weather,2,0.9490728935079336
969,"Opinion: As people flee climate change on the coasts, this Midwest city is trying to become a safe haven - CNN",news,opinions,2,0.3335250671180432
971,California and nearly a dozen other states want companies to reveal the financial risks of the climate crisis - CNN,business,investing,1,0.6760977011905434
972,"Rocky Mountain subalpine wildfires higher now than past 2,000 years - CNN",news,us,10,0.8267100722377583
973,"Climate change is increasing flood risk around the country. Insurance rates are not keeping pace, report finds - CNN",business,business,10,0.3147749184572274
974,I am a CNN meteorologist. I used to be a climate change skeptic - CNN,news,weather,2,0.9563482760966605
976,Erika Woolsey and The Hydrous are using virtual reality to bring people closer to the ocean - CNN,news,world,1,0.9490735236829657
978,"NASA technology can help save whale sharks says Australian marine biologist and ECOCEAN founder, Brad Norman - CNN",news,world,10,0.3527047565573412
980,The science behind climate change - CNN,news,us,2,0.6795358209703072
981,"Antarctica's ice is degrading faster than we thought, and there may be no way to stop the consequences  - CNN",news,world,2,0.6899098575476046
982,"By 2050, London's climate will feel like Barcelona, says new study - CNN",news,europe,2,0.5502295070663158
983,"Alaska's warming ocean is putting food and jobs at risk, scientists say - CNN",news,us,10,0.32375985659783646
984,"With climate change, what will your city's weather feel like in 60 years?  - CNN",health,health,2,0.6299252652690469
985,Greta Thunberg isn't alone. Meet some other young activists who are leading the environmentalist fight - CNN,news,world,8,0.4259834454199569
986,#trashtag: Viral challenge sends internet on garbage hunt - CNN,news,world,10,0.8981464109206444
989,The geography of climate confusion: a visual guide - CNN,news,us,2,0.6038617823940089
991,Smoke from Western wildfires has blown thousands of miles to New York - CNN,news,weather,1,0.6989723854260584
992,Desert dancers highlight Andean culture - CNN,news,world,1,0.8854121970395991
994,Dads cherish Sweden's parental leave - CNN,news,living,1,0.8981463654658276
996,Making a 'squat' a home - CNN,news,living,8,0.7802872130355881
998,Amazon natives hold on to tradition - CNN,news,world,11,0.5940535574819835
1000,A glimpse of life on the reservation - CNN,news,living,3,0.4167193428535309
1002,Girls behind bars tell their stories - CNN,news,us,1,0.7894242578437961
1004,Giving a face to Sudan's refugee crisis - CNN,news,world,1,0.6702810235337402
1006,Show animals and their proud handlers - CNN,news,living,11,0.8690462415241723
1008,Needy families slept on hospital floors until one doctor started a shelter - CNN,health,health,7,0.9460773043063463
1010,New Yorker moves to Vietnam to help at-risk youth  - CNN,news,world,9,0.9427051143227783
1012,"At 17, this sexual abuse survivor set out to fix a broken system - CNN",news,world,7,0.9618050536843971
1014,The child sex trade in Cambodia - CNN,news,world,1,0.7147018864018666
1016,Nepal's Organ Trail: How traffickers steal kidneys - CNN,news,asia,2,0.7033301492531348
1018,Guatemala: Gender-based violence at epidemic levels - CNN,news,world,10,0.3664216181031054
1020,"Aid workers in ISIS bull's-eye: 'If not us, then who?' - CNN",news,intl_world,8,0.6217933690221614
1022,Syria's lost generation: Education and dreams deferred - CNN,news,world,10,0.7216151691939537
1024,Help refugees survive the Syrian conflict - CNN,news,world,2,0.49809675334511105
1026,Yemen crisis: How you can help - CNN,news,world,1,0.9345214693254977
1028,Ethiopia - a land where coffee meets tradition - CNN,news,africa,11,0.8854135380020822
1030,Family ties mix with fresh fruit on an island paradise - CNN,business,business,11,0.4024042149672065
1032,The Supreme Court may take a chunk out of MLK's legacy - CNN,news,us,2,0.7291640603620159
1034,Analysis: It's time to give some bigots a break - CNN,news,us,7,0.5524949325874557
1035,When the dreaded 'other' is an angry white man - CNN,news,us,8,0.48407120757921646
1036,Why the rules for racial rhetoric are changing - CNN,news,us,6,0.6472990992269261
1037,How 911 calls on blacks are a new twist on something old: white flight - CNN,news,us,1,0.9541653622089883
1038,Are you racially fluid? - CNN,news,us,11,0.4813963839220484
1039,How Trump became 'the white affirmative action president' - CNN,news,us,7,0.9345210936074846
1040,What it means to be 'unapologetically black'  - CNN,news,us,7,0.8854147461047713
1041,Analysis: The most shocking part of the racist yearbook photo is unseen - CNN,news,us,7,0.6388206633295082
1043,"Howard Thurman: The overlooked civil rights hero
 - CNN",news,us,2,0.6501557592405703
1045,Boston Celtics legend Bob Cousy makes his 'last pass'  - CNN,news,us,4,0.41078372002617325
1047,The polite way to call someone a racist - CNN,news,us,7,0.425757786746468
1049,Analysis: The question now facing Democrats - CNN,news,us,7,0.540459594256901
1051,When Americans tried to breed a better race: How a genetic fitness 'crusade' marches on - CNN,news,us,11,0.6515690006603968
1053,Analysis: Trump is making racism boring again - CNNPolitics,politics,politics,7,0.8087318808676193
1055,Where Billy Graham 'missed the mark' - CNN,news,us,3,0.9427062468920925
1057,Trump's travel ban stranded her. America welcomed her. - CNN,news,us,7,0.3994708905899143
1059,The US border is bigger than you think - CNN,news,us,2,0.5218487435668338
1061,Aboard ICE Air: Behind the scenes on a deportation flight - CNN,news,us,6,0.8049826234939365
1063,Beyond the border: Life in limbo - CNN,news,us,11,0.48613194496868245
1065,My mother was raped in a nursing home at 88 - CNN,news,opinions,8,0.44348182470730124
1066,Caregiver convicted of rape in nursing home  - CNN,health,health,8,0.6894902651469302
1067,US bishops conference: Vatican orders delay in taking action on sexual abuse crisis  - CNN,news,us,7,0.42401687855201664
1069,Abuse survivors angry over Pope's praise for fallen cardinal - CNN,news,us,7,0.5451323593523343
1071,US Justice Department investigating Pennsylvania Catholic Church - CNN,news,us,10,0.6195800808219313
1073,Why Francis and Benedict won't answer the accusations dividing their church - CNN,news,europe,10,0.929485392806092
1075,US Catholic bishops announce new policies to police bishops - CNN,news,us,8,0.4552755737643593
1077,American cardinal says his own mother is 'embarrassed to be Catholic'  - CNN,news,us,10,0.6446876466884606
1079,The 'coup' against Pope Francis  - CNN,news,us,10,0.426310173421238
1081,'How could this happen again?' Why this Catholic abuse scandal seems worse than 2002  - CNN,news,us,7,0.30537596911080406
1083,An American Zen Master has died: An oral history of Roshi Bernie Glassman - CNN,news,us,11,0.5579112448502296
1085,Outraged online? We all are. Here's what one Christian says about how to deal - CNN,news,us,2,0.6604193619570528
1086,"After Bible museum scandal, more evangelicals suspect they have forged Dead Sea Scrolls  - CNN",news,us,1,0.7994408699207446
1087,How Billy Graham became the most famous preacher in America - CNN,news,us,11,0.7041189110779683
1088,Seeing the Pope help strangers made me tear up. Later I learned why.  - CNN,news,europe,11,0.39516584144759187
1089,Pittsburgh rabbi told Trump that hate speech led to synagogue massacre - CNN,news,us,3,0.5039642768199093
1091,First Shabbat since Pittsburgh massacre unites international Jewish community as the last victim is buried - CNN,news,us,2,0.34024291276363655
1092,Pittsburgh shooting: Rabbi Jeffrey Myers counsels a grieving synagogue -- and nation  - CNN,news,us,11,0.9517530153430344
1093,"American Jews have feared this kind of attack for years, but still kept their doors open. Here's why - CNN",news,us,8,0.5666047565146582
1094,The Bible backs up Trump's idea to arm houses of worship - CNN,news,us,6,0.6776287801193318
1095,"Claire Wineland, inspirational speaker and social media star, dies one week after lung transplant - CNN",health,health,7,0.47394754072204637
1097,"Anatomy of a 97,000% drug price hike: One family's fight to save their son - CNN",health,health,2,0.4437453762258905
1099,Medicare spent $2 billion for one drug as the manufacturer paid doctors millions - CNN,health,health,1,0.5085845828837472
1101,A WWII hero returns to Germany to meet his enemy - CNN,news,us,10,0.6372970192366935
1103,Suicide rates in rural America are soaring. One family is working to change that.  - CNN,health,health,11,0.7821310837004021
1105,"Two dads, an egg donor and a surrogate: How a freezer failure changed everything - CNN",health,health,7,0.4243248214491894
1107,"From 'screw you' Aetna to Sweet 16, teen celebrates her surgery -- and new life - CNN",health,health,7,0.6055871957387418
1109,A dying mother's plea for her life - CNN,health,health,8,0.5925613275354569
1111,"Decades after their own sexual assaults, women put themselves in shoes of Kavanaugh's accusers - CNN",health,health,7,0.3595864008000115
1113,"In 'forgotten' California, a new generation is more woke than ever - CNN",news,us,2,0.45008784691860154
1115,"Vegas shooting: Shots rang out, and three lives collided - CNN",health,health,6,0.4785126850172725
1117,Forget abortion: What women in Appalachian Kentucky really want - CNN,health,health,7,0.6014964091263851
1119,Paulette Leaphart and the naked truth - CNN,health,health,0,0.4626201820032231
1121,Kids for sale: 'My mom was tricked' - CNN,health,health,2,0.9083312380181999
1123,State launches Aetna probe after stunning admission - CNN,health,health,10,0.36334573552304444
1125,The four reasons people commit hate crimes - CNN,news,us,1,0.5137041243086656
1127,MLK Jr. assassination: The question that haunts his last day in Memphis - CNN,news,us,11,0.9166650007733059
1129,Puerto Ricans are still dying in Hurricane Maria's wake - CNNPolitics,politics,politics,7,0.4235206332727632
1131,Baha'i woman survived a decade in Iranian jail by writing poetry - CNN,news,world,10,0.8981456770112757
1133,He shot to fame with one speech and is now on a mission against Trump - CNN,news,us,6,0.4222516083865836
1135,A gunman killed his brother. Now Farris Barakat is on an American journey. - CNN,news,us,3,0.9517523493786896
1137,Why some Americans say Trump can't stop what Obama started - CNN,news,us,11,0.6325501040398102
1139,How ordinary people become 'white supremacists by default' - CNN,news,us,11,0.3480435350267273
1141,What's wrong with too many white men in one place? - CNN,news,us,7,0.6343306021710202
1143,How Trump's victory turns into another 'Lost Cause' - CNN,news,us,8,0.5059510736963106
1145,"Raped and wed by 11, woman fights to end child marriage - CNN",health,health,7,0.7483209249565869
1147,"When insurance wouldn't pay, parents funded cancer patient's $95,000 lifesaving treatment - CNN",health,health,7,0.4554732985653835
1149,"Three ways MLK speaks to our time
 - CNN",news,us,2,0.6969657222614907
1151,Baltimore violence and the lack of black men in the city - CNN,news,us,11,0.3974480184445522
1153,How Easter became a #MeToo Moment - CNN,news,world,3,0.6887101571203146
1155,"After ICE raid, more than 500 kids miss school - CNN",news,us,5,0.37625289562430625
1157,The US rescued her. Now it wants to return her to Haiti. - CNN,news,us,0,0.3173384465626585
1159,Inside the secret lives of  functioning heroin addicts - CNN,health,health,7,0.6526644847950799
1161,Medic who documented Nazi camp horror dies at 93 - CNN,health,health,5,0.27798483194298756
1163,'Folks don't feel safe' - CNN,news,us,11,0.5861376972407977
1165,The spiritual message hidden in 'Star Wars'  - CNN,news,us,7,0.553850813494175
1167,A Bible museum mystery: Are its Dead Sea Scrolls fake? - CNN,news,us,8,0.6412152690415286
1169,What are Donald Trump's religious beliefs?  - CNNPolitics,politics,politics,7,0.923610539380397
1171,Toxic tensions in the heart of 'Cancer Alley' - CNN,health,health,5,0.7062217879016488
1173,The secret costs of Islamophobia - CNN,news,us,2,0.4794882182257711
1175,Where Trump support and Obamacare use soar - CNN,health,health,10,0.6266837960296441
1177,The journey of bringing formerly conjoined twins home - CNN,health,health,11,0.8215267395795773
1179,The Bishop Eddie Long I knew - CNN,news,us,11,0.5766692717676791
1181,Understanding why a visa can be so coveted and reviled  - CNN,news,us,9,0.3387608642897812
1183,From Gandhi to guns: An Indian woman at the NRA  - CNN,news,world,11,0.7829216565912488
1185,The sacred land at the heart of Dakota pipeline fight - CNN,news,us,11,0.5343635559130949
1187,Halted MH370 search is not an end for one man - CNN,news,world,7,0.5892953437671314
1189,Heroin in America: The scarring of the next generation - CNN,health,health,10,0.4037646857572488
1191,'I had an abortion': 'Pro-voice' replaces judgment with conversation - CNN,health,health,7,0.6347128186987463
1193,How the Syrian crisis came home to small town Canada - CNN,news,world,1,0.7234047215921494
1195,The first time I discovered I was white - CNN,news,us,1,0.33876481010666754
1197,"Go ahead, admit you're a racist - CNN",news,us,3,0.9294860414732925
1199,Surge in Cuban migrants crossing U.S.-Mexico border - CNN,news,us,1,0.35879083289316305
1201,Stop texting and start speaking - CNN,news,us,7,0.4532652753789111
1203,Honoring the soundtrack of my mother's life - CNN,health,health,8,0.5303383892122943
1205,What is Neil Gorsuch's religion? It's complicated  - CNNPolitics,politics,politics,7,0.332727078451029
1207,Finding peace in a world of terror - CNN,news,world,11,0.36139149775632773
1209,"10 siblings lost their dad on 9/11, then they lost mom to cancer - CNN",news,us,11,0.4254205189960512
1211,Bound by terror: 'I've got you' - CNN,news,world,11,0.5733310861029846
1213,Why I'm tired of hearing about civil rights - CNN,news,living,2,0.9490734767961734
1215,The forgotten victims of gun violence - CNN,health,health,11,0.5386424663624995
1217,Orlando shooting: 'I knew 17' who died - CNN,news,opinions,11,0.5230482327145575
1219,The massacre that didn't happen - CNN,news,us,2,0.9236097108852988
1221,"Richmond, California: Paying kids not to kill - CNN",health,health,6,0.789043316830179
1223,"Savannah, Georgia: Southern charm, deadly streets - CNN",health,health,11,0.34236479142187165
1225,This is how the NRA loses - CNNPolitics,politics,politics,4,0.37161619757969017
1227,"Nepal quake: One girl's remarkable recovery
 - CNN",health,health,2,0.9345215997419227
1229,A tale of two Brussels - CNN,news,world,0,0.37454259766162235
1231,"Inside the Bataclan: A night of terror, a tale of love - CNN",news,world,11,0.938887522375002
1233,Haiti and the Dominican Republic: Faces of a divided island - CNN,news,world,1,0.4461175112484989
1235,Can forgotten rubella children of the '60s hold clue for Zika babies?  - CNN,health,health,10,0.645614371941747
1237,Going for broke at Bonneville with Speed King's son - CNN,news,us,11,0.4258840056516439
1239,"After 9/11, turbans made Sikhs targets - CNN",news,us,10,0.6862122429669049
1241,"Back to the beginning: The sweat lodge ceremony, as intended - CNN",health,health,1,0.5418688191360919
1243,Can a survivor find solace in return to scene of rape? - CNN,news,us,11,0.5344562069325366
1245,The public and private faith of Hillary Clinton - CNNPolitics,politics,politics,7,0.8038670508237635
1247,The abortion travel agent and other tales from Texas' new desert - CNN,health,health,7,0.4878862643717172
1249,Transgender teen: 'I'm not the Obamacare kid anymore' - CNN,health,health,7,0.3688253899693725
1251,A war hero who was a stranger in his own land - CNN,news,us,1,0.449574246025567
1253,Waco biker shootout: Did nine bikers die over a patch? - CNN,news,us,7,0.35395198320347104
1255,Most diverse place in America is not where you think - CNN,news,us,11,0.6806685945912089
1257,Billionaire's Beach just got a lot less exclusive - CNN,news,us,2,0.5513909669808564
1259,A man of science confronts demonic possession - CNN,health,health,2,0.8981463152686259
1261,Coincidences: What causes them? - CNN,news,us,8,0.8854153594947081
1263,'Foxcatcher': The crazy du Pont next door  - CNN,entertainment,entertainment,8,0.8854148328050591
1265,Before Orlando: The (former) deadliest LGBT attack in U.S. history - CNN,health,health,8,0.49562019696348336
1267,Paris survivor stories: Friday night interrupted - CNN,news,world,1,0.40394384022209484
1269,On patrol with Skid Row's 'angel cop'  - CNN,news,us,11,0.850384877207544
1271,'I'm the original voice of Siri' - CNN,business,tech,2,0.38926196613811304
1273,The FLDS bodyguard who turned on his 'prophet' - CNN,news,us,11,0.9083299900300104
1275,Driven to death by phone scammers - CNN,news,us,11,0.578076203714797
1277,"After Nepal quake: Heaven, dotted with pockets of hell - CNN",news,world,10,0.908330364386707
1279,The new women's movement: Reviving the ERA fight - CNN,news,us,8,0.4944993241780238
1281,The politics of feminism: An unlikely partnership - CNN,news,us,7,0.47295708411193854
1283,Women in the world: Where the U.S. falters - CNN,news,us,11,0.36950072699835323
1285,A young ballclub barnstorms the Deep South   - CNN,news,us,11,0.31841806396203615
1287,Epik is a refuge for the deplatformed far right. Here's why its CEO insists on doing it - CNN,business,business,1,0.5728974847290321
1289,"Biden vowed to close federal private prisons, but prison companies are finding loopholes to keep them open - CNNPolitics",politics,politics,7,0.31225691241150316
1291,Fears of unlikely federal gun-control measures lead to raft of state laws - CNNPolitics,politics,politics,7,0.40231449875870356
1293,Roger Golubski: Federal grand jury investigating Kansas City cop who allegedly 'exploited and terrorized' Black residents for decades - CNN,news,us,11,0.4577824124911819
1295,Texas abortion ban is an early glimpse of what post-Roe America would look like for women  - CNN,news,us,7,0.414087087608262
1297,Government suspends training at sea after college student says she and others were raped  - CNN,business,business,11,0.5004181890683423
1299,"Maersk investigates alleged rape of 19-year-old during federal training program
 - CNN",business,business,11,0.3743765979862504
1301,"Beta Operating Company, operator of leaking oil infrastructure, has record of violations - CNN",news,us,2,0.4868443576235735
1303,Compassionate release became a life-or-death lottery for thousands of federal inmates during the pandemic  - CNN,news,us,9,0.3896742763041394
1305,Trump's efforts to subvert the 2020 presidential election could put future fair elections in jeopardy - CNNPolitics,politics,politics,6,0.9490732487956336
1307,"As Herschel Walker eyes a Georgia Senate seat, a newly revealed stalking claim brings his troubled history under new scrutiny  - CNNPolitics",politics,politics,8,0.26613063242023244
1309,MyPillow CEO Mike Lindell's latest election conspiracy theory is his most bizarre yet   - CNNPolitics,politics,politics,7,0.7616231344560563
1311,One of the last Guantanamo detainees is a litmus test for Biden - CNNPolitics,politics,politics,7,0.6430807326216842
1313,Candidates echo fake Arizona fraud claims with an eye on 2022 - CNNPolitics,politics,politics,7,0.5201957175987479
1315,Surfside building collapse could lead to new Florida laws - CNN,news,us,11,0.5915187968797406
1317,Report found Surfside condo association was deeply underfunded as repair bills piled up - CNN,news,us,11,0.5111341828708851
1319,"'Tragedy beyond tragedy': Over a week after Surfside condo collapse, questions remain unanswered - CNN",news,us,2,0.9460773408726317
1321,"Champlain Towers South engineering firm failed to keep occupants safe, lawsuit alleges - CNN",news,us,11,0.9633328902752074
1323,"Florida condo was 'shaking all the time' during luxury tower construction next door, according to residents - CNN",news,us,8,0.5277026735331696
1325,Another lawsuit has been filed against the condo association after deadly collapse in Surfside - CNN,news,us,11,0.6917524509569465
1327,Surfside condo owners in Florida building were facing assessments for $15 million worth of repairs - CNN,news,us,2,0.6827261724293955
1329,Surfside condo collapse: Engineers search for the cause - CNN,news,us,2,0.5343798026320015
1331,Champlain Towers South: Mystery of what caused the Florida condo collapse deepens - CNN,news,us,11,0.5160042945941745
1333,Four of the five victims killed in Florida building collapse were identified. 156 people remain unaccounted for - CNN,news,us,2,0.4708999361449677
1335,Ashli Babbitt: How her death in the Jan. 6 Capitol Hill riot became so polarizing - CNNPolitics,politics,politics,7,0.6750808095946951
1337,Arizona election audit: His cybersecurity firm is working on the 'audit'. But people who know him have questions - CNNPolitics,politics,politics,7,0.4571598654113576
1339,"Federal safety regulators investigating AmazonBasics products highlighted in CNN report 
 - CNN",business,business,11,0.9517530437538956
1341,Community Health Systems: One of America's largest hospital chains has been suing patients during the pandemic - CNN,news,us,10,0.7203411008795957
1343,Arizona audit funding cloaked in secrecy - CNNPolitics,politics,politics,11,0.48536379233921995
1345,Huge immigrant visa backlog poses challenge for Biden - CNNPolitics,politics,politics,10,0.588603416252147
1347,Gaetz probe includes scrutiny of potential public corruption tied to medical marijuana industry  - CNNPolitics,politics,politics,7,0.4718369255632197
1349,Minneapolis police still use force on Black people at disproportionate rate - CNNPolitics,politics,politics,8,0.40462480751348856
1351,"Fake tax preparer exposed by CNN charged with Covid-19 loan fraud 
 - CNN",business,business,11,0.6079780549481004
1353,CNN analysis: Georgia's proposed weekend voting restrictions would strike at Black voters - CNNPolitics,politics,politics,7,0.4993812400765696
1355,"Ahmad Al Aliwi Alissa: What we know about the Boulder, Colorado, mass shooting suspect - CNN",news,us,10,0.36702401487087094
1357,Former state senator Frank Artiles charged in spoiler candidate scheme - CNNPolitics,politics,politics,11,0.60831902005834
1359,Fake tax preparer gets six Covid-19 bailout loans worth more than $1 million  - CNN,business,business,10,0.6605574743622189
1361,How White nationalists evade the law and continue profiting off hate  - CNN,news,us,1,0.9345220772827696
1363,Government action took months as nursing home workers died during the pandemic - CNN,news,us,10,0.4367685911291592
1365,Man in far-right militant group joined Capitol mob after appearing with Trump ally Roger Stone - CNNPolitics,politics,politics,7,0.35114268283376254
1367,Leaders of the anti-vaccine movements used 'Stop the Steal' to crusade to advance their own conspiracy theories  - CNNPolitics,politics,politics,6,0.9563478613038097
1369,They stormed the Capitol to overturn the results of an election they didn't vote in - CNN,news,us,4,0.3080236619116056
1371,Vaccine rollout stumbles as a 'Hunger Games' approach leaves states and counties to fend for themselves  - CNN,news,us,9,0.2736353226216121
1373,"Proud Boys, right-wing extremists and their supporters use Christian website GiveSendGo to raise funds - CNN",news,us,1,0.4695630889984599
1375,Former Trump campaign staffers worked on National Mall rally the day of the Capitol riot - CNNPolitics,politics,politics,7,0.8054450271904672
1377,How Trump allies stoked the flames ahead of Capitol riot  - CNNPolitics,politics,politics,7,0.6349179922016405
1379,Giuliani uses unfounded 'Antifa' argument to defend Trump - CNNPolitics,politics,politics,7,0.9583327331329629
1381,Some GOP lawmakers' speeches helped set the tone for Capitol riot. Now that rhetoric is drawing blowback from colleagues.  - CNNPolitics,politics,politics,7,0.6423650092003753
1383,"Military vets were among the Capitol Hill rioters, protesters - CNN",news,us,1,0.7845263565501441
1385,Robert Keith Packer: Man in 'Camp Auschwitz' sweatshirt during Capitol riot identified - CNNPolitics,politics,politics,8,0.35050136110811414
1387,DC police made far more arrests at height of Black Lives Matter protests than during Capitol clash - CNN,news,us,7,0.5037864180939611
1389,Extremists intensify calls for violence ahead of Inauguration Day - CNN,news,us,7,0.6066726409444082
1391,"Insurrection a stunning show of force for conspiracy groups, extremists and fringe movements - CNN",news,us,4,0.6009631726911615
1393,Marcus Rashford: Manchester United star racially abused online - CNN,sport,football,0,0.43846457358150914
1394,100-year-old UK fundraising hero Tom Moore hospitalized with Covid-19 - CNN,news,uk,10,0.3014498583643728
1395,Copa Libertadores: Palmeiras fans gather to celebrate dramatic win  - CNN,sport,football,0,0.39245334079235883
1396,Austrian man leaves fortune in will to French village that hid his family from Nazis - CNN,news,europe,6,0.5124911182716156
1397,Five men arrested after asylum center set ablaze in UK - CNN,news,uk,3,0.5790286378113607
1398,Reece James: Chelsea left 'disgusted' by online racism directed at defender - CNN,sport,football,7,0.5061352343751582
1399,Russian activist Navalny's foundation calls on Biden to sanction Putin's closest allies  - CNN,news,europe,5,0.36464325864913344
1400,AstraZeneca vaccine: EU regulators recommend authorization of Covid-19 shot - CNN,news,europe,10,0.9618050128687788
1401,Analysis: The EU and UK's fight reveals the ugly truth about vaccine nationalism - CNN,news,europe,10,0.5630317687996362
1402,Sofia Kenin: 'The atmosphere is going to be loud' at the Australian Open - CNN,sport,tennis,4,0.6902243287011565
1403,"Freddy the Great Dane, the tallest dog in the world, has died - CNN",news,uk,11,0.4575805863850476
1404,Australian Open: Maskless crowds pack tennis exhibition in Covid-free Adelaide - CNN,sport,sport,4,0.4939142985487437
1405,Some dogs can learn new words after hearing them only four times - CNN,news,europe,2,0.8012161279767552
1406,Liverpool FC vs. Tottenham Hotspur FC: Harry Kane injured again; Jose Mourinho frustrated - CNN,sport,football,0,0.8526856068041876
1407,"Royal family documentary, 'banned' for decades, is leaked onto YouTube - CNN",news,uk,7,0.5137523973135083
1408,Why do wombats poop cubes? Scientists may finally have the answer  - CNN,news,australia,10,0.6445768481595635
1409,Putin signs law extending New START nuclear arms treaty between US and Russia - CNN,news,europe,5,0.9351894904742802
1410,"Novavax vaccine is 89% effective in UK trial, but less so in South Africa - CNN",news,europe,10,0.9618048832511995
1411,Tokyo Olympics: Can vaccines save the Games?  - CNN,sport,sport,9,0.49255464701271723
1412,Manchester United stunned by bottom side Sheffield United as crazy Premier League season gets crazier - CNN,sport,football,0,0.9583327563066688
1413,"Alexey Navalny to remain in detention ahead of hearing next month, Russian court rules - CNN",news,europe,9,0.548390586245037
1414,"Poland abortion law: New restrictions go into effect, resulting in a near-total ban on terminations - CNN",news,europe,10,0.31493154515451866
1415,Naomi Osaka: Three-time grand slam champion invests in NWSL team North Carolina Courage - CNN,sport,tennis,4,0.569880301100035
1416,"German officials say AstraZeneca vaccine shouldn't be given to over-65s, citing lack of data - CNN",news,europe,10,0.9704297712082578
1417,"Pulling off Tokyo Olympics in 2021 will be a logistical nightmare, and the clock is ticking - CNN",sport,sport,9,0.7401268823935278
1418,Could post-vaccine life mean we return to normal? Not just yet - CNN,news,uk,4,0.3740067973570489
1419,Chechnya Fast Facts - CNN,news,europe,2,0.9427076826124274
1420,Yannick Bestaven wins round-the-world Vendée Globe race after helping to rescue fellow competitor - CNN,sport,sport,8,0.7494470935730115
1421,English National Opera singers are helping 'long Covid' patients breathe - CNN,news,europe,0,0.5166517316506687
1422,"With his mother hospitalized, Kamaiu Johnson unable to make PGA Tour debut after positive Covid-19 test - CNN",sport,golf,11,0.4334189400590546
1423,Yulia Navalnaya's husband Alexey Navalny was poisoned and detained. Now she is piling pressure on Vladimir Putin - CNN,news,europe,9,0.6269751501536848
1424,Beijing Olympics: The US has accused China of Xinjiang genocide. Will it now boycott the 2022 Games? - CNN,sport,sport,9,0.5125187485095454
1425,"Zlatan Ibrahimovic scores, clashes with Romelu Lukaku and gets red card in fiery Milan derby - CNN",sport,football,0,0.3679432642571037
1426,Dethroned Italian prince criticized over Holocaust Remembrance Day apology - CNN,news,europe,7,0.4198429457972711
1427,Rasmus Hojgaard: The teenage twins pushing each other to pro golf success - CNN,sport,golf,11,0.6329208027760538
1428,"UK Covid-19 deaths have hit 100,000. Experts say the government is still getting it wrong - CNN",news,uk,10,0.6408137773042999
1429,Sekou Smith: NBA reporter and analyst dies of Covid-19 - CNN,sport,sport,10,0.5148112746160145
1430,Sydney Test: India cricket fan details allegations of racial abuse by staff and supporters - CNN,sport,sport,6,0.5221433587911894
1431,Covid vaccine: Sanofi to help produce 100 million Pfizer/BioNTech vaccine doses - CNN,news,europe,10,0.9541662264588867
1432,Australian Open 2021: Nick Kyrgios feels 'safe' ahead of tournament as he credits the country for its Covid-19 response - CNN,sport,tennis,4,0.5232420718131329
1433,Margaret Court: Tennis great says she wasn't invited to Australian Open - CNN,sport,tennis,4,0.682681840589748
1434,"Kobe Bryant: 'I still have trouble with it' -- One year on, Lakers stars struggle to come to terms with NBA great's death - CNN",sport,sport,4,0.5970482100759069
1435,Thomas Tuchel appointed Chelsea manager  - CNN,sport,football,0,0.8315366140393077
1436,Medieval bones tell a stark tale of hard work and physical trauma - CNN,news,uk,2,0.6268305959536759
1437,Giuseppe Conte resigns as Italian Prime Minister in calculated move amid pandemic crisis - CNN,news,europe,1,0.6764066534791136
1438,2022 PGA Championship: 'Tough-but-fair' Tulsa course to host major after event taken away from Trump National Golf Club - CNN,sport,golf,6,0.5982024807450717
1439,Rafael Nadal calls for 'wider perspective' from players in quarantine ahead of the Australian Open - CNN,sport,tennis,4,0.8770534069116922
1440,UK police officers facing fines after having haircuts at police station - CNN,news,uk,8,0.7062648298930264
1441,Jessica Korda: Sisters have a weekend on LPGA Tour they'll never forget - CNN,sport,golf,7,0.565559249572931
1442,Chelsea sacks manager Frank Lampard - CNN,sport,football,0,0.5891106261656963
1443,Italy Prime Minister Giuseppe Conte will resign amid pandemic and political turmoil - CNN,news,europe,1,0.45233600168357124
1444,Russia protests: Hundreds detained as rallies in support of Navalny sweep across Russia - CNN,news,europe,9,0.9633324163873122
1445,UK lockdown: Brits fear it will take much longer to beat the new coronavirus variant - CNN,news,uk,10,0.7644310706070337
1446,Gymnast Nia Dennis earns praise for her 'Black excellence' routine - CNN,sport,sport,7,0.8981464554873617
1447,Tom Brady vs. Patrick Mahomes in the Super Bowl is 'like LeBron and Jordan playing in the Finals' - CNN,sport,sport,8,0.451644929363989
1448,UFC 257 results: Dustin Poirier defeats Conor McGregor with a knockout in the 2nd round  - CNN,sport,sport,3,0.9713538108207755
1449,Burns supper: Australian Open tennis stars urged not to feed mice in hotel rooms - CNN,sport,tennis,4,0.609236689460787
1450,Australian Open organizers schedule new warm-up event to benefit quarantining players - CNN,sport,sport,4,0.9583304745420544
1451,Mesut Ozil joins Fenerbahce from Arsenal as he vows to be a 'Gunner for life' - CNN,sport,football,0,0.5095881774558989
1452,Arsenal knocked out of FA Cup after defeat by Southampton - CNN,sport,football,4,0.37354817495334464
1453,Tyrrell Hatton wins Abu Dhabi Championship as Rory McIlroy fades on the final day - CNN,sport,golf,4,0.44795050490257277
1454,Maya Weug becomes first female driver to earn a spot in the Ferrari Driver Academy - CNN,sport,motorsport,5,0.4239793586634508
1455,LeBron James says 'it would be great' for LA Lakers to visit the White House - CNN,sport,sport,4,0.4794127505651393
1456,"Conor McGregor is one of the best UFC fighters at 'getting under your skin,' says rival Dustin Poirier - CNN",sport,sport,3,0.9683903812521095
1457,"Vatican bank's former chief found guilty of money laundering, sentenced to nearly 9 years in prison - CNN",news,europe,1,0.25184078638026547
1458,"Covid variant found in UK may be more deadly than others, says Boris Johnson - CNN",news,uk,1,0.6695663785444804
1459,Olympics 2021: Japan and IOC determined to hold Tokyo Games despite cancellation rumors - CNN,sport,sport,9,0.968390212333271
1460,Police shut down ultra-Orthodox Jewish wedding with 150 guests amid London lockdown - CNN,news,uk,8,0.5837744886104554
1461,Vladimir Putin presents a Russia-sized foreign-policy headache for Biden - CNN,news,europe,7,0.519655668238592
1462,"Inauguration cool: Forget the outfits, everyone is talking about the kicks - CNN",sport,sport,7,0.561383363675518
1463,Liverpool's shock defeat to Burnley ends 68-game unbeaten run at Anfield - CNN,sport,football,0,0.6968810525230196
1464,Sam Bird: Formula E driver on the race of his life - CNN,sport,motorsport,8,0.6536467225264573
1465,Paula Badosa becomes first Australian Open tennis player to reveal positive Covid-19 test - CNN,sport,sport,6,0.4895409113184426
1466,European countries mandate medical-grade masks over cloth face coverings - CNN,news,europe,10,0.9618051392086568
1467,Cannabis factory found near the Bank of England - CNN,news,uk,10,0.4425336915033674
1468,Real Madrid suffers humiliating defeat to third-division side Alcoyano - CNN,sport,football,6,0.7081012621627566
1469,"Bees aren't getting enough sleep, thanks to some common pesticides  
 - CNN",news,europe,11,0.8690457150228327
1470,Golden State Warriors pay tribute to Kamala Harris in 'great day' for Oakland - CNN,sport,sport,11,0.5555990643364785
1471,"Glastonbury 2021 canceled, with festival called off for second consecutive year - CNN",news,uk,0,0.41084525929658783
1472,"Madrid explosion: 3 dead, several injured as explosion rocks Spanish capital  - CNN",news,europe,6,0.7136901727469083
1473,Novak Djokovic says 'good intentions' were 'misconstrued' following backlash to list of proposals ahead of Australian Open - CNN,sport,tennis,4,0.7541566743050014
1474,Tiger Woods puts season on hold after fifth back operation of his career  - CNN,sport,golf,2,0.5655003654259178
1475,Navalny releases investigation into decadent billion-dollar 'Putin palace' - CNN,news,europe,5,0.6084520027400526
1476,43 people drown after migrant boat capsizes in the Mediterranean - CNN,news,europe,1,0.6717772044270757
1477,"Butterflies clap their wings in flight, propelling themselves forward  - CNN",news,europe,6,0.8690440186809294
1478,Australian Open turmoil raises questions for Tokyo Olympics in 2021 - CNN,sport,sport,9,0.39611766274628446
1479,Tyrrell Hatton: PGA golf star says 2020 is 'the best of my career so far' - CNN,sport,golf,11,0.6227424871241851
1480,Annika Sorenstam defends accepting Presidential Medal of Freedom a day after US Capitol riots - CNN,sport,golf,8,0.786660577947737
1481,"World leaders welcome Biden with praise, pleas, and parting shots at Trump - CNN",news,europe,1,0.6043537445793368
1482,"London's ICU nurses detail 'diluted' care, depression and disaster during the UK's deadly second wave - CNN",news,uk,1,0.5171475888271944
1483,Spanish police seize more than 2 tons of cocaine hidden in charcoal - CNN,news,europe,8,0.3842392122734641
1484,India achieves stunning Test victory over Australia with record-breaking run chase - CNN,sport,sport,6,0.4833078904982003
1485,Zlatan Ibrahimovic double restores AC Milan's three-point lead at the top of Serie A - CNN,sport,football,3,0.5340019230303664
1486,Russian President Vladimir Putin takes an icy dip to mark Epiphany - CNN,news,europe,5,0.8013483756469459
1487,Jared Porter: New York Mets fire general manager after reportedly sending explicit pictures to female reporter - CNN,sport,sport,1,0.41644596284833146
1488,Anzac Day plot: Britain's youngest convicted terrorist now 'suitable for release' - CNN,news,uk,8,0.3230392104957989
1489,"Fortnite, Pele and elite football clubs collaborate - CNN",sport,sport,0,0.6575565413275487
1490,Alexey Navalny detained on return to Moscow five months after being poisoned - CNN,news,europe,9,0.6274424509448281
1491,Australian Open tennis stars get creative with practice while stuck in hotel quarantine - CNN,sport,tennis,4,0.7860574576288497
1492,Australian Open 2021: Quarantining tennis players voice 'unequal practice' frustrations - CNN,sport,tennis,4,0.771716619572576
1493,Alexey Navalny to be held in custody for a month following his return to Russia  - CNN,news,europe,9,0.6781115356911022
1494,Sofia Bekatorou: Olympic medalist's decision to speak out over alleged 1998 sexual assault sparks public outcry in Greece - CNN,sport,sport,10,0.4415107296698144
1495,Tom Brady guides the Tampa Bay Buccaneers to victory over the New Orleans Saints - CNN,sport,sport,8,0.9770829746950296
1496,Global sport's problem with the appropriation of Indigenous culture  - CNN,sport,sport,10,0.4705181648396774
1497,Luka Doncic surpasses Michael Jordan with yet another triple-double  - CNN,sport,sport,4,0.6699155714078739
1498,Lionel Messi sent off in Barcelona's Super Cup final defeat to Athletic Bilbao - CNN,sport,football,1,0.30560775129313583
1499,America's Cup: Patriot 'flying yacht' capsizes in gusty conditions - CNN,sport,sport,5,0.938887591442747
1500,Trump has trashed America's most important alliance. The rift with Europe could take decades to repair - CNN,news,europe,7,0.568283534957675
1501,Premier League: The art of winning a penalty sparks debate - CNN,sport,football,0,0.9490731508016221
1502,NFL cheerleaders: New documentary explores exposes the underbelly of a seemingly glamorous pursuit  - CNN,sport,sport,0,0.8854116845330078
1503,Justin Thomas: Ralph Lauren cuts ties with golfer for using anti-gay slur - CNN,sport,sport,0,0.9490732565789393
1504,Martin Luther King Day: Legacy of 'I have a dream' speech becomes nightmare for Atlanta sports team owner  - CNN,sport,sport,8,0.4922398725557011
1505,NFL playoffs: Quarterbacks Tom Brady and Drew Brees go head-to-head as New Orleans Saints play Tampa Bay Buccaneers - CNN,sport,sport,8,0.6477283907473156
1506,Justin Thomas apologizes for using 'inexcusable' anti-gay slur - CNN,sport,golf,0,0.6419401525901516
1507,Salisbury Cathedral: Covid-19 vaccines are given with organ music - CNN,news,uk,10,0.5983868490119723
1508,47 Australian Open players in quarantine after positive Covid-19 tests on two charter flights - CNN,sport,tennis,6,0.4911451511785592
1509,Belgium protests over a man's death in police custody result in more than 100 arrests - CNN,news,europe,8,0.6942051141938632
1510,Dakar Rally rider Pierre Cherpin dies after sustaining injuries in crash - CNN,sport,motorsport,2,0.6188581111454143
1511,Angel Cabrera: Two-time golf major winner arrested in Brazil - CNN,sport,golf,2,0.3785663239695757
1512,Man who accidentally threw out a bitcoin fortune offers $70 million for permission to dig it up - CNN,news,uk,6,0.44202929165935273
1513,James Naismith: Google doodle celebrates basketball inventor - CNN,sport,sport,4,0.49176748412394944
1514,Dutch government resigns over child welfare fraud scandal - CNN,news,europe,5,0.6743790192320328
1515,"England's schools were mostly open in 2020, but 2021 is a different story - CNN",news,uk,1,0.44778931928857885
1516,Pope Francis gets first dose of Covid-19 vaccine - CNN,news,europe,10,0.961805398887407
1517,A Best Western hotel in London is now taking in Covid-19 patients as hospitals run out of beds - CNN,news,uk,10,0.8238339308571059
1518,Houston Rockets trade James Harden to Brooklyn Nets in blockbuster three-team deal - CNN,sport,sport,4,0.5799181804475899
1519,UK: Black women are four times more likely to die in childbirth than their White counterparts. Little is being done to find out why - CNN,news,uk,7,0.5975334495385072
1520,Russian woman who swam under Siberia's ice may have broken the world record - CNN,sport,sport,11,0.44821776937418434
1521,France taken to court over 'climate inaction' in landmark case - CNN,news,europe,2,0.8553265049673408
1522,Tennys Sandgren: US tennis player boards plane to Australian Open despite positive Covid-19 test  - CNN,sport,tennis,6,0.543337650901052
1523,"England considers putting Covid patients in hotels, as study reveals deep trauma among ICU workers - CNN",news,uk,10,0.5454899444541043
1524,Chapecoense earns promotion back to Brazil's top division - CNN,sport,football,5,0.3873278845125144
1525,Italy targets violent clan in biggest mafia trial in decades - CNN,news,europe,8,0.32416233720203996
1526,Megan Rapinoe condemns US Capitol riots as 'White supremacy mob' - CNN,sport,football,6,0.5148109937830314
1527,"Marcus Rashford shares 'unacceptable' food parcels, prompting UK government investigation - CNN",news,uk,11,0.42120794506408094
1528,2021 Masters to allow return of limited number of fans - CNN,sport,golf,2,0.7362459437654976
1529,LeBron James hits no-look three pointer to win mid-game bet with teammate in LA Lakers rout - CNN,sport,sport,4,0.7256286484772587
1530,"Ireland's mother and baby homes: 9,000 babies and children died in 18 mother and baby homes, report says - CNN",news,europe,10,0.8708733379354312
1531,"Manchester United moves top, but 'no hugs' in future as EPL grapples with Covid-19 spike - CNN",sport,football,0,0.44661709822123924
1532,Alexey Navalny says he will return to Russia on Sunday after being poisoned - CNN,news,europe,9,0.6285639704497801
1533,Ireland has the world's highest Covid-19 rate. How did it go so wrong? - CNN,news,europe,10,0.4859900451291954
1534,"Climate change is making baby sharks smaller, undernourished and exhausted  - CNN",news,australia,2,0.5413390818103418
1535,David Attenborough receives Covid-19 vaccine - CNN,news,uk,10,0.6846638814708479
1536,Kazuyoshi Miura: 53-year-old signs contract extension to play in his 36th professional season - CNN,sport,football,0,0.45302182748808395
1537,Celtic draws with Hibernian after 15 players and coaching staff forced to self-isolate - CNN,sport,football,6,0.5356474282025863
1538,Tiger Woods documentary: 'He's not going to like this sh*t at all' - CNN,sport,golf,2,0.951753599882989
1539,UK coronavirus: Country enters 'worst point' of pandemic as cases rise and bodies pile up - CNN,news,europe,10,0.48745111848233047
1540,Australia vs. India Test: Fans ejected from Sydney Test as cricket launches probe into alleged racist abuse - CNN,sport,sport,6,0.4471809332062653
1541,Virat Kohli and wife Anushka Sharma announce arrival of baby girl - CNN,sport,sport,7,0.8367802373929621
1542," After difficult injury run, Ana Konjuh closes in on grand slam return with battling Australian Open qualifying win - CNN",sport,tennis,4,0.8223766880397888
1543,Cleveland Browns overcome history and adversity to win first playoff game for 25 years - CNN,sport,sport,6,0.7876920060443052
1544,R&A has no plans to stage future championships at Trump-owned Turnberry Golf Course - CNN,sport,golf,4,0.9541647628695656
1545,"Hubert Auriol: Dakar Rally legend, who won the race three times, has died - CNN",sport,motorsport,11,0.7813605146758088
1546,Freediver Stig Severinsen swims 662 feet underwater - CNN,sport,sport,0,0.44001584364259905
1547,AC Milan: Serie A title bid gathers pace for European football's most improved team - CNN,sport,football,3,0.41736698718343135
1548,Queen Elizabeth and Duke of Edinburgh receive Covid-19 vaccine - CNN,news,uk,3,0.5445221755350366
1549,Pope Francis says he is in line to take Covid-19 vaccine - CNN,news,europe,10,0.9618050604199164
1550,Louie Barry: 17-year-old lights up English football with goal for Aston Villa against Liverpool in FA Cup - CNN,sport,football,3,0.49904325760372154
1551,"Huge sinkhole opens up outside Naples hospital, forcing evacuation of Covid patients - CNN",news,europe,10,0.7598799853912612
1552,"Schalke vs. Hoffenheim: After 30 league games without a win, Bundesliga team stops the rot with 4-0 victory as Matthew Hoppe scores hat-trick - CNN",sport,football,0,0.5263027721556115
1553,Karim Benzema to face trial over alleged involvement in blackmail scheme - CNN,sport,football,6,0.9660490697491294
1554,'World's unluckiest burglars' arrested after pocket-dialing police during robbery - CNN,news,uk,8,0.8690462175055725
1555,"Draymond Green: 'They're not f**king protesters, they're f**king terrorists' - CNN",sport,sport,11,0.49152203937195765
1556,Europe: Covid death records shattered as London declares 'major incident' - CNN,news,europe,10,0.7962822961345487
1557,'You just show them the photos.' How LeBron James says he talks to his children about the double standard of the US Capitol riots - CNN,sport,sport,4,0.5307411769540176
1558,Alex Apolinario: Brazilian football player dies aged 24 - CNN,sport,football,11,0.6424321604651935
1559,Moderna Covid-19 vaccine authorized by UK medicines regulator - CNN,news,uk,10,0.764180518891374
1560,"Police hunt man who allegedly injected woman, 92, with 'fake Covid-19 vaccine' - CNN",news,uk,10,0.6730975008542374
1561,"LeBron James 'in that same genre' as Muhammad Ali for sport, according to legendary NBA coach Gregg Popovich - CNN",sport,sport,5,0.3666755713737516
1562,Bruce Maxwell: MLB star took a knee and then his life unraveled in Donald Trump's America - CNN,sport,sport,7,0.33516662648833895
1563,Lionel Messi scores twice as Barcelona beats Athletic Bilbao - CNN,sport,football,1,0.4124640415261751
1564,Sports world sees two Americas in policing of DC riot and Black Lives Matter protests - CNN,sport,sport,7,0.6758114599439442
1565,"Collin Morikawa: After 'life-changing' major win, US star says fame won't change him - CNN",sport,golf,4,0.5528997851281423
1566,John Dillermand: New Danish children's TV show features a man with a massive penis - CNN,news,europe,8,0.4134509477670758
1567,WHO calls for more intensified measures to fight UK coronavirus variant - CNN,news,europe,10,0.9601440780604124
1568,LeBron James disappointed after officers involved in the shooting of Jacob Blake will not face charges - CNN,sport,sport,8,0.398329605279732
1569,Julian Assange bail: UK judge denies bail for WikiLeaks founder - CNN,news,uk,8,0.6979610524347969
1570,Moderna approved in EU: European Union authorizes Moderna's Covid-19 vaccine - CNN,news,europe,10,0.9583330312141287
1571,"LeBron James looks for WNBA win over Kelly Loeffler after leading Lakers to victory,  - CNN",sport,sport,4,0.5340669462604467
1572,Jose Mourinho one match away from ending Tottenham Hotspur's 13-year trophy drought - CNN,sport,football,0,0.7728417739874007
1573,"Martin Kenyon: British man, 91, gets second dose of Covid-19 vaccine  - CNN",news,uk,10,0.9633322090002054
1574,Norway ends rescue effort for survivors six days after landslide - Prime Minister - CNN,news,europe,1,0.3625335355193584
1575,How Dustin Johnson's speedy approach could help golf's pace of play  - CNN,sport,golf,9,0.7332317478830952
1576,"Neanderthal burials: Child's skeleton buried 41,000 years ago may solve mystery - CNN",news,europe,8,0.8968123423638626
1577,UK says aircraft carrier strike group is ready to deploy. China's already watching - CNN,news,europe,7,0.9294855427200354
1578,UK lockdown: Boris Johnson imposes harsh new measures as new Covid-19 variant spreads - CNN,news,uk,1,0.5208541220105664
1579,Jurgen Klopp: Liverpool boss takes a swipe at Manchester United after frustrating defeat  - CNN,sport,football,0,0.8013238465787234
1580,NBA: Luka Doncic creates another piece of history as he outbattles James Harden  - CNN,sport,sport,11,0.5747699207049911
1581,"As coronavirus cases spiral, Europe starts 2021 by extending lockdowns  - CNN",news,europe,10,0.8412549059681137
1582,"Two Barcelona first-team staff test positive for Covid-19, club says - CNN",sport,football,6,0.8358071439286996
1583,Julian Assange: US extradition request for Wikileaks founder rejected by UK judge - CNN,news,uk,8,0.6158730452983234
1584,Oxford/Astra Zeneca vaccine: UK becomes first to roll out shots as Covid-19 cases surge - CNN,news,uk,10,0.6676368036295847
1585,Cristiano Ronaldo scores twice in Juventus win - CNN,sport,football,5,0.958332590691743
1586,Steph Curry scores career-high 62 points in Golden State Warriors victory - CNN,sport,sport,11,0.8252687982891607
1587,Norway landslide: rescuers continue their search for survivors days after tragedy struck - CNN,news,europe,11,0.8573582563508539
1588,"Paul Westphal, NBA player and coach, dies at 70 - CNN",sport,sport,11,0.9601444120579335
1589,NFL legend Floyd Little dies at 78 - CNN,sport,sport,11,0.9460758267928844
1590,2020's alternative universe is not going away   - CNN,news,uk,8,0.38633649661268177
1591,UK Prime Minister Boris Johnson 'reconciled' to tougher Covid-19 restrictions as cases soar - CNN,news,uk,1,0.5871836217044044
1592,Petra Vlhova crowned 'Snow Queen' with Zagreb slalom win - CNN,sport,sport,5,0.36709311887945056
1593,Premier League stars condemned for Covid lockdown breach - CNN,sport,football,0,0.6936818431889965
1594,Covid-hit Manchester City cruises to win at struggling Chelsea - CNN,sport,football,0,0.9144461775256356
1595,"More than 2,000 attend illegal New Year's party in France, despite coronavirus restrictions - CNN",news,europe,10,0.3682572628577992
1596,'Tampon tax' abolished on menstrual products in UK - CNN,news,uk,11,0.4600885386312382
1597,UK emergency Covid-19 field hospitals asked to be 'ready' to admit patients - CNN,news,uk,10,0.9683904387811493
1598,2020 stretched the social fabric of the United Kingdom. 2021 could rip it to pieces - CNN,news,uk,1,0.39613518356060734
1599,PSG appoints Mauricio Pochettino as new coach - CNN,sport,football,0,0.9460764552811648
1600,Premier League club owner defends Leeds United tweet that led to online abuse of pundit Karen Carney - CNN,sport,football,0,0.7075085768820774
1601,2020 was a terrible year for Europe. 2021 is unlikely to be any better - CNN,news,europe,10,0.385714179796842
1602,Manchester United draw level with Liverpool as Fernandes penalty sees off Villa - CNN,sport,football,0,0.7965302894869773
1603,Australia changes national anthem to reflect Indigenous history - CNN,news,australia,0,0.5199020573352335
1604,US Soccer scraps anthem-kneeling policy - CNN,sport,football,0,0.550873374888535
1605,Russia launches satellite to monitor climate in Arctic - CNN,news,europe,5,0.4983276832580664
1606,Anna Hursey: Table tennis prodigy is helping US President Biden tackle the climate crisis - CNN,sport,sport,1,0.8409285248860853
1607,LeBron James hits back at Zlatan Ibrahimovic criticism of political activism - CNN,sport,sport,4,0.530506986355365
1608,Pau Gasol: Spanish basketball star on helping others after retirement  - CNN,sport,sport,6,0.525079208126344
1609,"Captain Tom Moore, 100-year-old UK fundraising hero, honored at funeral - CNN",news,uk,3,0.34912822921649134
1610,Six Nations: England coach Eddie Jones discusses pitfalls of social media - CNN,sport,sport,7,0.5496258354778543
1611,WNBA team Atlanta Dream sold to new owners -- including a former player - CNN,sport,sport,0,0.43056649799801183
1612,China Uyghurs: Dutch parliament becomes second in a week to accuse Beijing of genocide in Xinjiang - CNN,news,europe,5,0.5656798077085792
1613,Caster Semenya appeals to European Court of Human Rights over 'discriminatory' testosterone limit - CNN,sport,sport,2,0.6241022587375409
1614,Elephant kills Spanish zookeeper with one strike from trunk  - CNN,news,europe,6,0.6236729209788592
1615,"His rescue at a London protest inspired Michelle Obama and Prince Harry. Now, Patrick Hutchinson is turning his moment into a movement - CNN",news,uk,7,0.4789021112817976
1616,Kobe Bryant: Brooklyn Nets star Kyrie Irving calls for NBA to change its logo  - CNN,sport,sport,9,0.5811320524529886
1617,"Shamima Begum: UK teen who joined ISIS not allowed to return home to fight for citizenship, court rules - CNN",news,europe,2,0.526141604567849
1618,Annika Sorenstam's return to golf brings 'Tiger feeling' after 13-year absence - CNN,sport,golf,8,0.6576995574488531
1619,British Gymnastics faces legal action over alleged 'systemic physical and psychological abuse' - CNN,sport,sport,7,0.43779629471560827
1620,"Armenian Prime Minister calls army's demand for his resignation an attempted ""military coup"" - CNN",news,europe,1,0.6489986025184123
1621,"We should be grateful that Tiger Woods is alive, 'that his kids haven't lost their dad,' says an emotional Rory McIlroy - CNN",sport,golf,2,0.5674475293234835
1622,"Olympics 2032: Brisbane is 'preferred host' for Summer Games, IOC announces - CNN",sport,sport,9,0.9738085865662337
1623,Lockdown has made London a boomtown for rats - CNN,news,uk,11,0.4126004656564821
1624,Alisson Becker: Father of Liverpool goalkeeper drowns in southern Brazil  - CNN,sport,football,11,0.4278920192578653
1625,Vaccines 'encouraged' but not compulsory for athletes at Tokyo: Coates - CNN,sport,sport,9,0.49274941726411803
1626,Danielle Kang: Grief over her father's death helped drive golfer to major success  - CNN,sport,golf,6,0.9517527580651872
1627,Real Madrid breaks Atalanta hearts with late goal after controversial red card in Champions League - CNN,sport,football,4,0.9694438660969806
1628,Narendra Modi Stadium: World's largest cricket ground hosts its first Test match in India - CNN,sport,sport,6,0.949072478051727
1629,Michelle Wie West: Golf world rallies following Rudy Giuliani's 'highly inappropriate' comments on Steve Bannon podcast  - CNN,sport,golf,4,0.5845719420099533
1630,Thierry Henry steps down as coach of CF Montreal due to family reasons - CNN,sport,football,0,0.6193401018959032
1631,"Boris Johnson's vaccine strategy gets another boost, while Europe's scramble for shots continues - CNN",news,uk,10,0.4243812579582406
1632,Germany's Merkel warns of third wave if lockdown is lifted too quickly - CNN,news,europe,6,0.42715687737908087
1633,Boris Johnson lays out go-slow plan to take England out of lockdown by summer - CNN,news,uk,1,0.49666846994113295
1634,Forest Green Rovers hope recycled coffee kit will prove a good fit - CNN,sport,football,0,0.4060557979147493
1635,Cocaine worth billions of euros seized in Europe's biggest ever bust    - CNN,news,europe,2,0.5931810246349802
1636,"Lebron James, Naomi Osaka and Lewis Hamilton shortlisted in Laureus Awards after year of athlete activism - CNN",sport,sport,5,0.4865251467196307
1637,David Vencl: Czech free-diver breaks ice-swim world record - CNN,sport,sport,11,0.7257777875257937
1638,Daphne Caruana Galizia murder suspect pleads guilty - CNN,news,europe,8,0.41723794664367736
1639,Hsieh Su-Wei: Tennis maverick reflects on memorable Australian Open  - CNN,sport,tennis,4,0.7290324834987432
1640,Earl of Strathmore sentenced to 10 months in prison for sexual assault at his castle - CNN,news,uk,10,0.7534489747138117
1641,"Prince Philip has infection and will stay in London hospital for several days, palace says - CNN",news,uk,3,0.5559347781000828
1642,Soccer: US women's team 'past the protesting phase' of anthem debate - CNN,sport,football,0,0.613883715864558
1643,Spain: More child migrants are arriving alone to the Canary Islands than ever before. This is what happens to them. - CNN,news,europe,1,0.4191575540728373
1644,Actor Gérard Depardieu under investigation for alleged rape and sexual assault - CNN,news,europe,10,0.724746888556542
1645, Artemi Panarin: NHL star taking leave of absence after Russian media report left him 'shaken and concerned' - CNN,sport,sport,6,0.6347274175493722
1646,Erling Haaland: The making of football's 'humble' superstar who rewrote Champions League record book - CNN,sport,football,4,0.5305816894174084
1647,How Romain Grosjean's family inspired him to escape from a crash at the Bahrain Grand Prix - CNN,sport,motorsport,5,0.8330150392658875
1648,Tiger Woods is hopeful but uncertain he'll be fit for the Masters - CNN,sport,golf,2,0.6198801244809649
1649,Australian Open fans criticized for booing Covid-19 vaccine announcement  - CNN,sport,tennis,4,0.49316819095818476
1650,Britain challenges China at UN over access to Xinjiang - CNN,news,uk,7,0.9563479136693516
1651,Swimming: Ikee books Olympic qualifiers spot after leukaemia treatment - CNN,sport,sport,9,0.5012156027249688
1652,Why Britain's anti-immigration politicians are opening the doors to thousands of Hong Kongers - CNN,news,uk,1,0.9583322382834446
1653,Janet Jackson: College gymnast Margzetta Frazier had a surprise call from pop star -- and it got emotional  - CNN,sport,sport,7,0.9517527095671046
1654,"Netherlands: Plane's engine catches fire, dropping debris that injures two people in a Dutch town - CNN",news,europe,1,0.949073482520405
1655,Djokovic beats Medvedev in 2021 Australian Open final to claim 18th grand slam title - CNN,sport,tennis,4,0.9152615692369559
1656,Pablo Hasel protests rock Catalonia for fifth day - CNN,news,europe,8,0.9517531997529833
1657,How Biden fared in front of world leaders during his (virtual) global debut as US President - CNN,news,europe,7,0.46358771515994435
1658,Swansea City footballer Yan Dhanda 'angry and hurt' by racist abuse as he labels social media companies 'selfish' - CNN,sport,football,7,0.49388808835010317
1659,Jasmine Harrison: She's 21 and just became the youngest female to row solo across the Atlantic Ocean - CNN,sport,sport,9,0.9618043801890691
1660,H5N8: Russia tells WHO it has detected first case of avian flu strain in humans  - CNN,news,europe,10,0.5300924553404446
1661,"Alexey Navalny remains in jail as court rejects his appeal. Then he's fined $11,500 in defamation case - CNN",news,europe,9,0.9722213315259542
1662,"Boris Johnson's government is 'gaslighting' Britain about the realities of Brexit, critics say - CNN",news,europe,1,0.36351192979615216
1663,Naomi Osaka overcomes Jennifer Brady to win second Australian Open title - CNN,sport,tennis,4,0.8411895969259767
1664,Prince Harry and Meghan will not return as working members of royal family - CNN,news,uk,7,0.7838235634411932
1665,"Caught in a vaccine no man's land, these European countries are scrambling for Chinese and Russian shots - CNN",news,europe,10,0.6331646545994885
1666,Daniil Medvedev advances to debut Australian Open final with dominant win over Stefanos Tsitsipas - CNN,sport,tennis,4,0.9354066462308529
1667,Alpine skiing: Race director received death threats after parallel events - CNN,sport,sport,2,0.3886621834167126
1668,Europa League: Bruno Fernandes inspires Manchester United to victory against Real Sociedad - CNN,sport,football,0,0.9713535271815312
1669,"Sarah Thomas: Kicked out of basketball, she made it to the Super Bowl - CNN",sport,sport,10,0.41183963393410983
1670,Saeid Mollaei: Iranian judoka says he'll never forget the kindness of the Israeli team  - CNN,sport,sport,3,0.3583959038526637
1671,Prince Philip to stay in London hospital over the weekend - CNN,news,uk,3,0.46093872249678763
1672,NCAA will allow up to 25% capacity at all rounds of men's basketball tournament - CNN,sport,sport,9,0.7752022524833116
1673,Tokyo 2020: Don't be silent -- How a 22-year-old woman helped bring down the Tokyo Olympics chief - CNN,sport,sport,9,0.5097107260604435
1674,"LeBron James becomes the third NBA player to reach 35,000 career points - CNN",sport,sport,4,0.7820117513533672
1675,LGBTQ campaign a 'step in the right direction' for football - CNN,sport,sport,0,0.4722204129079377
1676,Handforth Parish Council's latest Zoom meeting was even worse than the viral original - CNN,news,uk,6,0.9541651081115935
1677,Novak Djokovic powers to Australian Open final after defensive masterclass against grand slam debutant Aslan Karatsev - CNN,sport,tennis,4,0.9633332339665117
1678,Colo-Colo: South American football giant avoids relegation after nerve-shredding playoff - CNN,sport,football,2,0.3235302329402278
1679,Naomi Osaka denies Serena Williams a shot at record-tying 24th major title at Australian Open - CNN,sport,tennis,4,0.6172610182860934
1680,"Chloe Kim: 'Oh my gosh, are you that snowboarder?' Olympic gold medallst goes to Princeton - CNN",sport,sport,10,0.46054384282068084
1681,Darya Chultsova and Yekaterina Andreyeva: Journalists given two years in prison for covering a protest in Belarus - CNN,news,europe,5,0.4998969189087417
1682,Prince Philip spends second night in London hospital - CNN,news,europe,3,0.5246360258067422
1683,"AstraZeneca's vaccine contract with the UK is based on 'best efforts,' just like its deal with a frustrated EU - CNN",news,europe,0,0.5468267505923249
1684,South Korean volleyball twins Lee Jae-yeong and Lee Da-yeong dropped amid bullying scandal - CNN,sport,sport,11,0.9683900405154451
1685,Happy Gilmore and Shooter McGavin are at it again! Twitter contest celebrates 25-year anniversary of movie - CNN,sport,golf,2,0.4449768541857282
1686,UK's Covid vaccine rollout is a much-needed win after bungled pandemic response - CNN,news,europe,10,0.7399868061633261
1687,Rafael Nadal stunned by Stefanos Tsitsipas' remarkable comeback which dumps him out of Australian Open - CNN,sport,tennis,4,0.9127209243671199
1688,Brexit: A majority of Britons aren't satisfied with how trade agreement turned out - CNN,news,uk,1,0.5083100420329392
1689,Champions League: Kylian Mbappe labeled a 'star for the future' as PSG sinks Barcelona - CNN,sport,football,4,0.4809634519545434
1690,Pablo Hasel: Protests in Catalonia over arrest of rapper in university standoff - CNN,news,europe,8,0.8012285493641396
1691,Ashleigh Barty stunned by Karolina Muchova in Australian Open quarterfinals - CNN,sport,tennis,4,0.5622536396490491
1692,"Prince Philip, Duke of Edinburgh, taken to hospital after feeling unwell - CNN",news,uk,7,0.5058751145871107
1693,Champions League: Borussia Dortmund beats Sevilla as Erling Haaland nets brace - CNN,sport,football,4,0.7358546817194564
1694,"Scott Miller, former Australian Olympic swimmer, charged in Sydney drug bust - CNN",sport,sport,10,0.3648969332262045
1695,"British veterans, sacked for being gay, allowed to get their medals back - CNN",news,uk,1,0.530561240795494
1696,RB Leipzig vs. Liverpool FC: Champions League fixture moved to Budapest amid travel restrictions - CNN,sport,football,3,0.44964679362681653
1697,Maxence Muzaton recalls miracle save from crash at skiing world championships - CNN,sport,sport,0,0.6305518636645786
1698,Hit TV show It's A Sin exposes failure to learn the lessons of the past - CNN,news,europe,11,0.24546095242251598
1699,Revelers attempt rooftop escape after illegal nightclub is shut down - CNN,news,uk,10,0.7664752223531127
1700,Australian Open: Serena Williams overcomes Simona Halep to set up blockbuster semifinal with Naomi Osaka - CNN,sport,tennis,4,0.5610617408021786
1701,Serena vs. Osaka: 'There's going to be some kind of big drama in the final' - CNN,sport,sport,4,0.38485167927010916
1702,Aslan Karatsev makes history at Australian Open with run to semis - CNN,sport,tennis,4,0.7605921839621543
1703,Australia PM Scott Morrison apologizes to former staffer Brittany Higgins allegedly raped in Parliament office - CNN,news,australia,1,0.7462808132431394
1704,Random Golf Club: The filmmaker looking to solve 'the problem of feeling unwelcome' in golf - CNN,sport,golf,4,0.9388868357983972
1705,Serena Williams shares video of her 3-year-old daughter Olympia training with tennis coach Patrick Mouratoglou - CNN,sport,tennis,11,0.9618043382443183
1706,Daniel Berger sinks eagle putt on the final hole to win at Pebble Beach - CNN,sport,golf,4,0.6828261830763875
1707,"Human remains found inside crocodile, amid hunt for missing fisherman Andrew Heard - CNN",news,australia,7,0.47208137902058384
1708,"Australian Open: Jessica Pegula, daughter of NFL team owners, stuns No. 5 seed Elina Svitolina to make quarterfinals - CNN",sport,tennis,4,0.6514936146714001
1709,Manchester United's Anthony Martial racially abused on social media after draw - CNN,sport,sport,7,0.494020444227262
1710,Olympics 2021: An earthquake at torch relay start point is just the Tokyo 2020 Games' latest crisis - CNN,sport,sport,9,0.38485960126906754
1711,"Catalonia's separatists increase majority, dialogue with Madrid in sight - CNN",news,europe,6,0.515726767088921
1712,"Australian Open: Rafael Nadal eases into quarterfinals, remains on course for record-breaking grand slam - CNN",sport,tennis,4,0.8962768388515907
1713,Novak Djokovic becomes just second man in history to reach 300 grand slam wins - CNN,sport,tennis,4,0.9722219468961825
1714,The EU is facing the most serious crises in its history. Many are wondering if anyone's  in charge - CNN,news,europe,10,0.5250384352453517
1715,Doddie Weir: Scotland rugby legend battling MND with a smile  - CNN,sport,sport,11,0.5928089876206745
1716,Incest accusation in prominent family prompts French national reckoning with child abuse   - CNN,news,europe,7,0.4986211137021609
1717,Liverpool: Another defensive meltdown costs defending champion third straight Premier League defeat - CNN,sport,football,0,0.9660488036011372
1718,Bubba Wallace: How 2020 helped NASCAR driver find his voice to speak out over injustice - CNN,sport,motorsport,6,0.7138881031534585
1719,Novak Djokovic defeats Taylor Fritz in five-set epic as fans are told to leave court at Australian Open - CNN,sport,tennis,4,0.9647432347163536
1720,Fernando Alonso has undergone a successful operation after cycling crash in Switzerland  - CNN,sport,motorsport,5,0.7626970743190111
1721,"From sermons to WhatsApp messages, these Britons are trying to dispel Covid-19 myths in minority communities - CNN",news,uk,2,0.33500012201790225
1722,Australian Open to go without fans as 'new kind of enemy' forces Victoria to lock down - CNN,sport,tennis,10,0.5779618267109803
1723,Tokyo 2020 Olympics president announces resignation following sexist remarks  - CNN,sport,sport,7,0.5297442379821842
1724,J.J. Watt: Houston Texans star says farewell to the team and city: 'I love you' - CNN,sport,sport,0,0.6965194537769744
1725,Jacksonville Jaguars head coach defends hire of controversial coach - CNN,sport,sport,0,0.9660488490443677
1726,"Germany imposes border checks as Austria, Czech Republic struggle to contain the coronavirus - CNN",news,europe,10,0.6085997198735476
1727,"Mario Draghi is named Italy's new prime minister, announces a political rainbow of cabinet picks   - CNN",news,europe,1,0.6394319669101236
1728,Claressa Shields takes jab at boxing establishment - CNN,sport,sport,8,0.6285997186458908
1729,Dallas Mavericks play national anthem for first time this season after NBA reiterate anthem policy - CNN,sport,sport,0,0.7575290924511994
1730,"Lindsey Vonn discuss challenges facing Olympians, her 'struggles' after retirement and athlete activism - CNN",sport,sport,10,0.6049568408959463
1731,Bayern Munich wins sixth title in a year with Club World Cup victory over Tigres - CNN,sport,football,5,0.5148030324931168
1732,Tokyo 2020 Olympics president Yoshiro Mori to resign following sexist remarks - CNN,sport,sport,7,0.632936132736021
1733,"Play with and feed your cat to stop it from hunting so much, says study - CNN",news,europe,2,0.9490733991974325
1734,Sofia Kenin: Defending champion moved to tears after Australian Open defeat  - CNN,sport,tennis,4,0.789143677542162
1735,Police arrest eight after celebrities hit by SIM-swapping attacks - CNN,news,uk,8,0.9490725912763734
1736,"Nick Kyrgios: Six years after his grandmother passed away, tennis star has found another reason to love tennis - CNN",sport,tennis,1,0.6966803609158573
1737,Polish court orders historians to apologize over Holocaust book - CNN,news,europe,9,0.3681674664996163
1738,Dallas Mavericks: NBA team to resume playing the National Anthem - CNN,sport,sport,0,0.5159082495904828
1739,Ryan Reynolds and Rob McElhenney complete takeover of Wrexham AFC - CNN,sport,football,8,0.5951124877159903
1740,Australian Open: The awkward art of the post-match on-court tennis interview - CNN,sport,tennis,4,0.7586891908998138
1741,Serena Williams finds top gear in Australian Open as sister Venus bows out - CNN,sport,tennis,11,0.5982761544960377
1742,Elton John and Michael Caine star in video encouraging Brits to get vaccine - CNN,news,uk,10,0.5436036563938101
1743,Annika Sorenstam: 10-time major winner to make LPGA return after 13 years away - CNN,sport,golf,2,0.6481480739184974
1744,100-year-old former Nazi concentration camp guard charged with Holocaust atrocities  - CNN,news,europe,6,0.9074099873574919
1745,Maradona's psychologist and two nurses under investigation over death - CNN,sport,football,0,0.6756486254055739
1746,"Europe's oldest person, a 116-year-old French nun, survives Covid-19 - CNN",news,europe,6,0.9563481641049959
1747,Ursula von der Leyen: How a vaccine spat could derail her big plans for Europe - CNN,news,europe,10,0.6578826713221904
1748,Tom Brady: BFF Gronk says QB would sign 50-year contract if he could - CNN,sport,sport,8,0.7437980718735557
1749,"Klubrádió, one of Hungary's last independent radio stations, ordered off the air - CNN",news,europe,2,0.5183572271769769
1750,European Space Agency hiring astronauts for first time in 11 years - CNN,news,europe,10,0.4540745344705782
1751,Mike Dean: Premier League referee and family receive online death threats - CNN,sport,football,0,0.5287844113428625
1752,"Steeplechaser Colleen Quigley discusses mental health, modeling and being 'hungry' for Olympic success - CNN",sport,sport,10,0.5188681608924391
1753,Victoria Azarenka bemoans 'lack of fresh air' in quarantine after Australian Open exit; Rafael Nadal wins - CNN,sport,tennis,4,0.8025798544455852
1754,Australian Open: Mayar Sherif becomes first Egyptian woman to win a main draw grand slam match - CNN,sport,tennis,4,0.9672613620049744
1755,Adam Traoré: New medical report may shed light on Frenchman's death in police custody - CNN,news,europe,10,0.4269405049282316
1756,Lewis Hamilton and Mercedes agree one-year deal with joint commitment for 'greater diversity and inclusion' - CNN,sport,sport,5,0.8101686301309415
1757,"Bayern Munich vs. Al Ahly: Pitso Mosimane, draws strength from Nelson Mandela as coach showcases talents at Club World Cup - CNN",sport,football,5,0.5379510980987382
1758,Zlatan Ibrahimovic scores 500th goal of club career in AC Milan victory - CNN,sport,football,3,0.49487028195747945
1759,"Australian Open 2021: After weeks of quarantine drama and Covid setbacks, tennis tournament kicks off - CNN",sport,tennis,4,0.7223141419290315
1760,Serena and Venus Williams make dream start to Australian Open  - CNN,sport,tennis,4,0.5146718949629512
1761,Tom Brady's GOAT status captures world's imagination - CNN,sport,sport,4,0.442226938046172
1762,"Lionel Messi: After report reveals star forward's record $672 million contract, Barcelona denies responsibility for leak  - CNN",sport,football,1,0.4469677210651583
1763,"Brooks Koepka claims his first win since 2019, world No. 1 Dustin Johnson sends ominous message - CNN",sport,golf,1,0.696237574536064
1764,NBA: Steph Curry and Nikola Jokic score 50 points or more -- but both lose - CNN,sport,sport,11,0.693923826861926
1765,"Premier League: Manchester City beat Liverpool as Ilkay Gundogan misses penalty, scores twice - CNN",sport,football,0,0.9517538882096767
1766,Pope appoints first woman Under-Secretary with right to vote in Synod of Bishops - CNN,news,europe,10,0.6360343168148106
1767,"Australian Open: Serena Williams, Rafael Nadal target grand slam records  - CNN",sport,tennis,4,0.5785424595057648
1768,Russian protesters detained at pro-Navalny rallies say police threatened and intimidated them: 'The regime has shown its teeth' - CNN,news,europe,8,0.4625811397871558
1769,"Britain is under lockdown. But one year into the Covid crisis, many are unable to keep to the rules. - CNN",news,uk,10,0.6686742664454869
1770,"Leon Spinks, former heavyweight champ who beat Muhammad Ali, dead at 67 - CNN",sport,sport,5,0.5425737349898619
1771,Kevin Durant pulled from game twice due to Covid-19 protocols - CNN,sport,sport,6,0.5825541764911226
1772,Iran: Two former Iranian national team footballers die from Covid-19 within a week of each other - CNN,sport,football,10,0.3978777537901516
1773,"Brexit is just weeks old, and it's already threatening fragile political stability in Northern Ireland - CNN",news,uk,5,0.4332919762381619
1774, Posh Spice the cow sells for record amount - CNN,news,europe,11,0.6276761185095487
1775,Handforth Parish Council grips the internet with the world's worst Zoom call - CNN,news,uk,6,0.35731369616336267
1776,"Navalny's doctor Sergey Maximishin, who treated him for poisoning, has died, says hospital - CNN",news,europe,9,0.5618310967916457
1777,LeBron James says having All-Star Game is 'a slap in face' to players - CNN,sport,sport,4,0.9601444013231908
1778,Romania's Orthodox Church under fire over baptism ritual after death of baby  - CNN,news,europe,10,0.6150246099375788
1779,"What is Novichok, the rare nerve agent used in Russian spy attack  - CNN",news,europe,0,0.42204657054385625
1780,Australian Open: All players test negative for Covid-19 - CNN,sport,tennis,4,0.6661605004779569
1781,Andre Onana: Ajax goalkeeper calls 12-month doping suspension 'excessive and disproportionate' - CNN,sport,football,0,0.6950732020109842
1782,Russia: Alexey Navalny in court as EU foreign affairs chief Josep Borrell visits Moscow - CNN,news,europe,9,0.47973131765074073
1783,"History behind the Super Bowl halftime show -- From Whitney Houston to Prince, Coldplay, Beyonce and Bruno Mars - CNN",sport,sport,6,0.3337261475342896
1784,"Female Nazi concentration camp secretary charged with complicity in 10,000 murders in Germany  - CNN",news,europe,6,0.9730388452223125
1785,Nanu: Porto defender suffers spinal cord injury after collision with goalkeeper  - CNN,sport,football,4,0.4936481449180915
1786,"A barber's positive Covid-19 test causes scare for the Kansas City Chiefs, reports say - CNN",sport,sport,11,0.43507455166380227
1787,"Meet BellaTeq, the first all-female Teqball team hoping to signal a 'new era' for the sport - CNN",sport,football,0,0.6624551897026091
1788,Bodies of drowned deer recovered from frozen lake after being scared by poachers - CNN,news,europe,2,0.9460772626270302
1789,Australian Open players and staff go into quarantine after a hotel worker tests positive for Covid-19 - CNN,sport,tennis,4,0.5984421445535272
1790,Top Tokyo Olympics organizing official apologizes for sexist remarks that women talk too much in meetings - CNN,sport,sport,7,0.5582132387742563
1791,"Winter Olympics: A year before the Beijing Games, more than 180 campaign groups are calling for a diplomatic boycott - CNN",sport,sport,9,0.5189029822688208
1792,Alexey Navalny: The Kremlin crackdown risks turning the opposition leader into a martyr - CNN,news,europe,9,0.43050676059309356
1793,Liverpool's shock loss to Brighton leaves it far behind league leaders - CNN,sport,football,0,0.8511054824658746
1794,Vendée Globe: Clarisse Cremer makes history in round-the-world race  - CNN,sport,sport,8,0.6678287786756676
1795,"The next dangerous Covid variant is likely already out there, British scientists say. We just don't know it yet - CNN",news,europe,10,0.45907905185281245
1796,Debate over greatest goalscorer of all time continues as Cristiano Ronaldo nets 762nd goal - CNN,sport,football,5,0.6582391595335659
1797,Manchester United puts nine past Southampton to equal Premier League record - CNN,sport,football,0,0.6588371523168911
1798,Tokyo Olympics: IOC says athletes will not need vaccine to participate - CNN,sport,sport,9,0.6056095626274703
1799,NBA: The West has a new best as Utah Jazz win and Los Angeles Clippers fall - CNN,sport,sport,4,0.586767047224351
1800,British teenager Joseph Flavill fell into a 10-month coma before the pandemic. Now he's waking up - CNN,news,uk,10,0.5750732915769095
1801,Analysis: Putin dismissed Navalny for years. Outrage over his jailing is now a big problem for the Kremlin - CNN,news,europe,5,0.6231869604732257
1802,"Australia fires: After Covid lockdown, a bushfire is forcing Perth residents to evacuate - CNN",news,australia,10,0.6520237674241518
1803,Stuart Baxter sacked by Indian football club Odisha over comments about rape - CNN,sport,football,0,0.622350425555228
1804,"Captain Sir Tom Moore, who raised millions for the NHS, dies aged 100 - CNN",news,uk,10,0.565285326480491
1805,"Alexey Navalny handed jail term, prompting protests across Russia - CNN",news,europe,9,0.5201335299722607
1807,LeBron James: Fans ejected after courtside argument during match - CNN,sport,sport,4,0.7440128027090217
1808,Tom Brady says he's open to playing past 45 ahead of his 10th Super Bowl - CNN,sport,sport,8,0.6144482788582999
1809,Roger Federer to make tennis comeback in March in Doha - CNN,sport,tennis,4,0.9660485902064267
1810,Patrick Reed breezes to victory on PGA Tour despite drop controversy - CNN,sport,golf,11,0.6772539722807203
1811,NBA: Washington Wizards hit two three-pointers in final ten seconds to snatch victory from star-studded Brooklyn Nets - CNN,sport,sport,11,0.5450326727691633
1812,Stone Age teeth hint at Neanderthal interbreeding - CNN,news,europe,0,0.4079436394795848
1813,Mina Stess: 14-year-old skateboarder chases Olympic dream - CNN,sport,sport,11,0.5819737707266861
1814,Europe talks the talk in criticizing Putin. Russia's opposition is waiting for it to walk the walk - CNN,news,europe,1,0.352250366608874
1815,Navalny protests: Kremlin meets Russian demonstrators with fiercest crackdown in years - CNN,news,europe,5,0.6238220452763122
1816,Perth: Single Covid case in Western Australia leads to 5-day lockdown for 2 million - CNN,news,australia,10,0.6686215096630855
1817,Marseille owner Frank H. McCourt compares attack on training ground to the US Capitol insurrection  - CNN,sport,football,8,0.9563480833915381
1818,Campaigners slam UK government report into racial disparities as a 'whitewash' - CNN,news,uk,10,0.5383784761758671
1819,Italy expels two Russian officials over espionage case - CNN,news,europe,5,0.3736241431027527
1820,Russia registers world's first Covid-19 vaccine for animals - CNN,news,europe,10,0.745738499274817
1821,Michael Miraglia completes his own Strongman Marathon on Utah's Bonneville Salt Flats  - CNN,sport,sport,11,0.8981477333866799
1822,Macron: New Covid-19 rules in France as hospitalizations soar - CNN,news,europe,6,0.6695480073552097
1823,Utah Jazz team plane forced into emergency landing after bird strike - CNN,sport,sport,4,0.6309017887262437
1824,Female Swiss army recruits will get women's underwear for the first time - CNN,news,europe,6,0.6143644019812812
1825,Two Black women will be head coaches in the same NCAA women's Final Four for the first time - CNN,sport,sport,7,0.6418468359612219
1826,"Meghan and Harry weren't legally married before public wedding, archbishop says - CNN",news,uk,7,0.8915050707297439
1827,Kevin Durant accused of using homophobic slurs in private messages with Michael Rapaport - CNN,sport,sport,4,0.4999791606706361
1828,Suspected mafia fugitive arrested after police saw his YouTube cooking videos - CNN,news,europe,8,0.8604044596277215
1829,Fernando Alonso: Sandwich wrapper wrecked F1 star's comeback race - CNN,sport,motorsport,11,0.49878108742980004
1830,Sergio Aguero: Manchester City's all-time top scorer will leave the club - CNN,sport,football,0,0.5881093297564063
1831,World Cup: Japan thrashes Mongolia 14-0 in historic win - CNN,sport,football,5,0.9517534645579507
1832,Joaquin Niemann helps raise $2.1 million to save his infant cousin's life - CNN,sport,golf,2,0.4688595688686605
1833,"Homeless people are extremely vulnerable to Covid-19, but they're slipping through cracks in the vaccination plans - CNN",news,uk,10,0.6343184060446326
1834,"These children escaped Xinjiang, but their parents are in China and cut off from the world - CNN",news,europe,5,0.8163388122486651
1835,India's slum golf: A whole new ball game on Mumbai's streets - CNN,sport,golf,2,0.5280185785469269
1836,London records zero Covid-19 daily deaths for first time in six months as cases soar elsewhere in Europe - CNN,news,europe,10,0.902721254098241
1837,Sam Bennett: Cycling star throws up during race; blames overeating - CNN,sport,sport,8,0.39416832135597857
1838,Thierry Henry: Conversation around taking a knee means people are 'forgetting' the true cause - CNN,sport,football,7,0.8919811734213727
1839,'I spent a whole year indoors and upstairs.' Life during the pandemic for people with disabilities - CNN,news,uk,10,0.5503828850658158
1840,Lewis Hamilton holds off Max Verstappen to win thrilling F1 season opener - CNN,sport,motorsport,5,0.8565815790693273
1841,"France Covid-19 surge could overwhelm Paris hospital ICUs, warn doctors - CNN",news,europe,10,0.6832827677860926
1842,Lou Macari: Former Manchester United player turns his attention to helping the homeless  - CNN,sport,football,0,0.4541952264984579
1843,Tommy Fleetwood and Sergio Garcia hit holes-in-one at the WGC Matchplay - CNN,sport,golf,2,0.84721265887515
1844,Iron Age warriors were buried with luxury feather bedding - CNN,news,europe,3,0.3597593165454498
1845,Sachin Tendulkar coronavirus: Indian cricket legend says he's tested positive for Covid-19 - CNN,sport,sport,6,0.8333402978055071
1846,The pandemic is stirring deep resentments in Europe. They may not be quick to heal - CNN,news,europe,10,0.5914052866376058
1847,Russian socialite TV host under fire for interview with serial rapist  - CNN,news,europe,5,0.5446327402219057
1848,"Formula One: After worst season in years, can Ferrari bounce back in 2021?  - CNN",sport,motorsport,5,0.6517823814638988
1849,Bristol protest: Boris Johnson condemns 'disgraceful' attacks on police - CNN,news,uk,1,0.7486360267234206
1850,Formula One: Lewis Hamilton 'spoken to Bahrain officials' about human rights issues ahead of race in country  - CNN,sport,motorsport,5,0.6439303048099182
1851,"Alexey Navalny is suffering 'torture by sleep deprivation' and severe pain, lawyers say - CNN",news,europe,9,0.7634493472237635
1852,"Thierry Henry quits social media, hoping to inspire others to stand up to online abuse as he urges tech companies to do more - CNN",sport,football,7,0.6633038840627383
1853,Bryson DeChambeau becomes first golfer to release NFT trading cards - CNN,sport,golf,2,0.9294860506238138
1854,"Boycotting the 2022 FIFA World Cup in Qatar would be a 'big mistake,' says Belgium manager Roberto Martínez - CNN",sport,football,5,0.6914332255358905
1855,Analysis: This week was a turning point for Harry and Meghan - CNN,news,uk,7,0.8981466090597892
1856,"Sister Jean, the 101-year-old basketball-loving nun, on praying for her favorite team - CNN",sport,sport,9,0.39559491021579957
1857,Ironman World Championship: Sam Holness hopes to use autism 'superpower' at legenday endurance event - CNN,sport,sport,5,0.9563477860225655
1858,Norway players wear T-shirts protesting Qatar World Cup ahead of qualifier against Gibraltar - CNN,sport,sport,5,0.48793643705534223
1859,Champion snowboarder Julie Pomagalski dies in avalanche - CNN,sport,sport,5,0.37009111928756233
1860,2008 Georgia Russia Conflict Fast Facts - CNN,news,europe,2,0.9490734088752598
1861,EU vaccine ban: EU proposes impose vaccine controls as 'raid' on Italian factory uncovers millions of AstraZeneca doses - CNN,news,europe,10,0.8696658424063821
1862,Vasek Pospisil 'sorry' for expletive-laden rant at ATP boss in Miami - CNN,sport,tennis,9,0.5160305856886939
1863,PGA Tour: Rory McIlroy suffers nightmarish loss as he hits ball into swimming pool - CNN,sport,golf,4,0.8783094226356615
1864,Tokyo Olympics torch relay starts its final leg as some suggest this day should never have come - CNN,sport,sport,9,0.3408327735332285
1865,"Despite Brexit, Britons won't stop being European - CNN",news,uk,10,0.3188883966163635
1866,Japan vs. South Korea: Fierce derby between rivals is sparking more concern than excitement - CNN,sport,football,11,0.42327680183210015
1867,"Zara Tindall, Queen's granddaughter, gives birth at home - CNN",news,uk,3,0.4821228712298447
1868,"Merkel says confusion over Easter restrictions were ""singularly and alone my mistake"" - CNN",news,europe,6,0.6149102798290641
1869,"'The Resident', his wife and piles of cash: How a Russian spy ring stole NATO and EU secrets from Bulgaria
 - CNN",news,europe,5,0.6782612329664063
1870,Cesare Prandelli: 'A dark cloud has developed inside of me' says Fiorentina coach as he steps down - CNN,sport,football,6,0.9460766257444687
1871,Pelé: Does the 'definitive' documentary cement or damage the football great's legacy? - CNN,sport,football,2,0.42771288829790655
1872,German Catholic clergy rebel against Vatican over same-sex unions - CNN,news,europe,10,0.8285308420052014
1873,Ryo Miyake: Olympic silver medalist delivers food for Uber Eats to fund Tokyo 2020 dream - CNN,sport,sport,9,0.5165015073560268
1874,Steve Kerr calls for tougher gun control measures following Boulder shooting - CNN,sport,sport,7,0.5468563326555638
1875,"Iceland: Volcanoes, lava and crashing waves -- A golfer's paradise - CNN",sport,golf,1,0.5150622652204107
1876,Boris Johnson's latest gaffe could threaten Britain's vaccine rollout - CNN,news,uk,1,0.848150413592406
1877,World Cup: Netherlands hope to highlight Qatar migrant workers' situation - CNN,sport,football,5,0.5170643740347729
1878,Ugo Ugochukwu: McLaren signs deal with karting star  - CNN,sport,motorsport,0,0.3921529515982233
1879,Zlatan Ibrahimovic reduced to tears on return to Sweden squad - CNN,sport,football,3,0.9583319334617308
1880,"Katherine Diaz: Olympic surfing hopeful, 22, killed by lightning while training - CNN",sport,sport,9,0.5468666602994486
1881,Australia floods: 10 million people under severe weather warnings covering an area the size of Alaska - CNN,news,australia,10,0.6612149105200801
1882,UEFA Women's Champions League: European powerhouse Lyon's grip on title is facing its biggest challenge - CNN,sport,football,0,0.8252836608121975
1883,European Union Fast Facts - CNN,news,europe,2,0.7131077001381824
1884,Vladimir Putin vaccinated: Russian President gets Covid-19 shot behind closed doors - CNN,news,europe,5,0.5839412510415634
1885,Australia's political culture in spotlight again as new report emerges of lewd acts in parliament - CNN,news,australia,1,0.6225369522073705
1886,Bono: Sevilla goalkeeper makes himself the unlikely hero with last-minute equalizer - CNN,sport,football,11,0.934522209618325
1887,Germany to go into hard Easter lockdown as Covid-19 infections soar - CNN,news,europe,10,0.5812834994349059
1888,Belize football team bus held up by 'insurgents on motorcycles' in Haiti ahead of 2022 World Cup qualifier - CNN,sport,football,0,0.3766663934257246
1889,Cristiano Ronaldo: Juventus decides to keep 'best in the world' star - CNN,sport,football,5,0.6241853212826994
1890,Spiders and snakes swarm Australian homes as they flee record flooding - CNN,news,australia,1,0.35367953094632276
1891,Colin Allred: Ex-NFL star Congressman bewildered by Jan 6 insurrection's 'rage and mob mentality' - CNN,sport,sport,3,0.9236091090763486
1892,Lionel Messi breaks Barcelona appearance record - CNN,sport,football,1,0.6259928023594485
1893,Australia: Parts of New South Wales declare natural disaster following floods - CNN,news,australia,10,0.796575234551291
1894,They wanted democracy for Belarus. Instead they say they were beaten and raped by police - CNN,news,europe,1,0.4124185415305061
1895,Australia floods: Thousands evacuated in New South Wales as 'life-threatening' rains inundate the state - CNN,news,australia,10,0.8405675619776838
1896,Bristol crime bill protesters injure police and set vehicles ablaze  - CNN,news,uk,8,0.9601437124695513
1897,LeBron James 'out indefinitely' with ankle injury - CNN,sport,sport,4,0.7315402625695255
1898,Tokyo 2020: International spectators will be refused entry into Japan for Olympic Games - CNN,sport,sport,9,0.9683906045800335
1899,Royal family says they may consider appointing diversity chief - CNN,news,uk,7,0.9345232954595212
1900,Turkey withdraws from Istanbul convention to combat violence against women - CNN,news,europe,6,0.5006497346243044
1901,Kathleen Folbigg: Genetics may help free Australian woman convicted of killing her 4 babies - CNN,news,australia,10,0.6969008826021942
1902,Entire house floats away as flash floods batter Australia's east coast - CNN,news,australia,1,0.43744838391950835
1903,Prince Harry invokes his mother's memory in foreword to new book for bereaved children of frontline workers - CNN,news,uk,7,0.35003240557074766
1904,NCAA is called out over the poor amenities for women players vs the men at tournament sites - CNN,sport,sport,4,0.5077513587487976
1905,Soccer abuse report 'kick in the teeth' for survivors - CNN,sport,football,0,0.7009802195034498
1906,France coronavirus: As new lockdowns are imposed on Paris Macron is under growing pressure  - CNN,news,europe,10,0.5659808533481553
1907,"Nacho Vidal, Spanish porn star, charged with reckless homicide after toad venom death - CNN",news,europe,6,0.687924842902378
1908,Coronavirus: Europe has missed its chance to stop the third wave. The US could be next - CNN,news,europe,10,0.9647428650576587
1909,Champions League quarterfinal draw: Bayern Munich to face PSG in repeat of 2020 final - CNN,sport,football,4,0.6718593687582726
1910,AstraZeneca vaccine: EU regulator declares shot safe for use after clotting concerns  - CNN,news,europe,10,0.9713538947012235
1911,"Khabib Nurmagomedov officially retired, says UFC boss Dana White - CNN",sport,sport,10,0.9345198898451862
1913,Analysis: Can Prince Philip mend the royal family rift? - CNN,news,uk,7,0.5673955151018598
1914,Tottenham Hotspur's Europa League exit branded a 'disgrace' by captain Hugo Lloris - CNN,sport,football,0,0.9541659056214242
1915,"After Glen Kamara accuses Slavia's Ondrej Kudela of racist abuse, Steven Gerrard calls for action - CNN",sport,football,7,0.43524721256488486
1916,Meghan and Harry interview: The royals have always stayed out of politics. Now they've waded into Britain's culture wars - CNN,news,uk,7,0.9776414817296986
1917,Champions League: Bayern Munich cruises into record-breaking 19th quarterfinal - CNN,sport,football,4,0.5188284920185285
1918,Spain approves euthanasia law - CNN,news,europe,10,0.493986719278896
1919,Jeremy Lin: Violence towards Asian Americans is 'hitting differently' amid the pandemic - CNN,sport,sport,10,0.5073618727635856
1920,"Australia's wildfires released as much smoke as a massive volcanic eruption, study finds - CNN",news,australia,1,0.42498474538161696
1921,Olympic triple jumper and rapper Will Claye on why his music career is more than a hobby - CNN,sport,sport,9,0.9166636188958681
1922,Sarah Everard: Police in England and Wales to record misogyny as a hate crime in wake of woman's murder  - CNN,news,uk,8,0.8693351020772344
1923,"More than 500 people in UK put on do-not-resuscitate orders without consent, watchdog says  - CNN",news,uk,10,0.592455751048187
1924,Russia reacts angrily after Biden calls Putin a 'killer' - CNN,news,europe,5,0.5007211904373549
1925,Europa League: Usain Bolt gives his verdict on Manchester United's season so far - CNN,sport,football,0,0.8764409233016425
1926,Fernando Alonso: 'Hopefully I'm back as a better driver'  - CNN,sport,motorsport,11,0.7806808766662904
1927,"America's Cup: Team New Zealand retains ""Auld Mug"" trophy, defeating Italian outfit Luna Rossa  - CNN",sport,sport,3,0.5035377331859249
1928,LeBron James becomes part owner of Boston Red Sox - CNN,sport,sport,4,0.8061367122701267
1929,The UK is facing a reckoning on gender-based violence. Boris Johnson's government has botched its response - CNN,news,uk,8,0.4787261210954246
1930,"Sabine Schmitz, 'Queen of the Nürburgring,' dead at 51 - CNN",sport,motorsport,3,0.44283259244581824
1931,Manchester City remains on course to win unprecedented quadruple - CNN,sport,football,0,0.9427074271002558
1932,Boris Johnson's boast of a 'Global Britain' is taking a pounding amid series of crises - CNN,news,uk,1,0.6783713377300923
1933,"Damir Dzumhur faces disciplinary probe, fined for walking off court - CNN",sport,tennis,8,0.6657105409956451
1934,Alexander Zverev behind Roger Federer in 'absurd' new ranking system - CNN,sport,tennis,4,0.737518491558863
1935,Lionel Messi: Barcelona coach Ronald Koeman praises star after record-equaling game - CNN,sport,football,1,0.5177683360145348
1936," AstraZeneca vaccine: Spain, Germany, France and Italy pause rollout - CNN",news,europe,10,0.9770830051213878
1937,Rui Patricio 'okay' and 'totally conscious' after suffering head injury - CNN,sport,football,0,0.4244209539486011
1938,AstraZeneca vaccine: European regulator 'convinced' benefits of shot outweigh risks as suspensions continue - CNN,news,europe,10,0.9713539368697105
1939,Colombian rugby leaving behind its infamous past - CNN,sport,sport,8,0.5554958924655924
1940,Timur Faizutdinov: Russian hockey player dies after being hit by puck  - CNN,sport,sport,6,0.6344320742298655
1941,Prince Philip leaves hospital following heart surgery - CNN,news,uk,3,0.5917771060708654
1942,John Major Fast Facts  - CNN,news,europe,2,0.7004844180763898
1943,"With UK police under fire, Boris Johnson pushes new bill that could end peaceful protest - CNN",news,uk,1,0.7351272793933814
1944,Sarah Everard: Police officer removed from duties over 'inappropriate graphic' - CNN,news,uk,8,0.821732447349983
1945,"UK calls Russia top threat, issues warning on China, promises to build more nuclear warheads - CNN",news,europe,5,0.50824065363106
1946,Alexey Navalny: First Russia poisoned him. Now Penal Colony No. 2 is the prison camp for Navalny. - CNN,news,europe,9,0.9618046112860604
1947,Usain Bolt: Olympic legend reveals his greatest achievement and life after athletics - CNN,sport,sport,11,0.49450759335609945
1948,"Vatican says it will not bless same-sex unions, calling them a 'sin' - CNN",news,europe,10,0.7987544119632108
1949,Russian Wagner mercenaries accused in landmark legal case - CNN,news,europe,2,0.951753372149125
1950,PSG's Angel Di Maria and Marquinhos victims of burglary during match - CNN,sport,sport,0,0.9563474776333969
1951,Italy coronavirus: Easter lockdown preparations as Covid-19 cases grow exponentially   - CNN,news,europe,10,0.8623183135003605
1952,EU takes legal action against UK over Northern Ireland protocol - CNN,news,europe,5,0.5542116998734183
1953,"AstraZeneca vaccine: Ireland halts use of Covid-19 vaccine following blood clot reports in Norway
  - CNN",news,europe,10,0.8271933569549782
1954,Justin Thomas pays tribute to his grandfather after Players Championship victory - CNN,sport,golf,4,0.3571582571845222
1955,"Primoz Roglic: Cyclist crashes twice, suffers a dislocated shoulder, loses race lead, but still finishes - CNN",sport,sport,8,0.6173912840304543
1956,Drew Brees set to join NBC as a football analyst - CNN,sport,sport,0,0.5008068098295443
1957,Cristiano Ronaldo: Pele congratulates Juventus star for surpassing Brazilian's 'record of goals in official matches' - CNN,sport,football,5,0.33730024173069595
1958,Charlie Hebdo cartoon of Meghan Markle and Queen sparks outrage - CNN,news,europe,7,0.6166337259236212
1959,Women's groups lose legal battle over UK's falling rape prosecutions - CNN,news,uk,10,0.6800963030816514
1960,First Spanish-made 'narco sub' found in Mediterranean warehouse - CNN,news,europe,10,0.32025882435180036
1961,"Meghan, Duchess of Sussex: Royals hire external law firm to investigate bullying claims - CNN",news,uk,7,0.9672617577925194
1962,Harry and Meghan interview fallout: Prince Charles stays silent in his first appearance since bombshell broadcast - CNN,news,uk,7,0.8424820365225308
1963,Arsenal vs. Tottenham: Erik Lamela scores stunning rabona goal but is sent off as Arsenal overcome rivals in North London Derby - CNN,sport,football,0,0.5909308475834586
1964,11 things we learned from Meghan and Harry's interview - CNN,news,uk,7,0.8136208100667759
1965,Harry and Meghan's seismic interview will be felt for generations  - CNN,news,uk,7,0.956348195541435
1966,Queen Elizabeth: Can the royal family survive after her death? - CNN,news,uk,7,0.6073664343261566
1967,"Marvin Hagler, former boxing champion, dies at 66 - CNN",sport,sport,11,0.7153923382842666
1968, Archie: Meghan reveals 'concerns' within royal family about baby's skin color - CNN,news,uk,7,0.9758770099173337
1969,Sarah Everard: Fury as London police officers break up vigil to murdered woman - CNN,news,uk,8,0.7745481230327903
1970,Former British Cycling doctor found guilty of ordering banned testosterone - CNN,sport,sport,8,0.8466611017419516
1971,NBA: Caris LeVert admits 'gratefulness' following NBA return 46 days after surgery to remove cancerous mass - CNN,sport,sport,7,0.4845329184940509
1972,Serena Williams says she understood the 'pain and cruelty' suffered by Meghan - CNN,sport,tennis,7,0.7182974966777655
1973,Oprah royal interview: Meghan reveals she 'didn't want to be alive anymore' - CNN,news,uk,7,0.9738090926139462
1974,Players Championship: Two golfers score hole-in-ones  - CNN,sport,golf,11,0.5867172457902312
1975,"Sarah Everard: Metropolitan Police officer charged with the kidnap and murder of Sarah Everard, who went missing in London - CNN",news,uk,8,0.7697771088998978
1976,Meghan and Harry feel wronged by the palace. But they can only seek justice in the court of public opinion - CNN,news,uk,7,0.7640657733961311
1977,Russian opposition activists detained at a democratic forum in Moscow. The Kremlin says they were breaking Covid-19 protocol - CNN,news,europe,5,0.49457584146246175
1978,Actress protests naked at France's Oscars ceremony over Covid support  - CNN,news,europe,10,0.6182132524465443
1979,Michele Roberts: Meet the woman keeping NBA stars in line - CNN,sport,sport,4,0.36750092302326176
1980,NFL: Tom Brady signs new deal with the Tampa Bay Buccaneers - CNN,sport,sport,8,0.7143007685843908
1981,Andy Murray pulls out of Dubai Open after arrival of fourth child - CNN,sport,tennis,10,0.41656741573123396
1982,Sarah Everard: Police identify body of woman who went missing in London - CNN,news,uk,8,0.6175919771851699
1984,Mick Schumacher: A 'big privilege' to carry legendary surname into Formula One again - CNN,sport,motorsport,5,0.3535131115247879
1985,"They can only hold hands, but for Britain's elderly, first touch with a relative 'means everything' - CNN",news,europe,1,0.946076404524454
1986,Europa League: AC Milan stuns Manchester United with last-gasp equalizer - CNN,sport,football,0,0.5009868664524992
1987,AstraZeneca says 'no evidence' of blood clot risk from vaccine as countries suspend its use - CNN,news,europe,10,0.9722220240838777
1988,Players Championship famed 17th hole claims victims - CNN,sport,golf,4,0.5790719401027206
1989,Roger Federer withdraws from upcoming tournament after making his tennis return  - CNN,sport,tennis,4,0.8286376114998154
1990,"Meghan said racism drove her out of the UK. Black Britons ask, 'are we still here in 2021?' - CNN",news,uk,7,0.41689731685531733
1991,Harry S: 96-year-old accused of being Nazi concentration camp guard deemed 'unfit' for trial - CNN,news,europe,6,0.9008418000152993
1992,"Meyers Leonard fined $50,000 for anti-Semitic slur - CNN",sport,sport,6,0.5416345447074371
1993,Cristiano Ronaldo and Juventus stunned by 10-man Porto - CNN,sport,football,5,0.47549026982039777
1994,Dak Prescott eyes Super Bowl parade for Cowboys after signing mega deal - CNN,sport,sport,6,0.961804932524485
1995,AstraZeneca vaccine suspended by several European nations as blood clot reports investigated - CNN,news,europe,10,0.83186166536886
1996,Cat Phillips: Australian frisbee and oval ball star fired up by fight for gender equality - CNN,sport,football,0,0.3236022181147401
1997,Lou Ottens: Dutch inventor of the cassette tape dies age 94 - CNN,news,europe,11,0.5342184016575395
1998,UEFA Champion League: Lionel Messi scores 'special' goal as Barcelona crashes out  - CNN,sport,football,0,0.4295942589360627
1999,Sarah Everard case sparks outpouring from women sharing stories of abuse on UK streets - CNN,news,uk,7,0.4920734115134175
2000,Meghan and Harry interview: Prince William says royals are 'very much not a racist family'  - CNN,news,uk,7,0.9007746960168864
2001,Tennis counts the cost of empty stands: 'We cannot survive'  - CNN,sport,tennis,4,0.541935381091604
2002,Pele: Rio votes to put legend's name on famous Maracana stadium - CNN,sport,football,0,0.4570619337613281
2003,Rory McIlroy says Tiger Woods is 'doing better' and hopeful to be home in the 'next week or so' - CNN,sport,golf,4,0.324870725548346
2004,Texas Rangers could be first sports team with full house since pandemic stopped sports - CNN,sport,sport,10,0.3479479668271967
2005,Meghan and Harry interview: Buckingham Palace says royal family is 'saddened' in first statement on behalf of the Queen - CNN,news,uk,7,0.860667311936312
2006,Katie Ledecky: Olympic swimmer on training in a backyard pool and her aspirations for Tokyo 2020 - CNN,sport,sport,9,0.6712518652338707
2007,"Kylie Moore-Gilbert: Iran tried to recruit me as a spy, says former British-Australian prisoner - CNN",news,australia,3,0.4142814953489777
2008,Roger Federer defeats Dan Evans as he returns for first match in 13 months - CNN,sport,tennis,4,0.95175365501967
2009,"France to declassify Algeria war files sooner, Elysee Palace says - CNN",news,europe,5,0.6809499686305097
2010,The world needs all the doctors it can get right now. This cancer patient is risking the time she has left to become one - CNN,news,europe,5,0.7740422731544748
2011,Sarah Everard: UK police officer arrested on suspicion of murder in hunt for missing woman - CNN,news,uk,8,0.716824300440725
2012,Erling Haaland breaks multiple records as his goal-scoring streak continues in the Champions League  - CNN,sport,football,11,0.43097842341347886
2013,Muhammad Ali vs. Joe Frazier: 'The Fight of the Century': a divided US nation 50 years on - CNN,sport,sport,5,0.9563480925743786
2014," US woman who killed teen biker Harry Dunn wouldn't face prosecution in America, lawyer claims - CNN",news,uk,7,0.41756469434034127
2015,America's Cup yachts close on speeds of 100 kph - CNN,sport,sport,5,0.6323228140348106
2016,Neanderthals disappeared from Europe thousands of years earlier than we thought - CNN,news,europe,10,0.7373259586883848
2017,'Dreams do really come true': Novak Djokovic reflects on his career and historic new record - CNN,sport,tennis,4,0.4718523644944156
2018,Dak Prescott: Dallas Cowboys and superstar quarterback agree to mega deal - CNN,sport,sport,6,0.9345226839349472
2019,The racism Meghan says she experienced in the British royal family is reflective of wider society.  - CNN,news,uk,7,0.9745368322386393
2020,Royal family plunged into crisis after the couple allege racism and neglect in Oprah interview - CNN,news,uk,7,0.9745367006301728
2021,Meteorite that fell on UK driveway is 'extremely rare' and may contain 'ingredients for life' - CNN,news,europe,2,0.32785137487340693
2022,Mikaela Shiffrin reveals how she's been inspired by tennis star Iga Świątek - CNN,sport,sport,4,0.4340516022040756
2023,French politician Olivier Dassault dies in helicopter crash - CNN,news,europe,6,0.40896543464490187
2024,Bryson DeChambeau gets text from Tiger Woods; then wins Arnold Palmer invitational - CNN,sport,golf,2,0.9236077374281759
2025,Was the Diana scandal a bigger crisis for the monarchy than Meghan and Harry's interview? - CNN,news,europe,7,0.553651549458076
2026,Germany coronavirus: How Merkel's vaccine disaster dented nation's handling of the pandemic  - CNN,news,europe,10,0.5869563856395001
2027,Meghan and Harry: From royal romance to palace rift - CNN,news,uk,7,0.513840652359617
2028,Champions League: UEFA clears officials of alleged racist abuse during Paris Saint-Germain and Istanbul Basaksehir match - CNN,sport,football,4,0.48863132427520106
2029,Formula 1: Stephanie Travers on the 'surreal' moment she became the first Black woman on an F1 podium - CNN,sport,motorsport,5,0.561150057712438
2030,Novak Djokovic surpasses Roger Federer's all-time record  - CNN,sport,tennis,4,0.6679055310427259
2031,Lionel Messi: Barcelona stars past and present come out to vote as Joan Laporta wins pivotal presidential election - CNN,sport,football,6,0.4939258710301035
2032,NBA cracks down on Atlanta promoters planning All-Star Game events - CNN,sport,sport,6,0.7011185982933155
2033,Robert Lewandowski edges closer to legendary scoring record  - CNN,sport,football,11,0.9672612607880531
2034,"Joel Embiid, Ben Simmons sidelined from NBA All-Star Game due to Covid-19 protocol - CNN",sport,sport,6,0.960144600770865
2035,Switzerland votes to ban face covering - CNN,news,europe,1,0.5950861903221701
2036,Manchester United brings Manchester City's 21-match winning streak to an end  - CNN,sport,football,0,0.8133517023164856
2037,Italian prosecutor asks for life sentence for two Americans charged with police murder - CNN,news,europe,5,0.6094786467140846
2038,LPGA: There's a dearth of Black players in US women's golf. This woman wants that to change - CNN,sport,golf,7,0.44615523682486513
2039,Migrants could become the new Covid scapegoats when Europe's borders reopen - CNN,news,europe,10,0.5385460953352063
2040,Iditarod: The legendary sled dog race going ahead amid the pandemic  - CNN,sport,sport,2,0.302732588060177
2041,NBA All-Star Game: The league's best players duke it out - CNN,sport,sport,4,0.6874090860267726
2042,How otters and beavers returned to one of the world's greatest golf courses - CNN,sport,golf,2,0.6804811117622394
2043,"Greg McDermott, Creighton's men's basketball coach, is suspended after 'plantation' comment - CNN",sport,sport,0,0.507863060725648
2044,NFL hires Maia Chaka as its first Black female game official - CNN,sport,football,0,0.7923494199899236
2045,Billy Kemper: Surfer glimpsed at death after wave slammed him into a rock  - CNN,sport,sport,11,0.5185313936099488
2046,Prince Philip moves to King Edward VII Hospital after heart procedure - CNN,news,uk,7,0.687090826594447
2047,France could block Covid-19 vaccine shipments as Italy did on Thursday - CNN,news,europe,10,0.958332650919516
2048,Meghan and Harry steal the show before Oprah interview is even aired - CNN,news,uk,7,0.7388902398649241
2049,Tom Brady: NFL star says he dodged wife's retirement request - CNN,sport,sport,8,0.6851846071732397
2050,"Japan's Kane Tanaka, the world's oldest living person, will carry Tokyo 2020 Olympic flame - CNN",sport,sport,9,0.9601431707181092
2051,Liverpool slumps to fifth straight home defeat as Jurgen Klopp defends 'rare' Mohamed Salah substitution - CNN,sport,football,0,0.7972954495394062
2052, Box jellyfish: Australian teenager dies a week after being stung  - CNN,news,australia,10,0.6974429420728417
2053,"Buckingham Palace to investigate allegations that Meghan, Duchess of Sussex, bullied UK staff - CNN",news,uk,7,0.9745367964738904
2054,"Formula 1: Sebastian Vettel admits he almost walked away from the sport, as James Bond and Tom Brady unveil new Aston Martin on the grid - CNN",sport,motorsport,3,0.37401605935284316
2055,Katie Ledecky wins by 21 seconds in her first race for a year - CNN,sport,sport,9,0.5565219068172385
2056," Italy blocks export of Covid-19 vaccine doses to Australia, using EU powers for the first time - CNN",news,europe,10,0.9694438944600573
2057,Prince Philip undergoes procedure for heart condition - CNN,news,uk,7,0.5459107642422322
2058,"Inside the grounds of Europe's biggest Hindu temple, volunteers debunk myths and administer coronavirus vaccines - CNN",news,uk,10,0.6428841857609597
2059,Germany's far-right AfD becomes first party to be put under government surveillance since Nazi era - CNN,news,europe,6,0.42451783484427213
2060,Meghan accuses royal family of 'perpetuating falsehoods' against her and Harry - CNN,news,europe,7,0.9683902449285953
2061,Ethiopia: After CNN reveals Tigray massacre UN rights chief says war crimes may have been committed  - CNN,news,europe,2,0.9722214772494623
2062,"FC Barcelona faces seminal presidential elections amid chaos, scandal and anger - CNN",sport,football,1,0.596425981833763
2063,Barcelona given some respite from off-field issues with stunning comeback against Sevilla to reach Copa del Rey final - CNN,sport,football,4,0.5825705620555859
2064,"Europe's unified vaccination strategy is splintering as nations turn to Israel, China and Russia for help - CNN",news,europe,10,0.7264269288659738
2065,Church of Cyprus calls for Eurovision entry 'El Diablo' to be dropped for promoting devil worship - CNN,news,europe,9,0.5745167575393366
2066,Beavers roaming free in England could help fight flooding - CNN,news,europe,2,0.5358034225559669
2067,"Christian Porter, Australian attorney general, comes forward to deny historical rape allegation - CNN",news,australia,6,0.6346803285106158
2068,Jeremy Lin: Former NBA star says Covid-19 has sparked anti-Asian violence in the US  - CNN,sport,sport,6,0.5594216384772034
2069,"Alexey Navalny, Putin critic, held at detention center in Vladimir region, east of Moscow - CNN",news,europe,5,0.5085969494327206
2070,UK coronavirus: How Britain failed to impose an effective quarantine system   - CNN,news,europe,10,0.4464616519022293
2071,Winter Olympics 2022: Mikaela Shiffrin doesn't want to have to choose between 'morality versus being able to do your job' - CNN,sport,sport,9,0.5066973926112135
2072,"Iran's only female Olympic medalist, Kimia Alizadeh, to compete under white flag in Tokyo - CNN",sport,sport,9,0.5834363997720742
2073,Diego Maradona's Porsche is up for sale - CNN,sport,sport,0,0.9083319210107674
2074,"French Catholic clergy may have abused at least 10,000 people since 1950, say investigators - CNN",news,europe,10,0.4944821688438231
2075,Horse racing faces new welfare scrutiny after more footage appears of a jockey posing on a dead horse - CNN,sport,sport,3,0.9618049969133476
2076,Tokyo Olympics: How Sandi Morris and Tyrone Smith navigated the 'purgatory' of a postponed Games - CNN,sport,sport,9,0.4045827116575628
2077,"J.J. Watt: NFL owner, who is also a pilot, jets in to help secure free agent deal - CNN",sport,sport,11,0.42991729931647427
2078,Russia shows off new Covid-19 vaccine factory even as its people hesitate to get the shot - CNN,news,europe,10,0.8249064489496882
2079,Jiangsu FC: Reigning Chinese Super League champion 'ceases operations' - CNN,sport,football,0,0.8161380196396624
2080,England rugby player Ellis Genge says he received death threats following Six Nations defeat by Wales - CNN,sport,sport,2,0.3918445121196738
2081,Brazil variant: UK hunts for person infected with Covid-19 variant first identified in Manaus - CNN,news,uk,10,0.7304393782218576
2082,Jasmine Harrison delights in Atlantic Ocean world record row - CNN,sport,sport,11,0.5261855413640681
2083,Golfers wore red and black in honor of Tiger Woods during Sunday's play - CNN,sport,sport,2,0.9672603996678116
2084,"Gordon Elliott, top racing trainer, apologizes over dead horse photo - CNN",sport,sport,1,0.5841928345038704
2085,Yohan Blake: Sprinter says he would rather miss Olympics than get Covid-19 vaccine - CNN,sport,sport,9,0.5919420503659009
2086,"Nicolas Sarkozy, former French president sentenced to jail in historic ruling  - CNN",news,europe,5,0.5139578608294375
2087,"How the Czech Republic slipped into a Covid disaster, one misstep at a time - CNN",news,europe,10,0.4124629397789523
2088,Prince Philip moved to new hospital to treat infection and test preexisting heart condition - CNN,news,europe,3,0.6669801031008619
2089,Analysis: How Kate's role in the British royal family has changed in the last 10 years - CNN,news,uk,7,0.951753485723773
2090,Former British police officer convicted for being member of banned neo-Nazi group is jailed - CNN,news,uk,8,0.6297554914935128
2091,"Lionel Messi: A pair of Barcelona star's football boots auctioned for $173,000 - CNN",sport,football,1,0.951752609869357
2092,Sheikh Mohammed: Calls for owner's horse to be banned from Kentucky Derby  - CNN,sport,sport,2,0.8377665457250705
2093,Former Germany defender Christoph Metzelder found guilty of sharing child pornography pictures - CNN,sport,football,6,0.45220322920040606
2094,"Navalny appears in court for first time since ending hunger strike, saying 'I'm just an awful skeleton' - CNN",news,europe,9,0.7137494016165731
2095,Bryce Harper escapes injury after 97 mph pitch to face - CNN,sport,sport,6,0.6079733617555004
2096,Prince William and Kate photos mark 10-year wedding anniversary - CNN,news,uk,7,0.8752988165104466
2097,Patty Tavatanakit: The golfer who admits it's 'odd' to think she's a major winner  - CNN,sport,golf,2,0.5749004615683642
2098,Analysis: The looming crisis in Brussels that no one is talking about - CNN,news,europe,6,0.5011168510910957
2099,Germany puts anti-lockdown group under surveillance for possible extremist ties - CNN,news,europe,2,0.513519198046488
2100,Champions League: PSG 'collapsed completely' in semifinal against Manchester City  - CNN,sport,football,0,0.7399432127328307
2101,NBA: Utah Jazz set a new franchise record after thrashing the Sacramento Kings - CNN,sport,sport,8,0.956348352094727
2102,"Turkey enters first national lockdown as Covid-19 cases rise
 - CNN",news,europe,10,0.8961465561460059
2103,NFL Draft 2021 explainer: Everything you need to know  - CNN,sport,sport,10,0.618246916511796
2104,Tokyo Olympics 2020: Protests and demonstrations banned at games as Rule 50 upheld - CNN,sport,sport,9,0.9601445987570953
2105,Boris Johnson's apartment renovations have landed him in the political doghouse - CNN,news,uk,1,0.9722220214620928
2106,Michael Visacki: Golfer shares powerful phone call with his dad after PGA Tour dream comes true  - CNN,sport,golf,11,0.9672613252716827
2107,IPL: Australian cricketers wear full PPE on flight to Delhi; Aussie PM tells IPL stars to make 'own arrangements' to return home - CNN,sport,sport,0,0.23349196799641334
2108,"Floyd Mayweather exhibition match against YouTuber Logan Paul back on, set for June 6 - CNN",sport,sport,2,0.5820560308753552
2109,Richard Pewsey jailed for 10 months after filming and taunting dying police officers - CNN,news,australia,8,0.46075939561287693
2110,"Targeting Asia-Pacific defense, Australia to spend $580m on military upgrades - CNN",news,australia,1,0.5101000469643071
2111,Police in Germany respond to bomb alert and find a sex toy grenade - CNN,news,europe,2,0.6714777938319552
2112,Christian Pulisic becomes first US men's international to score in a Champions League semifinal - CNN,sport,football,4,0.42782658669219303
2113,Boris Johnson will face formal investigation into apartment renovation costs - CNN,news,uk,1,0.9730389046105591
2114,"Tony Blair has a mullet now, and it's disturbing Britain - CNN",news,uk,1,0.4972508023411832
2115,"Champions League: Paris Saint-Germain vs. Manchester City and why Qatar and UAE, soccer investment has been 'potentially worth its weight in gold' - CNN",sport,football,0,0.5836623539766954
2116,Ursula von der Leyen says Turkey chair snub happened 'because I am a woman' - CNN,news,uk,3,0.9683895860269074
2117,Julian Nagelsmann to become new Bayern Munich coach - CNN,sport,football,0,0.4372926342743408
2118,Hungary's Orban extends dominance through university reform - CNN,news,europe,2,0.9563479197126622
2119,How Maya Gabeira overcame a life-threatening accident to surf two record-breaking waves - CNN,sport,sport,4,0.41650383817877623
2120,The Queen is seen smiling in official royal engagement - CNN,news,uk,3,0.5857497583281434
2121,Blake Leeper: Amputee's application to compete with running blades rejected - CNN,sport,sport,9,0.45576251336914314
2122,UK Phone Hacking Scandal Fast Facts - CNN,news,europe,2,0.8002498859616853
2123,Boris Johnson denies disrespecting Covid-19 victims. But the political crises are piling up. - CNN,news,uk,1,0.6060674450164861
2124,Zlatan Ibrahimovic investigated by UEFA over 'alleged financial interest' in betting company - CNN,sport,football,3,0.6829539188302158
2125,"UK sending HMS Queen Elizabeth to the Pacific, exercises planned alongside US, India, Japan and South Korea - CNN",news,europe,5,0.46883367908708407
2126,UFC 261: Chris Weidman has surgery after suffering 'freak' leg break - CNN,sport,sport,2,0.9517528840047502
2127,IPL: Lucrative cricket tournament continues amid India's alarming Covid-19 surge  - CNN,sport,sport,6,0.32180178244876545
2128,Alexey Navalny's political movement suspended in Russia - CNN,news,europe,9,0.7265376810627339
2129,"Long before Colin Kaepernick, this Black woman defied her country - CNN",sport,sport,7,0.5877669964294762
2130,Man jumps through moving car window to stop reckless driver - CNN,news,europe,4,0.4559404805242534
2131,NFL superstar Rob Gronkowski sets world record with 600-foot catch - CNN,sport,sport,11,0.9166645289349042
2132,"Manchester City beats Tottenham Hotspur, clinches fourth consecutive League Cup title in front of fans  - CNN",sport,football,0,0.8171356436921108
2133,English football is set to boycott social media over sustained racist abuse online - CNN,sport,football,7,0.6170638524332367
2134,"France not doing enough to tackle climate change, court rules  - CNN",news,europe,2,0.5338279026895334
2135,"On the frontline with Britain's new feminists, fighting for women's rights - CNN",news,europe,1,0.5836878937477845
2136,Terror in southern England as dozens of much-loved trees are felled in the dead of night - CNN,news,uk,11,0.8538779378644218
2137,Spain coronavirus: Man arrested in Mallorca town on suspicion of infecting 22 people with Covid-19 - CNN,news,europe,6,0.8066278464938669
2138,'Big Bird Bandits:' Police hunting thieves who allegedly stole 'Sesame Street' costume make arrests - CNN,news,australia,10,0.5665850830708062
2139,Armenia mass killings: What to know  - CNN,news,europe,5,0.9490726178264501
2140,The European Super League was three years in making. It took 48 hours to unravel - CNN,sport,football,0,0.9236093545197767
2141,Zlatan Ibrahimović's new AC Milan contract will allow him to join fabled club of Serie A's quadragenarians - CNN,sport,football,3,0.5512999952464405
2142,Malaria vaccine breakthrough as promising trial rises hopes of controlling disease - CNN,news,uk,10,0.6432296179640403
2143,"Terrence Clarke, Kentucky basketball player and NBA prospect, has died following a car accident in LA - CNN",sport,sport,11,0.5459599622082282
2144,Ryan Giggs charged with assault of two women and 'coercive and controlling behaviour' - CNN,sport,football,0,0.49586220593755853
2145,Prince Louis turns 3 and there's a new photo to mark the occasion - CNN,news,uk,7,0.7592147471827222
2146,Bunny attends baseball game and everyone is in love with it - CNN,sport,sport,0,0.7958162789264244
2147,Alexey Navalny ends hunger strike - CNN,news,europe,9,0.7913950506980707
2148,UK PM's former chief adviser Dominic Cummings denies leaking PM's text messages - CNN,news,europe,1,0.49425412064949253
2149,Barack and Michelle Obama: Valentino Dixon was convicted for a crime he didn't commit; now he's selling art to the Obamas - CNN,sport,golf,8,0.7465508360791124
2150,"Barcelona remains committed to Super League, saying it would be 'historical error' to pull out - CNN",sport,football,6,0.5190226197429272
2151,Russia orders troops back to base after massive buildup near Ukraine border - CNN,news,europe,5,0.9672610223176804
2152,France knife attack: Anti-terrorism probe launched after police officer stabbed to death - CNN,news,europe,8,0.43903983721923645
2153,Germany to impose 'emergency brake' law to curb Covid infections across almost entire country - CNN,news,europe,10,0.8201501354908501
2154,"Florentino Perez insists Super League isn't canceled, only on 'standby' - CNN",sport,football,6,0.6532367132303571
2155,Seán McCabe: Football's first Climate Justice Officer - CNN,sport,football,1,0.4293899775373243
2156,European Super League: How game's wealthy owners scored own goal - CNN,sport,football,0,0.6513815360916403
2157,Alexey Navalny: Protesters across Russia call for Navalny's release on same day as Putin's annual address - CNN,news,europe,9,0.6684665242057406
2158,"Hospital employee made nearly $650,000 despite skipping work for 15 years, police say - CNN",news,europe,10,0.5530301951494968
2159,Russia plans to launch own space station after quitting ISS - CNN,news,europe,5,0.6921831709242813
2160,"'Pervasive racism' left tens of thousands of Black and Asian war dead uncommemorated, UK inquiry findss - CNN",news,uk,7,0.42199521521748296
2161,John W. Henry: Liverpool FC owner apologises as proposed Super League crumbles - CNN,sport,football,0,0.7459417366108445
2162,Clubs to amend plans for elite European Super League after UK teams say they won't participate - CNN,sport,football,0,0.7469243429216377
2163,"Liverpool, Arsenal, Tottenham Hotspur, Manchester United and Manchester City say they will withdraw from Super League - CNN",sport,football,0,0.895152429145162
2164,The UK's space agency is hunting for 'moon trees' grown from seeds that went on the Apollo 14 lunar mission - CNN,news,europe,2,0.472477887915326
2165,Queen Elizabeth spends her first birthday without Prince Philip - CNN,news,europe,3,0.967261645881435
2166,FIFA President Gianni Infantino warns Super League clubs that they must 'live with the consequences' - CNN,sport,football,0,0.7645639259973201
2167,"Steph Curry breaks Kobe Bryant, Michael Jordan records as he continues historic scoring streak - CNN",sport,sport,11,0.614091795156661
2168,Ukraine's Zelensky invites Russia's Vladimir Putin to meet - CNN,news,europe,5,0.9583329583009706
2169,"EU regulator finds possible link between Johnson & Johnson vaccine and blood clots, but says benefits outweigh risks - CNN",news,europe,10,0.8172990831591735
2170,"Black Lives Matter: Ayesha McGowan is the first Black American woman in pro cycling
 - CNN",sport,sport,7,0.9633326290609336
2171,What is the new European Super League and how will it work? - CNN,sport,football,0,0.44685480905358455
2172,European Super League: Players and fans condemn controversial competition - CNN,sport,football,0,0.8900318538146699
2173,"Analysis: Super League has got Boris Johnson all fired up, but path to victory looks risky - CNN",sport,football,1,0.5915541871689044
2174,Angela Merkel has five months to defeat the coronavirus pandemic and save her legacy - CNN,news,europe,6,0.33690082064242705
2175,"Pandemic deaths are accelerating, WHO warns, as world records most cases ever in a single week - CNN",news,europe,10,0.7443152248912622
2176,NBA great Michael Jordan will present Kobe Bryant for basketball Hall of Fame inductionha - CNN,sport,sport,4,0.9758769529175402
2177,Premier League: Football fans condemn 'ultimate betrayal' of European Super League - CNN,sport,football,0,0.7908407089412285
2178,José Mourinho sacked as Tottenham Hotspur manager - CNN,sport,football,0,0.868136514540157
2179,F1 Imola GP: Max Verstappen wins at Imola but Lewis Hamilton stays ahead - CNN,sport,motorsport,5,0.9374555637222511
2180,Paris Saint-Germain ends Lyon's stranglehold on Women's Champions League - CNN,sport,football,4,0.5162280107652447
2181,"European Super League: 12 football teams to form breakaway league amid condemnation from UEFA, Premier League, FIFA - CNN",sport,football,0,0.8444624564904318
2182,Navalny transferred to hospital as concerns mount over jailed Kremlin critic's health  - CNN,news,europe,9,0.7970091690677593
2183,"Two Russian agents have been linked to a high-profile poisoning and a deadly explosion, but there's little Europe can do - CNN",news,europe,3,0.2281912401918179
2184,UN condemns 'reprehensible' UK race report for repackaging 'racist tropes into fact' - CNN,news,uk,7,0.44092491676172374
2185,Ander Herrera and Mesut Ozil: Shock and outrage as world reacts to European Super League breakaway plans - CNN,sport,football,0,0.7848305557016114
2186,Analysis: The monarchy will look different now Philip has gone - CNN,news,uk,3,0.8171515051702284
2187,Why the Queen sat alone during Prince Philip's funeral - CNN,news,uk,3,0.8701002095641662
2188,"Navalny's life is Putin's 'personal' responsibility, say Russian politicians - CNN",news,europe,9,0.40043422353482766
2189,"In its latest lurch to the far right, Denmark plans to send refugees back to Syria - CNN",news,europe,1,0.967260829813774
2190,Russian suspects in the Salisbury poisoning linked to blast in Czech Republic  - CNN,news,europe,4,0.5529169455780387
2191,Jake Paul wins latest boxing match in first round against Ben Askren - CNN,sport,sport,8,0.7271228514363185
2192,Barcelona: Is this goodbye? Teammates line up for photos with Lionel Messi following Copa del Rey victory - CNN,sport,football,1,0.4882769065099503
2193,Matthew McConaughey: How actor's wife 'injected' soccer into his blood - CNN,sport,football,7,0.4585931572296959
2194,What you need to know about the Jake Paul vs Ben Askren boxing match - CNN,sport,sport,8,0.6850881375731822
2195,Prince Philip's funeral takes place at Windsor Castle as Queen Elizabeth's consort laid to rest - CNN,news,uk,3,0.7300473102009338
2196,Imola GP:  Lewis Hamilton sees off the Red Bulls to seize his 99th pole - CNN,sport,motorsport,5,0.9683905931774521
2197,How Hideki Matsuyama became Japan's new national hero - CNN,sport,golf,1,0.4161298822202767
2198,Princes William and Harry walk together at grandfather's funeral - CNN,news,uk,3,0.6560597800526685
2199,Diego Maradona: Argentine artist channels 'hand of God' with portrait or soccer great - CNN,sport,football,0,0.3554518611862691
2200,Pierre-Emerick Aubameyang: Arsenal star recovering from malaria - CNN,sport,football,0,0.48675616679769945
2201,Prince Philip: Funeral guest list annnounced by Buckingham Palace - CNN,news,uk,7,0.49398748224581135
2202,Martin Braithwaite spent time in a wheelchair as a child; now he's Lionel Messi's wingman at Barcelona - CNN,sport,football,3,0.434580111095757
2203,France outlaws sex with children aged under 15 - CNN,news,europe,10,0.6486718240334637
2204,Prince Philip funeral: How the Queen will say goodbye - CNN,news,uk,3,0.9166657336471105
2205,Greensill Capital: A political scandal is swirling in Britain. But Boris Johnson is unlikely to drain the swamp - CNN,news,uk,7,0.397895793522969
2206,Novak Djokovic's clay-court campaign is up and running -- but not in the way he wanted - CNN,sport,tennis,4,0.9601441908533749
2207,LaMarcus Aldridge: Brooklyn Nets forward retires after health scare - CNN,sport,sport,4,0.9601436432464
2208,Real Madrid team bus damaged ahead of Champions League tie in Liverpool  - CNN,sport,football,4,0.4277806033561
2209,Netflix: 'The Short Game' documentary's female stars are helping to change golf - CNN,sport,golf,2,0.5219529684529428
2210,2021 Wisden Almanack: England cricket criticized for stopping kneeling in midst of fight against racism - CNN,sport,sport,7,0.4896409429077172
2211,Tokyo Olympics: Adam Peaty ahead of schedule for Olympics after another 100m blast - CNN,sport,sport,9,0.4733772548169832
2212,"Russian magazine DOXA raided, journalists charged by authorities - CNN",news,europe,9,0.464023767058485
2213,France cuts two nuclear-powered submarines in half to make one new one - CNN,news,europe,10,0.4184275975322337
2214,Denmark removes AstraZeneca from its vaccination program - CNN,news,europe,10,0.5817932732302091
2215,Manchester United change seat covering colors to improve home form - CNN,sport,football,0,0.9427064348201549
2216,David Beckham Fast Facts - CNN,news,europe,2,0.8535322822638405
2217,Tony Blair Fast Facts - CNN,news,europe,2,0.7241126221552975
2218,The Queen returns to royal duties following Prince Philip's death - CNN,news,uk,3,0.6607062673730025
2219,PSG shows 'fight' to stun Bayern Munich in the Champions League quarterfinal   - CNN,sport,football,4,0.6990028630769631
2220,UEFA bans Slavia Prague's Ondřej Kúdela for 10 games for racist behavior - CNN,sport,football,3,0.534605287183795
2221,"UEFA Champions League: Erling Haaland destined to 'smash a lot of records,' says Norwegian great Erik Thorstvedt - CNN",sport,football,4,0.970429416675062
2222,Iranian Mehdi Taremi scores an extraordinary goal to create history for Iran - CNN,sport,football,4,0.4863621785089027
2223,USA predicted to top Tokyo Olympics medal table  - CNN,sport,sport,9,0.5526637157640576
2224,Germany Covid-19: Berlin police investigate Soho House over alleged party amid lockdown - CNN,news,europe,10,0.3198512864243446
2225,Tokyo Olympics: With 100 days to go Japan has vaccinated less than 1% of its population. That's a problem. - CNN,sport,sport,9,0.5382149643382803
2226,Ukraine border: As Russia masses its troops President Zelensky heads to the trenches  - CNN,news,europe,5,0.9633329209737833
2227,Prince Philip death: Britain looked like it was in national mourning. Not all of it was. - CNN,news,uk,5,0.36332489801839685
2228,"NBA, MLB and NHL postpone Minneapolis games following fatal shooting of  Daunte Wright - CNN",sport,sport,6,0.8259282013512832
2229,London police officer jailed for breaking Black man's knee - CNN,news,uk,8,0.5891652678182278
2230,Brexit has played a part in threatening Northern Ireland's fragile peace. But the NI protocol is not the only factor at play - CNN,news,uk,10,0.859195188133607
2231,"Spain plans to open grave containing 33,000 civil war victims - CNN",news,europe,1,0.520911585855661
2232,Tom Drury: Trekking 4000km along the Australian coast -- on a skateboard - CNN,sport,sport,8,0.4652281124188893
2233,Conor McGregor tells Dustin Poirier that the 'fight is off' in Twitter spat - CNN,sport,sport,3,0.961805270422566
2234,"Rachael Blackmore: 'If you have the talent, you will be given the opportunity,' says Grand National winner - CNN",sport,sport,4,0.4551624555001596
2235,Barcelona FC pips fierce rival Real Madrid to be named the world's most valuable club - CNN,sport,football,6,0.9541646094511542
2236,"Prince Philip funeral: Queen Elizabeth's longtime consort, will be laid to rest in low-key ceremony - CNN",news,europe,3,0.9745366938308232
2237,The Masters: Hideki Matsuyama's caddie bowing respectfully to Augusta symbolizes emotional win for a proud Japan - CNN,sport,golf,2,0.6336883635967796
2238,"Lleyton Hewitt's son, Cruz, wins Australian junior tennis title - CNN",sport,tennis,4,0.5268703550271556
2239,Colombian football team Águilas Doradas fields only seven players due to Covid outbreak - CNN,sport,football,0,0.5438623065163016
2240,"Paris shooter is on the run, leaving behind one dead and one injured  - CNN",news,europe,10,0.5485165349351024
2241,Prince Philip death: Harry pays tribute to 'cheeky' grandpa Prince Philip as he arrives in UK for funeral  - CNN,news,uk,3,0.6297638963131907
2242,Son Heung-Min: Tottenham star racially abused online after Premier League defeat - CNN,sport,football,0,0.9745368196507467
2243,UEFA Champions League: The making of Bayern Munich's Jamal Musiala - CNN,sport,football,4,0.425360799952555
2244,Hideki Matsuyama wins the 2021 Masters Tournament in Augusta - CNN,sport,golf,2,0.6283816012125781
2245,El Clasico: Real Madrid goes top of La Liga with victory over Barcelona - CNN,sport,football,6,0.45866844967492704
2246,Queen Elizabeth said Prince Philip's death has 'left a huge void in her life' - CNN,news,uk,3,0.6106964048718717
2247,"Trinity Rodman, daughter of former NBA star, scores on NWSL debut - CNN",sport,football,7,0.29239578705279057
2248,Matsuyama races into lead ahead of final day of the Masters Tournament - CNN,sport,golf,2,0.6473757109180518
2249,Prince Philip Fast Facts - CNN,news,europe,3,0.4806469953314411
2250,"Billy Horschel: A day after playing a shot from the water, he is back at it again - CNN",sport,golf,10,0.34330936556303115
2251,The Masters: Will Zalatoris wished luck by Adam Sandler due to resemblance to his caddy in 'Happy Gilmore' - CNN,sport,golf,11,0.6684872851113106
2252,Boris Johnson could come out of the pandemic smelling of roses - CNN,news,uk,1,0.7636779218329593
2253,Premier League leader Manchester City stunned by 10-man Leeds United - CNN,sport,football,0,0.9730384364883298
2254,Grand National: Rachael Blackmore becomes first female jockey to win - CNN,sport,sport,4,0.5352961522692891
2255,Play suspended on third day of Masters due to inclement weather - CNN,sport,golf,2,0.8177616404523014
2256,"Laughed off for years as gaffes, Prince Philip's outbursts complicate his legacy - CNN",news,uk,3,0.47571928159188887
2257,The Masters: Big names make big moves at second day but still trail Justin Rose - CNN,sport,golf,2,0.9672610405818847
2258,The plan for Prince Philip's mourning period and funeral - CNN,news,uk,3,0.8404268980820073
2259,"Australia Indigenous deaths in custody: She died alone in a police cell, the victim of a problem Australia has had 30 years to fix - CNN",news,australia,10,0.8274366626430774
2260,"The Masters: Si Woo Kim breaks putter in frustration, forced to put with wood - CNN",sport,golf,9,0.3489998270410659
2261,Joe Musgrove: Hometown pitcher throws the first no-hitter in San Diego Padres history - CNN,sport,sport,0,0.7913768097382798
2262,Northern Ireland riots: What's behind the recent violence in Northern Ireland? - CNN,news,uk,8,0.4388915822678067
2263,Analysis: The Queen has lost her 'strength and stay' - CNN,news,uk,3,0.5100102783154018
2264,Northern Ireland riots: Bus torched in more Belfast violence as British and Irish leaders call for calm - CNN,news,europe,5,0.39964117613661443
2265,Australia's Sex Discrimination Act will soon apply to politicians. Why didn't it before? - CNN,news,australia,7,0.6613966666550506
2266,The obituary of Prince Philip - CNN,news,uk,3,0.5076793986359835
2267,The Masters: Abraham Ancer 'gutted' after two-stroke penalty for inadvertent bunker error - CNN,sport,golf,4,0.6485343446716818
2268,Donovan Mitchell: Utah Jazz extend home win-streak to 23 behind Spida's 37 - CNN,sport,sport,4,0.5827137425852271
2269,"Russian forces are massing on Ukraine's border. Bluff or not, Putin is playing with fire - CNN",news,europe,5,0.9460774575385836
2270,"Jordan Henderson hands social media accounts to charity, as clubs begin boycott due to racist abuse - CNN",sport,football,7,0.6713028404490232
2271,The Masters: Justin Rose charges into four-shot lead with commanding first-round 65 - CNN,sport,golf,2,0.9294850947044323
2272,Zlatan Ibrahimovic to make acting debut in new Asterix and Obelix film - CNN,sport,football,3,0.4840866285541328
2273,Meghan and Harry say Prince Philip will be 'greatly missed' - CNN,news,uk,7,0.662733858877459
2274,"Prince Philip, Duke of Edinburgh, dead at 99 - CNN",news,uk,3,0.7868939837694089
2275,Tiger Woods won it all 20 years ago during the 'Tiger Slam' - CNN,sport,golf,2,0.4953743587712764
2276,Rory McIlroy hits father with ball in sloppy first round at The Masters - CNN,sport,golf,4,0.40843623798174206
2277,La Liga finds no evidence Cádiz's Juan Cala insulted Valencia's Mouctar Diakhaby 'in the alleged terms' - CNN,sport,football,6,0.6071086080517165
2278,Tommy Fleetwood hits memorable hole-in-one at The Masters - CNN,sport,golf,2,0.6592612560685114
2279,Myanmar London embassy: Ambassador to the UK says he's locked out of building in 'coup' - CNN,news,uk,8,0.4881826888447866
2280,Boris Johnson desperately needs a more coherent China strategy - CNN,news,uk,5,0.5160503410820431
2281,2021 French Open postponed by a week due to Covid-19 pandemic - CNN,sport,tennis,4,0.5698980447645129
2282,Kylian Mbappe's brace hands PSG a Champions League win over Bayern Munich - CNN,sport,football,4,0.5890127856846442
2283,Zsolt Petry: Hungarian FM questions EU's 'freedom of expression' after coach is sacked - CNN,sport,football,0,0.43037817925399247
2284,Simone Biles says Paris not Tokyo could be her last Olympics - CNN,sport,sport,9,0.6197254444433946
2285,Tokyo Olympics: Osaka takes torch relay off public roads amid Covid-19 surge - CNN,sport,sport,10,0.4283253196751307
2286,Ursula von der Leyen is left standing by her male counterparts in Turkey - CNN,news,europe,3,0.9683899295367188
2287,Dominique Strauss-Kahn Fast Facts  - CNN,news,europe,2,0.815179536127324
2288,UK's BNO fund to support Hong Kongers as protest leader Nathan Law granted asylum - CNN,news,uk,5,0.49990114809344127
2289,Navalny continues hunger strike despite a high temperature and bad cough  - CNN,news,europe,9,0.9730388452531867
2290,The Masters: Star golfers speak out on Georgia's new restrictive voting law - CNN,sport,sport,2,0.41543859498123487
2291,'I felt my body was still capable': Meet the moms hoping to shine at the Olympics - CNN,sport,sport,0,0.5815511054589432
2292,Angelo Gabriel becomes youngest goalscorer in Copa Libertadores history - CNN,sport,football,0,0.6407911348653084
2293,'Neighbours' actors allege racism and homophobia on set of beloved Australian soap - CNN,news,australia,7,0.4158753661652961
2294,"Champions League: Real Madrid overpowers Liverpool, Dortmund angered by disallowed goal against Man City - CNN",sport,football,4,0.44492825132323305
2295,"The Masters: Dustin Johnson to serve pigs in a blanket, filet mignon at Champions Dinner - CNN",sport,golf,4,0.32716659581189944
2296,Oxford-AstraZeneca pause pediatric trial pending review by UK regulator - CNN,news,uk,10,0.8852047339740488
2297,FC Barcelona: Ousmane Dembele's late winner moves Barca to within touching distance of La Liga summit ahead of El Clasico - CNN,sport,football,4,0.9672611664141649
2298,Juan Cala denies racially abusing Mouctar Diakhaby; Valencia respond in statement - CNN,sport,football,11,0.5188334222448147
2299,"Russian military presence in the Arctic 'absolutely necessary,' says Kremlin - CNN",news,europe,5,0.8348997660901953
2300,Nearly 28 tons of cocaine seized after police access encrypted network - CNN,news,europe,2,0.5093568341896144
2302,North Korea reportedly won't participate in Tokyo Olympic Games - CNN,sport,sport,9,0.8252560646035003
2303,"The Masters: The return of patrons will play a 'massive role,' says Jordan Spieth - CNN",sport,golf,2,0.53080055361211
2304,Rebecca Welch: Referee makes history in EFL debut - CNN,sport,football,0,0.6707792501630192
2305,Vladimir Putin signs law allowing him to run for two more terms as Russian President - CNN,news,europe,5,0.6727433910994557
2306,"UEFA Champions League: Meet Otto Addo, the coach responsible for guiding some of Europe's brightest young footballers - CNN",sport,football,0,0.4907438937645026
2307,The Masters: Bryson DeChambeau optimistic new driver will help chances - CNN,sport,golf,2,0.9583325120812659
2308,Northern Ireland sees three nights of violence as tensions build - CNN,news,uk,5,0.7945579504908581
2309,Jordan Spieth claims first win in nearly four years with victory at the Valero Texas Open - CNN,sport,golf,8,0.7125673205007661
2310,Patty Tavatanakit wins ANA Inspiration despite Lydia Ko's record-equaling round  - CNN,sport,golf,4,0.7554516017466872
2311,Swimming: Leukemia survivor Rikako Ikee defies odds by securing Olympics berth - CNN,sport,sport,9,0.5818336124149477
2312,"Australia's first international cricket team found fame in the UK. At home, they were betrayed - CNN",sport,sport,3,0.42718824304610686
2313,Steph Curry: NBA star to auction off custom-designed sneakers in solidarity with Asian community - CNN,sport,sport,11,0.5363390573746376
2314,Russia is amassing unprecedented military might in the Arctic - CNN,news,europe,10,0.3260658214848687
2315,Valencia vs Cádiz: La Liga match suspended following incident of alleged racist abuse - CNN,sport,football,4,0.4841486977290103
2316,UK race report: culture wars may be a sugar hit for Boris Johnson. But experts say they only paper over Britain's problems - CNN,news,uk,1,0.30965782543384185
2317,"He was lured to his death in a secluded park. In a pandemic, dating can be deadly for LGBTQ+ people - CNN",news,europe,1,0.4529402654138152
2318,Pope Francis leads scaled-down Easter Sunday mass - CNN,news,europe,10,0.9517531724657271
2319,March Madness: Gonzaga defeats UCLA with buzzer beater and will face Baylor in NCAA men's basketball title game  - CNN,sport,sport,4,0.4844525312912669
2320,"Copa del Rey: Athletic Bilbao loses first final, but has second chance against FC Barcelona - CNN",sport,football,3,0.4122867630504241
2321,Covid-19 passport pilots proposed by UK government as way out of lockdown - CNN,news,uk,6,0.545192976402644
2322,Serie A: Super Saturday leaves Inter Milan with one hand on Scudetto trophy - CNN,sport,football,3,0.5960879760833891
2323,Love match: Tennis stars Elina Svitolina and Gael Monfils announce engagement - CNN,sport,tennis,7,0.4053966372328695
2324,Pope Francis greets children on Good Friday  - CNN,news,europe,10,0.9541660050937936
2326,Premier League: West Bromwich Albion scores five goals against 10-man Chelsea - CNN,sport,football,0,0.5989924471214594
2327,Neymar sees red as Lille stuns Paris Saint-Germain in Ligue 1 showdown - CNN,sport,football,0,0.96474296223415
2328,NBA: Golden State Warriors suffer 53-point blowout loss to the Toronto Raptors - CNN,sport,sport,11,0.9345230967841442
2329,UK's elite schools face a reckoning on rape culture - CNN,news,uk,10,0.37559705762806384
2330,Europe is torn over whether to take Putin's help on vaccines - CNN,news,europe,10,0.4350732120229805
2331,David Moyes: The Premier League manager who spent lockdown delivering fruit - CNN,sport,football,11,0.3619063317154569
2332,Nathan Baggaley: Olympian and his brother found guilty in $152 million cocaine plot  - CNN,sport,sport,3,0.5290711425260773
2333,Italy makes vaccines compulsory for health workers. But some are unconvinced - CNN,news,europe,10,0.5836277986312242
2334,"Hungary records the deadliest day of the pandemic, despite its leading vaccine rollout - CNN",news,europe,10,0.9683902811277315
2335,Analysis: The Queen's first in-person engagement this year  - CNN,news,uk,5,0.6644875062242954
2336,Kevin Durant apologizes to public  as the Brooklyn Nets stay first in the East - CNN,sport,sport,4,0.6523761388229287
2337,Sachin Tendulkar: Indian cricket legend hospitalized after testing positive for Covid-19 - CNN,sport,sport,6,0.7406122316637438
2338,Australia marks quietest fire season in a decade - CNN,news,australia,10,0.9490730283242819
2339,WHO says Europe's vaccine rollout 'unacceptably slow' amid 'worrying' surge - CNN,news,europe,10,0.8110982984158073
2340,World Cup: North Macedonia stun Germany - CNN,sport,football,5,0.5406315455877614
2341,British police officer convicted of membership of neo-Nazi organization - CNN,news,uk,8,0.8429431363037915
2342,Alexey Navalny announces he is going on hunger strike - CNN,news,europe,9,0.938766666479874
2343,Olympics: Could North and South Korea joint host the 2032 Games? - CNN,sport,sport,9,0.4900243204284432
2344,Tiger Woods: Cause of golf icon's crash determined but details yet to be released  - CNN,sport,golf,2,0.6118975669750079
2345,'Exceptionally high' number of decapitated bodies found at Roman burial site - CNN,news,europe,2,0.9427072962946529
2346,Naomi Osaka fined for avoiding media after straight sets victory at the French Open - CNN,sport,tennis,4,0.692851169767776
2347,'Never Give In': An intimate look at Sir Alex Ferguson - CNN,sport,football,0,0.6739481059585917
2348,"Naomi Osaka withdraws from French Open, citing her mental health - CNN",sport,tennis,4,0.7276964756640724
2349,Tokyo Olympics: Australian softball squad among first athletes to travel to Japan for Games - CNN,sport,sport,9,0.6188877719130716
2350,"Dominic Thiem: 'It's a very tough situation', says two-time finalist after shock French Open defeat  - CNN",sport,sport,4,0.6681865077169299
2351,Kyrie Irving: NBA star says some fans are treating players like 'they're in a human zoo'  - CNN,sport,sport,9,0.4021355882501156
2352,"Marcell Ozuna, Atlanta Braves outfielder, arrested on domestic violence charges, police say - CNN",sport,sport,8,0.9683902331603006
2353,"French Open champ Rafael Nadal, in 5 statues - CNN",sport,sport,4,0.581929323281555
2354,Manchester City duo receive racist abuse online after Champions League defeat  - CNN,sport,football,0,0.47310634635896076
2355,Simone Biles is schooling us on how to excel despite setbacks (like the pandemic). The new skills she's unleashed since her last Olympic gold help prove it - CNN,sport,sport,1,0.4296008941908124
2356,The brazen arrest of a Belarusian activist has terrified dissidents all over the world  - CNN,news,europe,5,0.9601437586957411
2357,"Jason Dupasquier: Moto3 rider, 19, dies after crash in qualifying  - CNN",sport,motorsport,5,0.5857195873283689
2358,Lost engagement ring: Freediver finds ring at the bottom of England's largest lake - CNN,news,uk,5,0.9460771831234571
2359,Duchess of Cambridge 'hugely grateful' after first Covid vaccine - CNN,news,uk,10,0.49973858069230864
2360,Chelsea beats Manchester City to win the Champions League title  - CNN,sport,football,0,0.5510776080725929
2361,Sasha Johnson: Man charged with conspiracy to murder after shooting of BLM activist - CNN,news,uk,7,0.7941572383147274
2362,London cash raid: Police seize $7 million - CNN,news,uk,0,0.5086746879588142
2363,Phil Mickelson's 'simply amazing' win and a victory against his doubters - CNN,sport,golf,11,0.5326353683937223
2364,UK police thought they were raiding a marijuana farm. They found a Bitcoin mine. - CNN,news,uk,5,0.4737080562111326
2365,Rebecca Rusch: 'The Queen of Pain' endurance athlete is reaching her ultimate peak - CNN,sport,sport,3,0.9236100461963815
2366,Barack Obama praises Marcus Rashford for child food poverty campaign - CNN,sport,football,11,0.30175495323690354
2367,Lukashenko says documents about Ryanair flight will reveal 'what's going on' as Putin underlines his support for Belarus - CNN,news,europe,5,0.9738091701902092
2368,From prince to producer. Harry's got a hit on his hands - CNN,news,uk,7,0.4931450672643804
2369,"French Open: Rafael Nadal, Novak Djokovic and Roger Federer all in same half of draw - CNN",sport,tennis,4,0.973809319848177
2370,Barack Obama and Marcus Rashford talk about the power of the next generation - CNN,sport,football,3,0.4438751782154819
2371,"Raven Saunders: Depression drove her close to suicide. Now, Olympian wants to 'destigmatize mental health' - CNN",sport,sport,5,0.5770789299127196
2372,Naomi Osaka says she won't do press conferences during the French Open - CNN,sport,tennis,4,0.646105000781014
2373,Zinedine Zidane leaves as manager of Real Madrid for second time - CNN,sport,football,6,0.400328925101819
2374,"With Tokyo Olympics nearing, Japan considers extending coronavirus state of emergency - CNN",sport,sport,9,0.5769236378161806
2375,Stephen Hawking's archive and office acquired by UK cultural giants in tax deal worth millions - CNN,news,uk,0,0.4946283394402821
2376,"Kamaru Usman, Israel Adesanya and Francis Ngannou: African-born UFC champions the stars of a new era of fighters from continent - CNN",sport,sport,10,0.8293541307647363
2377,Belarus: Russian authorities deny entry to European airlines as EU mulls sanctions on Belarus - CNN,news,europe,3,0.5439733664587576
2378,EU-China trade: Europe's much-criticized pursuit of Chinese cash may be starting to unravel - CNN,news,europe,0,0.7554456469481258
2379,Marcus Rashford received 'at least 70 racial slurs' on social media following Manchester United's Europa League defeat to Villarreal - CNN,sport,sport,0,0.5220362890499647
2380,John Stones believes Champions League final is just the 'beginning' for Manchester City - CNN,sport,football,0,0.5858617313625255
2381,Sasha Johnson: Five arrested in connection with shooting of British BLM activist  - CNN,news,uk,7,0.6553257554706624
2382,Europa League final: Villarreal defeats Manchester United in dramatic penalty shootout to win first major European trophy - CNN,sport,football,0,0.5841228696878378
2383,UEFA opens disciplinary proceedings against three European giants after Super League venture - CNN,sport,football,0,0.6448689963970524
2384,"Avo Ndamase: He lost his brother to a shark attack, but surfer still views ocean as 'sacred place' - CNN",sport,sport,11,0.9460772885201407
2385,Students sentenced for anti-Chinese Covid-19 tweets in France - CNN,news,europe,7,0.40063012152220306
2386,"George Floyd: Athletes of the NBA, WNBA and beyond speak out on the anniversary of his death - CNN",sport,sport,7,0.40975183516694097
2387,Dominic Cummings: Boris Johnson's former senior adviser says UK fell 'disastrously short' on Covid-19 - CNN,news,uk,1,0.34157990413447187
2388,"Belarus: 'All Belarusians are hostages to Lukashenko's regime,' say citizens now cut off from Europe - CNN",news,europe,1,0.42129643136098094
2389,"Sofia Sapega, Russian student arrested alongside Belarus activist, appears in 'confession' video - CNN",news,europe,5,0.8043585910292702
2390,Italy cable car accident: Three people arrested - CNN,news,europe,3,0.7570037367493972
2391,Drug dealer jailed after sharing a photo of cheese that included his fingerprints - CNN,news,uk,5,0.7211625031256087
2392,Sasha Johnson: UK's Black Lives Matter activist in critical condition after being shot in head in London - CNN,news,uk,7,0.9334104566227311
2393,Police forces across Europe accused of 'ethnic profiling' when stopping and searching people - CNN,news,europe,10,0.2977930536503969
2394,"Liz Cambage: WNBA head coach Curt Miller suspended, fined after making comment about opposing player's weight - CNN",sport,sport,6,0.45126501399832075
2395,Belarus: Roman Protasevich appears in video as fury mounts over 'hijacking' of Ryanair flight - CNN,news,europe,5,0.7044856107108077
2396,Archaeologists recover victims of the Spanish Civil War - CNN,news,europe,2,0.5644911187867698
2397,Ellyse Perry: Australia's cricket superstar who also played in a FIFA World Cup - CNN,sport,sport,11,0.5087852254818405
2398,Blind man has sight partially restored after 40 years - CNN,news,europe,10,0.4940767591875836
2399,Tokyo Olympics: Canceling this year's Games is 'essentially off the table' - CNN,sport,sport,9,0.7040448655454862
2400,Derek Chauvin: Guilty verdict is why sports stars won't 'shut up and dribble'   - CNN,sport,sport,6,0.9294858608120387
2401,"Sasha Johnson: BLM activist Sasha Johnson shot by men entering party, London police say, as supporters demand accountability - CNN",news,uk,7,0.7520369936749339
2402,Lille defies the odds to win the Ligue 1 title: 'Everybody was already counting us out' - CNN,sport,football,0,0.7162178038598127
2403,Lake Maggiore: At least 14 killed as Italian cable car plunges into woodland - CNN,news,europe,3,0.9601441144928274
2404,How Phil Mickelson's history-making major victory was a family affair  - CNN,sport,golf,6,0.786319314204527
2405,PGA Championship 2021: Phil Mickelson becomes oldest major winner  - CNN,sport,golf,6,0.5151344023314498
2406,Italy cable car accident: Manslaughter investigation after 14 killed near Lake Maggiore - CNN,news,europe,3,0.9713536645371382
2407,Roman Protasevich: The young dissident who Belarus diverted a Ryanair flight to arrest - CNN,news,europe,5,0.86270417640179
2408,Rio Ferdinand: Manchester United legend racially abused at Premier League match  - CNN,sport,football,0,0.8730225432255114
2409,Belarus condemned for 'hijacking' Ryanair plane to detain journalist  - CNN,news,europe,5,0.7637370686127323
2410,Former motor racing boss Max Mosley dies aged 81 - CNN,sport,motorsport,5,0.40058117397879767
2411,Japan's 'Butterfly Lady' of Paralympic table tennis says she's risking her life for Tokyo 2020 - CNN,sport,sport,8,0.35779146246660953
2412,Pittsburgh Steelers star JuJu Smith-Schuster on dealing with haters: 'Use as fuel to build more fire to the flame' - CNN,sport,sport,0,0.6158343002729797
2414,Max Verstappen wins Monaco Grand Prix to take drivers' championship lead - CNN,sport,motorsport,5,0.6730348405246331
2415,Belarus: Activist arrested after fighter jet intercepts his Ryanair flight - CNN,news,europe,5,0.9730389051857787
2416,Henrik Stenson snaps club during PGA Championship - CNN,sport,golf,2,0.4296840003462112
2417,Martin Bashir denies his Diana interview harmed her - CNN,news,uk,7,0.487339078165623
2418,"Queen Elizabeth visits UK's largest warship, as it set sails for South China Sea - CNN",news,europe,3,0.41468970817604595
2419,Robert Lewandowski breaks 49-year goal-scoring record with 41st goal of the season - CNN,sport,football,11,0.7500143600538001
2420,Joel Dahmen ask famous 'Gladiator' question during PGA Championship - CNN,sport,golf,6,0.9345222719728047
2421,"Phil Mickelson sets early lead at PGA Championship, and a chance at history - CNN",sport,golf,6,0.6714101536415913
2422,Shane Lowry plays shot from the beach during PGA Championship - CNN,sport,golf,6,0.9236090986415096
2423,Atletico Madrid wins La Liga title for the first time since 2014 in a dramatic final day - CNN,sport,football,4,0.8478793022187091
2424,Phil Mickelson atop leaderboard heading into final round at PGA Championship - CNN,sport,golf,6,0.830835778847077
2425,Whipsnade Zoo: Bears killed at UK zoo after they escape from enclosure - CNN,news,uk,3,0.4936569133578737
2426,Dominic Cummings may be about to take his revenge on Boris Johnson. It won't be pretty - CNN,news,uk,1,0.5021019666528488
2427,PGA Championship: Conners waves Canadian flag from top of gusty PGA leaderboard - CNN,sport,golf,6,0.37793814107795987
2428,"Australia mouse plague: Millions of mice are swarming NSW towns. Now, there's a plan to end the plague with poison  - CNN",news,australia,10,0.796498239145815
2429,Diego Maradona: Seven medical professionals charged with homicide over soccer great's death - CNN,sport,football,0,0.6184826047179123
2430,"Copa América: Colombia will no longer co-host tournament, CONMEBOL rejects request for postponement - CNN",sport,football,6,0.36401469720016927
2431,Analysis: A reporter lied to score an interview with Princess Diana 25 years ago. Here's why it matters now - CNN,news,uk,7,0.5192905797152806
2432,"Russia Arctic: As Washington and Moscow spar, Putin creates new facts on the ground - CNN",news,europe,8,0.41473799078940016
2433,"Y.E. Yang, the man who beat Tiger Woods to win the 2009 PGA Championship, is disqualified - CNN",sport,golf,4,0.37598182058220453
2434,Teenage long jump sensation Larissa Iapichino on the Olympics and matching her mother's record - CNN,sport,sport,11,0.4754418095060266
2435,Cecil Rhodes statue will remain at Oxford University - CNN,news,uk,5,0.4497342094449608
2436,Tim Tebow is back in the NFL after signing with the Jacksonville Jaguars - CNN,sport,sport,0,0.61402353122867
2437,"LeBron James hits game-winner as the LA Lakers beat the Golden State Warriors, advance to playoffs - CNN",sport,sport,11,0.4917869374310528
2438,Sebastián Muñoz hits golf ball into trash can during PGA Championship - CNN,sport,golf,4,0.6398484045695405
2439,John Daly leads 2021 PGA Championship for brief moment - CNN,sport,golf,2,0.5277548192347944
2440,French court orders damages for victims of breast implant scandal - CNN,news,europe,10,0.3416301606253121
2441,Belgium: Police hunt for man who had rocket launcher and threatened top virologist - CNN,news,europe,8,0.5819131691602549
2442,Cristiano Ronaldo cements domestic dominance as Juventus wins Coppa Italia - CNN,sport,football,5,0.7478164126905986
2443,What could happen if the Tokyo Olympics get canceled?  - CNN,sport,sport,9,0.7275902316393948
2444,Karim Benzema recalled to French national team for Euro 2020 despite upcoming trial - CNN,sport,football,6,0.6738795124999687
2445,WNBA: Liberty's Ionescu records first career triple-double to down Lynx - CNN,sport,sport,11,0.7735273761379701
2446,Roger Federer and Serena Williams suffer shock defeats to dent French Open preparations  - CNN,sport,tennis,4,0.646511150141522
2447,IOC chief says Olympics will be held safely despite Japan's Covid surge - CNN,sport,sport,9,0.7254930253919499
2448,"Ceuta, Spain: Thousands of migrants swim from Morocco to bordering Spanish enclave - CNN",news,europe,10,0.3731457729654848
2449,European leaders seized more power during the pandemic. Few have 'exit plans' to hand it back - CNN,news,europe,1,0.6267804968625353
2450,Australian-India flight: Stranded passengers claim faulty Covid tests made them miss repatriation flight - CNN,news,australia,6,0.5531162142670804
2451,Fred West: Police search café for missing Mary Bastholm - CNN,news,uk,10,0.34611236340314444
2452,Venus Williams tells umpire she 'can't control God' following time violation due to heavy winds - CNN,sport,tennis,10,0.6704332821497835
2453,Surfer dies after being bitten by shark in Australia - CNN,news,australia,10,0.7528575915311967
2454,How Nike cornered the running shoe market  - CNN,sport,sport,11,0.44645758804129987
2455,Tokyo 2020: The Japanese city that's rooting for South Sudan at the Olympics - CNN,sport,sport,9,0.728631287320917
2456,"Fury vs Joshua fight jeopardized as arbitrator rules Fury must face Wilder, - CNN",sport,sport,10,0.8712985755312828
2457,Transgender women allowed to play women's rugby in France - CNN,sport,sport,6,0.39548039762154524
2458,"Wave of anti-trans bills is 'really alarming,' says transgender motorsport star - CNN",sport,sport,3,0.32458828449782073
2459,Atletico Madrid closes in on La Liga title with dramatic comeback - CNN,sport,football,4,0.9460779313867116
2460,Steph Curry becomes oldest player to secure NBA scoring title since Michael Jordan  - CNN,sport,sport,11,0.7218848421514721
2461,"Tokyo Olympics can be delivered 'safely and securely,' says World Athletics president Seb Coe - CNN",sport,sport,9,0.7529077358047971
2462,Tokyo 2021: How the Olympics could happen - CNN,sport,sport,9,0.6514340417514196
2463,Liverpool goalkeeper Alisson scores stoppage-time winner against West Bromich  - CNN,sport,football,11,0.5203956370668252
2464,Barcelona thrashes Chelsea to win first Women's Champions League  - CNN,sport,football,0,0.5095127366692753
2465,Kobe Bryant among Class of 2020 officially inducted into Basketball Hall of Fame - CNN,sport,sport,4,0.7048028068525847
2466,Roger Federer calls for end to Tokyo Olympics uncertainty - CNN,sport,tennis,4,0.4962561576034154
2467,Women's Champions League: Chelsea boss Emma Hayes says inspiring next generation is as important as trophy - CNN,sport,football,0,0.45306767649546764
2468,Robert Lewandowski scores 40th Bundesliga goal of the season to equal Gerd Müller's record - CNN,sport,football,11,0.9601441965619624
2469,Michael Jordan shares final text messages he exchanged with Kobe Bryant - CNN,sport,sport,4,0.9647431778929881
2470,Leicester City defeats Chelsea to win first FA Cup after late VAR drama - CNN,sport,football,0,0.48802195497566875
2471,"Sabrina Ionescu hits game-winning 3 to start the WNBA season, honors Kobe Bryant - CNN",sport,sport,11,0.5021011922335616
2472,Boris Johnson is using culture wars to cement his grip on power. That's a big risk in angry and divided Britain - CNN,news,uk,1,0.39520770264508015
2473,NY Yankees Covid-19: How vaccinated members tested positive for coronavirus - CNN,sport,sport,10,0.6175748007089781
2474,Let's talk about the Crown - CNN,news,uk,7,0.5036378365438341
2475,Manchester United vs. Liverpool: Two arrests made during fan protests outside Old Trafford - CNN,sport,football,0,0.9694438023922161
2476,Prince Harry talks to Dax Shepard on the 'Armchair Expert' podcast - CNN,news,uk,7,0.7926332190619668
2477,"Petition against Tokyo Olympics with 350,000 signatures submitted to organizers - CNN",sport,sport,9,0.6706502899376424
2478,Boris Johnson is 'anxious' as Covid-19 variant found in India spreads in UK  - CNN,news,uk,1,0.625466215318495
2479,Yat-Sen Chang: Ballet dancer found guilty of sexual assaults - CNN,news,uk,8,0.4103458101853406
2480,Tokyo Olympics: Olympic sponsor Toyota 'concerned' by growing public frustration over hosting Games  - CNN,sport,sport,9,0.6983419719223789
2481,"Copa Libertadores match affected by tear gas outside the stadium 
 - CNN",sport,football,0,0.7147570022566769
2482,Conor McGregor tops Forbes' sport rich list for 2021 - CNN,sport,sport,6,0.2629124536990117
2483,UEFA Champions League final moved from Istanbul to Porto amid travel restrictions  - CNN,sport,football,3,0.4785414858451606
2484,"Kareem Abdul-Jabbar is proud of NBA's new social justice champion award, but worries US still faces 'the same issues' - CNN",sport,sport,11,0.4885519617450634
2485,Mo Salah's 'killing of innocent people' tweet prompts comments on what he doesn't say - CNN,sport,football,7,0.7978062205334021
2486,Australian destroyer arrived in San Diego with 2 dead whales stuck to its hull - CNN,news,australia,0,0.3281458574657624
2487,The 'Butcher of Bosnia' Radovan Karadzic will serve his genocide sentence in a UK prison  - CNN,news,europe,5,0.7186221031478465
2488,Manchester City wins Premier League title in an 'insane' season for Pep Guardiola's team - CNN,sport,football,0,0.961804695127054
2490,"Boris Johnson is cracking down on voter fraud in UK elections. But like in the US, it's a myth - CNN",news,uk,1,0.5245673630734639
2491,Sporting Lisbon's bittersweet title win after 19 years of hurt - CNN,sport,football,5,0.3099401874087845
2492,Kentucky Derby 2021 winner: Here's what's next after Medina Spirit failed a postrace drug test - CNN,sport,sport,2,0.6633248828323652
2493,"Russell Westbrook breaks the NBA record for triple-doubles, surpassing Oscar Robertson - CNN",sport,sport,11,0.8780031511459201
2494,Tim Tebow reportedly expected to sign with Jacksonville Jaguars to play different position - CNN,sport,sport,0,0.9460773864934064
2495,German priests defy Vatican ban and bless same-sex unions - CNN,news,europe,10,0.8010776041981311
2496,Australia immigration detainees dig tunnel in failed escape plot - CNN,news,australia,10,0.6653891112879017
2497,Top women's league in Finland donates sport hijabs to any player who wants one - CNN,sport,football,0,0.9618030079069305
2498,Scottish National Party promise independence referendum after election win - CNN,news,uk,6,0.26799435586570136
2499,Manchester City wins English Premier League title after Manchester United lose  - CNN,sport,football,0,0.9764954588820102
2500,Queen's Speech 2021: Monarch opens new session of UK Parliament - CNN,news,uk,3,0.4957059159884492
2501,Olympics: Japanese government adviser sparks ire with tweet laughing off calls for cancellation - CNN,sport,sport,9,0.4231884804619673
2502,Epsom Derby 2017: How it could have been the Bunbury - CNN,sport,sport,2,0.8854135820323882
2503,"Social media companies are doing 'bare minimum,' to protect players, says ex-Premier League star - CNN",sport,football,7,0.552440199021089
2504,Italian woman accidentally given six shots of Covid-19 vaccine - CNN,news,europe,10,0.8771544914974815
2505,King of the Baggers: A slice of pure American folklore goes racing - CNN,sport,motorsport,6,0.5876099019425821
2506,Annalena Baerbock: Trampolinist gives Germany's Greens a bounce in race to succeed Merkel - CNN,news,europe,6,0.48087747360863775
2507,Russia school shooting: At least 7 children killed in city of Kazan - CNN,news,europe,10,0.39160143470233216
2508,"2020 Olympics: NFL star DK Metcalf runs 10.36 seconds for 100 meters, but fails to qualify for Tokyo Games - CNN",sport,sport,0,0.6225223563420568
2509,Second-place Kentucky Derby finisher Mandaloun will inherit the 'winner' title if Medina Spirit is disqualified - CNN,sport,sport,2,0.8145125928009992
2510,Young whale trapped in London's River Thames euthanized - CNN,news,uk,8,0.5476086531060639
2511,French pilot files legal complaint alleging being tied up on firing range during explosions as hazing ritual   - CNN,news,europe,10,0.5972065751033995
2512,Cristiano Ronaldo and Juventus could be facing a season without Champions League football - CNN,sport,football,5,0.39913385881589736
2513,Rory McIlroy claims first win in 18 months and first as a dad - CNN,sport,golf,4,0.35678430334188554
2514,Michael Jordan's game-worn North Carolina jersey sold for record $1.38 million - CNN,sport,sport,11,0.5591739714909965
2515,"Alexey Navalny: Alexander Murakhovsky, former chief doctor at hospital that treated Kremlin critic, is found alive - CNN",news,europe,9,0.6539707322378856
2516,"Queen Elizabeth's first cousin Prince Michael of Kent allegedly trading on links to Putin and monarchy, UK media report - CNN",news,europe,3,0.5320913858538591
2517,Liz Cambage: Basketball star criticizes lack of diversity in Australian Olympic team's promotional photos - CNN,sport,sport,9,0.3279816695658528
2518,Spain curfew lifts: Hundreds party as coronavirus restrictions ease - CNN,news,europe,6,0.3592996007177572
2519,Lorna Falconer says she's faced racism and sexism in English football - CNN,sport,football,11,0.51711009640024
2520,Kids are taking governments to court over climate. And they are starting to win. - CNN,news,europe,2,0.3805862700669807
2521,"Canelo Alvarez stops Billy Joe Saunders in front of record 73,126 fans in Texas - CNN",sport,sport,7,0.4611922345021561
2522,Lewis Hamilton recovers to overtake Max Verstappen and win fifth straight Spanish Grand Prix - CNN,sport,motorsport,5,0.9758766325404116
2523,Medina Spirit's Kentucky Derby win in doubt after failing postrace drug test - CNN,sport,sport,2,0.6848217274932371
2524,Bayern Munich wins ninth consecutive Bundesliga title - CNN,sport,football,8,0.5855946638839465
2525,Pope Francis backs vaccine patents waiver in 'Vax Live' video message - CNN,news,europe,10,0.9633321015030075
2526,Robert Wickens drives a race car for first time since IndyCar Series crash - CNN,sport,motorsport,2,0.9683897456625913
2527,"Wade Miley: Cincinnati Reds pitcher throws his first no-hitter, and the fourth this season - CNN",sport,sport,0,0.8559876741210655
2528,William and Kate are YouTubers now - CNN,news,uk,7,0.847222178024796
2529,"Alexey Navalny: Amnesty apologizes to Kremlin critic, restores his 'prisoner of conscience' status - CNN",news,europe,9,0.7605553105512886
2530,Germany resists calls to waive patents on Covid-19 vaccines - CNN,news,europe,10,0.9541653836302415
2531,Liechtenstein prince accused of killing one of Europe's biggest bears - CNN,news,europe,10,0.5092865927240368
2532,Nine of 12 Super League clubs recommit to UEFA and admit project was a mistake - CNN,sport,football,0,0.4933082658276083
2533,Tokyo 2020: Anti-Olympics campaign gains traction online in Japan - CNN,sport,sport,9,0.620301584777123
2534,Woodland burials offer an eco-friendly death - CNN,news,europe,3,0.5125760401487738
2535,"Eddie Hearn: Ahead of Billy Joe Saunders vs. Canelo Álvarez bout, boxing promoter says 'the razzmatazz is important' - CNN",sport,sport,5,0.6604855629148508
2536,"Boris Johnson cements one-party rule in England, but the United Kingdom looks as divided as ever - CNN",news,uk,1,0.4850623550818637
2537,"Jarryd Hayne, former Australian rugby league star, jailed for sexual assault - CNN",sport,sport,10,0.749619912061626
2538,"New York Rangers handed $250,000 fine: Capitals controversy continues as huge brawl mars hockey game - CNN",sport,sport,0,0.3263760153437539
2539,Arsenal's Europa League exit an 'embarrassment' as club lurches towards yet another crisis  - CNN,sport,football,0,0.7555604142679933
2540,Ed Sheeran to sponsor boyhood club Ipswich Town - CNN,sport,football,10,0.4984054705406426
2541,Jersey: UK and France send patrol ships to British island amid row over fishing rights - CNN,news,europe,1,0.5223755354824033
2542,"Four months into Brexit, the UK and France have resorted to gunboat diplomacy over fish - CNN",news,uk,5,0.4308333550793098
2543,"French woman shot and burned by her partner, officials say, as anger builds over femicides - CNN",news,europe,10,0.7402847437446751
2544,Stiliyan Petrov's dream job was cut short by cancer; now he wants to help soccer stars plan for the future - CNN,sport,football,0,0.6059328557210212
2545,Harry and Meghan call for vaccine equity on son Archie's second birthday - CNN,news,uk,7,0.7507094977361591
2546,Weightlifter Hubbard poised to become first transgender Olympian -- report - CNN,sport,sport,3,0.4616242996447721
2547,Chelsea humbles Real Madrid to set up all English Champions League final - CNN,sport,football,4,0.7293993114787981
2548,Naomi Osaka celebrated at 'Oscars of Sport' as Lewis Hamilton's social justice work is recognized - CNN,sport,tennis,5,0.39802630918227777
2549,"John Means: Orioles pitcher could have had a perfect game, but for one weird baseball rule - CNN",sport,sport,6,0.9583325380011194
2550,Champions League: Real Madrid goalkeeper Thibaut Courtois in 'happy place' ahead of crucial semifinal with former club - CNN,sport,football,6,0.358571664098292
2551,Manchester United: US owners' checkered history of investing in Premier League clubs - CNN,sport,football,0,0.8767049798775258
2552,"Trump administration was a 'difficult time' for Ukraine, says foreign minister - CNN",news,europe,5,0.8430224412793342
2553,On board a small Ukrainian patrol boat challenging Russian naval might   - CNN,news,europe,5,0.5355360083643647
2554,Germany ponders new freedoms for the fully vaccinated - CNN,news,europe,10,0.7829735205325307
2555,"From trial balloon to TV ratings hit, WNBA marks 25 years - CNN",sport,sport,11,0.4874946694361532
2556,Manchester City reaches first Champions League final after beating PSG  - CNN,sport,football,0,0.5235113717946922
2557,"IPL: Australian cricketers scramble to leave India amid Covid-19 crisis 
 - CNN",sport,sport,6,0.3328247645129309
2558,IPL: Indian Premier League indefinitely suspended due to Covid-19 crisis - CNN,sport,sport,0,0.4281738429118006
2559,"'It's like having a concussion,' says Boston Celtics' Evan Fournier of lingering Covid-19 side effects - CNN",sport,sport,4,0.570654549322556
2560,Novak Djokovic hopes Covid-19 vaccine will not be made compulsory for players  - CNN,sport,tennis,4,0.6688229345836701
2561,German police arrest couple suspected of trading newborn babies - CNN,news,europe,8,0.5353972008266965
2562,How marathon runner Des Linden ventured into the 'unknown' and broke the 50km record - CNN,sport,sport,11,0.6987169525937268
2563,Jose Mourinho named new AS Roma coach - CNN,sport,football,0,0.7315653801502257
2564,Sapir Berman: Transgender soccer referee makes Israeli sports history - CNN,sport,football,0,0.5959480232543697
2565,Steph Curry becomes Golden State Warriors' all-time record point scorer - CNN,sport,sport,11,0.9672617818506283
2566,"France kept classrooms open 'at all costs.' At a school where 20 pupils lost loved ones, some say the price was too high - CNN",news,europe,10,0.5608602977617875
2567,Meghan to publish children's book inspired by Harry and Archie - CNN,news,uk,7,0.6846421147807511
2568,"German police bust child sex abuse imagery network with 400,000 users - CNN",news,europe,6,0.40131910744207006
2569,"LeBron James reinjures ankle, uncertain for Denver Nuggets on Monday - CNN",sport,sport,4,0.9647429816743575
2570,Manchester United fans mount protest against US owners as Premier League against Liverpool postponed - CNN,sport,football,0,0.9764954523579957
2571,Lionel Messi double against Valencia keeps Barcelona's title hopes alive - CNN,sport,football,4,0.6132010622439854
2572,DNA from cave dirt reveals details of Neanderthals and other ancient humans - CNN,news,europe,2,0.5730524543951406
2573,Triathlon: 'Iron Cowboy' pushes the limits of human endurance - CNN,sport,sport,3,0.44239843052599126
2574,The UK is already stretched to breaking point. Boris Johnson's pile of scandals isn't helping matters - CNN,news,uk,1,0.3867625418625138
2575,Serie A: Inter Milan wins first Scudetto since 2010  - CNN,sport,football,3,0.6040200764043321
2576,"No grounds to pursue claims of French role in Rwanda genocide, prosecutor says - CNN",news,europe,5,0.7080953509312071
2577,"Thierry Henry Social Media blackout exclusive: 'When we come together it's powerful,' says former Arsenal star - CNN",sport,football,7,0.9647427114904171
2578,"Diego Maradona was in agony for the 12 hours leading up to his death, his treatment was ""reckless and indifferent,"" Argentine medical board says - CNN",sport,football,0,0.6053264239901337
2579,"Tokyo 2020: 'Genocidaires do not deserve to be in the Olympics,' Myanmar swimmer Win Htet Oo - CNN",sport,sport,9,0.9460774748014449
2580,F1 results: Lewis Hamilton wins Portuguese Grand Prix to secure 97th career race victory - CNN,sport,motorsport,5,0.8900419359776864
2581,Berlin May Day protests: More than 350 arrested - CNN,news,europe,8,0.7475995124409139
2582,UK rave: Revelers gather for experiment without social distancing - CNN,news,uk,10,0.4917222137065852
2583,FIFA: Isha Johansen's rise to the corridors of power - CNN,sport,football,1,0.3924413637958902
2584,L.S. Lowry's 'Going to the Match' painting expected to sell at auction for up to $4 million - CNN,sport,sport,8,0.7446609274008281
2585,"A 330-ton fatberg is clogging an English city, and it won't move for weeks - CNN",news,uk,10,0.6238243900656476
2586,Princess Charlotte: William and Kate release photo of their daughter for her sixth birthday - CNN,news,uk,7,0.9220357184950031
2587,Kentucky Derby: Kendrick Carmouche looks to become the first Black jockey to win in over a century - CNN,sport,sport,2,0.7624000224073468
2588,Horse named after Breonna Taylor wins Churchill Downs race ahead of Kentucky Derby - CNN,sport,sport,2,0.6280564048305771
2589,"Indian Premier League: As India battles a devastating second wave of Covid-19, cricket plays on  - CNN",sport,sport,10,0.42571531672557655
2590,The Siege of Sarajevo lasted for years -- now the city's battle with Covid-19 is dragging on with no end in sight - CNN,news,europe,10,0.8483383384844845
2591,England stuns Germany with two late goals to book place in Euro 2020 quarterfinals - CNN,sport,football,4,0.4007662438277629
2592,Wimbledon 2021: Organizers 'happy' with court conditions as Serena Williams and Adrian Mannarino suffer slips - CNN,sport,tennis,11,0.5328321732941917
2593,"Starting Thursday, college athletes can profit from endorsements, social media and other sources of income  - CNN",sport,sport,11,0.5279295565713429
2594,Putin says US sanctions on Russia 'even did us good' - CNN,news,europe,5,0.6946935435587344
2595,"Ashleigh Barty discusses Wimbledon, her Olympic 'dream' and being her 'authentic self' with the media - CNN",sport,tennis,0,0.47997610124684237
2596,"Mark Cavendish rolls back clock to win Tour stage again, five years since last one - CNN",sport,sport,10,0.6199961790916737
2597,"Gwen Berry: 'I never said that I hated the country,' says US hammer thrower after turning from the flag - CNN",sport,sport,2,0.8550330183416603
2598,Tour de France crash: Woman who allegedly caused crash arrested - CNN,sport,sport,10,0.8802329314630457
2599,Giannis Antetokounmpo limps off injured as Atlanta Hawks stun Milwaukee Bucks - CNN,sport,sport,8,0.8272472324239798
2600,"70-year-old woman fulfills her dream of being a bat girl for the Yankees, decades after she was turned down - CNN",sport,sport,11,0.5866256935924797
2601,Matt Hancock's affair caught on camera prompts questions about surveillance among Britain's political elite - CNN,news,uk,7,0.397418627874543
2602,"Gwen Berry turns away from flag on US Olympic trials podium, says she was 'set up' - CNN",sport,sport,2,0.31292717321159175
2603,Wimbledon: Sloane Stephens and Frances Tiafoe cause upsets  - CNN,sport,tennis,4,0.7010738126002811
2604,"Russia says people can decline its vaccine. But for many, they'll get fired if they do - CNN",news,europe,8,0.2779863693831449
2605,Serena Williams forced to retire from first-round Wimbledon match due to injury - CNN,sport,tennis,4,0.43525727705220885
2606,Messi scores two and assists once while becoming Argentina's most capped player - CNN,sport,football,0,0.4809811032321739
2607,Prince Harry tells award winners Diana would have been 'so proud' - CNN,news,uk,7,0.45178500518668846
2608,"Sydney in lockdown, borders shut and hardly anyone vaccinated. How long can Australia go on like this? - CNN",news,australia,10,0.7485274373081827
2609,Wimbledon 2021: How to watch and everything you need to know about the tennis championships - CNN,sport,tennis,4,0.4975078037860899
2610,Euro 2020: The historic rivalry between England and Germany that changed football forever  - CNN,sport,football,2,0.5658472261529975
2611,French Open Fast Facts - CNN,news,europe,4,0.5201145427003397
2612,Mouse thought extinct for 150 years found living on island off Western Australia - CNN,news,australia,10,0.7718667186369608
2613,Australia Covid-19: Perth and Brisbane lock down in fight against Delta variant - CNN,news,australia,10,0.8440809748721844
2614,Roger Federer says he 'got a bit lucky' as Swiss star survives Wimbledon first-round scare - CNN,sport,tennis,4,0.7739116059140618
2615,Climate change: European Union enshrines net zero and emissions targets into law - CNN,news,europe,1,0.7610340231604861
2616,Novak Djokovic comes from behind to win Wimbledon opener as he bids for record-equaling 20th grand slam title - CNN,sport,tennis,4,0.931615892128763
2617,Khris Middleton scores 20 in the fourth as the Milwaukee Bucks win Game Three over the Atlanta Hawks  - CNN,sport,sport,8,0.7813176855598672
2618,Sydney McLaughlin obliterates women's 400m hurdles world record in a day of record heat  - CNN,sport,sport,11,0.5194083406905199
2619,Nelly Korda 'glad to have joined' former pro tennis player dad as major champion after Women's PGA Championship victory - CNN,sport,golf,11,0.5350993666064623
2620,Elephant and Castle fire: Crews tackle blaze at London station - CNN,news,uk,10,0.6543147434447273
2621,Switzerland stuns France in Euro 2020 as Kylian Mbappe misses in penalty shootout - CNN,sport,football,4,0.7124593610750051
2622,Czech President calls transgender people 'disgusting' - CNN,news,europe,3,0.3710543040574165
2623,"Tour de France crash: French authorities open investigation after spectator causes massive pileup
 - CNN",sport,sport,10,0.8102284493668546
2624,Spain overcomes extraordinary own goal to beat Croatia and reach Euro 2020 quarterfinals - CNN,sport,football,4,0.9517535569957849
2625,Simone Biles secures spot on United States Gymnastics team for next month's Tokyo Olympics - CNN,sport,sport,9,0.44228444174177023
2626,Geraint Thomas: Former Tour de France winner rides on after dislocated shoulder is put back in following crash - CNN,sport,sport,10,0.4270007982386483
2627,Swedish Prime Minister Stefan Lofven resigns in wake of no-confidence vote - CNN,news,europe,1,0.5629163681146571
2628,France regional elections: Marine Le Pen's far-right party falls short ahead of presidential vote - CNN,news,europe,0,0.49722473907306336
2629,2020 Tokyo Olympics: Serena Williams confirms she will not play at summer Games - CNN,sport,tennis,9,0.44941317732440506
2630,Netherlands vs. Czech Republic: UEFA denies banning rainbow flags in Budapest for Euro 2020 match  - CNN,sport,football,3,0.5473848069536348
2631,UK defense documents 'found at bus stop' - CNN,news,uk,10,0.6011189764097837
2632,Istanbul Pride parade: Turkish police fire tear gas to disperse crowds - CNN,news,europe,6,0.7621172004458981
2633,Max Verstappen leads from start to finish at Styrian Grand Prix to extend F1 title race advantage - CNN,sport,motorsport,5,0.7570238989473074
2634,Belgium vs Portugal: Thorgan Hazard stunner knocks Portugal out of Euro 2020 - CNN,sport,football,0,0.6671443458222502
2635,Czech tornado: 5 killed as rare storm hits villages - CNN,news,europe,6,0.32679420828890526
2636,Italy defeats Austria in extra time at Euro 2020 to surpass its own 82-year-old unbeaten record - CNN,sport,football,4,0.3616081836406609
2637,Denmark breezes past Wales into Euro 2020 quarterfinals with convincing win - CNN,sport,football,8,0.4242335261956365
2638,"Matt Hancock, Britain's beleaguered health secretary, apologizes after being caught in embrace with aide - CNN",news,uk,10,0.4827916029787592
2639,Sydney lockdown: Australia's biggest city heading into two-week hard lockdown to contain Delta coronavirus outbreak - CNN,news,australia,10,0.799446167732241
2640,"BLM UK: Britain should be having a racial reckoning. Instead, Black Lives Matter activists say they fear for their safety - CNN",news,uk,7,0.8118878232614212
2642,Tour de France: Fan holding sign causes huge crash - CNN,sport,sport,10,0.49361816506594897
2643,"NC State has been ruled out of the College World Series due to Covid-19 protocols, advancing Vanderbilt to the finals - CNN",sport,sport,11,0.3610196357101942
2644,Abdalelah Haroun: Qatari sprinter dies aged 24 - CNN,sport,sport,11,0.45030748891455724
2645,"Cubs no-hit the Dodgers: The 7th no-hitter has been thrown this season, tying the modern era record in one season - CNN",sport,sport,0,0.7215257258601122
2646,Lizette Salas: US golfer opens up about mental health battle after taking Women's PGA Championship lead - CNN,sport,golf,6,0.4757981049946434
2647,CeCe Telfer: Transgender woman ruled ineligible to run in US Olympic Trials - CNN,sport,sport,9,0.41689551437735795
2648,Buckingham Palace admits it 'must do more' on diversity in annual report - CNN,news,uk,7,0.7216739516959176
2649,Euro 2020: Kasper Schmeichel recalls 'great moment' Christian Eriksen visited training following collapse - CNN,sport,football,2,0.6930123405625577
2650,Why Britain's friends and adversaries will have watched the Russia confrontation closely - CNN,news,europe,5,0.4006163245395984
2651,A look inside Buckingham Palace's $500 million refurbishment - CNN,news,uk,0,0.33943975409386434
2652,"Hungary 'has no place in the EU anymore,' Dutch leader says - CNN",news,europe,1,0.5964775468240086
2653,HMS Defender: Russia says 'London has lost its manners' as UK plays down Crimean naval confrontation - CNN,news,europe,5,0.6394978898455806
2654,Valerie Bacot trial: Frenchwoman who killed abusive husband walks out free after sentencing - CNN,news,europe,6,0.44211152810186277
2655,Zhang Zhizhen becomes first Chinese man to qualify for Wimbledon in Open Era - CNN,sport,tennis,4,0.617070965016388
2656,"Several people killed and injured after knife attack in German town, police say - CNN",news,europe,6,0.5224112668385881
2657,Breastfeeding Canadian basketball player Kim Gaucher says she cannot take baby to Tokyo 2020 - CNN,sport,sport,9,0.9618044470381105
2658,"Matt Hancock, Britain's beleaguered health secretary, apologizes after being caught in embrace with aide - CNN",news,uk,7,0.45202951854551915
2659,Copa America: Referee controversy overshadows Brazil's win over Colombia - CNN,sport,football,0,0.49171702588129823
2660,Russian forces confront British warship HMS Defender in Black Sea military encounter - CNN,news,europe,5,0.5783321221054345
2661,Christian Eriksen: Denmark provides feel good story of Euro 2020 with unlikely qualification for knockout stages - CNN,sport,football,2,0.7469054945348759
2662,Greek orthodox priest arrested after attacking group of bishops with acid - CNN,news,europe,10,0.5432879918295564
2663,Trae Young scores 48 points as Atlanta Hawks beat Milwaukee Bucks in Eastern Conference finals opener - CNN,sport,sport,8,0.9738090613062556
2664,Tasmanian devils wipe out penguin colony on Australia's Maria Island - CNN,news,australia,1,0.6727027309640449
2665,"Carli Lloyd, Megan Rapinoe headline US women's Olympic roster - CNN",sport,sport,9,0.3828510331123288
2666,This 'nano factory' fits inside a shipping container  - CNN,news,europe,10,0.9166660672423976
2667,NCAA plans to have temporary student athlete compensation measures in place by July 1 - CNN,sport,sport,7,0.4058020424281478
2668,Germany vs. Hungary: UEFA facing criticism over its position on rainbow colors  - CNN,sport,football,3,0.7959797278276276
2669,July 7 2005 London Bombings Fast Facts - CNN,news,europe,2,0.9601444896518079
2670,Dalian Atkinson: Police officer guilty of killing ex-Aston Villa star  - CNN,sport,football,8,0.8049793691917801
2671,"Euro 2020: England looks to pull nation together, but it hasn't been easy - CNN",sport,football,11,0.29425287430087194
2672,Cristiano Ronaldo equals all-time international goalscoring record as Portugal reach Euro 2020 knockout stages - CNN,sport,football,8,0.35379195069948177
2673,"Vatican protests anti-homophobia law, but Italian lawmakers reject 'interference' - CNN",news,europe,1,0.5374179280676191
2674,Drones are helping to clean up the world's plastic pollution - CNN,news,europe,6,0.9236065551422163
2675,Some Sydney residents confined to city as Covid cases surge - CNN,news,australia,10,0.6643517873633765
2676,Sun Yang has doping ban reduced but will still miss Tokyo Olympics - CNN,sport,sport,9,0.9713533131938373
2677,NBA: Deandre Ayton's last-gasp alley-oop seals dramatic Game Two win for Phoenix Suns - CNN,sport,sport,11,0.9583327647587707
2678,Martin Dubravka: Goalkeeper's astonishing own goal hands Spain path to Euro 2020's knockout stages - CNN,sport,football,4,0.49585881126352177
2679,"Brexit: Five years after the vote, the United Kingdom is more divided than ever - CNN",news,uk,1,0.3480355254374226
2680,"Tokyo Olympics: Japan's superfans who want Tokyo 2020 to go ahead despite Covid-19
 - CNN",sport,sport,9,0.6611835708788119
2681,Spain pardons 9 Catalan leaders for their roles in failed independence bid - CNN,news,europe,10,0.49331973449792843
2682,Britain has an education problem. Some lawmakers are reducing it to a debate on 'White Privilege' - CNN,news,uk,1,0.8734203469925603
2683,Mouse plague forces Australian prison to evacuate staff and inmates  - CNN,news,australia,10,0.6918993229706831
2684,Lionel Messi equals Argentina's all-time appearance record ... and signs fan's incredible tattoo - CNN,sport,football,1,0.6002765570991541
2685,"Sadio Mane donates $693,000 to fund hospital in his hometown in Senegal - CNN",sport,football,3,0.3792379980047443
2686,UEFA rejects request to light up Allianz Arena in rainbow colors for Euro 2020 game - CNN,sport,football,3,0.9704299406704829
2687,Alleged drug kingpin argues Australia and Taiwan conspired to violate his rights - CNN,news,europe,6,0.55448591164888
2688,John Rahm: From 'biggest setback' to 'biggest breakthrough' -- How Spaniard became a major winner - CNN,sport,golf,2,0.5974104627863757
2689,Iron Age people kept mementos of dead loved ones - CNN,news,europe,8,0.9647424613012114
2690,Swedish Prime Minister Stefan Lofven ousted in parliament no-confidence vote - CNN,news,europe,1,0.633066330222614
2691,"Usain Bolt and partner Kasi Bennett welcome newborn twin sons, Thunder and Saint Leo - CNN",sport,sport,7,0.34460582007802
2692,US Open winner: Jon Rahm claims victory at Torrey Pines - CNN,sport,golf,4,0.5742980300276853
2693,Tokyo Olympics: Organizers to set 50% venue capacity limit for spectators - CNN,sport,sport,9,0.6751302309416275
2694,"Allyson Felix: 'I want my legacy to be one of someone who fought for women,' says six-time Olympic champion - CNN",sport,sport,9,0.4104729098172324
2695,Ons Jabeur becomes first Arab woman to win a WTA title - CNN,sport,tennis,4,0.7639072204606091
2696,Laurel Hubbard: New Zealand weightlifter to become first transgender athlete at Olympic Games - CNN,sport,sport,3,0.5922360031773585
2697,Damascus to Tokyo 2020: Syrian refugees' remarkable journeys to the Olympic Games - CNN,sport,sport,9,0.6052639888720093
2698,Money talks: Michael Jordan and the impact of not being an athlete activist - CNN,sport,sport,4,0.6282049867786533
2699,Valerie Bacot: Trial begins for French woman who killed her abusive 'stepfather'-turned-husband  - CNN,news,europe,6,0.9427050516385094
2700,Euro 2020: Calls made for Germany's game against Hungary to be played in rainbow-colored Allianz Arena - CNN,sport,football,3,0.6420698551349017
2701,NBA playoffs: Devin Booker's huge night leads Phoenix Suns to Game One win over LA Clippers - CNN,sport,sport,11,0.9738091084238402
2702,"Alaa Al-Siddiq, Emirati rights activist, dies in UK car accident - CNN",news,uk,2,0.9490731666693806
2703,France elections: Macron and Le Pen dealt setback in regional poll marred by low turnout - CNN,news,europe,6,0.6357906194991886
2704,Euro 2020: Italy records third victory of tournament as Wales also reaches knockout stages - CNN,sport,football,4,0.43985056550863366
2705,Spain to pardon jailed Catalan separatist leaders on Tuesday - CNN,news,europe,10,0.5227148278617637
2706,Euro 2020: Fairytale comes true as Denmark grabs place in knockout stages - CNN,sport,football,2,0.4986506455678731
2707,Catherine Serou: Suspect charged with murder in death of missing American student in Russia - CNN,news,europe,7,0.3280317138033842
2708,Duchess Catherine Fast Facts - CNN,news,europe,2,0.6359651061634257
2709,Max Verstappen beats Lewis Hamilton at French Grand Prix to extend F1 title race lead - CNN,sport,motorsport,5,0.6903521965686594
2710,"This rabbi is joining the German army, 90 years after Hitler expelled Jewish soldiers - CNN",news,europe,10,0.5274983648122217
2711,Man with giant kidneys will have major surgery to remove both - CNN,news,uk,2,0.7786242470002972
2712,Thousands march for LGBT equality in Polish capital - CNN,news,europe,8,0.6679488903264844
2713,"Far-right extremist who threatened top Belgian doctor appears to have killed himself, prosecutor says - CNN",news,europe,3,0.961804433779503
2714,This cargo ship's captain died aboard. Then the crew was stuck at sea for weeks - CNN,news,europe,1,0.4058614857100574
2715,Euro 2020: Germany secures impressive victory against Portugal - CNN,sport,football,8,0.376618337417931
2716,American Ryan Crouser breaks shot put world record - CNN,sport,sport,8,0.43694918368644425
2717,"Biloela family: She was born in Australia, but the country wants to send her back to alleged war criminals - CNN",news,australia,10,0.6632275126303283
2718,Milkha Singh: India's legendary sprinter dies of Covid-19 complications at 91  - CNN,sport,sport,11,0.373321292806262
2719,Sang Ho Baek: George Mason University baseball pitcher dies after complications from Tommy John surgery - CNN,sport,sport,2,0.7375697785307492
2720,Viktor Hovland forced to withdraw from US Open after getting sand in his eye - CNN,sport,sport,4,0.929486133908743
2721,"Matthew Wolff, in contention at the US Open, opens up on mental health - CNN",sport,golf,10,0.5300074693828962
2722,17th century European paintings found in roadside dumpster  - CNN,news,europe,0,0.3881411162375858
2723,What to expect when Prince Harry heads back to London - CNN,news,uk,7,0.501548694113129
2724,U.S. Open: Bryson DeChambeau videobombs Brooks Koepka interview - CNN,sport,golf,1,0.6230169334574318
2725,"Pelé 'rooting' for Neymar, who scores 68th goal for Brazil to edge closer to legend's all-time scoring record  - CNN",sport,football,11,0.9129262349400769
2726,Euro 2020 semifinals and final present Boris Johnson with new 'public health' issue  - CNN,sport,football,1,0.5176531045448082
2727,England vs. Scotland: No goals but plenty of passion as international football's oldest rivals meet for 115th time - CNN,sport,football,0,0.5672016647257789
2728,Christian Eriksen discharged from hospital after 'successful operation'  - CNN,sport,football,2,0.5440476472393094
2729,Tokyo Olympics: Top Covid-19 adviser says holding Games without spectators is 'desirable' - CNN,sport,sport,9,0.524863874539221
2730,NBA Playoffs: Chris Paul indefinitely sidelined as part of the league's Covid-19 protocols  - CNN,sport,sport,6,0.5587380964639268
2731,Analysis: Putin got exactly what he wanted from Biden in Geneva - CNN,news,europe,5,0.4670571072428148
2732,U.S. Open: Brooks Koepka vs. Bryson DeChambeau -- Why everyone is talking about golf's new rivalry - CNN,sport,golf,1,0.9243660467263987
2733,Philadelphia 76ers blow 26-point lead as Atlanta Hawks take 3-2 playoff series lead - CNN,sport,sport,8,0.7674291759492317
2734,Naomi Osaka will miss Wimbledon but plans on Tokyo Olympics return  - CNN,sport,tennis,4,0.5548388469005479
2735,Rafael Nadal pulls out of Wimbledon and Tokyo Olympics - CNN,sport,tennis,4,0.46776896173583715
2736,"Wimbledon organizers cut prize money by 5%, aim for full stadium capacity  - CNN",sport,sport,4,0.7180962775946552
2737,Paul Pogba follows Cristiano Ronaldo's lead by removing display drink during a press conference - CNN,sport,football,4,0.33148033528874654
2738,Digby the dog saves woman who was on the verge of taking her own life - CNN,news,uk,2,0.9490724899755238
2739,Euro 2020: Denmark and Belgium pause match as minute's applause held for Christian Eriksen  - CNN,sport,football,2,0.480914940291447
2740,Denmark star Christian Eriksen to be fitted with heart starter - CNN,sport,football,2,0.5443484959153158
2741,Jeffrey Epstein and Ghislaine Maxwell allegations to be 'reviewed' by Britain's Metropolitan Police - CNN,news,europe,8,0.5156575930631786
2742,"Boris Johnson described his health secretary as 'hopeless,' Dominic Cummings says - CNN",news,uk,1,0.5209904224720631
2743,Cristiano Ronaldo makes history at Euro 2020 as Portugal beats Hungary   - CNN,sport,football,5,0.6205711957356134
2744,Spanish man jailed for killing and eating his mother - CNN,news,europe,10,0.5038172027017523
2745,Marko Arnautovic: Austria forward banned for one game after 'insulting' opposition at Euro 2020 - CNN,sport,football,3,0.4126467693325911
2746,Emotional Andy Murray breaks down following winning return to Queen's Club - CNN,sport,tennis,0,0.39830241311244174
2747,Sergio Ramos: Real Madrid great to leave club after 16 years  - CNN,sport,football,6,0.690587546883683
2748,"UK heat deaths could triple by 2050 without more climate change action, report warns - CNN",news,uk,2,0.5169146823076918
2749,Kevin Durant puts in historic performance as Brooklyn Nets beat Milwaukee Bucks - CNN,sport,sport,4,0.5263145063498126
2750,Russia vs. Finland: Russian and Finnish players show their solidarity for Christian Eriksen at Euro 2020 - CNN,sport,sport,2,0.78837295431283
2752,"Tim Sparv, Finland captain, said he 'really feared the worst' for Christian Eriksen after collapse - CNN",sport,sport,2,0.9647428227644861
2753,Princess Diana Fast Facts - CNN,news,europe,2,0.5467168130726098
2754,Shelby Houlihan believes burrito led to false positive steroid test that caused ban from running - CNN,sport,sport,6,0.44766444188607746
2755,Germany vs. France: 'Kick out oil' protester parachutes into Allianz Arena stadium ahead of Euro 2020 match - CNN,sport,football,3,0.7329624943829038
2756,"Christian Eriksen thanks well-wishers, says he's feeling 'fine' in first social media post since cardiac arrest - CNN",sport,football,2,0.6705660398631089
2757,Hungary's parliament passes anti-LGBT law ahead of 2022 election - CNN,news,europe,2,0.9683896715215066
2758,"Kelpie sells for staggering $27,000 at working dog auction - CNN",news,australia,10,0.343470404265337
2759,Patrik Schick's stunning long range goal lights up Euro 2020 as Czech Republic beats Scotland  - CNN,sport,football,4,0.9388876223150946
2760,Copa América pay spectacular effect-laden Diego Maradona tribute as Lionel Messi scores stunning free-kick - CNN,sport,sport,0,0.6510108825046158
2761,Brazil wins Copa América opener as Messi expresses concerns about contracting Covid-19 at tournament - CNN,sport,football,0,0.40224310343433095
2762,Take your condoms home: social distancing and sex in the Olympic village - CNN,sport,sport,9,0.41353418123319624
2763,Boris Johnson extends England's pandemic restrictions amid variant concerns - CNN,news,uk,10,0.5581372845751631
2764,NBA MVP Nikola Jokic's playoff ejection splits opinion as Phoenix Suns dump out Denver Nuggets - CNN,sport,sport,11,0.7672292315011029
2765,Germany Covid-19: The stars of absurd vaccination publicity campaign - CNN,news,europe,10,0.4651535235281813
2766,Prince William Fast Facts - CNN,news,europe,2,0.531929387130727
2767,Stefanos Tsitsipas says his grandmother passed away five minutes before French Open final - CNN,sport,tennis,4,0.768041349591999
2768, Christian Eriksen: Denmark's Martin Braithwaite criticizes UEFA for resuming game following teammate's collapse - CNN,sport,football,3,0.7064895003893363
2769,Grenfell Tower: The club providing solace four years after the fire  - CNN,sport,football,11,0.5733842637725237
2770,Djokovic comes from two sets down to beat Tsitsipas in thrilling 2021 French Open final - CNN,sport,tennis,4,0.9157370642908688
2771,Radovan Karadzic Fast Facts - CNN,news,europe,2,0.9490739341009552
2772,"Christian Eriksen suffered cardiac arrest during Euros match and 'was gone' before resuscitation, doctor says - CNN",sport,football,2,0.5393060360709951
2773,Russia is prepared to extradite cyber criminals to US on reciprocal basis - CNN,news,europe,5,0.8512856304131114
2774,French authorities race to clean up oil spill drifting to Corsica's coast - CNN,news,europe,1,0.5165331655766623
2775,Queen shows off sword skills by cutting cake during G7 in Cornwall - CNN,news,uk,7,0.3076383446400002
2776,"Anne Sacoolas: Prosecutors can seek 'virtual trial' of US diplomat's wife accused of killing a British teenager, UK says - CNN",news,uk,7,0.4360144816857856
2777,Sasha Johnson: Second man charged in shooting of British Black Lives Matter activist - CNN,news,uk,7,0.7674720277969771
2778,Russia Covid-19: Moscow mayor announces 'non-working' week to curb spread - CNN,news,europe,10,0.3605435725926082
2779,Copa America: South American football tournament moves ahead despite backlash - CNN,sport,football,11,0.7009751532459688
2780,G7 leaders in Cornwall want to tackle inequality. Even people down the road aren't convinced - CNN,news,uk,1,0.5392063379301327
2781,Dog rescued after wandering through Arctic ice for more than a week - CNN,news,europe,2,0.9460756278639765
2782,French Open: Barbora Krejcikova beats Anastasia Pavlyuchenkova in roller coaster final to win first grand slam - CNN,sport,tennis,4,0.9226269606313521
2783,Denmark star Christian Eriksen in stable condition after collapsing during match against Finland - CNN,sport,football,2,0.49967520250655156
2784,Novak Djokovic beats Rafael Nadal in thriller to reach French Open final - CNN,sport,tennis,4,0.9738094493905003
2785,What to do -- and not do -- when you meet the Queen - CNN,news,uk,7,0.3831191778583855
2786,Biden's one-to-one with Queen is his rite of passage on world stage - CNN,news,uk,7,0.4085501366990124
2787,Italy cruises to victory with dominant performance against Turkey in Euro 2020 opener - CNN,sport,football,4,0.5193486234989918
2788,Carrie Johnson steps onto global stage with G7 - CNN,news,europe,1,0.9583326382333406
2789,Brisbane set to host 2032 Olympics after IOC endorsement  - CNN,sport,sport,9,0.8999904573960895
2790,"Norway to proceed with sound experiment on whales, despite protests - CNN",news,europe,10,0.9236086525716914
2791,A 'Bubble Barrier' is trapping plastic waste before it can get into the sea - CNN,news,europe,1,0.33550439879364574
2792,Stefanos Tsitsipas reaches first career grand slam final with win over Alexander Zverev at French Open - CNN,sport,tennis,4,0.9479476304732641
2793,"US-Russia relations are so poor that only a summit can sort them out, Putin's spokesman says - CNN",news,europe,5,0.7719306234138741
2794,"Jordan Clarkson: NBA star helps food truck graffitied with anti-Asian slur, says there's 'no room' for racist incidents - CNN",sport,sport,4,0.43661763461134984
2795,Reece Wilson: Downhill World Champion says he loves life 'on the limit' - CNN,sport,sport,10,0.5373594244471026
2796,New Zealand study shows Maori connections to Antarctica date as far back as the 7th century - CNN,news,australia,2,0.3918983732438556
2797,Novak Djokovic lets out guttural scream after setting up French Open semifinal against Rafael Nadal  - CNN,sport,tennis,4,0.8143816919226086
2798,"Viktor Orban: Taking knee is 'provocation', 'has no place on pitch' - CNN",sport,football,1,0.4529181931970572
2799,Operation Barkhane: France declares end to anti-terror military mission in Sahel - CNN,news,europe,6,0.9618048809772378
2800,Boris Johnson's big Biden meeting overshadowed by Brexit trouble  - CNN,news,uk,1,0.6871445845178913
2801,French Open: Anastasia Pavlyuchenkova defeats Tamara Zidanšek to reach maiden grand slam final - CNN,sport,sport,4,0.9563490809642472
2802,"Prince Edward discusses the Sussexes, the bereaved Queen and his father's legacy - CNN",news,uk,7,0.9388871879480312
2803,G7 summit: Joe Biden and Boris Johnson relish the role of global good guys. But bonhomie may be tested by hard reality - CNN,news,uk,1,0.44789658646914826
2804,Copa America: Brazilian players and staff criticize tournament in a public letter - CNN,sport,sport,11,0.30846884725511814
2805,D-Day Fast Facts - CNN,news,europe,2,0.9427079333652458
2806,"Taking a knee: Football's coming home, but gesture divides England fans - CNN",sport,football,3,0.4250686473280492
2807,Teenager in critical condition after breaching whale lands on fishing boat   - CNN,news,australia,6,0.598799140425623
2808, Premier League announces sanctions for six clubs involved in breakaway Super League - CNN,sport,football,0,0.783915515330624
2809,Emmanuel Macron slapped by member of public in southeast France - CNN,news,europe,6,0.6850438355444498
2810,Lilibet: Meghan and Harry deny report they didn't ask the Queen about naming their daughter  - CNN,news,uk,7,0.6630443376625178
2811,Serbian volleyball player suspended after making anti-Asian racist gesture during match against Thailand - CNN,sport,sport,0,0.5551821220194231
2812,Coco Gauff smashes racquet as run at French Open comes to an end against Barbora Krejcikova - CNN,sport,tennis,4,0.5323210801629902
2813,"Tokyo 2020: Australian baseball team pulls out of Olympic qualifiers, citing Covid fears - CNN",sport,sport,10,0.6037407427333424
2814,"Letesenbet Gidey breaks two-day-old 10,000m world record - CNN",sport,sport,11,0.5878744554616535
2815,Nikola Jokic named 2021 NBA Most Valuable Player - CNN,sport,sport,11,0.7920949663111604
2816,ANoM: FBI and Australian Federal Police encrypted app trap ensnares hundreds of criminal suspects  - CNN,news,australia,11,0.395569519404592
2817,Debbie Hewitt set to become first female chair of England's Football Association - CNN,sport,football,6,0.4807515000963362
2818,Jim Fassel: Former NFL coach dies at age 71 - CNN,sport,sport,6,0.5509464271627467
2819,Keira Knightley says all the women she knows have been sexually harassed - CNN,news,uk,7,0.9294861258439191
2820,Shackled skeleton tells grim story of slavery in Roman Britain - CNN,news,uk,7,0.444092576027252
2821,"Ratko Mladic, the 'butcher of Bosnia,' loses appeal against genocide conviction - CNN",news,europe,5,0.47688228733104865
2822,"NBA: Brooklyn Nets dominate Milwaukee Bucks, leading by 49 points despite missing one of its biggest stars - CNN",sport,sport,9,0.35195329779472956
2823,Romelu Lukaku says racism in football is at an 'all-time high' - CNN,sport,football,0,0.9601437748247285
2824,"Bdelloid rotifers: Microscopic animals survived 24,000 years frozen in the Siberian permafrost - CNN",news,europe,11,0.6742216556286661
2825,New dinosaur species discovered in Australia - CNN,news,australia,10,0.6310902272293338
2826,Sarah Everard: London police officer pleads guilty to kidnap and rape - CNN,news,uk,8,0.975876919251384
2827,Prince Harry Fast Facts - CNN,news,europe,7,0.5342796456851427
2828,"US Navy christens USS Canberra, only warship named for a foreign capital - CNN",news,australia,5,0.6218340223170523
2829,"Meghan and Harry welcome baby girl, Lilibet Diana - CNN",news,europe,7,0.8456242777892774
2830,Logan Paul vs Mayweather: Time and how to watch live - CNN,sport,sport,2,0.9563475683820627
2831,Coco Gauff becomes youngest woman to reach grand slam quarterfinal in 15 years at French Open - CNN,sport,tennis,4,0.6502363828401947
2832,Simone Biles wins record seventh national women's all-around title  - CNN,sport,sport,1,0.4411664795693883
2833,"David Dushman, last surviving liberator of Auschwitz, dies at 98 - CNN",news,europe,11,0.5811720739155029
2834,"Yuka Saso wins 2021 US Women's Open, becomes first Filipino player to win a golf major tournament - CNN",sport,sport,4,0.6657740148052038
2835,"Convicted for 'advertising' abortion, German doctors are fighting to share the facts - CNN",news,europe,7,0.49657624837575187
2836,Floyd Mayweather Jr. and Logan Paul box for eight rounds in exhibition pay-per-view fight - CNN,sport,sport,2,0.6466064042425758
2837,"For handcyclist Oz Sanchez, Paralympic success is a 'testament as to the person I've become' - CNN",sport,sport,10,0.4032147957573219
2838,Euro 2020: Ukraine's new football kit irks Russia over Crimea map - CNN,sport,football,6,0.4643752510436227
2839,Lilibet Diana Mountbatten-Windsor meaning: The significance of Harry and Meghan's name choices - CNN,news,uk,7,0.8273871003806902
2840,"Climate change and Tokyo Olympics: Extreme heat could pose health risk for athletes, report says - CNN",sport,sport,9,0.40908508668111815
2841,Yuka Saso: The 19-year-old major winner who modeled her game on Rory McIlroy's after watching him on YouTube - CNN,sport,golf,2,0.9427056693229192
2842,Norwegian police identify body of toddler who died crossing the English Channel - CNN,news,europe,0,0.49419754527000836
2844,Jon Rahm forced to withdraw from Memorial Tournament after positive Covid-19 test - CNN,sport,golf,6,0.7314794856442037
2845,Archie gets royal birthday wishes as he turns 2 years old - CNN,news,uk,7,0.6587226520625199
2847,Hungary protest: Thousands rally against planned Chinese university campus in Budapest - CNN,news,europe,0,0.330864917517541
2848,Federer withdraws from French Open over knee concerns - CNN,sport,tennis,4,0.9541658308909149
2850,Boris Johnson will finally tell the world what post-Brexit Britain is for - CNN,news,uk,1,0.6073086082664092
2851,F1 results: Sergio Perez claims win at 2021 Azerbaijan Grand Prix - CNN,sport,motorsport,5,0.9647430761249
2852,Serena Williams stunned by Elena Rybakina at French Open - CNN,sport,tennis,4,0.5182101863432778
2853,Casemiro: Brazilian soccer team captain says 'let's talk at the right time' on Brazil hosting Copa America - CNN,sport,football,0,0.5772808416492837
2854,Floyd Mayweather Jr. vs. Logan Paul: Boxing's bastardization continues apace - CNN,sport,sport,11,0.5095354846084477
2855,"Putin signs law banning 'extremists' from running in elections, on Navalny's birthday - CNN",news,europe,5,0.3954674376245278
2856,'I was only thinking of staying alive': Nadia Nadim's journey from refugee camp to PSG star ... and back - CNN,sport,football,9,0.4956302781194999
2857,Belarus: Roman Protasevich appears on state TV as critics decry his detention as a 'hostage'-taking - CNN,news,europe,5,0.9672611475846525
2858,Serena Williams powers into French Open fourth round as she aims for history - CNN,sport,tennis,4,0.5654790263550085
2859,Yana Sizikova: Russian tennis player arrested for sports corruption and fraud  - CNN,sport,tennis,5,0.36243583086767617
2860,Top German Catholic Church official offers resignation over 'catastrophe of sexual abuse' - CNN,news,europe,10,0.48412839507770633
2861,"Fred and Rose West, Britain's worst serial killers, haunt a city decades after their grisly crimes - CNN",news,europe,6,0.26622058882436783
2862,Lionel Messi and Argentina pay tribute to Diego Maradona in first match since legend's death - CNN,sport,football,0,0.4884006026026057
2863,Megha Ganne: 17-year-old high school junior has day to remember at US Women's Open - CNN,sport,golf,4,0.4989002138171325
2864,'The Firm': Britain's royal institution explained - CNN,news,uk,7,0.8664849265953039
2865,Roger Federer says 'misunderstanding' caused heated debate with chair umpire in French Open win  - CNN,sport,tennis,4,0.9713537977024582
2866,NBA Lakers: LeBron James' perfect record in first-round series ends with Los Angeles' elimination loss to Phoenix Suns - CNN,sport,sport,4,0.4270037951697843
2867,"Truck carrying tomato puree crashes, turning road red - CNN",news,uk,2,0.40864455157299473
2868,"Belarus lashes out at the US, reducing embassy staff numbers - CNN",news,europe,5,0.473186904606389
2870,Denmark passes law to move asylum centers outside European Union - CNN,news,europe,2,0.50726769151791
2871,Ashleigh Barty: World no. 1 retires from French Open with injury - CNN,sport,tennis,4,0.5584353093688075
2872,"About 10,000 Tokyo Olympic volunteers have quit with Games closing in - CNN",sport,sport,9,0.45118758226198336
2873,French Open: Two players in quarantine after testing positive for Covid-19  - CNN,sport,tennis,6,0.5406230546096806
2874,Britain's royals have denied being a racist family. Archived papers reveal recent racist past - CNN,news,uk,7,0.7026294843600264
2875,Belgium: Five arrested after 14-year-old girl gang raped  - CNN,news,europe,6,0.4872596679987078
2876,Air France flight evacuated after anonymous threat - CNN,news,europe,6,0.7482961505624278
2878,Serena Williams wants to give Naomi Osaka a hug; others label her a 'princess' - CNN,sport,tennis,4,0.47356064371040585
2879,"Naomi Osaka: 'It can be devastating to adjust to fame and fortune,' says tennis great Chris Evert - CNN",sport,tennis,11,0.5790840834206746
2880,Belarusian activist Steffan Latypov stabs himself during a court hearing in Minsk  - CNN,news,europe,2,0.5438587413853785
2881,Queen Elizabeth's Platinum Jubilee plans revealed - CNN,news,uk,7,0.6995879619061154
2882,How boxing is changing the way society looks at women in Gaza - CNN,sport,sport,2,0.5363515949411495
2883,Imran Sherwani: Olympic hockey gold medalist reveals early-onset Alzheimer's diagnosis - CNN,sport,sport,9,0.6154671116601388
2884,Copa America: Brazilian senator calls on Neymar to not take to the field in 'Championship of Death' - CNN,sport,football,11,0.5359843643145337
2885,Lou Gehrig's disease: Why ALS is forever associated with one of America's baseball greats - CNN,sport,sport,2,0.7552080607808298
2886,Atlanta Braves outfielder Marcell Ozuna granted bond in domestic violence case - CNN,sport,sport,8,0.9618051472200514
2887,Australia's Somerton man died alone on a beach in 1948. Now scientists are close to solving the mystery - CNN,news,australia,10,0.31297048152641244
2888,Asparagus recipe found in Belgian legal database - CNN,news,europe,8,0.8981452947133896
2889,"'Happy Gilmore': 'Everybody loves to hate the villain,' says Shooter McGavin - CNN",sport,golf,2,0.9388869080613425
2890,Sergio Aguero to join FC Barcelona as Spanish club begins squad overhaul - CNN,sport,football,3,0.4595426275546925
2891,Copa América: Brazil in 'negotiations' to host tournament — just 13 days before start date - CNN,sport,football,11,0.5418742486058424
2892,Carlo Ancelotti returns to Real Madrid to become manager for second time - CNN,sport,football,6,0.4426736805293626
2893,France and Germany 'seeking full clarity' from US and Denmark on spying report - CNN,news,europe,6,0.5887264197747737
2894,"Giovanni Brusca, Sicilian mafia 'people-slayer,' released after 25 years in jail - CNN",news,europe,10,0.6188135012711856
2895,Elaine Thompson-Herah defends Olympic 100m title in all-Jamaican podium - CNN,sport,sport,8,0.32843457053026537
2896,P. V. Sindhu: The Olympic hero who became India's most marketable female athlete - CNN,sport,sport,9,0.9633323048714799
2897,Carrie and Boris Johnson expecting second baby after miscarriage heartbreak - CNN,news,europe,1,0.7427726663192834
2898,Noah Gesser: 16-year-old Ajax youth player dies in car accident  - CNN,sport,football,2,0.5718292372789539
2899,TikTok: How one user went viral after sharing his Tinder hack to virtually connect with Olympians - CNN,sport,sport,9,0.4907862140331254
2900,'My heart was totally broken': The agony of the Olympics and how we measure athlete success - CNN,sport,sport,9,0.5161595103208307
2901,Simone Biles withdraws from vault and uneven bars finals - CNN,sport,sport,1,0.43342835589045386
2902,Connor Fields is out of ICU after sustaining brain hemorrhage in BMX crash at Tokyo 2020 - CNN,sport,sport,9,0.5804743425964219
2903,Why Olympians bite their medals and what they do with them - CNN,sport,sport,9,0.5902791931576805
2904,Sydney readies for the army as lockdown fails to squash Australia Delta outbreak - CNN,news,australia,10,0.7875128183224679
2905,Simone Biles says she still has the 'twisties' and it's impacting her on all 4 individual events - CNN,sport,sport,1,0.7559600711736132
2906,Heat and humidity make 'Tokyo Summer the worst in the history of Olympics' - CNN,sport,sport,9,0.5526788949660582
2907,"Selemon Barega wins 10,000m gold at the Tokyo Olympics despite Uganda's tactical approach - CNN",sport,sport,9,0.8585352446808326
2908,Doping spat: Russian Olympic Committee hits back after US swimmer questions whether gold medal winner was '100% clean' - CNN,sport,sport,9,0.6261626591834764
2909,"Malta's government must bear responsibility for journalist's assassination, inquiry finds   - CNN",news,europe,11,0.8935170853748958
2910,Why was Lilibet left out of the British monarchy's line of succession? - CNN,news,uk,7,0.6298246819344179
2911,"'I didn't think I would ever be here,' says Sunisa Lee after winning 'surreal' all-around gymnastics gold at the Tokyo Olympics - CNN",sport,sport,9,0.9563483937501326
2912,Novak Djokovic's search for 'Golden Slam' comes to an end at Tokyo 2020  - CNN,sport,sport,4,0.5243754643167575
2913,San Marino is smallest country in history to win a medal at the Olympics thanks to shooter Alessandra Perilli - CNN,sport,sport,9,0.4066563282442848
2914,Connor Fields 'is awake' after BMX semifinals crash at the Olympics as Niek Kimmann storms to historic gold - CNN,sport,sport,9,0.7079319030398368
2915,'The twisties': How fear affects the mental health and physical safety of gymnasts like Simone Biles - CNN,sport,sport,10,0.638198578802013
2916,Hmong people: Suni Lee and an epochal moment for the Hmong in America  - CNN,sport,sport,9,0.5625225260258202
2917,Here's who won gold medals at the Tokyo Olympics on Thursday - CNN,sport,sport,9,0.9694442362125579
2918,Simone Biles says fans' support is helping her realize that she's more than her gold medals - CNN,sport,sport,9,0.41795600262367777
2919,German cycling coach dismissed from Olympics over racist remarks - CNN,sport,sport,5,0.23896645624980886
2920,Simone Biles withdraws from women's team gymnastics at Tokyo Olympics as ROC wins gold - CNN,sport,sport,9,0.6288261288667194
2921,"Suni Lee: US gymnast wins Olympic all-around after injuries, tragedies and a horrific accident - CNN",sport,sport,9,0.7593241080523314
2922,Caeleb Dressel wins his first individual Olympic gold medal in the 100 meter freestyle final  - CNN,sport,sport,9,0.8925310497120741
2923,"Olympic athletes are showing us their funny, fascinating, complicated selves on TikTok and beyond - CNN",sport,sport,7,0.4232891201520132
2924,Katie Ledecky wins 1500m freestyle for her 6th career Olympic gold medal and first at Tokyo 2020 - CNN,sport,sport,9,0.9722220234787514
2925,Wildfires scorch Spain and cause 'disaster without precedence' in Sardinia - CNN,news,europe,10,0.5368025355407358
2926,Fukushima laments 'unfortunate' lack of fans for Japan's Olympic baseball game - CNN,sport,sport,6,0.5097048573829202
2927,Fiji retain rugby sevens gold medal with victory over New Zealand at Tokyo Olympics - CNN,sport,sport,8,0.3355958876342103
2928,Daniil Medvedev asks who will take responsibility if he dies in Tokyo Olympics' heat and humidity - CNN,sport,sport,4,0.36072047594113504
2929,"How to avoid spoilers for the Olympics, even though they feel inevitable in 2021 - CNN",sport,sport,9,0.5484566390598106
2930,"Lamar Jackson, former NFL MVP, of the Baltimore Ravens tests positive for Covid-19 - CNN",sport,football,6,0.7755975825919396
2931,There may be more Olympians who identify as LGBTQ than ever before. But there are limits to inclusion  - CNN,sport,sport,3,0.5343132918503364
2932,Ariarne Titmus: Gold medal-winning athletes swerve social media to avoid 'external pressure' - CNN,sport,sport,9,0.2705558232819746
2933,US Olympian Simone Biles' withdrawal from the team final reminds us that she's human -- and still very much the GOAT - CNN,sport,sport,9,0.4112495715147167
2934,Gymnast Simone Biles doesn't need more medals. She returned to the Olympics for something much more impactful - CNN,sport,sport,1,0.5233695674461595
2935,Australia Covid-19: Sydney lockdown extended by four weeks as cases spike - CNN,news,australia,10,0.9142256495306698
2936,Here's who won gold medals at the Tokyo Olympics on Wednesday - CNN,sport,sport,9,0.9694443576129294
2937,London Underground Fast Facts - CNN,news,europe,2,0.9490733115347649
2938,Simone Biles withdraws from all-around final at Tokyo 2020 to focus on mental health  - CNN,sport,sport,9,0.3853466096316518
2939,Paula Radcliffe on Simone Biles and how she fought back against the 'quitter' label - CNN,sport,sport,11,0.4807434443624544
2940,Hidilyn Diaz wins Philippines' first Olympic gold medal with weightlifting - CNN,sport,sport,9,0.8580338995337073
2941,Russian Olympic Committee wins gold in women's team gymnastics as Team USA hit by Simone Biles withdrawal - CNN,sport,sport,9,0.635900972461859
2942,Bermuda becomes smallest country to win Olympic gold after Flora Duffy's triathlon triumph  - CNN,sport,sport,9,0.4515477423100319
2943,Here's who won gold medals at the Tokyo Olympics on Tuesday - CNN,sport,sport,9,0.9694442775604286
2944,"Explosion rocks German chemicals site, killing one person and severely injuring workers  - CNN",news,europe,10,0.4471561159780782
2945,Landmark Vatican fraud trial begins as cardinal faces charges over London property deal  - CNN,news,europe,2,0.6087708393121912
2946,"Naomi Osaka will leave 2020 Olympics without a medal, loses in 3rd round to Marketa Vondrousova - CNN",sport,tennis,4,0.6356615639676316
2947,Jordan Chiles stepped in for Team USA after her friend and confidante Simone Biles withdrew - CNN,sport,sport,1,0.7938584997862641
2948,Uche Eke becomes first gymnast to compete for Nigeria at the Olympics - CNN,sport,sport,9,0.8513060182895195
2949,Annemiek van Vleuten crossed the line and thought she'd won cycling gold. She hadn't - CNN,sport,sport,5,0.693250779083579
2950,Men's triathlon false start as media boat blocks competitors - CNN,sport,sport,9,0.7947172530273758
2951,"Germany's gymnasts wear body-covering unitards, rejecting 'sexualization' of sport - CNN",sport,sport,9,0.39351298466690776
2952,J K Rowling Fast Facts - CNN,news,europe,2,0.8238701763610127
2953,Family vows to resist US government attempt to keep intelligence work of woman accused of killing teen a secret - CNN,news,uk,7,0.9660483786761775
2954,Athletes who've had to drop out of the Olympics because of Covid-19 - CNN,sport,sport,6,0.5479351167254976
2955,"Momiji Nishiya, 13-year-old skateboarder, wins gold at the Olympics' first women's final - CNN",sport,sport,9,0.5460417773024733
2956,Australia once reveled in being the 'lucky country' on Covid-19. Now weary Aussies 'feel like prisoners' - CNN,news,australia,7,0.5759028597602952
2957,What is ROC? Here's what to know about Russia and the Olympics - CNN,sport,sport,9,0.538110195128382
2958,Here's who won gold medals at the Tokyo Olympics on Monday - CNN,sport,sport,9,0.9704300049563688
2959,Europe tried to boost Covid-19 vaccine takeup with carrots. Now some leaders are breaking out the sticks - CNN,news,europe,10,0.8126422092100761
2960,Fencer Maria Belen Perez Maurice lost her Olympic match but won a proposal of marriage - CNN,sport,sport,9,0.6908493656407796
2961,Anna Kiesenhofer is a math genius who just pulled off one of the biggest shocks in Olympics history - CNN,sport,sport,0,0.5925513608743052
2962,London floods are latest sign that big cities aren't ready for climate change  - CNN,news,europe,11,0.5115448141485347
2963,Pink is offering to pay the Norwegian women's beach handball team's fine for wearing shorts - CNN,sport,sport,0,0.3496851438177845
2964,"Tom Daley: TV star. Lover of crochet. And now after four Olympics, he has elusive gold medal - CNN",sport,sport,9,0.8346375396124446
2965,Here's who won gold medals at the Tokyo Olympics on Saturday - CNN,sport,sport,9,0.9647434263335694
2966,USA men's basketball team defeated by France for first Olympic loss since 2004 - CNN,sport,sport,9,0.7662556888919426
2967,"Female UK military staff report: Almost two-thirds of women bullying, sexual harassment and discrimination, landmark report says - CNN",news,uk,10,0.6708689273302761
2968,"USA wins first Tokyo Olympics medals with gold, silver finish in men's 400-meter individual medley - CNN",sport,sport,9,0.9683901789309215
2969,Naomi Osaka 'refreshed and happy' as she kicks off her Olympic campaign with dominant victory against Saisai Zheng - CNN,sport,tennis,4,0.5431636400022943
2970,"UK Health Secretary tweets people shouldn't ""cower"" from Covid, before deleting it and apologizing - CNN",news,uk,10,0.5921835707791081
2971,Kimia Alizadeh: Iranian defector from Olympic Refugee Team stuns two-time Olympic taekwondo champion  - CNN,sport,sport,9,0.7411853810854383
2972,Here's who won gold medals at the Tokyo Olympics on Sunday - CNN,sport,sport,9,0.9683905322937052
2973,Hungary Pride: Thousands join event as LGBTQ people face growing hostility - CNN,news,europe,7,0.3744152174161891
2974,Belgian basketball star Ann Wauters' Olympic dream was a long time coming - CNN,sport,sport,9,0.4880290379826045
2975,"Bosnia's peace envoy imposes jail terms for genocide denial
 - CNN",news,europe,5,0.508504349153118
2976,Tokyo 2020 isn't the first Olympic Games to battle a pandemic  - CNN,sport,sport,9,0.5648359688960122
2977,Olympic protests are nearly as old as the Games themselves. So why are officials so hesitant to allow them? - CNN,sport,sport,9,0.43492020785624347
2978,"Novak Djokovic says current weather conditions in Tokyo are ""brutal"" - CNN",sport,sport,9,0.5683811335839623
2979,Algerian Olympian Fethi Nourine withdraws from Games due to potential matchup with Israeli competitor - CNN,sport,sport,9,0.9345230776535697
2980,Naomi Osaka lights Olympic cauldron at Tokyo 2020 Opening Ceremony - CNN,sport,sport,2,0.3553836962656135
2981,"Overshadowed by Covid-19, Olympic athletes are left to bring light to troubled Tokyo 2020 - CNN",sport,sport,9,0.5205049108337358
2982,US women's national soccer team players appeal equal pay lawsuit decision - CNN,sport,sport,0,0.9758766536900872
2983,What can we expect from Prince Harry's book? - CNN,news,uk,7,0.5852505642319017
2984,Why trash-raiding cockatoos in Sydney are smarter than 'bin chickens' - CNN,news,australia,11,0.376850136107882
2985,Olympic greats call on IOC to allow podium protests - CNN,sport,sport,9,0.5084881948145955
2986,Olympic health plan for US Tokyo delegation: Treat members as if they're unvaccinated - CNN,sport,sport,9,0.5846832806404361
2987,Brazil vs. Germany: Defending Olympic champion Brazil defeats Germany in rematch of 2016 men's football final - CNN,sport,sport,9,0.27807216728126005
2988,Aviation enthusiast potentially saves pilot's life after seeing sparks coming from his plane - CNN,news,uk,8,0.5877066326756608
2989,"Anders Breivik killed 77 people in Norway. A decade on, 'the hatred is still out there' but his influence is seen as low - CNN",news,europe,3,0.31806178627561876
2990,NFL says coronavirus outbreaks among unvaccinated players may lead to forfeits this season - CNN,sport,sport,0,0.40024561925408386
2991,"Germany floods: More than 150 people still missing unlikely to be found, officials fear - CNN",news,europe,10,0.7608579826688058
2992,"Olympics opening ceremony: What we know, who's going and who's not - CNN",sport,sport,11,0.3560848302013258
2993,Francois Hollande Fast Facts - CNN,news,europe,2,0.9427076847096305
2994,Mexico vs. France: Mexico thrashes France and Spain held as men's football competition kicks off at Tokyo 2020 - CNN,sport,sport,9,0.3339454727625782
2995,Prince George: New photo released ahead of his 8th birthday  - CNN,news,uk,7,0.9541652964476427
2996,Bobby Bowden: Legendary college football coach diagnosed with a terminal illness - CNN,sport,sport,11,0.9601441009893362
2997,US gymnast Kara Eaker and basketball player Katie Lou Samuelson test positive for Covid-19 ahead of Olympics - CNN,sport,sport,9,0.520690519240214
2998,Beach volleyball player Markéta Sluková-Nausch left in tears as Czech star misses Olympics due to positive Covid-19 result - CNN,sport,sport,6,0.7391544520196767
2999,"The speech that fizzled, then set the Olympic movement ablaze - CNN",sport,sport,2,0.4086597895050862
3000,Women's soccer teams take a knee ahead of opening Olympic Games matches  - CNN,sport,sport,0,0.495167980228899
3001,Greg Knapp: New York Jets assistant coach in critical condition following bicycle accident - CNN,sport,sport,11,0.3939027083713138
3002,Olympic athletes battling long Covid: 'I'm really struggling to exercise still' - CNN,sport,sport,10,0.5425482811009807
3003,Tokyo Olympics officially underway despite threat of Covid-19 - CNN,sport,sport,9,0.6678418395530736
3004,Hungary plans referendum on law criticized by EU as homophobic - CNN,news,europe,1,0.7183922273738907
3005,Tokyo has tough task trying not to be the first 'no-fun' Olympics - CNN,sport,sport,3,0.5202788862188901
3006,Brisbane officially announced as host of 2032 Olympics - CNN,sport,sport,9,0.7741127821328434
3007,Team USA volleyball player Taylor Crabb tests positive for Covid-19 and will miss Tokyo Olympics  - CNN,sport,sport,6,0.6131784998574803
3008,USWNT hammered by Sweden in opening Tokyo 2020 match - CNN,sport,sport,0,0.4552710152214399
3009,Giannis Antetokounmpo wants his NBA Finals heroics to inspire others to 'believe in their dreams' - CNN,sport,sport,8,0.6305545129217829
3010,Netherlands thrashes Zambia 10-3 in women's football tournament to set new Olympics record - CNN,sport,sport,11,0.3959812150951119
3011,"Men have a bigger carbon footprint than women, thanks to their appetite for cars and meat - CNN",news,europe,2,0.39199300228703077
3012,Marta and Formiga: Brazil legends create Olympic history - CNN,sport,sport,0,0.5433651412067969
3013,WNBA players Nneka Ogwumike and Elizabeth Williams won't play for Nigeria at Olympics after appeal rejected - CNN,sport,sport,9,0.47610742320993044
3014,Olivia Breen: Paralympian angered after official said her sprint shorts were 'too short' - CNN,sport,sport,9,0.48700205052106343
3015,"Boris Johnson had to be talked out of meeting the Queen early on in the pandemic, ex-adviser claims  - CNN",news,uk,1,0.5700232962819324
3016,Mark Eaker: Father of US gymnast Kara Eaker says she doesn't know where she got Covid-19 before the Olympics - CNN,sport,sport,9,0.46887666296488834
3017,Tokyo 2020 boss not ruling out last minute cancellation of Olympic Games  - CNN,sport,sport,9,0.6468540347891899
3018,Women's beach handball team fined for choosing shorts over bikini bottoms - CNN,sport,sport,6,0.39770553972499784
3019,England's footballers lost the Euro 2020 final. But they might yet win the culture war - CNN,sport,football,3,0.3711018851527906
3020,Six Polish swimmers sent back home from Tokyo following admin error - CNN,sport,sport,9,0.41441887531561067
3021,"From not speaking the language to competing for the national team at Tokyo 2020, Belgian runner Isaac Kimeli is aiming for gold  - CNN",sport,sport,0,0.5024769582621119
3022,Premier League soccer player suspended over alleged child sex offenses - CNN,sport,football,0,0.6952076326405298
3023,Russia unveils new 'Checkmate' fighter jet - CNN,news,europe,5,0.9583321676480757
3024,Why Covid 19 cases among top athletes are rising - CNN,sport,sport,10,0.42865557907568236
3025,Collin Morikawa makes history with Open Championship win after dramatic final round - CNN,sport,golf,4,0.6478936443567398
3026,John Kerry warns 'time is running out' to address climate crisis - CNN,news,uk,2,0.6645240305503657
3027,Keigo Oyamada: Tokyo Olympics opening and closing ceremonies composer resigns over historical bullying remarks - CNN,sport,sport,9,0.4970211376900674
3028,Freedom Day: Boris Johnson is taking another huge gamble by lifting lockdowns in England. Even he admits it could lead to more deaths from Covid - CNN,news,uk,10,0.46849552401420796
3029,Lewis Hamilton targeted with racist abuse online after controversial British Grand Prix victory  - CNN,sport,motorsport,5,0.5755176694677231
3030,Tokyo 2020: Two South African footballers test positive for Covid-19 in Olympic Village - CNN,sport,sport,6,0.5150226879782726
3031,Irish gymnast jumps on Olympic Village cardboard bed to debunk 'anti-sex fake news - CNN,sport,sport,9,0.414849308936177
3032,Soul Cap: EU politicians urge Olympics to lift 'exclusionary' ban on swim cap for natural Black hair - CNN,sport,sport,2,0.39427709968363994
3033,Katie Hopkins: Australia to deport British columnist after Covid quarantine breach - CNN,news,australia,10,0.36031410741861336
3034,Tokyo Olympics: Six British athletes forced to self-isolate after contact with Covid case on flight to Games - CNN,sport,sport,6,0.41297783091309026
3035,Havana Syndrome reported among US diplomats in Vienna - CNN,news,europe,10,0.5767208922429794
3036,Mark Spitz: Seven ways to survive the Olympic Games - CNN,sport,sport,9,0.9541659467784123
3037,"Kurt Westergaard, cartoonist whose depiction of Mohammed sparked outrage, dead at 86 - CNN",news,europe,7,0.3845567554788558
3038,"NBA Finals: Bucks rally past Suns, take 3-2 lead - CNN",sport,sport,8,0.9601434611657644
3039,British Open Golf Tournament Fast Facts - CNN,news,europe,2,0.6419090684153731
3040,Germany's Olympic soccer team walks off the pitch during friendly match over alleged racial abuse - CNN,sport,football,6,0.4829062437290638
3041,"Laurel Hubbard: IOC backs transgender weightlifter's selection for Tokyo, says to review rules later - CNN",sport,sport,9,0.5687851866535834
3042,Tour de France Fast Facts - CNN,news,europe,2,0.8255596419105131
3043,Lewis Hamilton wins British Grand Prix after high-speed collision withMax Verstappen - CNN,sport,motorsport,5,0.6088263596894259
3044,Jazz Janewattananond hits bunker shot from knees -- and posts video on social media showing he'd practiced it beforehand - CNN,sport,golf,8,0.49234799246010236
3045,Missing Ugandan Olympic hopeful left note saying he wants to work in Japan  - CNN,sport,sport,9,0.968389996971267
3046,Qatar's Ras Abu Aboud stadium is the first built in World Cup history that was meant to be torn down - CNN,sport,football,5,0.5942455671782267
3047,Tadej Pogacar: Slovenian cycling sensation clinches second Tour de France victory - CNN,sport,sport,10,0.412383792238833
3048,"Tokyo 2020: The Japanese superfan who spent $40,000 on Olympics tickets - CNN",sport,sport,9,0.5864439020970633
3049,Europe floods: Desperate search for survivors after 'catastrophe of historic proportion' - CNN,news,europe,10,0.30734245995798676
3050,"Louis Oosthuizen: Sun, sea and golf and the challenge of playing in gusty wind, unforgiving rough and blind shots - CNN",sport,golf,1,0.9490717878789865
3051,"Europe flooding: Record rainfall leaves over 120 dead in western Europe, devastating parts of Germany - CNN",news,europe,10,0.5199507854349813
3052,Blue Jays will return to Toronto July 30 after getting Covid-19 exemption - CNN,sport,sport,6,0.5771797947878712
3053,Tyrone Mings calls out UK Home Secretary Priti Patel over 'gesture politics' comment on taking the knee in Euro 2020 fallout - CNN,sport,football,7,0.35010092966982
3054,First case of Covid-19 reported at Tokyo Olympic Athletes Village - CNN,sport,sport,9,0.4182075905755585
3055,"Australian and WNBA star Liz Cambage withdraws from Olympics, citing mental health - CNN",sport,sport,9,0.39752105014595807
3056,Mark Spitz: 'Somebody someday' can beat Michael Phelps' Olympic record - CNN,sport,sport,9,0.6011418035389222
3057,"Germany flooding: huge rescue effort in Rhineland-Palatinate as deadly floods also hit Belgium, Netherlands, Luxembourg  - CNN",news,europe,10,0.6682670623599836
3058,Jason Sudeikis: Actor shows support for racially abused England soccer players  - CNN,sport,football,0,0.4921812049967964
3059,FINA to review use of Afro swim cap at competition level after facing criticism - CNN,sport,sport,9,0.5558858057955955
3060,Max Verstappen says 'it doesn't make any difference' to be leading F1 championship - CNN,sport,motorsport,5,0.5503632884212858
3061,"Bryson DeChambeau is 'living on the razor's edge,' but for now his driver 'sucks' at the Open - CNN",sport,golf,2,0.6736096219321126
3062,Meghan sets her sights on building a Netflix juggernaut - CNN,news,uk,11,0.4359785090517596
3063,From 'unbelievable' to 'just brilliant': Rory McIlroy experiences the Open's lows and highs - CNN,sport,golf,8,0.6177330241336232
3064,"'Climate change has arrived,' European officials say, as deadly floods engulf entire towns - CNN",news,europe,3,0.7533525989530202
3065,Team WNBA defeats Team USA 93-85 in 2021 WNBA All-Star Game - CNN,sport,sport,9,0.37697653718083696
3066,Cocaine disguised as charcoal worth up to $41 million seized by police - CNN,news,europe,2,0.5424980515710595
3067,"Novak Djokovic says he will compete in Tokyo Olympics, Golden Slam still in play - CNN",sport,tennis,9,0.4613106988695299
3068,"NBA Finals: Bucks rally to defeat Suns, level series at 2-2 - CNN",sport,sport,8,0.9683902579447482
3069,Charles Leclerc on why he is so protective of his brother: 'I start to think about all the bad scenarios that can happen' - CNN,sport,motorsport,5,0.5393886304536077
3070,Jewell Loyd: 'The Gold Mamba' is 'humbled and hungry' to compete at Tokyo 2020 - CNN,sport,sport,9,0.5418937520513274
3071,Climate change: EU unveils ambitious package as it cools on fossil fuels - CNN,news,europe,1,0.8289350985543164
3072,Northern Ireland Fast Facts - CNN,news,europe,2,0.6739886815590865
3073,Pope Francis leaves hospital after undergoing surgery - CNN,news,europe,7,0.5227577796157676
3074,Quade Cooper: Former Wallabies player denied Australian citizenship despite representing the country 70 times - CNN,sport,sport,10,0.6029119025864417
3075,Police seize record $249 million of cryptocurrency in UK - CNN,news,uk,8,0.51482493757542
3076,Christian Pulisic under fire from animal rights group following stunt involving vulnerable species  - CNN,sport,football,2,0.5040037027739773
3077,"Euro 2020: Azzurri's victory over England caps Italian football's ""renaissance""  - CNN",sport,football,0,0.5473979784553449
3078,"Lando Norris: F1 star 'shaken' after watch stolen at Euro 2020 final, McLaren says - CNN",sport,motorsport,3,0.649116156966541
3079,"Roger Federer pulls out of 2020 Olympics, citing knee injury - CNN",sport,tennis,4,0.6500445609031803
3080,Unvaccinated health workers won't get paid in France - CNN,news,europe,10,0.9704299296761236
3081,Australian vaccine ad showing Covid patient gasping for air sparks backlash as country battles Delta variant - CNN,news,australia,10,0.5274999189898205
3082,Georgia: Scuffles break out in Parliament over cameraman's death - CNN,news,europe,2,0.37800387812623226
3083,English FA facing UEFA investigation over fan disorder at Euro 2020 final - CNN,sport,football,3,0.9752249066483498
3084,USADA wants fair cannabis rules as White House calls for meeting - CNN,sport,sport,5,0.28725373965084944
3085,Tokyo Olympics labeled 'best ever prepared' by IOC president as athletes continue to arrive for Games - CNN,sport,sport,9,0.6541664360622315
3086,Scientists are trying to control lightning with a giant laser - CNN,news,europe,10,0.48515597864317844
3087,Viktor Orbán wants a Chinese university in Hungary. Opponents see a chance to turn his nationalist rhetoric against him - CNN,news,europe,1,0.5240661474648661
3088,Jack Grealish: England star hits back at penalty criticism: 'I wanted to take one!' - CNN,sport,football,6,0.3270293035636791
3089,Euro 2020: England manager Gareth Southgate has shown the true value of leadership - CNN,sport,football,3,0.5776736335086077
3090,Euro 2020 final: Italy crowned champion after beating England on penalties - CNN,sport,football,3,0.4127833173042837
3091,Bucks vs. Suns: Giannis Antetokounmpo says 'I'm no Michael Jordan after dominant Game 3 performance to keep NBA Finals hopes alive - CNN,sport,sport,8,0.9752245849210259
3092,"Bukayo Saka, Jadon Sancho, Marcus Rashford: racist abuse after Euro 2020 final condemned by Gareth Southgate - CNN",sport,football,3,0.624208395139969
3093,Conor McGregor feeling 'tremendous' after surgery on broken leg - CNN,sport,sport,3,0.49831417627100894
3094,Euro 2020: Azzurri makes triumphant return to Italy - CNN,sport,football,3,0.7123738892205933
3095,Wimbledon Fast Facts - CNN,news,europe,2,0.5946969698397461
3096,How to watch Euro 2020 and everything you need to know about the European tournament - CNN,sport,football,10,0.4017046704298307
3097,Pope Francis delivers prayer from hospital window in his first public appearance after surgery - CNN,news,europe,10,0.4733050365598746
3098,Tokyo Olympics: Novak Djokovic is a 'little bit divided' on playing at Games - CNN,sport,tennis,4,0.46270273232000836
3099,"Copa America 2021 final: Argentina beats Brazil 1-0 
 - CNN",sport,football,0,0.3448134070081732
3100,This is the fight Europe has needed for years  - CNN,news,europe,10,0.9166650322678394
3101,Conor McGregor vs Dustin Poirier: Poirier wins by TKO after McGregor appears to suffer a broken leg or ankle - CNN,sport,sport,3,0.7589061558079029
3102,Euro 2020 final: 'Security breach' at Wembley Stadium as small group of people enters venue - CNN,sport,football,3,0.7235624720196663
3103,"Brexit, shifting demographics and familiar tensions stoke divisions in Northern Ireland - CNN",news,uk,5,0.929485638968376
3104,How to watch England vs Italy live - CNN,sport,football,10,0.4263681162345131
3105,Wimbledon final: Novak Djokovic wins record-equaling 20th grand slam title - CNN,sport,tennis,4,0.9704297723297388
3106,Boxer Chris Eubank's son Sebastian dies in Dubai - CNN,sport,sport,5,0.4625922919628738
3107,Lionel Messi faces old friend Neymar in last bid for Copa America glory with Argentina - CNN,sport,football,1,0.46652065653326513
3108,Ashleigh Barty becomes first Australian woman to win Wimbledon singles title in 41 years  - CNN,sport,tennis,0,0.5553803430436511
3109,Pope Francis gradually resuming work and walking after his surgery - CNN,news,europe,10,0.6369442852435753
3110,"Euro 2020: England fined over $35,000 for laser incident during semifinal win over Denmark - CNN",sport,football,0,0.31211618579185235
3111,Queen Elizabeth sends 'good wishes' to Gareth Southgate ahead of the Euro 2020 final - CNN,sport,football,3,0.6587941724967858
3112,Nick Kyrgios pulls out of Tokyo Olympics citing empty stadiums and injury - CNN,sport,sport,9,0.4738798121419276
3113,Novak Djokovic reaches Wimbledon final after beating Denis Shapovalov - CNN,sport,tennis,4,0.9601447141934457
3114,Matteo Berrettini beats Hubert Hurkacz to become first Italian man to reach a Wimbledon final - CNN,sport,tennis,4,0.8701181677519839
3115,Olympics memorabilia: Rare pair of track spikes handmade by Nike co-founder set to fetch up to $1.2 million at auction - CNN,sport,sport,0,0.5035254302932686
3116,Swedish plane crash kills eight skydivers and pilot - CNN,news,europe,1,0.7706598224190545
3117,"Spanish, Lithuanian leaders press conference interrupted by jet fighter scramble - CNN",news,europe,1,0.4946590820464182
3118,"NBA Finals: Suns overcome Giannis Antetokounmpo's 42, grab 2-0 lead - CNN",sport,sport,8,0.6297066953702752
3119,Prince William faces a test in Sunday's European football final  - CNN,news,uk,3,0.5908480132204751
3120,Norway Terror Attacks Fast Facts - CNN,news,europe,2,0.7883648676675546
3121,Sarah Everard: London officer pleads guilty to murder of marketing executive - CNN,news,europe,8,0.663800687754178
3122,Mark Cavendish: British cyclist equals Eddy Merckx's Tour de France record  - CNN,sport,sport,10,0.47774757114139543
3123,A hate-filled attack made a grandson of Holocaust survivors understand their experience a little more. But he decided to buck their advice  - CNN,news,europe,10,0.3009116416119064
3124,England reaches first major final since 1966 after win over Denmark in Euro 2020 - CNN,sport,football,4,0.4934389551495249
3125,Ukraine to give female soldiers 'more comfortable' heels after sexism controversy - CNN,news,europe,1,0.5155300014930918
3126,European Union urged to punish Hungary over law criticized as homophobic - CNN,news,europe,0,0.5488539531915061
3127,Tokyo venues for Olympics will have no spectators; Games will be held under a state of emergency  - CNN,sport,sport,9,0.9672612105333428
3128,Xavier Bettel: Luxembourg Prime Minister leaves hospital after Covid-19 treatment - CNN,news,europe,7,0.3922937141531575
3129,Georgia Oboh: Nigeria's first Ladies European Tour player - CNN,sport,golf,4,0.36421048070974865
3130,Naomi Osaka says the press conference format is in 'great need of a refresh' - CNN,sport,tennis,4,0.44737063711982106
3131,Ashleigh Barty reaches first Wimbledon final with emphatic victory over Angelique Kerber - CNN,sport,tennis,4,0.5304558047957518
3132,Roger Federer knocked out of Wimbledon by Hubert Hurkacz at quarterfinal stage - CNN,sport,tennis,4,0.9427080249843062
3133,NBA Finals: Chris Paul puts in historic performance as the Phoenix Suns beat the Milwaukee Bucks in Game 1 - CNN,sport,sport,11,0.43994868941236154
3134,"UK's Covid lockdown is lifting, but many are scared to go back to normal life - CNN",news,europe,10,0.49015772893618953
3135,Naomi Osaka: Netflix launches trailer for new documentary series on tennis superstar - CNN,sport,tennis,4,0.5037587400247941
3136,Coldstream Guards play 'Three Lions' on Prince Charles' lawn ahead of England vs Denmark game - CNN,sport,football,3,0.48990855575973224
3137,Italy wins dramatic penalty shootout against Spain to reach Euro 2020 final - CNN,sport,football,4,0.7727654879276518
3138,Samuel Luiz: Spanish police arrest three over suspected homophobic killing - CNN,news,europe,8,0.5354260840876061
3139,Copa América: Argentina defeats Colombia on penalties to reach final - CNN,sport,football,0,0.5189392507943695
3140,Peter R. de Vries: Dutch crime reporter fighting for his life after shooting - CNN,news,europe,8,0.9660486535575123
3141,"Sha'Carri Richardson left off US Olympic track team though her suspension ends before relay event,  - CNN",sport,sport,9,0.404901890307614
3142,An American lawyer went on a lunch date in Moscow. Now he's languishing in a jail cell in Belarus   - CNN,news,europe,5,0.9601438660816135
3143,Ukrainian army's decision to make female soldiers march in high heels sparks backlash - CNN,news,europe,1,0.5451379152443645
3144,Emma Raducanu vows to 'come back stronger' after dream run at Wimbledon ends - CNN,sport,tennis,10,0.508527642146251
3145,Methamphetamine in waterways may be turning trout into addicts - CNN,news,europe,2,0.42903685276826675
3146,Austrian man bitten by python while sitting on the toilet - CNN,news,europe,11,0.9083261097665171
3147,NBA Finals 2021: How to watch as the Phoenix Suns and Milwaukee Bucks face off - CNN,sport,sport,8,0.6856531289780333
3148,"Spain says non-consensual sex is rape, toughens sexual violence laws
 - CNN",news,europe,10,0.6587722151034041
3149,Gail Devers: Three-time Olympic gold medalist on how Graves' disease 'made me who I am' - CNN,sport,sport,9,0.630133962824076
3150,Jessica Springsteen set to make Olympic debut with US equestrian jumping team - CNN,sport,sport,9,0.4504643494121802
3151,2021 Australian F1 Grand Prix and MotoGP race canceled - CNN,sport,motorsport,5,0.504092201699047
3152,"Copa América: 'I want Argentina,' says Neymar, as Brazil goes through to 2021 final - CNN",sport,football,0,0.7165991706754621
3153,Russian plane crashes with 28 passengers onboard - CNN,news,europe,5,0.5316154668397425
3154,Ashleigh Barty powers into Wimbledon semifinals with ease - CNN,sport,tennis,4,0.4405440026554044
3155,"Matiss Kivlenieks, NHL goaltender, dead at 24 from fireworks accident at coach's house - CNN",sport,sport,11,0.33768127851940716
3156,Xavier Bettel: Luxembourg prime minister in 'serious but stable' condition in hospital with Covid-19 - CNN,news,europe,1,0.36441864422959175
3157,Jewish man abused twice in one evening on London public transportation - CNN,news,uk,8,0.5633446582748596
3158,"Terry Donahue, former UCLA football coach, dies at 77 - CNN",sport,sport,11,0.9563487006573198
3159,Boris Johnson sets out plan to scrap England's lockdown in big Covid-19 gamble - CNN,news,uk,10,0.5313606004737815
3160,Euro 2020: Staging semis and final in London is 'recipe for disaster.' Is football -- and Covid-19 spike -- coming home? - CNN,sport,football,3,0.4470487857103313
3161,Medecins Sans Frontieres says Mediterranean rescue mission blocked after ship seizure in Italy - CNN,news,europe,1,0.9647427032136041
3162,LGBTQ campaigner 'happy to be alive' after attack on Pride march offices in Georgia - CNN,news,europe,11,0.40631341959045586
3163,"Kate, Duchess of Cambridge, forced to self-isolate after Covid-19 contact - CNN",news,uk,7,0.5505730135027131
3164,Israel Folau makes shock rugby union return after signing for Japanese side Shining Arcs - CNN,sport,sport,10,0.44113355297729356
3165,"Neanderthals engraved a deer bone more than 50,000 years ago - CNN",news,europe,11,0.3312406852240571
3166,"NBA: Bucks head to finals, Phoenix after slamming Hawks - CNN",sport,sport,8,0.9694439923834028
3167,Pope Francis has surgery for colon diverticulitis - CNN,news,europe,10,0.5749205373244267
3168,Laurel Hubbard's Olympic dream has sparked an existential debate about what it means to be female - CNN,sport,sport,7,0.40459810422401066
3169,Austrian Grand Prix: Max Verstappen cruises to third successive GP victory - CNN,sport,motorsport,5,0.758987498612774
3170,Cyprus wildfires leave at least four dead in 'unprecedented tragedy' - CNN,news,europe,1,0.734567384199962
3171,Sha'Carri Richardson promises on Twitter to be world champion... next year. - CNN,sport,sport,5,0.7544500943197902
3172,"Face masks will be a 'personal choice' in England, says UK minister - CNN",news,uk,1,0.41710590489519506
3173,Prince Charles reveals songs which give him 'an irresistible urge to get up and dance' - CNN,news,uk,8,0.6682963720527128
3174,Tokyo 2020: Two Namibian Olympic medal contenders ruled ineligible for women's 400m due to naturally high testosterone levels - CNN,sport,sport,9,0.6956519959259418
3175,England powers past Ukraine to reach semifinals of Euros for first time in 25 years - CNN,sport,football,10,0.5661929937200383
3176,"Vatican indicts 10 people, including a cardinal, over an international financial scandal - CNN",news,europe,7,0.35147927688083774
3177,Emma Raducanu: 18-year-old Briton's remarkable run at Wimbledon gathers pace - CNN,sport,tennis,10,0.6946836081220905
3178,Lewis Hamilton extends Mercedes contract to 2023 - CNN,sport,motorsport,5,0.7967689204360734
3179,Australian state officials report biggest daily Covid-19 caseload this year - CNN,news,australia,10,0.974536749905312
3180,Harry and William are working together again - CNN,news,uk,7,0.8690464840803703
3181,Euro 2020: Spain beats Switzerland in nail-biting penalty shootout to reach semifinals  - CNN,sport,football,4,0.9633329546835433
3182,Italy knocks out Belgium in Euro 2020 thriller to advance to semifinals - CNN,sport,football,4,0.5854711800936764
3183,Neutral Switzerland plans to buy dozen of US F-35 fighter jets - CNN,news,europe,1,0.9541660501145374
3184,Sha'Carri Richardson suspended from US Olympic team after testing positive for marijuana - CNN,sport,sport,6,0.6990365392252685
3185,UK residents' tickets cancelled for Ukraine v England match at Italy's request  - CNN,sport,football,3,0.5529025988651699
3186,"Gwen Berry: Asked about protesting if she reaches Olympic podium, athlete says, 'We'll see' - CNN",sport,sport,9,0.39002509565272153
3187,Karsten Warholm: Norwegian breaks men's 400m hurdles world record - CNN,sport,sport,11,0.8954268273044802
3189,US adds Turkey to list of countries implicated in use of child soldiers - CNN,news,europe,10,0.5795398380068225
3191,Abhimanyu Mishra: 12-year-old becomes youngest grandmaster in chess history - CNN,sport,sport,6,0.7081664004855865
3192,EU plans to end caged animal farming  - CNN,news,europe,0,0.5709620070538528
3193,Euro 2020: Belgium vs. Italy headlines enthralling quarterfinals - CNN,sport,football,4,0.36448112761366613
3194,"Olivia Moultrie, 15, makes history by signing with NWSL's Portland Thorns - CNN",sport,football,0,0.5528302482121331
3195,Eastern Europe was once a world leader on gay rights. Then it ran out of scapegoats - CNN,news,europe,11,0.631175441295551
3196,July 21 2005 London Bombings Fast Facts - CNN,news,europe,2,0.8099317546256564
3197,Chris Paul inspires Phoenix Suns to first NBA Finals since 1993  - CNN,sport,sport,11,0.6553237542518405
3198,Cat attacks: Man found guilty of stabbing 16 pets - CNN,news,uk,8,0.7484916225002598
3199,Turkey formally quits treaty to prevent violence against women - CNN,news,europe,7,0.9618043004146745
3200,Semenya's Tokyo bid ends as qualifying deadline passes - CNN,sport,sport,9,0.9098982592518581
3201,US veterans launch dig for missing World War II airmen in England - CNN,news,europe,5,0.46428316494183985
3202,"Paralympics: David Brown, world's fastest blind athlete, says 'possibilities are endless on how fast we can go' - CNN",sport,sport,8,0.5137207905405546
3203,"Transfer deadline day: Spending on international transfers nearly tripled in 10 years, FIFA says - CNN",sport,football,5,0.3221769784702686
3204,"Paralympian says he had to be pulled through White House kitchen lift because ""they didn't have an elevator"" - CNN",sport,sport,7,0.6232980733779929
3205,PTPA: Players' association co-founded by Novak Djokovic has momentum but still divides opinion - CNN,sport,tennis,4,0.46657261103412584
3206,Houses of Parliament (Great Britain) Fast Facts - CNN,news,europe,2,0.9541655662055737
3207,"Lionel Messi makes Paris Saint-Germain debut, but Kylian Mbappé is the star of the show - CNN",sport,football,4,0.4084890721121061
3208,"Brad Snyder: Paralympic gold medalist, who was blinded in Afghanistan, questions US' 'war on terror' - CNN",sport,sport,9,0.4222827643807721
3209,Avani Lekhara becomes first Indian woman to win Paralympic gold - CNN,sport,sport,9,0.964742710940423
3210,BMW Championship: Patrick Cantlay shows nerves of steel to win on sixth sudden-death hole - CNN,sport,golf,4,0.4934133265368287
3211,Belgian Grand Prix: Max Verstappen wins rainswept 'farce' - CNN,sport,motorsport,5,0.954166337631573
3212,Manchester City smashes Arsenal 5-0 as Gunners drop to bottom of Premier League - CNN,sport,football,0,0.838647528567497
3213,"Jacques Rogge, former IOC president, dies at 79 - CNN",sport,sport,9,0.5725347990246883
3214,"Meet Anastasia Pagonis, the 17-year-old swimmer who won gold at the Paralympics - CNN",sport,sport,9,0.9618043458158091
3215,Europe's disunity and lack of trust imperil the continent's future  - CNN,news,europe,10,0.54694337617634
3216,Andy Murray: Tennis star says players 'have a responsibility' to get the vaccine  - CNN,sport,tennis,4,0.510286241207157
3217,"How to watch Jake Paul vs Tyron Woodley: Time, odds and things to know - CNN",sport,sport,8,0.5567739927311958
3218,NBA Covid-19 vaccinations: Mandatory for referees and others who work with players - CNN,sport,sport,10,0.632712463737218
3219,Haley Carter: How a 'ragtag group' helped evacuate the Afghanistan national women's football team from the country - CNN,sport,sport,6,0.6254324364231466
3220,Naomi Osaka says there's things she 'did wrong' during her 2021 French Open exit - CNN,sport,tennis,4,0.9397832735296625
3221,"Greece: Freighter sinks after hitting Greek islets, all 16 crew rescued - CNN",news,europe,1,0.5393846330774856
3222,Meet the 16-year-old supplying Premier League stars with rare sneakers - CNN,sport,football,0,0.6094533741391855
3223,"Two Afghan athletes arrive from Kabul to Tokyo, International Paralympic Committee confirms - CNN",sport,sport,9,0.6519805940821066
3224,Tatyana McFadden: 17-time Paralympic medalist happy to be back after 'scariest moment of career'  - CNN,sport,sport,9,0.6023278379503496
3225,Overcoming tragedy to become Kenya's first female rower at the Tokyo Paralympics - CNN,sport,sport,9,0.7181700126900062
3226,"Juventus: Cristiano Ronaldo wants to leave, says manager Massimiliano Allegri - CNN",sport,football,5,0.852271853516029
3227,"BMW Championship: Rory McIlroy, Jon Rahm and Sam Burns share three-way lead at 'brutal' BMW Championship - CNN",sport,golf,4,0.4902026601337991
3228,Benjamin Mendy: Manchester City defender remanded in custody for two weeks - CNN,sport,football,0,0.39990519192837964
3229,"Abbas Karimi fled Afghanistan at age 16, now he's representing the Refugee Paralympic Team at Tokyo 2020 - CNN",sport,sport,9,0.7981980615329539
3230,Cristiano Ronaldo set for Manchester United return after agreement reached  - CNN,sport,football,5,0.623547292411289
3231,Man arrested after food injected with needles at supermarkets - CNN,news,europe,11,0.6102025540626946
3232,Champions League draw: Paris Saint-Germain pitted against Manchester City in groups - CNN,sport,football,4,0.5772956094397651
3233,Both Serena Williams and Venus Williams will miss the US Open - CNN,sport,tennis,4,0.5190288397931518
3234,Dmitry Medvedev Fast Facts - CNN,news,europe,2,0.7041669027269896
3235,Benjamin Mendy: Manchester City defender charged with four counts of rape and one count of sexual assault - CNN,sport,football,10,0.4380102413844272
3236,Pep Guardiola says he plans to leave Manchester City in 2023 as Harry Kane says he's staying at Spurs - CNN,sport,football,0,0.5162741640415379
3237,"Beatrice de Lavalette lost her legs in a terror attack. Now, she's competing in the Paralympics  - CNN",sport,sport,8,0.70671294300653
3238,Sarah Storey wins 15th Paralympic gold medal in Tokyo  - CNN,sport,sport,9,0.7160450078973538
3239,Australia reports record Covid-19 cases as Sydney hospitals set up emergency tents - CNN,news,australia,10,0.8601982160424899
3240,"Eliud Kipchoge: Can't move forward without embracing technology, says Olympic champion - CNN",sport,sport,9,0.7131538874740253
3241,FIFA and other football bodies awarded more than $200M following corruption investigation  - CNN,sport,football,2,0.4634916746532387
3242,Tokyo Paralympics: Australia's Paige Greco wins first gold as Japan battles Covid increase - CNN,sport,sport,9,0.6407038131544817
3243,Premier League clubs will not release players for international games in UK's red-list countries - CNN,sport,football,0,0.852848184064633
3244,The US Open will offer mental health services to athletes this year - CNN,sport,sport,10,0.4629175504112404
3245,2020 was Europe's hottest year on record - CNN,news,europe,11,0.8671913398851689
3246,"Real Madrid submit $188 million bid for PSG star Kylian Mbappé, according to reports - CNN",sport,football,6,0.6163786554519045
3247,Attempted murder probe after seven poisoned at university - CNN,news,europe,8,0.6457778954633355
3249,South Korea: Paralympic basketball team inspired by coach who died of cancer - CNN,sport,sport,11,0.7370833657931164
3250,"U.S. Open to offer record overall purse, winners' payout down - CNN",sport,tennis,4,0.47984117154267314
3251,Frisky venomous sea snakes are confusing divers for their mates - CNN,news,australia,2,0.36984690960824584
3252,What is RPC? Here's what to know about Russia and the Paralympics - CNN,sport,sport,9,0.5573390734482873
3253,Ramstein nurse recalls delivering baby on Afghanistan evacuation aircraft - CNN,news,europe,6,0.42272407934538364
3254,"Jimmy Hayes: Former NHL player dies aged 31, months after the birth of his son
 - CNN",sport,sport,11,0.5078132227580298
3255,"Germany floods were up to 9 times more likely because of climate change, study estimates - CNN",news,europe,10,0.47367682494088403
3256,How does the Paralympic classification system work? - CNN,sport,sport,9,0.7084049624693368
3257,"Tony Finau wins Northern Trust, his first victory in 1,975 days - CNN",sport,golf,5,0.7961291225037755
3258,The Tokyo Paralympics may see a record-high number of LGBTQ athletes - CNN,sport,sport,9,0.6569447118448983
3259,Paralympics 2020: Afghanistan flag to feature in opening ceremony as a show of 'solidarity'  - CNN,sport,sport,9,0.3501451308599281
3260,Paralympic Games officially begin with vibrant Opening Ceremony - CNN,sport,sport,9,0.4926574302128522
3261,US veteran reunited with Italian siblings he almost shot in World War II - CNN,news,europe,5,0.6468655737308106
3262,Northern Trust could run into Tuesday to ensure 72 holes played after delay from Tropical Storm Henri - CNN,sport,golf,10,0.47331922589074865
3263,Diederick Schelfhout: Paralympian on fighting for his career after a life-changing motorcycle accident - CNN,sport,sport,8,0.4003102525393562
3264,Australian Prime Minister hints at end to 'Covid zero' - CNN,news,australia,1,0.6365844990523073
3265,New Zealand Football reviews 'All Whites' nickname as part of cultural inclusivity project  - CNN,sport,football,3,0.7458794494458729
3266,Nice vs. Marseille: French top-flight league match abandoned after fans invade pitch and clash with players - CNN,sport,football,0,0.7552179611442712
3267,Covid protests: Australia suffers its worst day of pandemic amid raging Delta variant outbreak - CNN,news,australia,10,0.8016343323160918
3268,Becca Meyers: US Paralympian swimmer heartbroken after pulling out of Tokyo Games because her mom can't be there as care assistant - CNN,sport,sport,9,0.9781739090436231
3269,Elaine Thompson-Herah: Olympic champion runs second fastest women's 100m of all time - CNN,sport,sport,9,0.5482114766545209
3270,"Rod Gilbert, also known as 'Mr. Ranger,' has died - CNN",sport,sport,11,0.9460775431517914
3271,Pele brings sporting stars together for charity auction - CNN,sport,football,1,0.6072100770205238
3272,Anna Nordqvist holds her nerve to win Women's Open - CNN,sport,golf,4,0.6986971812763115
3273,Miguel Cabrera: Detroit Tigers first baseman becomes the 28th player to join the 500 home run club - CNN,sport,sport,6,0.37857851190366015
3274,Hideki Matsuyama: Ball hit by 2021 Masters champion lands in spectator's shirt - CNN,sport,golf,4,0.2881980580247622
3275,Afghanistan's first female Olympian says women will not give up their liberties easily - CNN,sport,sport,9,0.510367796679616
3276,"Greece finishes wall on border with Turkey, amid fears of Afghan migrant crisis - CNN",news,europe,1,0.4383503089347237
3277,"Cristiano Ronaldo has 'told me that he's staying,' says Juventus coach Massimiliano Allegri - CNN",sport,football,5,0.7934172561230264
3278,"Harvey Elliott: 'Everybody wants to talk' about the 18-year-old midfielder, says Liverpool manager Jurgen Klopp - CNN",sport,football,0,0.8864429060531319
3279,Euro 2020 final at Wembley was a 'superspreader' event - CNN,sport,football,3,0.6511549963805122
3280,All Blacks cancel fixtures against Australia and South Africa due to Covid-19 travel restrictions - CNN,sport,sport,3,0.4128601260503474
3281,Beslan School Siege Fast Facts - CNN,news,europe,2,0.9490734630562478
3282,Naomi Osaka exits Western & Southern Open but says she can 'sleep at night' - CNN,sport,tennis,4,0.6621255042781032
3283, As Joe Biden walks America away from the world stage Europe is left exposed - CNN,news,europe,7,0.4452769295396832
3284,Stefanos Tsitsipas: Greek government pushes back on tennis star's vaccine comments - CNN,sport,tennis,4,0.5379395973224371
3285,"Rafael Nadal pulls out of US Open with foot injury, will miss remainder of 2021 - CNN",sport,tennis,4,0.88619138298866
3286,Analysis: Princess Beatrice is refreshingly honest about her learning difficulty. Here's why it matters - CNN,news,uk,7,0.6655240272189112
3287,Khalida Popal: Former Afghanistan football captain speaks out on her country's fall to the Taliban - CNN,sport,football,6,0.9388867326839594
3288,"Success of Suni Lee, Jay Litherland and Justine Wong-Orantes at Tokyo 2020 reflects long, hard fight for Asian-American athletes - CNN",sport,sport,9,0.9166622292402492
3289,Patrick Flanagan: Paralympic athlete 'gutted' after wheelchair was 'broken' on the way to Tokyo - CNN,sport,sport,9,0.9032415237826426
3290,"Zaki Anwari: Afghan youth national footballer was one of the victims that fell from US military aircraft, says Afghan Sports Director  - CNN",sport,football,6,0.9011035963417482
3291,Naomi Osaka reflects on her tennis career after 'seeing the state of the world' - CNN,sport,tennis,4,0.5466913379776365
3292,Maria Andrejczyk: Polish javelin thrower auctions Tokyo 2020 silver medal to help 8-month-old get heart surgery - CNN,sport,sport,9,0.5253315120650265
3293,Cristiano Ronaldo says he 'can't allow people to keep playing around with my name' - CNN,sport,football,5,0.7668518675970724
3294,"Paralympics: Afghan turmoil shattering dream of trapped athletes is 'heartbreaking,' says IPC chief - CNN",sport,sport,9,0.5764119161308434
3295,The art of caddying: What makes a good golfing companion? - CNN,sport,golf,4,0.7703504764784538
3296,Japanese GP: 2021 edition canceled amid ongoing coronavirus crisis - CNN,sport,motorsport,9,0.3401065689096423
3297,Dominic Thiem: Defending champion to miss US Open and rest of 2021 season due to wrist injury - CNN,sport,tennis,4,0.960144211027188
3298,Las Vegas Raiders will require fans to provide proof of Covid-19 vaccination at home games - CNN,sport,sport,6,0.7208827816736374
3299,Naomi Osaka: Tennis player pauses press conference in tears after exchange with reporter - CNN,sport,tennis,4,0.5926652160542935
3300,Tim Tebow released by Jacksonville Jaguars after brief experiment at tight end - CNN,sport,sport,0,0.6491571013583296
3301,"Son Heung-Min: No Harry Kane, no problem as Tottenham Hotspur stuns Manchester City in Premier League - CNN",sport,football,0,0.9776417837197255
3302,Stefanos Tsitsipas refuses to take vaccine unless it becomes mandatory on tour - CNN,sport,tennis,4,0.5093778472071203
3303,Tokyo Paralympics to have no spectators as Covid-19  - CNN,sport,sport,9,0.7605727816780687
3304,Carli Lloyd: United States Women's National Team great to retire from football - CNN,sport,football,0,0.9683901318531719
3305,Roger Federer will miss US Open after announcing knee surgery - CNN,sport,tennis,4,0.9683899933994479
3306,Connor Fields says he suffered brain shearing and bleeding after BMX crash - CNN,sport,sport,9,0.44794133771211675
3307,Turkey floods: Death toll rises to 58 - CNN,news,europe,3,0.8232968513149967
3308,Barcelona starts life without Lionel Messi with a thrilling win  - CNN,sport,football,4,0.38481159092308403
3309,Coronavirus has created the perfect conditions for a full-scale war on truth  - CNN,news,europe,10,0.5799213880193073
3310,Toutai Kefu: Former Australian rugby player and family attacked in Brisbane home - CNN,sport,sport,10,0.4058635609447289
3311,Muhammad Ali's grandson marks professional boxing debut with a win - CNN,sport,sport,8,0.6818524090406003
3312,Tyler Gilbert: Arizona Diamondbacks pitcher throws a no-hitter in his first career big league start - CNN,sport,sport,0,0.4806497029294574
3313,Naomi Osaka to donate prize money to Haitian earthquake relief efforts - CNN,sport,tennis,10,0.35943225225291997
3314,"Gerd Müller: Legendary Bayern Munich striker mourned after death, aged 75 - CNN",sport,football,8,0.44237384273426655
3315,Homophobic chanting mars Liverpool's win against Norwich City in Premier League - CNN,sport,football,0,0.9694433430606029
3316,Plymouth shooter was a misogynist whose remarks echoed the 'incel' ideology  - CNN,news,uk,7,0.6136379385270695
3317,"Sarah Rainsford, the BBC's Moscow correspondent, says Russia told her to never return - CNN",news,europe,5,0.5305647070221509
3318,Australia coronavirus: More military personnel deployed to Sydney as entire state locks down - CNN,news,australia,10,0.973809195663856
3319,Manchester United signs Raphaël Varane; thumps Leeds United as Bruno Fernandes scores hat-trick - CNN,sport,football,0,0.9502505036768508
3320,Rwanda President Paul Kagame says 'we must not excuse or accept mediocrity' after Arsenal beaten by Brentford - CNN,sport,football,0,0.7459315827671062
3321,"Russian plane fighting wildfires crashes in Turkey, killing all 8 crew members on board - CNN",news,europe,5,0.4211485506584773
3322,"Belarus floods the European Union with migrants, taking a page out of Putin's playbook - CNN",news,europe,1,0.9633313139338516
3323,"Plymouth shooting: Attacker identified after five killed in rare mass shooting in England
 - CNN",news,uk,3,0.5342487507566973
3324,Premier League: $138m Jack Grealish transfer shows it's business as usual for top-flight elite - CNN,sport,football,0,0.9770829704767895
3325,Olympics to replace Japanese athlete's gold medal after mayor bites into it - CNN,sport,sport,9,0.8055564632240673
3326,The civil suit against Prince Andrew has wider implications for the royal family - CNN,news,uk,7,0.48894288480759457
3327,Chijindu Ujah: Olympic silver medalist provisionally suspended for doping violation - CNN,sport,sport,9,0.5865870784306656
3328,Romelu Lukaku: Chelsea re-signs Belgium star in reported club-record deal - CNN,sport,football,0,0.7842057989844439
3329,"Alphonso Davies: Bayern star talks NFTs, TikTok, early success and the future  - CNN",sport,football,11,0.4962270122784095
3330,Australian Olympians forced to undergo 'double quarantine' of almost a month on return home - CNN,sport,sport,9,0.3080593669453724
3331,Brentford FC: Ditching Manchester United to support my local team. Now they're in the Premier League - CNN,sport,football,0,0.6586421874812847
3332,Hansle Parchment thanks volunteer who helped him reach semifinal - CNN,sport,sport,10,0.3627303502739361
3333,Sicily heat wave: Italy may have hit Europe's hottest day on record - CNN,news,europe,11,0.6677128258198244
3334,UEFA Super Cup: Chelsea defeat Villarreal  - CNN,sport,football,0,0.7248132588632691
3335,These African athletes made history at Tokyo 2020 - CNN,sport,sport,9,0.6557742610999854
3336,Alexander Lukashenko - CNN,news,europe,2,0.4612780430629642
3337,Millionaire Russian politician shoots man he says he mistook for bear - CNN,news,europe,2,0.6568361758773955
3338,JR Smith: Two-time NBA champion heads to college with eyes set on playing golf - CNN,sport,golf,11,0.3905073921916133
3339,Lionel Messi tells CNN he believes PSG is the best place for him to win UCL again - CNN,sport,football,1,0.4957054996948414
3340,"Russia helicopter crash: Eight feared dead in Kamchatka peninsula
 - CNN",news,europe,1,0.5730427543214792
3341,Who is Prince Andrew? The 'spare heir' facing a sexual abuse lawsuit - CNN,news,uk,7,0.5571187726880507
3342,Barbie condemned after releasing 'inclusive' Tokyo Olympics collection without visible Asian representation  - CNN,sport,sport,7,0.5380401212402421
3343,Facebook removes Russian network that targeted influencers to peddle anti-vax messages - CNN,news,europe,7,0.3422820442252013
3344,Lionel Messi says PSG move is a 'possibility' as he bids tearful farewell to Barcelona - CNN,sport,football,1,0.6737441294987754
3345,German nurse accused of swapping Covid-19 vaccines with saline solution - CNN,news,europe,10,0.5697929531047972
3346,Germany arrests British embassy worker accused of spying for Russia - CNN,news,europe,8,0.5939645732977687
3347,Neeraj Chopra's javelin victory delivers India its first Olympic gold medal in track and field - CNN,sport,sport,9,0.5894915888349974
3348,Greece wildfires: Country faces 'disaster of unprecedented proportions'  - CNN,news,europe,1,0.4457976835938039
3349,Lionel Messi signs two-year contract with Paris Saint-Germain - CNN,sport,football,1,0.5591594778290339
3350,Baby dies in Australia after magpie swooping attack - CNN,news,australia,10,0.6782743514518541
3351,India just had its best ever Olympics. Many hope its success will usher in a new era of Indian sport  - CNN,sport,sport,9,0.6108666962424378
3352,QB Lamar Jackson noncommittal about Covid-19 vaccine after contracting virus twice - CNN,sport,sport,8,0.5572257761018604
3353,Australia expands Covid-19 lockdown as Sydney records its highest daily case count - CNN,news,australia,10,0.9704292874109391
3354,Australia's Parliament House graffitied after release of IPCC climate change report - CNN,news,australia,1,0.41942319885862356
3355,Team USA wins gold in men's basketball for the fourth Olympics in a row - CNN,sport,sport,9,0.8172483106197042
3356,Olivia Podmore: Former New Zealand Olympic cyclist dies aged 24 - CNN,sport,sport,3,0.3660604180053075
3357,Team USA tops Olympic medal table as closing ceremony wraps Tokyo 2020  - CNN,sport,sport,9,0.711418975693222
3358,Kim Si Woo finds water five times on one hole to set unwanted landmark PGA Tour score - CNN,sport,golf,11,0.7014663816196269
3359,Australian soldier injured after crocodile attack in Queensland - CNN,news,australia,10,0.40927933885360174
3360,Colorado Rockies backtrack and say fan did not yell racial slurs at Sunday's game - CNN,sport,sport,3,0.9517530789259454
3361,Paris 2024: French capital takes up the Olympic baton - CNN,sport,sport,2,0.39752121156108355
3362,"Collin Morikawa: Fresh off second major victory at the Open, US golfer relishing chance to represent Team USA at Tokyo 2020 - CNN",sport,golf,9,0.4399591582659472
3363,Ana Carrasco broke her back after a 'stupid' crash. Eight months later she raced to victory - CNN,sport,motorsport,5,0.9166634633308204
3364,Anders Mol and Christian Sørum: World No. 1 men's beach volleyball duo on rising through the ranks ahead of Tokyo 2020 - CNN,sport,sport,6,0.3801938224381248
3365,"Belarus president Alexander Lukashenko denies repression, accuses US of 'lawlessness' - CNN",news,europe,5,0.6980210017573816
3366,"Eliud Kipchoge is the 'greatest of all time ... in any sport,' says leading performance coach  - CNN",sport,sport,9,0.3750118541736441
3367,Bobby Bowden: Legendary Florida State University football coach dies at 91 - CNN,sport,sport,11,0.9148306613827185
3368,Enrico Letta Fast Facts - CNN,news,europe,2,0.6990160839099078
3369,NBA Wizards-Pacers Summer League game postponed due to Covid-19 health and safety protocols - CNN,sport,sport,6,0.6803824922079501
3370,Athletes enter 'Faustian bargain' over track and shoe tech developments - CNN,sport,sport,9,0.37364164846967024
3371,What's next for gymnastics great Simone Biles? - CNN,sport,sport,1,0.4785008250384783
3372,Kim Raisner: Germany's modern pentathlon coach disqualified from Olympics for hitting horse - CNN,sport,sport,0,0.38692630353130897
3373,"'Trainspotting' turned a spotlight on Scotland's heroin problem. 25 years on, it's Europe's drug death capital - CNN",news,europe,2,0.2854481686774234
3374,Allyson Felix becomes most decorated US track and field athlete in Olympics history - CNN,sport,sport,8,0.6314218295602185
3375,Ponytails and smiles: Pervasive language keeps sexism in Olympic sport at play - CNN,sport,sport,0,0.508130748139022
3376,Snickers pulls Spanish advert after homophobia accusations - CNN,news,europe,0,0.296052851004021
3377,Blaze sweeps through Athens suburbs in fifth day of Greece wildfires - CNN,news,europe,1,0.38876191687511125
3378,"Jessica Springsteen, Bruce Springsteen's daughter, wins silver medal in equestrian team jumping final - CNN",sport,sport,9,0.5532995656005846
3379,Sky Brown: 13-year-old bronze medalist on empowering a new generation of skateboarders - CNN,sport,sport,3,0.524332334095553
3380,Boris Johnson continued Scotland trip despite official testing positive for Covid-19  - CNN,news,uk,6,0.41335796209001563
3381,"Valentino Rossi calls time on MotoGP, looks to cars - CNN",sport,sport,5,0.5752253507062165
3382,Juventus apologize for racist post shared on their women's team Twitter feed - CNN,sport,football,7,0.36273718157992724
3383,Jamaica sprinters: 'I think we represent the hope of so many girls from the country' - CNN,sport,sport,9,0.5991550337387724
3384,Janja Garnbret becomes first woman to win a climbing gold medal at the Olympics - CNN,sport,sport,9,0.8346116225547064
3385,Kristina Timanovskaya: Two Belarus coaches stripped of accreditation by IOC and removed from Olympic Village  - CNN,sport,sport,3,0.6723615989157834
3386,Inside Harry and Meghan's Montecito mansion - CNN,news,uk,7,0.9083309604143233
3387,"Olympic weather: Heat, humidity then another tropical storm to end the Games  - CNN",sport,sport,9,0.9460775199727007
3388,Why Olympics divers shower between dives and use tiny towels - CNN,sport,sport,9,0.5373243215447118
3389,Quinn: First out trans Olympian isn't just thinking about medals at Tokyo 2020  - CNN,sport,sport,9,0.9541659158280708
3390,Belarusian dissidents fear the regime will put them into detention camps. It may have already built one - CNN,news,europe,11,0.5551032910229002
3391,"Lionel Messi: 'Barcelona is above everything, even the best player in the world,' says club president - CNN",sport,football,1,0.4742540812601642
3392,Australia Covid-19: Sydney suffers 5 deaths and record cases as lockdowns extended  - CNN,news,australia,10,0.934685483603846
3393,"Carl Lewis: US men's 4x100m relay fail is a 'total embarrassment,' says US sprint great - CNN",sport,sport,5,0.42582823169445005
3394,Simone Biles thanks Japanese gym where she secretly trained to regain her Olympic form - CNN,sport,sport,9,0.47534472238980774
3395,Lionel Messi: Barcelona says Argentine star is leaving the club - CNN,sport,football,1,0.5779537069069324
3396,Alberto Ginés wins first Olympic climbing gold in Tokyo  - CNN,sport,sport,9,0.968390314890362
3397,The youngest and oldest Olympic athletes ever -- and at Tokyo 2020 - CNN,sport,sport,9,0.714463808991788
3398,"Australia to establish $280 mln reparations fund for 'Stolen Generation'
Australia to establish $280 million reparations fund for 'Stolen Generation' - CNN",news,australia,10,0.4723111910361046
3399,Jack Grealish:  Manchester City signs England star from Aston Villa - CNN,sport,football,0,0.7627384880581841
3400,British police arrest 11 people for online racist abuse following Euro 2020 final - CNN,sport,football,7,0.3564740207804027
3401,Meet the 'seed detective' on a mission to save our rarest vegetables  - CNN,news,europe,2,0.5048613455484126
3402,Simone Biles reveals her aunt unexpectedly died during the Olympics - CNN,sport,sport,1,0.6157399997675844
3403,Mick Jagger Fast Facts - CNN,news,europe,2,0.9460783657971146
3404,Skateboarding in the Olympics: Why some are welcoming the sport's inclusion - CNN,sport,sport,9,0.9427068613114259
3405,"Meghan, Duchess of Sussex Fast Facts  - CNN",news,europe,7,0.5506329180524393
3406,Australian Olympians showed 'unacceptable' behavior on flight home - CNN,sport,sport,1,0.550834836534466
3407,"Kristina Timanovskaya, Belarusian sprinter, on a life-changing week - CNN",news,europe,9,0.3904342264743042
3408,Damian Warner: Three-time Olympian says Tokyo 2020 is the 'hottest' Games' he's competed in - CNN,sport,sport,9,0.6004513686016117
3409,"US Olympic fencer and bronze medalist wears X-symbol on hand on Olympic podium as a demonstration 
 - CNN",sport,sport,8,0.5400246072821357
3410,"Czech train crash: Three people dead, eight seriously injured - CNN",news,europe,1,0.6499975897186608
3411,Chen Qingchen: Chinese badminton player's cursing at Tokyo Olympics riles South Koreans - CNN,sport,sport,9,0.2853044204168305
3412,Greece and Turkey battle heat wave and fires in Europe's summer of extreme weather - CNN,news,europe,10,0.7114959645101703
3413,Olympics medal count: Here's who took home gold today - CNN,sport,sport,9,0.9237354515101858
3414,Olympic sprinter Kristina Timanovskaya lands in Warsaw after refusing to fly back to Belarus - CNN,sport,sport,3,0.6497858696127098
3415,Eriksen reunited with Inter team-mates as he begins road to recovery - CNN,sport,football,2,0.7175114352310197
3416,Raven Saunders: IOC suspends its action on podium protest after her mother's death - CNN,sport,sport,9,0.40516824851964983
3417,"Danish cyclist crashes into GB rider during team pursuit 
 - CNN",sport,sport,9,0.48778369968990815
3418,Raven Saunders' X podium protest: What it means and why the IOC is investigating - CNN,sport,sport,9,0.5114567020510966
3419,How misogynoir is oppressing Black women athletes - CNN,sport,sport,9,0.28528952403880314
3420,Jade Carey: Gold medal winner says Simone Biles told her to go and 'kill floor' - CNN,sport,sport,9,0.5316994142198948
3421,Olympics medal count: Here's who took home gold today - CNN,sport,sport,9,0.9237354515101858
3422,Karsten Warholm wins 'best race in Olympic history' as he breaks 400m hurdles world record - CNN,sport,sport,11,0.5734211898533091
3423,Simone Biles claims balance beam bronze as China's Guan Chenchen wins gold  - CNN,sport,sport,9,0.462510064728434
3424,Kristina Timanovskaya: Poland grants Belarusian Olympic sprinter humanitarian visa - CNN,sport,sport,3,0.4771997835334938
3425,"Belarus: Vitaly Shishov, head of exile group helping Belarusians flee abroad, found dead in Kiev - CNN",news,europe,1,0.5622152188706245
3426,"Gwen Berry: 'I'm just here to represent,' says US hammer thrower after raising her fist at Tokyo 2020 - CNN",sport,sport,2,0.3978386792227731
3427,"Skateboarding, climbing and karate:  The words you'll need to know to watch new sports at the Olympics  - CNN",sport,sport,10,0.3059292347826523
3428,Simone Biles to take part in balance beam final at Tokyo Olympics - CNN,sport,sport,9,0.6611879877721197
3429,Here's who won gold medals at the Tokyo Olympics on Monday - CNN,sport,sport,9,0.9704300049563688
3430,Tom Daley says he was knitting a dog sweater during women's diving final - CNN,sport,sport,9,0.703766955133499
3431,Why the Refugee Olympic Team feels more relevant than ever: 'We've all lived through collective exile' - CNN,sport,sport,5,0.5048779104178792
3432,Katie Ledecky says she 'never would have imagined' her Olympic swimming success - CNN,sport,sport,9,0.8552788635517727
3433,"How much are the gold, silver, bronze Olympic medals worth? - CNN",sport,sport,9,0.632449032909059
3434,Laurel Hubbard becomes first ​out transgender woman to compete at the Olympics - CNN,sport,sport,9,0.43841660364967283
3435,USWNT loses to Canada in semifinals at Tokyo Olympics - CNN,sport,sport,9,0.7499770393238969
3436,Romano Prodi Fast Facts - CNN,news,europe,2,0.7541467389704468
3437,Gianmarco Tamberi and Mutaz Essa Barshim share Olympic gold in emotional high jump final - CNN,sport,sport,9,0.48821513212474227
3438,Berlin Wall Fast Facts - CNN,news,europe,2,0.7944033630454563
3439,Japanese swimmer hopes gold medal rush can help heal divided nation - CNN,sport,sport,9,0.9601443705131792
3440,Pizza and taxi rides used to lure UK youth into getting Covid-19 vaccination - CNN,news,uk,5,0.4171890899568718
3441,Kristina Timanovskaya: Belarusian sprinter says she is being forcibly removed from the Olympics and sent home - CNN,sport,sport,9,0.5834691959549929
3442,"Caeleb Dressel, Bobby Finke are part of a winning Sunday for Team USA men's swimming at the Olympics - CNN",sport,sport,9,0.7990524246020186
3443,Swimmer Katie Ledecky inspired to 'put a smile on someone's face' as she takes 1500m gold at the Tokyo Olympics - CNN,sport,sport,9,0.7771270699826344
3444,Esteban Ocon clinches maiden F1 victory and Hamilton retakes championship lead at eventful Hungarian Grand Prix - CNN,sport,motorsport,5,0.6414841725468525
3445,Lamont Marcell Jacobs wins historic 100m gold at the Tokyo Olympics - CNN,sport,sport,9,0.5629685897013051
3446,Barcelona FC: Tragic slide continues following Benfica thrashing in Champions League - CNN,sport,football,4,0.693324146588802
3447,"Nicolas Sarkozy, former French President, receives 1-year sentence for illegal campaign financing - CNN",news,europe,10,0.40214447877278386
3448,96-year-old woman who fled Nazi war crimes trial is found - CNN,news,europe,6,0.7373824852597382
3449,Sabina Nessa death: Man charged with the 'predatory' murder of Sabina Nessa appears in London court - CNN,news,uk,10,0.6273711721297904
3450,Beijing 2022 Winter Olympics will be open to fans --  if they live in China - CNN,sport,sport,9,0.8142241097919712
3451,Russia to host first royal wedding in more than a century - CNN,news,europe,5,0.38198064215236577
3452,Australia Covid: AFL grand final parties linked to spike in Victoria cases - CNN,sport,sport,10,0.5806147621514127
3453,Cristiano Ronaldo scores dramatic last-minute winner for Manchester United in Champions League - CNN,sport,football,0,0.39712334209278
3454,Dustin Johnson: How 'Grandpa' led Team US' young stars to Ryder Cup history - CNN,sport,golf,1,0.46002671080999663
3455,UK murder timeline: How events unfolded as Sarah Everard's murderer is sentenced to life without parole - CNN,news,uk,7,0.46953055132928895
3456,Qatar added to 2021 F1 calendar as Gulf state secures 10-year deal to host races in country from 2023 - CNN,sport,motorsport,5,0.601602853841101
3457,"Sarah Everard: Wayne Couzens, ex-UK police officer gets life in prison with no chance of parole - CNN",news,europe,8,0.6685959409626455
3458,"What happens after Olympic glory? For diver Matty Lee, a return to 'gruesome' preseason training - CNN",sport,sport,9,0.6432273390636695
3459,Climate change: Australia's Scott Morrison under pressure as biggest state boosts targets - CNN,news,australia,1,0.6029869955173491
3460,LeBron James confirms he was vaccinated for Covid-19 months after being initially skeptical  - CNN,sport,sport,4,0.4189489901635742
3461,Bryson DeChambeau hits massive 412-yard drive in long drive contest two days after Ryder Cup win - CNN,sport,golf,1,0.44851316884034387
3462,"Wayne Couzens, Sarah Everard's murderer, kidnapped her using police ID and handcuffs - CNN",news,uk,8,0.866233367222835
3463,Manny Pacquiao says he will run for Philippine presidency in 2022 - CNN,sport,sport,7,0.4329047243663161
3464,Sheriff Tiraspol stuns Real Madrid in one of the Champions League's greatest upsets - CNN,sport,football,4,0.9583328713285236
3465,Unvaccinated NBA players won't get paid for missed games - CNN,sport,sport,4,0.4994999682349247
3466,La Palma volcano: Residents told to lock down as lava pours into sea - CNN,news,europe,1,0.9713538137895705
3467,Lionel Messi scores first PSG goal in Champions League win over Manchester City - CNN,sport,football,0,0.496182149066997
3468,Lance Armstrong: Jan Ullrich says he was 'nearly dead' before a visit from former cycling rival helped with his recovery - CNN,sport,sport,1,0.9563480062073642
3469,"'Every single time I lift the bar, I'm just lifting my country up': Shiva Karout's quest for powerlifting glory - CNN",sport,sport,2,0.3958322501247042
3470,Public urination at Glastonbury Festival leaves traces of cocaine and MDMA in river - CNN,news,europe,2,0.9618046564043518
3471,Super League: UEFA forced to drop disciplinary proceedings against remaining clubs - CNN,sport,football,0,0.5426618958713194
3472,Dutch police arrest and release former far-right party member amid reports of possible plan to attack Prime Minister - CNN,news,europe,1,0.40182209111285483
3473,Kareem Abdul-Jabbar calls for unvaccinated players and staff to be removed from teams - CNN,sport,sport,4,0.5424507314153685
3474,Kyrie Irving: NBA star the latest to withhold vaccination status - CNN,sport,sport,9,0.6592742725306451
3475,"Gothenburg: Explosion and fire with 'no natural explanation' injures 16 in Sweden, as police search for clues  - CNN",news,europe,11,0.3908592319623699
3476,"Tom Brady: 'I'm not going to reminisce,' says star QB ahead of Patriots reunion clash  - CNN",sport,sport,8,0.4540942717428172
3477,Roger Hunt: English football mourns death of Liverpool striker and World Cup winner - CNN,sport,football,0,0.4492721975263449
3478,Simone Biles says she 'should have quit way before Tokyo' - CNN,sport,sport,9,0.5551349595102666
3479,Russia reports worst single-day Covid-19 death toll since start of pandemic  - CNN,news,europe,10,0.6467001120286691
3480,Berliners vote to expropriate big landlords in non-binding referendum - CNN,news,europe,3,0.9517529305919676
3481,Ryder Cup: Tearful Rory McIlroy 'should have done more' as Europe suffer record-breaking defeat - CNN,sport,golf,4,0.607902602699553
3482,Premier League: Tottenham's fall from 2019 Champions League finalists to drubbing at the hands of Arsenal - CNN,sport,football,4,0.48608477159339497
3483,San Marino votes overwhelmingly to end abortion ban - CNN,news,europe,0,0.45313614010242764
3484,La Palma volcano: authorities lock down coastal area as lava approaches sea - CNN,news,europe,1,0.8929190683328901
3485,"SPD wins most seats in Germany's landmark election, preliminary official results show  - CNN",news,europe,6,0.7309403375422373
3486,Climate change: Australia's Scott Morrison may snub Glasgow climate talks - CNN,news,australia,1,0.4922121207399844
3487,Sabina Nessa: Man charged with London teacher's murder  - CNN,news,europe,10,0.5697939464787564
3488,"Tyson Fury vs. Anthony Joshua bout unlikely to happen, says promoter Warren - CNN",sport,sport,10,0.6001056918368418
3489,"Indian men's hockey team dedicates Olympic bronze medal to doctors, Covid-19 frontline 'warriors' - CNN",sport,sport,9,0.4700060398809316
3490,Rare fossil of 25-million-year-old eagle that hunted koalas found in South Australia  - CNN,news,australia,10,0.6951403338698581
3491,Five key takeaways from Germany's historic election - CNN,news,europe,6,0.9647430065555218
3492,Germany election results: SPD narrowly wins against Merkel's CDU but uncertainty remains over next leader - CNN,news,europe,6,0.659067410657408
3493,Justin Tucker: Ravens kicker sets NFL-record with monstrous 66-yard game-winning field goal - CNN,sport,sport,11,0.4692150717705011
3494,Angela Merkel endured as others came and went. Now world's crisis manager steps down - CNN,news,europe,6,0.5438172432599068
3495,French President Emmanuel Macron hit by egg thrown from crowd in Lyon - CNN,news,europe,6,0.9089783297937064
3496,"Crete: Earthquake with 5.8 magnitude strikes Greek island, killing one - CNN",news,europe,6,0.9601436382481708
3497,Australia's Victoria state records second-highest daily rise in virus cases - CNN,news,australia,10,0.824952328245832
3498,"Iceland will have a male-majority parliament after all, election recount shows - CNN",news,europe,1,0.41579948329288
3499,Murder of young teacher Sabina Nessa makes women in London worry it could have been them - CNN,news,europe,10,0.47128851125861204
3500,UK and France reheat one of the world's oldest rivalries at a risky time for both - CNN,news,europe,6,0.7105301889772425
3501,Sabina Nessa: London police make new arrest in case - CNN,news,uk,8,0.56362171539242
3502,F1 results: Lewis Hamilton claims historic 100th Formula 1 victory at Russian Grand Prix - CNN,sport,motorsport,5,0.9694438382306633
3503,Angela Merkel successor: Germans vote in election that will lead to new chancellor - CNN,news,europe,6,0.762488447122598
3504,Switzerland votes to make same-sex marriage legal by near two-thirds majority - CNN,news,europe,1,0.9672612149925945
3505,Ryder Cup: Team US on the brink of regaining Ryder Cup behind Dustin Johnson excellence - CNN,sport,golf,1,0.5805428328831251
3506,"Sabina Nessa: Police issue CCTV appeal, as mourners gather to remember London teacher - CNN",news,uk,10,0.39272648035344887
3507,"NBA's Knicks, Nets, Warriors prepare for Covid-19 vaccine policies set by home cities - CNN",sport,sport,10,0.6158565516375334
3508,Sergio Garcia becomes player with most matches won in Ryder Cup history - CNN,sport,golf,0,0.5108551216717735
3509,Iceland  - CNN,news,europe,8,0.28980433552279156
3510,"Sabina Nessa: London teacher killed on a walk to the pub, police say - CNN",news,uk,10,0.3799847787800882
3511,"German national election too close to call, polls suggest, as key candidates hold final rallies - CNN",news,europe,6,0.489761112673119
3512,Brooks Koepka and Daniel Berger argue with officials in drop controversy at Ryder Cup - CNN,sport,golf,3,0.4677365836632557
3513,Tom Felton: Harry Potter star collapses during celebrity Ryder Cup match - CNN,sport,golf,4,0.36711662367158737
3514,Germany election: Sleeping Beauty's forest is dying. It's not the only climate crisis facing nation's next chancellor - CNN,news,europe,3,0.3306564289043383
3515,Max Verstappen to start at back of Russian Grand Prix following engine change  - CNN,sport,motorsport,5,0.8143964863507563
3516,What we know about the Queen's Jubilee celebrations at Windsor - CNN,news,uk,7,0.42378050717086474
3517,Team US in the driver's seat after strong opening day at Ryder Cup - CNN,sport,golf,8,0.30349260788226196
3518,Tennis' newest superstar Emma Raducanu celebrates return to UK by playing with Duchess of Cambridge - CNN,sport,tennis,10,0.4549158896457728
3519,Emma Hayes: Chelsea Women's manager fears social media abuse of players could lead to suicides - CNN,sport,football,0,0.35993109426846537
3520,"Anthony Joshua: 'Power is in your spirit,' says challenger Usyk ahead of showdown - CNN",sport,sport,5,0.9618047497618042
3521,Bryson DeChambeau hits extraordinary 417-yard monster drive at Ryder Cup - CNN,sport,golf,1,0.5360637723450336
3522,Romelu Lukaku: Chelsea star urges social media CEOs to sit down with players to stop online abuse - CNN,sport,football,0,0.5086233379426569
3523,"Jordan Spieth plays 'insane' almost-vertical shot, nearly falls into Lake Michigan at Ryder Cup - CNN",sport,golf,8,0.44710028754903286
3524,Russia accused of 'Ghostwriter' cyberattacks ahead of German election - CNN,news,europe,3,0.531896300566677
3525,Ronald Koeman: Pressure mounts on frustrated Barça boss - CNN,sport,football,3,0.5154216502557751
3526,"How France, Italy, Germany, Belgium are dealing with pockets of low Covid vaccine uptake - CNN",news,europe,10,0.9672614629168514
3527,"Ryder Cup gets personal: Hey! 'Golf' fans, leave those guys alone, say wives and girlfriends - CNN",sport,golf,1,0.270892033015597
3528,USOPC will require Covid-19 vaccine for all US athletes at Beijing Games - CNN,sport,sport,9,0.7280063170999586
3529,The weird and wonderful outfits of fans at the Ryder Cup - CNN,sport,golf,4,0.4757630855119502
3530,UNGA: British PM Boris Johnson says the world needs to 'grow up' and deal with climate change - CNN,news,uk,1,0.6466700040232046
3531,Germany election: What to know as voters decide what post-Merkel life looks like - CNN,news,europe,11,0.44022947675793866
3532,Angela Merkel saw Germans through crisis after crisis. Now they wonder who'll fill the void - CNN,news,europe,6,0.4193774054249832
3533,Canaries volcano blasts lava into the air as ash blankets area - CNN,news,europe,1,0.7611823179945357
3534,Ronnie Brunswijk: Soccer body launches probe after locker room video of Suriname vice president raises 'integrity issues' - CNN,sport,football,6,0.773580163244056
3535,Ryder Cup: How to watch golf's US vs. Europe showdown - CNN,sport,golf,1,0.39715133549282555
3536,Cricket swaps 'batsman' for gender-neutral 'batter' in law amendment  - CNN,sport,sport,6,0.9294860655397752
3537,"Tom Brady: NFL is ""softer than it used to be"" - CNN",sport,sport,8,0.5404741670128224
3538,Melbourne earthquake: Magnitude 5.9 temblor strikes Australia - CNN,news,australia,10,0.9388875021375398
3539,Lucas Papademos Fast Facts - CNN,news,europe,2,0.7824071792356667
3540,Conor McGregor's ceremonial first pitch at the Cubs game was ... out there - CNN,sport,sport,6,0.46565301673814186
3541,Ukraine president's aide survives apparent assassination attempt - CNN,news,europe,2,0.461804902770345
3542,Cristiano Ronaldo set to overtake Lionel Messi as highest-paid footballer this season  - CNN,sport,sport,5,0.3953395057203432
3543,Monaco Grand Prix: F1 boss Stefano Domenicali says Monaco GP format to be cut to three days - CNN,sport,motorsport,5,0.8218556420434007
3544,Theresa May Fast Facts - CNN,news,europe,2,0.6887428557006178
3545,Germans shocked by killing of cashier after Covid mask argument - CNN,news,europe,10,0.9601432866832388
3546,Long-lost letter reveals heroic story of Polish farmer who saved Jewish sisters from Nazis - CNN,news,europe,11,0.683810434606927
3547,UNGA: Submarine spat with France casts shadow over Biden's address - CNN,news,europe,6,0.43364209914772667
3548,Barcelona struggles to draw against Granada as an arduous season looms - CNN,sport,football,6,0.9490721008837797
3549,"Ryder Cup: One year after originally scheduled, golf's biggest rivalry is ready to tee off - CNN",sport,golf,1,0.7443533113358474
3550,Australia has lost almost a third of its koala population in three years - CNN,news,australia,10,0.9583327253302927
3551,FIFA punishes Hungarian Football Federation following racist behavior of 'numerous' fans - CNN,sport,football,3,0.4011704448244181
3552,La Palma volcano: Gushing lava forces more evacuations  - CNN,news,europe,1,0.7041964386908374
3553,Roger Federer reflects on Novak Djokovic's 'exceptional year' - CNN,sport,sport,4,0.9672605191752432
3554,Boris Johnson admits he has six children - CNN,news,uk,1,0.9460779854998178
3555,"Alexander Litvinenko killing: Russia responsible for assassination, European court rules - CNN",news,europe,2,0.8053251679648215
3556,"Tiger Woods unlikely to visit Ryder Cup, says US captain - CNN",sport,golf,2,0.5307097305009879
3557,Hundreds of anti-lockdown protesters clash with police in Australia  - CNN,news,australia,8,0.6202201734114235
3558,Simone Biles excited for highly-anticipated Gold Over America Tour - CNN,sport,sport,1,0.5666446563175935
3559,Family of British teenager Harry Dunn reaches a 'resolution with US diplomat's wife in civil suit  - CNN,news,uk,7,0.973808563832943
3560,"Megan Rapinoe, other women athletes back abortion rights at US Supreme Court - CNN",sport,sport,6,0.6378472161698732
3561,Four bodies found on Polish-Belarus border as spat over migrant crisis worsens - CNN,news,europe,1,0.9660488935525084
3562,Jarred Gillett: Australian to become first Premier League referee from overseas - CNN,sport,football,0,0.6774926967352956
3563,"Russia's ruling party won an election marred by dirty tricks, but the cost of securing victory has grown - CNN",news,europe,0,0.41368856760693423
3564,Australia's nuclear-powered submarine deal is fueling anger in the country. Here's why - CNN,news,australia,10,0.5262259146527495
3565,"Australia had 'deep and grave' concerns about French submarines' capabilities, PM says - CNN",news,australia,1,0.3229600498665375
3566,Volcano erupts on La Palma in Spain's Canary Islands - CNN,news,europe,1,0.9541662788281285
3567,Erling Haaland scores stunning lob to continue incredible Borussia Dortmund scoring streak - CNN,sport,football,4,0.37403626797440137
3568,"Poland ordered to pay $580,000 fine for each day it continues operating a controversial coal mine - CNN",news,europe,10,0.4664109136033037
3569,Analysis: Why the cash-for-honors allegations are embarrassing for Prince Charles - CNN,news,uk,7,0.9460775997045842
3570,"Perm, Russia shooting: 6 people killed at university  - CNN",news,europe,3,0.8381672091268424
3571,Johanna Farber: Climber receives apology after inappropriate images were aired - CNN,sport,sport,0,0.5681124461848687
3572,Lech Walesa Fast Facts  - CNN,news,europe,2,0.9460772896851846
3573,"Princess Beatrice, granddaughter of Queen Elizabeth II, gives birth to first child - CNN",news,uk,7,0.6109421171752182
3574,'Imagine how good it could be': Northern Ireland women's footballers ready to seize their moment  - CNN,sport,football,0,0.32597602354312744
3575,Russia election: Russia's ruling party poised to retain majority in parliamentary elections amid allegations of voter fraud  - CNN,news,europe,5,0.5766882410190619
3576,Lionel Messi substituted on home debut as Paris Saint-Germain score late winner - CNN,sport,football,4,0.5844955725251486
3577,Madi Wilson: Olympic swimmer hospitalized with Covid-19 'as a precautionary measure' - CNN,sport,sport,9,0.7602887154556828
3578,AUKUS pact: French ambassador to US says they 'absolutely weren't informed' of submarine deal  - CNN,news,europe,5,0.6445172721949068
3579,"NFL: Lamar Jackson shows nerves of steel with gutsy, fourth-down call to beat Patrick Mahomes, Kansas City Chiefs - CNN",sport,sport,11,0.5682467157207164
3580,The world's tallest nation is getting shorter  - CNN,news,europe,10,0.44176428599966355
3581,"Jimmy Greaves, England World Cup winner and Tottenham legend, dies aged 81 - CNN",sport,football,11,0.4616993152930955
3582,Italy cannabis referendum likely next year - CNN,news,europe,10,0.9541659753729492
3583,Here's how Covid-19 is hitting hospitals in five key European countries - CNN,news,europe,10,0.8519982388927676
3584,Bayern Munich puts seven goals past hapless VfL Bochum - CNN,sport,football,8,0.5248646577481036
3585,AUKUS deal: Australia's decades-long balancing act between the US and China is over - CNN,news,australia,0,0.6268772326863508
3586,Tottenham to host world's first net zero carbon elite football game as sports teams turn to sustainable solutions - CNN,sport,football,0,0.5925775627397335
3587,Carli Lloyd scores five goals as US women hammer Paraguay in farewell tour - CNN,sport,football,0,0.5024524567388007
3588,UK Speaker: We can't let mob rule smash democracy - CNN,news,uk,1,0.3838761849677775
3589,Analysis: Two of Queen Elizabeth's sons are facing growing pressure - CNN,news,uk,8,0.43498330800113505
3590,Muhammad Ali: New documentary shows how legend stayed true to himself in 'hero' journey - CNN,sport,sport,7,0.9722210327767924
3591,Tom Brady says he could play in the NFL until 50 - CNN,sport,sport,8,0.8212027865450485
3592,Virat Kohli to step down as India's T20 captain - CNN,sport,sport,7,0.7193513216275098
3593,What are nuclear-powered submarines and how do they work? Australia's firepower ambitions explained  - CNN,news,australia,7,0.45602857864084195
3594,Leicester City vs. Napoli: Multiple arrests made as fans clash - CNN,sport,football,0,0.6984160065794138
3595,Russia goes to the polls amid crackdown on political dissent  - CNN,news,europe,1,0.3452243677408958
3596,Lyra McKee: Northern Ireland police charge two over killing of journalist  - CNN,news,uk,5,0.4159514792505085
3597,Thomas Strakosha own goal: Lazio goalkeeper's bizarre mistake gifts Galatasaray Europa League victory - CNN,sport,football,0,0.9517534307875204
3598,"Prince Philip's will to be kept secret for 90 years, British court rules - CNN",news,uk,3,0.527078066014566
3599,New Zealand pulls out of cricket tour of Pakistan citing security alert - CNN,sport,sport,3,0.963331911207172
3600,World Cup 2022: Qatar is ready as it strongly contests accusations of workers' rights abuses  - CNN,sport,football,11,0.49284499092649126
3601,"Germany averted possible attack on synagogue during Yom Kippur, minister says - CNN",news,europe,10,0.6958551881153235
3602,Dutch Foreign Minister Sigrid Kaag resigns over Afghanistan crisis - CNN,news,europe,5,0.5981561766212576
3603,Members of Afghan women's youth football team arrive in Pakistan  - CNN,sport,football,0,0.384771977267393
3604,France coronavirus: Thousands of healthcare workers suspended after failing to get vaccinated - CNN,news,europe,10,0.5525202452251269
3605,US Women's National Team players' association calls identical contract proposal 'PR stunts'  - CNN,sport,football,0,0.972221699658347
3606,PSG: Lionel Messi's Champions League debut for French giants falls flat against Club Brugge - CNN,sport,football,4,0.7017602224920898
3607,Italy to mandate Covid-19 'Green Pass' for all workers - CNN,news,europe,10,0.6255883119632877
3608,Fugitive hands himself in after nearly 30 years on the run in Australia - CNN,news,australia,10,0.7635385488884406
3609,Vladimir Putin says 'several dozen' in his inner circle test positive for coronavirus - CNN,news,europe,5,0.566488448320669
3610,John McEnroe calls Emma Raducanu's US Open win 'crazy'  - CNN,sport,tennis,4,0.48608896145119057
3611,Sylvain Lefebvre: The Columbus Blue Jackets fires newly appointed assistant coach - CNN,sport,sport,0,0.7250662916919491
3612,10 things we learned about Muhammad Ali from Ken Burns' epic documentary - CNN,sport,sport,8,0.9388878898522177
3613,Lionel Messi: Paris Saint-Germain now has 'no excuses' in quest for Champions League domination after signing superstar - CNN,sport,football,0,0.3845720223164054
3614,"1,400 dolphins were killed in the Faroe Islands in one day, shocking even some pro-whalers  - CNN",news,europe,6,0.643910861208246
3615,Bryson DeChambeau 'wrecked' his hands ahead of Ryder Cup preparing for long drive contest - CNN,sport,golf,1,0.4638352704730967
3616,NHL: The 'rituals' that obsess ice hockey stars - CNN,sport,sport,6,0.8472194951090758
3617,Ursula von der Leyen challenges US on climate and asserts Brussels' role in 'new international order' - CNN,news,europe,3,0.47232797614704397
3618,Barcelona: Gerard Pique admits 'We are who we are' as Barça trounced by Bayern in Champions League - CNN,sport,football,4,0.43384990268056023
3619,Will Biden's mandates work? Macron's vaccine pass gamble may hold some clues - CNN,news,europe,10,0.6839408515333555
3620,"Man identified by Chelsea FC charged by Met Police after investigation into racist, anti-semitic and hateful tweets  - CNN",sport,football,8,0.42085282492579557
3621,"Burundi's Francine Niyonsaba, who has an intersex condition, breaks world record - CNN",sport,sport,11,0.9345230039179337
3622,Dominic Raab removed as UK foreign secretary in Johnson cabinet reshuffle - CNN,news,uk,1,0.6978536497678098
3623,Rainbow-colored fly species named after RuPaul  - CNN,news,australia,2,0.4163121708635295
3624,"Navid Afkari: Executed Iranian wrestler still offers 'message of freedom,' says mother - CNN",sport,sport,10,0.5653855315697095
3625,Norway's center-left Labour begins coalition talks as anti-oil Greens sidelined - CNN,news,europe,6,0.4819112540699488
3626,Manchester United and Cristiano Ronaldo stunned by late Young Boys winner in Champions League - CNN,sport,football,4,0.42392176293843276
3627,Vladimir Putin is quarantining after several Covid-19 cases in his entourage - CNN,news,europe,5,0.5887702530482347
3628,"Queen Elizabeth sent congratulations to North Korea, palace confirms - CNN",news,europe,3,0.543534647535874
3629,Prince Andrew's lawyers say sex abuse case is baseless and papers weren't properly served  - CNN,news,europe,8,0.44067402827622176
3630,Raiders beat Ravens in thriller game as Carl Nassib makes NFL history - CNN,sport,sport,6,0.9672609881127104
3631,Fethi Nourine: Algerian judoka receives 10-year ban for withdrawing from Olympics to avoid Israel - CNN,sport,sport,9,0.3805416823410151
3632,Karim Benzema scores a hat-trick as Real Madrid beats Celta Vigo 5-2 in La Liga - CNN,sport,football,6,0.6493132698968374
3633,Diede de Groot becomes the first player to complete the golden slam in wheelchair tennis - CNN,sport,tennis,4,0.5087837864058556
3634,US Open: Daniil Medvedev beats Novak Djokovic in men's final - CNN,sport,tennis,4,0.9752250636550032
3635,Climate change: Australia is shaping up to be the villain of COP26 talks in Glasgow - CNN,news,australia,1,0.36699227980176713
3636,"Billy Horschel wins BMW PGA Championship, becoming only the second American to win the famous event - CNN",sport,golf,11,0.5394931800922899
3637,NFL: Green Bay Packers 'embarrassed' in humbling loss while Patrick Mahomes leads Kansas City Chiefs to comeback win - CNN,sport,sport,3,0.31932537684980167
3638,Brighton Marathon organizers apologize for making course 500 meters too long - CNN,sport,sport,8,0.949072140176485
3639,Ryder Cup squads set as Padraig Harrington finalizes European team - CNN,sport,golf,1,0.5000591069720616
3640,Hamilton Verstappen collision: After drama-filled Italian Grand Prix Hamilton felt 'fortunate to be alive'  - CNN,sport,motorsport,5,0.7726308391012757
3641,"Novak Djokovic's tears, Daniil Medvedev booed during sets and history denied: A US Open final for the ages - CNN",sport,tennis,4,0.8880199365117666
3642,Scientists are potty-training cows in a bid to help save the planet - CNN,news,europe,6,0.40800535427418433
3643,Evander Holyfield loses comeback fight while Trump commentates - CNN,sport,sport,5,0.4620360463212781
3644,Baseball record: 2 Milwaukee Brewers combine to throw MLB's record 9th no-hitter this season - CNN,sport,sport,0,0.5025664978124993
3646,NFL's Maia Chaka makes history as first Black woman to officiate an NFL game - CNN,sport,sport,0,0.5656980604225927
3647,Emma Raducanu win: The Queen praises 'outstanding' US Open victory - CNN,sport,tennis,10,0.38708730865445934
3648,Afghan Cricket Board calls on Australia not to cancel historic match - CNN,sport,sport,6,0.3969982664431695
3649,US Open: Emma Raducanu beats Leylah Fernandez in women's final - CNN,sport,tennis,4,0.5845841417923424
3650,US Open: Novak Djokovic is one win away from a calendar grand slam and 21st major title  - CNN,sport,tennis,4,0.9683906369032299
3651,Cristiano Ronaldo scores two goals on his return to Manchester United - CNN,sport,football,0,0.6173088135210134
3652,Australia's Queensland state could go into lockdown over five coronavirus cases - CNN,news,australia,10,0.8672367798512345
3653,Nadia Nadim: 'I'm actually the picture of everything the Taliban don't want their women to be' - CNN,sport,football,11,0.34299526080394704
3654,Lionel Messi surpasses Pelé to become South America's top international goal scorer in men's football - CNN,sport,football,11,0.5087180466450092
3655,Tom Brady and the Tampa Bay Buccaneers beat the Dallas Cowboys - CNN,sport,sport,8,0.7483981278844024
3656,Ukrainian opposition demand investigation into failed sting operation detailed by CNN   - CNN,news,europe,5,0.7391527362952476
3657,Emma Raducanu and Leylah Fernandez to make US Open history in all-teen final - CNN,sport,tennis,4,0.5027797093889854
3658,'It makes me feel like possibilities are endless': Meet the Muslim women parkour athletes taking up space - CNN,sport,sport,7,0.6625089290134801
3659,Ukrainian opposition demand investigation into failed sting operation detailed by CNN   - CNN,news,europe,5,0.6861694959641647
3660,"Jerome Boateng: Former Germany defender guilty of bodily harm, fined $2.13 million - CNN",sport,football,8,0.4998574605561352
3661,"Queen Elizabeth supports Black Lives Matter movement, says aide - CNN",news,europe,7,0.6704790242549835
3662,Austrian man mummifies dead mother to keep receiving her social security - CNN,news,europe,8,0.38999879475622196
3663,Solheim Cup: Emily Pedersen teases boyfriend and Team USA caddie after Team Europe victory - CNN,sport,golf,9,0.3076220713719736
3664,Fire in North Macedonian Covid-19 hospital kills 14 people - CNN,news,europe,6,0.40222242267110186
3665,Cricket Australia: 'No alternative' but to cancel Afghanistan test match following Taliban stance on women's sport  - CNN,sport,sport,6,0.4517668512125918
3666,Olympics 2022: North Korea barred from participating in Beijing Winter Olympics - CNN,sport,sport,9,0.973809352363143
3667,Nice docked points after crowd trouble halted match against Marseille  - CNN,sport,football,0,0.7242481392847399
3668,Michael Schumacher's wife gives a rare insight into the family's life in new documentary - CNN,sport,motorsport,8,0.4424974689163955
3669,Emma Raducanu beats Belinda Bencic to reach US Open semifinals - CNN,sport,tennis,10,0.4297453779848753
3670,How Ukraine planned to lure Russian mercenaries into a trap  - CNN,news,europe,3,0.48818358362701764
3671,Sophia Loren Fast Facts - CNN,news,europe,2,0.9388887362622695
3672,Giorgio Minisini: Male artistic swimmers redefine what 'masculinity' means - CNN,sport,sport,7,0.6413022920643844
3673,Leylah Fernandez beats Elina Svitolina to reach US Open semifinals - CNN,sport,tennis,4,0.7930421324243885
3674,Paris attacks: Main suspect tells trial he's 'an Islamic State soldier' - CNN,news,europe,10,0.7868476115991528
3675,Russian politician faces two near-identical opponents in election - CNN,news,europe,1,0.38964316829541357
3676,Afghan cyclist's fears realized as Taliban aims to forbid women from playing sport - CNN,sport,sport,6,0.6636268092954436
3677,How floating islands can make urban waterways green and clean - CNN,news,europe,10,0.46044507346905317
3678,Russian minister Yevgeny Zinichev dies during training exercises in the Arctic - CNN,news,europe,5,0.44311836367988355
3679,Erling Haaland and Memphis Depay score hat-tricks as Norway and Netherlands secure emphatic World Cup qualifier victories - CNN,sport,football,11,0.4007945910337459
3680,Jordan Spieth and Olympic champion Xander Schauffele among Team USA's Ryder Cup captain's picks - CNN,sport,golf,9,0.5447826771835138
3681,Missing toddler AJ Elfalak found after three-day search in Australian bush - CNN,news,australia,10,0.8337563518313963
3682,"Saudi Arabia to host maiden F1 Grand Prix, but human rights abuses overshadow country's global sporting ambitions  - CNN",sport,motorsport,5,0.36742964181792465
3683,Pele announces surgery to remove tumor - CNN,sport,football,7,0.7321775658587976
3684,Prince Charles' former aide Michael Fawcett steps down over cash-for-honors scandal  - CNN,news,uk,8,0.9647428064423097
3685,"Solheim Cup: Europe wins historic, drama-filled competition against Team USA - CNN",sport,golf,9,0.5335078423037714
3686,Climate change: Europe had its hottest summer on record this year - CNN,news,europe,10,0.4613380398576149
3687,Shelby Rogers: 'I'm going to have nine million death threats' - American braces for social media abuse after US Open loss - CNN,sport,tennis,7,0.3725394968786119
3688,Australian musk duck mimics human sound during mating display - CNN,news,australia,10,0.5316674592627937
3689,NFL Preview 2021: League kicks off second season during pandemic  - CNN,sport,sport,10,0.3783265224820203
3690,Patrick Cantlay draws on 'self-belief' as he wins golf's $15 million FedEx Cup and Tour Championship - CNN,sport,golf,4,0.3556377714227546
3691,Former footballer Jean-Pierre Adams dies following 39-year coma - CNN,sport,football,11,0.40089484668022773
3692,Carlos Alcaraz becomes youngest player to reach men's US Open quarterfinals - CNN,sport,tennis,4,0.7611796856775035
3693,"Maria Kolesnikova, Belarus protest leader, sentenced to 11 years in jail - CNN",news,europe,5,0.977641581685463
3694,"Brazil vs Argentina World Cup qualifier: Match suspended, as four Argentinian players accused of breaking Covid travel protocols - CNN",sport,football,0,0.35930306777923743
3695,"Sloane Stephens says she received more than 2,000 messages of 'abuse and anger' after US Open defeat - CNN",sport,tennis,4,0.63976950755598
3696,How female athletes are pushing for a level playing field - CNN,sport,sport,6,0.5625356724363832
3697,"Jan Hecker, German ambassador to China, dies just a few weeks into his posting - CNN",news,europe,5,0.4054864217948569
3698,Jean-Pierre Adams: The 39-year coma that didn't stop love - CNN,sport,football,11,0.6004714373262646
3699,Max Verstappen wins Dutch Grand Prix to the delight of home fans - CNN,sport,motorsport,5,0.9672612981823785
3700,Surfer dies in shark attack off Australian beach - CNN,news,australia,10,0.8905672927089995
3701,Joaquin Niemann records fastest ever Tour Championship round - CNN,sport,golf,4,0.6828874937561913
3702,Tokyo Paralympics ends with colorful and vibrant closing ceremony - CNN,sport,sport,9,0.5838840900284528
3703,Top-ranked Ashleigh Barty stunned at US Open - CNN,sport,tennis,4,0.5096609819970513
3704,"Morteza Mehrzadselakjani, the tallest Paralympian in history, helps Iran win sitting volleyball gold at the Tokyo Paralympics - CNN",sport,sport,0,0.5106331232108835
3705,Australia beat the world on shutting out Covid. Now it is bitterly divided on how to reopen  - CNN,news,australia,1,0.44304881386340644
3706,Oksana Masters: From hospital bed to Paralympic champion in two-and-a-half months - CNN,sport,sport,9,0.4868522390928376
3707,"Naomi Osaka: Tennis star shocked at US Open by teen Leylah Fernandez, considers taking another break - CNN",sport,sport,4,0.6546483830525758
3708,Baylor women's basketball team is dropping 'Lady' from its name and will be known as the Bears - CNN,sport,sport,9,0.5147826861615913
3709,Spain loses a FIFA World Cup qualifying match for the first time in 28 years - CNN,sport,football,5,0.5608122398147186
3710,"England's players reportedly racially abused by Hungary fans during World Cup qualifier, according to FA - CNN",sport,football,5,0.5280837198919752
3711,Analysis:  Blow to Meghan and Harry with UK watchdog ruling but war on offensive media coverage continues - CNN,news,uk,7,0.466908150264934
3712,Patrick Cantlay: Golf's man of the moment is living up to his new nickname  - CNN,sport,golf,2,0.7176634607848837
3713,Keula Nidreia Pereira Semedo: Sprinter gets engaged minutes after Paralympics race  - CNN,sport,sport,9,0.5410649803226202
3714,Cristiano Ronaldo breaks Ali Daei's international goalscoring record - CNN,sport,football,5,0.5768334526236156
3715,"Rugby players' brains affected by 'chronic exposure' to collisions throughout a season, study shows - CNN",sport,sport,10,0.7528244225609991
3716,Muhammad Ziyad Zolkefli: Paralympian is stripped of gold medal for being three minutes late - CNN,sport,sport,1,0.6469113345887836
3717,Stefanos Tsitsipas is booed at the US Open after taking another lengthy toilet break - CNN,sport,tennis,4,0.7829121534846005
3718,Tennis' governing bodies continue to urge players to get vaccinated ahead of US Open - CNN,sport,tennis,4,0.7723393599469757
3719,Novak Djokovic thought he heard 'booing' in first round US Open win - or did he? - CNN,sport,tennis,4,0.816115984662336
3720,US Open match suspended amid heavy rainfall despite stadium roof - CNN,sport,tennis,4,0.9541648701085277
3721,Paralympian Haven Shepherd on surviving a family suicide and the 'gift' of being an amputee - CNN,sport,sport,8,0.5216307328721239
3722,European transfer window 2021 may be the best ever as clubs splurge on marquee signings - CNN,sport,football,0,0.9427072909440628
3723,Australia Covid-19: Cases rise in Victoria despite lengthy lockdown - CNN,news,australia,10,0.9332649282480939
3724,Andy Murray says he 'lost respect' for Stefanos Tsitsipas after first round US Open defeat - CNN,sport,tennis,4,0.6454761607819534
3725,"Ramstein Air Base: The Kabul airlift has ended, but a US operation to get 14,000 people off a German base is far from over - CNN",news,europe,10,0.35435924135119834
3726,"Salisbury, UK train crash leaves a 'number of people' injured - CNN",news,uk,8,0.8733054721777799
3727,One killed in Czech cable car accident - CNN,news,europe,3,0.705494905770447
3728,Virat Kohli: India cricket captain slams 'spineless' trolls after abuse targeted team's bowler - CNN,sport,sport,7,0.8765164368347667
3729,"Jerry Remy, Boston Red Sox broadcaster, dies after long battle with lung cancer - CNN",sport,sport,4,0.6579471380069941
3730,Sergio Aguero: Barcelona star admitted to hospital for 'cardiac exam' after chest pain during match - CNN,sport,football,3,0.9647429452012557
3731,2015 Paris Terror Attacks - CNN,news,europe,2,0.767894649793349
3732,Wilfried Zaha: Premier League star targeted with racist abuse on social media - CNN,sport,football,7,0.6153477113490081
3733,Man dies after being gored at Spanish bull-running festival - CNN,news,europe,2,0.533155609067283
3734,Kyle Beach: Player speaks with NHL commissioner after sex abuse allegation against former Chicago Blackhawks video coach - CNN,sport,sport,6,0.8515376402709081
3735,World Series game 4: Braves are just one win away from victory  - CNN,sport,sport,0,0.9647425093232136
3736,Emma Raducanu: Disappointed star still adjusting to life on tour - CNN,sport,tennis,10,0.5125091124455384
3737,Braves vs Astros: Atlanta wins to go up 2-1 over Houston in the World Series - CNN,sport,sport,0,0.9618049069222934
3738,UFC 267: Teixeira defeats Blachowicz in title fight - CNN,sport,sport,3,0.47394461945328475
3739,Kyrie Irving: Nets owner Tsai unsure when unvaccinated star will play again - CNN,sport,sport,9,0.9683901905663004
3740,UFC 267: Blachowicz vs Teixeira -- what time and how to watch - CNN,sport,sport,3,0.5368619207339681
3741,Warriors: Golden State lose unbeaten record as Ja Morant puts on a show for the Memphis Grizzlies - CNN,sport,sport,11,0.9672612535210658
3742,Cristiano Ronaldo: Superstar and partner Georgina Rodriguez are expecting twins - CNN,sport,football,5,0.8294365393062476
3743,Analysis: The duchesses stepping up in Queen's absence - CNN,news,uk,1,0.6958626903791667
3744,Brexit: France detains UK boat as spat over fishing rights escalates  - CNN,news,europe,6,0.8016990998549907
3745,Queen Elizabeth II told to rest for at least two weeks - CNN,news,europe,3,0.564938708441213
3746,NAACP urges athletes to avoid signing with Texas teams due to 'attacks on voting rights and reproductive care' - CNN,sport,sport,7,0.642070722508668
3747,France calls captain of seized British boat to court; UK warns 'two can play that game' - CNN,news,europe,6,0.46588134929107666
3748,Morten Thorsby: Why the climate crisis is a game football cannot afford to lose - CNN,sport,football,0,0.31510894874779827
3749,Police arrest Kashmiri Muslims for celebrating Pakistan cricket team victory over India - CNN,sport,sport,6,0.43486965605279104
3750,Chicago Blackhawks owner wants name of former video coach removed from Stanley Cup trophy - CNN,sport,sport,3,0.9647427854992533
3751,England could prescribe e-cigarettes on National Health Service - CNN,news,uk,10,0.9460775807822767
3752,Alex 'Chumpy' Pullin: Olympian widow welcomes daughter 15 months after his death - CNN,sport,sport,7,0.501744400500362
3753,European Parliament sues Commission over 'failure' to apply rule of law powers - CNN,news,europe,0,0.6655722052906506
3754,Cardinals vs Packers: No more undefeated teams in NFL as Arizona loses on last-second interception - CNN,sport,sport,11,0.45758462163262603
3755,NWSL agrees to demands from players union after sexual misconduct scandal - CNN,sport,football,7,0.4419796284286083
3756,Braves vs Astros Game 3: Snitker relishing 'wild' Atlanta home crowd for Game 3 - CNN,sport,sport,0,0.9618049095872983
3757,"Joel Quenneville, former Chicago Blackhawks head coach, resigns as Florida Panthers coach - CNN",sport,sport,6,0.4431302586552581
3758,Leona Maguire: the 26-year-old who shocked the golf world as unbeaten Solheim Cup rookie - CNN,sport,golf,5,0.6397025957652243
3759,Kyle Beach: Hockey player who made sexual abuse allegation against former Blackhawks video coach speaks out    - CNN,sport,sport,6,0.6278970811950808
3760,Emiliano Sala: Flight organizer convicted over in crash that caused death of soccer star  - CNN,sport,football,6,0.38227102716594463
3761,"Beijing Olympics: Lindsey Vonn on mental health, retirement and fashion  - CNN",sport,sport,10,0.44399610696207126
3762,Lakers vs Thunder: LA blows 26-point lead in defeat to OKC - CNN,sport,sport,4,0.6582374056513228
3763,Jigoro Kano: Who is today's Google doodle? - CNN,sport,sport,5,0.6944399147459968
3764,Koeman: Barcelona fires coach after woeful start to season - CNN,sport,football,0,0.6645490920636183
3765,Bayern Munich suffer historic 5-0 cup thrashing to Gladbach - CNN,sport,football,8,0.6697942767885219
3766,Moscow launches fresh restrictions as Covid-19 deaths hit record high in Russia - CNN,news,europe,10,0.7211270086173938
3767,Houston Astros dominate Atlanta Braves to even up World Series with strong Game 2 win - CNN,sport,sport,0,0.8439544645424603
3768,"Queen Elizabeth II will skip COP26 entirely, days after overnight hospital stay - CNN",news,uk,3,0.6572791011540463
3769,"Quinton de Kock: South African cricketer apologizes for refusing to take the knee, insists he is 'not a racist' - CNN",sport,sport,11,0.6364986558738214
3770,Roger Goodell: NFL commissioner remains steadfast over not releasing more from WFT investigation - CNN,sport,sport,0,0.9541661605901385
3771,World Series: Jorge Soler hits historic home run as Atlanta Braves beat Houston Astros in Game 1 - CNN,sport,sport,0,0.7155261305454691
3772,Kaide Gordon: Life after Mo Salah? 17-year-old Liverpool prodigy tipped for Premier League stardom - CNN,sport,football,0,0.337360480398162
3773,"Charlie Morton: Braves pitcher fractures bone in his leg, leaves World Series game in third inning - CNN",sport,sport,0,0.7327846783510437
3774,Josh Cavallo: Australian pro footballer announces he is gay - CNN,sport,football,10,0.37375773495303805
3775,EU's top court fines Poland 1 million euros per day over judiciary spat - CNN,news,europe,10,0.2635234580939782
3776,"Catania,: Flash flooding in Sicily turns roads into rivers - CNN",news,europe,3,0.9236095629612012
3777,German dogs to sniff out wildlife at building sites to speed up work - CNN,news,europe,2,0.9541651601282887
3778,"Australian Open: No unvaccinated players at tournament, says Victoria state Premier - CNN",sport,tennis,4,0.5236393924138449
3779,"Catania, Sicily floods: 'Medicane' tears through southern Italy, with more rain expected - CNN",news,europe,3,0.5290084746668949
3780,Thousands of dead sea creatures are washing up on UK beaches - CNN,news,europe,1,0.949072982771411
3781,Islanders sue Australia for inaction on climate change - CNN,news,australia,10,0.5257432029551147
3782,Tom Brady: Fan who gave historic 600th touchdown ball to quarterback asks for a round of golf in return - CNN,sport,golf,0,0.32539270808606263
3783,Ryan Reynolds and Rob McElhenney attend first Wrexham match since becoming club's co-owners - CNN,sport,football,0,0.6871023602620645
3784,"Quinton de Kock: South African cricketer declines to take a knee at the T20 World Cup, despite call to 'stand against racism' - CNN",sport,sport,11,0.46399991137836727
3785,Ole Gunnar Solskjaer: Manchester United manager to remain in charge of club - CNN,sport,football,0,0.5387214430510857
3786,German ISIS bride sentenced over death of Yazidi girl left to die in sun - CNN,news,europe,5,0.3408061238832865
3787,The Greenhouse: A zero-waste home providing a blueprint for the future  - CNN,news,australia,3,0.9083301062599582
3788,Russia imposes hospitality curfew to tackle spread of Covid - CNN,news,europe,5,0.4551148891714839
3789,Marshawn Lynch stars on Manningcast coverage of NFL game - CNN,sport,sport,0,0.65288435573371
3790,Diego Maradona: Barcelona and Boca Juniors to play tribute match in Saudi Arabia - CNN,sport,football,4,0.45590112946950817
3791,'Celebrity' golf coach Federico Alba reveals hidden life of Sicily - CNN,sport,golf,8,0.5304895143542109
3792,Braves vs Astros: 2021 World Series pits father versus son - CNN,sport,sport,0,0.5801818882399776
3793,COP26: Australia will be the rich world's weakest link at climate summit with hollow net-zero and emissions pledges - CNN,news,australia,1,0.8782651256218527
3794,Veteran NFL official Carl Madsen dies on way home from Chiefs-Titans game - CNN,sport,sport,0,0.5605424141209081
3795,Pete Carroll: Seattle Seahawks coach admits he 'probably wouldn't have' been at helm for so long without Russell Wilson - CNN,sport,sport,0,0.7105798932938836
3796,"World Series 2021: Tickets, schedule and other things to know - CNN",sport,sport,0,0.9633320573739697
3797,Enes Kanter says Nike is 'scared to speak up' against China and wears 'Modern Day Slavery' shoes in protest of Uyghur treatment  - CNN,sport,football,6,0.6218799553455088
3798,Walter Smith: Former Rangers manager dies at the age of 73 - CNN,sport,football,11,0.47972375399079187
3799,"After Liverpool dismantles Manchester United, Ole Gunnar Solskjaer laments 'darkest day'  - CNN",sport,football,0,0.5174837079119338
3800,Covid in Europe enters a second pandemic winter as chaos grips the East and uncertainty haunts the West  - CNN,news,uk,10,0.6690164254350263
3801,Australian Open: Unvaccinated players can compete after quarantine -- report - CNN,sport,tennis,4,0.7169508778759555
3802,T20 World Cup: Indian captain Kohli vows to rectify mistakes after loss to Pakistan - CNN,sport,sport,5,0.5243428548246628
3803,"Bernie Ecclestone offered ski role, agrees with Verstappen on Netflix - CNN",sport,motorsport,1,0.70557236966573
3804,"Tyson Fury: 'He's not the greatest,' says Dillian Whyte as he reviews the state of boxing's heavyweight division - CNN",sport,sport,10,0.9672609445081352
3805,German police stop far-right vigilantes attempting to patrol Polish border - CNN,news,europe,1,0.4377154633874532
3806,Tom Brady becomes inaugural member of 600 touchdown club; gifts hat to young cancer surviving fan - CNN,sport,sport,8,0.5636999013914094
3807,COP26 flop? Covid looms over crucial climate talks as some key leaders snub the event - CNN,news,uk,10,0.5155540239762262
3808,UK 'leaning towards' mandatory Covid vaccines for health care workers - CNN,news,uk,10,0.8948001631460278
3809,"Eitan Biran, six-year-old survivor of cable car crash, should return to Italy, court rules - CNN",news,europe,2,0.5506289188460636
3810,F1: Lewis Hamilton expects tough races ahead as Max Verstappen pulls away - CNN,sport,motorsport,5,0.7690875866727163
3811,NBA: Protesters show support for Irving's vaccine stance ahead of Nets game - CNN,sport,sport,9,0.5906087934039832
3812,Atlanta Braves advance to the World Series for the first time in 22 years - CNN,sport,sport,0,0.9683895455232582
3813,"Israel labels six Palestinian civil society groups 'terrorist,' setting challenge for international donors    - CNN",news,europe,2,0.958332595836913
3814,"El Clasico: Lionel Messi and Cristiano Ronaldo helped redefine bitter club rivalry, but without either star will world still be watching? - CNN",sport,football,1,0.48602823648376275
3815,Houston Astros advance to World Series after beating Boston Red Sox in ALCS - CNN,sport,sport,4,0.5347756354457905
3816,Austrian government proposes law to legalize assisted suicide - CNN,news,europe,1,0.40859874860994344
3817,How the West made the most dangerous version of Putin  - CNN,news,europe,5,0.5846436166581211
3818,Nicole Kidman joins Daniel Craig in donating to  - CNN,news,uk,3,0.4802233109880848
3819,Richard Gere summoned to testify against Matteo Salvini in Sicily migrant case - CNN,news,europe,1,0.4097434886494627
3820,Chess players withdraw from Grand Swiss amid Latvia Covid-19 lockdown - CNN,sport,sport,10,0.4201883490995245
3821,Chelsea puts seven goals past beleaguered Norwich in one-sided Premier League clash - CNN,sport,football,0,0.5808308232147176
3822,Einar: Swedish rapper shot dead age 19 in Stockholm - CNN,news,europe,8,0.38095165210940063
3823,Analysis: What we know about the Queen's health  - CNN,news,uk,10,0.31603151218947345
3824,Luxembourg to become first country in Europe to legalise cannabis - CNN,news,europe,10,0.6560088254453917
3825,COP26: A climate solution lies right under our feet but it may not be on the agenda - CNN,news,europe,1,0.6386537837350879
3826,Simone Biles opens up about her mental health post-Olympics: 'I'm still scared to do gymnastics' - CNN,sport,sport,1,0.3391173124452029
3827,Australia Covid-19: More than half of the country is now 'living with Covid.' The rest is still some way off - CNN,news,australia,10,0.9541656191681734
3828,Max Vertstappen: F1 drivers defend Netflix series after Red Bull driver's 'fake' snub  - CNN,sport,motorsport,5,0.7681996427179418
3829,Manchester bombing: Man arrested in connection with 2017 Manchester Arena bombing - CNN,news,uk,8,0.32593172844378976
3830,Italy's Covid pass: Violence at protests has ignited a national debate about fascism - CNN,news,europe,1,0.5163078181923373
3831,"Five UK police officers shared violent sexual images in relation to Sarah Everard's murder, police watchdog says
 - CNN",news,uk,8,0.630231247420642
3832,Russian gunpowder workshop explosion kills 17 -- report - CNN,news,europe,5,0.4471701320197919
3833,Chris Taylor's three home runs keep Los Angeles Dodgers alive against Atlanta Braves - CNN,sport,sport,11,0.5507853805152602
3834,Enes Kanter: Boston Celtics game broadcast pulled in China after center's pro-Tibet posts  - CNN,sport,sport,4,0.5012786770312482
3835,"D'Ernest Johnson: Three years ago, he was working on a fishing boat. Now, Cleveland Browns running back is a match-winning NFL player - CNN",sport,sport,6,0.5018437480124219
3836,Lewis Hamilton on being 'the greatest you can be' and the lessons he learned from Tom Brady - CNN,sport,motorsport,5,0.5221960886891185
3837,Maria Sakkari: Greek player qualifies for season-ending WTA Finals - CNN,sport,tennis,4,0.2658402316908209
3838,Russia Covid: Moscow announces new lockdown as coronavirus crisis deepens - CNN,news,europe,10,0.7078605931605528
3839,NYT: Agreement reached to scrap race as a factor in NFL concussion settlements - CNN,sport,sport,0,0.33927358500655097
3840,New York Knicks defeat Boston Celtics in double overtime despite Jaylen Brown's 46 points - CNN,sport,sport,4,0.502690730005211
3841,"NWSL needs 'institutional change' after abuse allegations, says interim CEO - CNN",sport,football,7,0.7811359400595393
3842,EU Parliament to file lawsuit against Commission over 'failure' to punish countries who 'violate' rule of law - CNN,news,europe,1,0.5828355767335902
3843,Cleo Smith: Australian authorities offer A$1 million reward for missing 4-year-old  - CNN,news,australia,10,0.83045512936618
3844,Queen Elizabeth II spent a night at the hospital for 'preliminary investigations' - CNN,news,uk,3,0.6212089036792332
3845,Tom Brady congratulates Aaron Rodgers for becoming 'shareholder of the Bears' after celebration saying he 'owned' them - CNN,sport,sport,3,0.6901387782567451
3846,Beijing 2022: Mandatory vaccinations required for Canadian Olympic athletes - CNN,sport,sport,9,0.5997133254858003
3847,Conor McGregor: MMA fighter accused of unprovoked attack by Italian DJ - CNN,sport,sport,3,0.9541651240372278
3848,"London has more statues of animals than it does of women and people of color, a new study says - CNN",news,uk,7,0.5200723788844002
3849,"David Amess: Man charged with murdering UK lawmaker had terrorist links, court hears - CNN",news,uk,7,0.3264247115106156
3850,UK government accused of being 'willfully negligent' as Covid cases mount - CNN,news,uk,10,0.487156557352752
3851,"UK Covid: Britain has more new cases than France, Germany, Italy and Spain combined - CNN",news,uk,10,0.6319626810887851
3852,Xander Schauffele reveals his father is 'hogging' his Olympic gold medal - CNN,sport,golf,9,0.6989553779196006
3853,La Palma: Drone operator will try to rescue dogs from volcano - CNN,news,europe,1,0.4692810188532699
3854,Novak Djokovic: No special deals to allow unvaccinated players to play at Australian Open - CNN,sport,tennis,4,0.6177231725569147
3855,"Milwaukee Bucks debut championship rings, destroy Brooklyn Nets while Steph Curry cooks LeBron James - CNN",sport,sport,4,0.45356725412271315
3856,"UK MPs face 'substantial' threat after fatal Amess stabbing, says Home Secretary  - CNN",news,uk,1,0.38675911434327653
3857,Newcastle United urges fans to not wear mock Arab head coverings following Saudi takeover - CNN,sport,football,0,0.6369000754992887
3858,Champions League: Liverpool edges 10-man Atletico Madrid in five-goal thriller - CNN,sport,football,4,0.7457418261453702
3859,Deadly and 'very agitated' snake found in English shipping container - CNN,news,uk,3,0.9294849927828331
3860,"Russia-Taliban talks: Taliban wins backing for aid at Moscow talks, with regional powers saying US and allies should pay - CNN",news,europe,5,0.2959969849059876
3861,Russia Covid: Moscow orders unvaccinated over-60s to stay home for 4 months - CNN,news,europe,10,0.5583105652147268
3862,Karim Benzema and Mathieu Valbuena: A ​blackmail ​allegation and a sex tape -- two French footballers face off in court - CNN,sport,football,6,0.9683904142168327
3863,Cristiano Ronaldo completes stunning Manchester United comeback against Atalanta - CNN,sport,football,0,0.3326492301008519
3864,Lionel Messi gives up chance to score first hat-trick for Paris Saint-Germain  - CNN,sport,football,1,0.5377840527439445
3865,Fired Washington State head football coach to file lawsuit over 'unjust and unlawful' termination - CNN,sport,sport,8,0.3996041261701893
3866,Ex-German soldiers arrested for trying to create paramilitary unit to fight in Yemen - CNN,news,europe,8,0.5463105289092925
3867,"Queen Elizabeth II cancels trip, advised to rest for a few days - CNN",news,uk,3,0.5878376018333095
3868,Michael Slater: Former Australia batsman charged after domestic incident  - CNN,sport,sport,10,0.6727580542387821
3869,Newcastle United manager Steve Bruce leaves club by mutual consent after Saudi backed takeover - CNN,sport,football,0,0.7011404379518928
3870,Portland Trail Blazers: How CJ McCollum is using his love of wine to become a different type of trailblazer - CNN,sport,sport,11,0.3737799046068092
3871,Former NWSL player Kaiya McCullough calls for accountability after widespread women's football abuse scandal - CNN,sport,football,0,0.4330367969627994
3872,"Novak Djokovic will need to be vaccinated to play Australian Open: minister
 - CNN",sport,tennis,4,0.5025024297260913
3873,NBA commissioner Adam Silver hopes Kyrie Irving decides to get vaccinated against Covid-19 - CNN,sport,sport,9,0.6379417309871261
3874,Evander Kane suspended by NHL after investigation into his Covid-19 vaccine card - CNN,sport,sport,6,0.4118025393770424
3875,EU warns Poland it will pay for challenging common law - CNN,news,europe,1,0.6689684162381124
3876,Australia Covid-19: More than 40 Victoria Police staff could be fired for failing to take a vaccine - CNN,news,australia,10,0.6755649541033721
3877,"Kate, Duchess of Cambridge says addiction can 'happen to any of us' - CNN",news,uk,7,0.5785310104845971
3878,Nick Rolovich: Washington State head football coach ousted after refusing Covid-19 vaccine - CNN,sport,sport,10,0.3794894417556797
3879,"UK Net Zero Strategy aims for guilt-free flying, and more electric cars and trees - CNN",news,uk,1,0.7635029533537587
3880,Quake off Greece's Karpathos shakes eastern Mediterranean - CNN,news,europe,10,0.9388871331608022
3881,FIFA 'deeply concerned' at social media footage of DR Congo Under-20 women's national team - CNN,sport,football,0,0.4619072221969386
3882,Dick Vitale says he has lymphoma and will have chemotherapy - CNN,sport,sport,10,0.6338053654050925
3883,"Heat pumps explained: UK offers homeowners almost $7,000 to buy one. But what are they? - CNN",news,uk,11,0.9460766155270388
3884,"Norway attack victims were killed by stabbings, not arrows, police say - CNN",news,europe,8,0.36973789007696695
3885,96-year-old Nazi war crimes suspect who absconded last month now goes on trial - CNN,news,europe,6,0.9660487584061743
3886,English Premier League says 68% of players are fully vaccinated - CNN,sport,football,0,0.5585970638601888
3887,Nathan Chen says he has grown since disappointing Pyeongchang Games - CNN,sport,sport,9,0.7423726745219258
3888,Australia is offering money to help victims leave violent partners - CNN,news,australia,10,0.6806009058028307
3889,Boris Johnson's secret COP26 weapon may have to be shame - CNN,news,uk,1,0.4370467273135531
3890,Cameron Norrie: Britain has a new tennis star - CNN,sport,tennis,10,0.4592531862456607
3891,"Sean Wainui: Māori All Blacks player, 25, dies after car crash - CNN",sport,sport,2,0.561336767470758
3892,NFL: A permanent residence? Fans weigh in on potential London franchise - CNN,sport,sport,0,0.5465050578203684
3893,Australian golfer who is 99 years old makes hole-in-one - CNN,sport,golf,11,0.4204016180987239
3894,Carmen Mola: Lauded Spanish female crime writer revealed to be 3 men - CNN,news,europe,8,0.36520139715074884
3895,Australia to vaccinate koalas against chlamydia in clinical trial - CNN,news,australia,10,0.9460766340307266
3896,Lucas Hernández: France and Bayern Munich defender given deadline to enter prison - CNN,sport,football,8,0.5317699846026761
3897,FIFA fears recent abuse cases in women's football are just 'tip of the iceberg' - CNN,sport,football,5,0.3252532093656928
3898,Prince William's Earthshot environmental prize winners announced - CNN,news,uk,6,0.758116962829671
3899,"Greta Thunberg 'Rickrolls' climate concert with crazy dance moves
 - CNN",news,europe,2,0.5914689274212738
3900,UEFA hands English FA stadium ban following Euro 2020 final trouble - CNN,sport,football,3,0.9770828792401998
3901,Czech lawmakers may strip hospitalized president of powers to end deadlock - CNN,news,europe,4,0.35297021644608345
3902,Rory McIlroy says he's 'capable of being the best the player in the world' after winning 20th PGA Tour title - CNN,sport,golf,4,0.5567481489777957
3903,"Australian police search for Cleo Smith, 4, missing from tent on campsite - CNN",news,australia,10,0.6472966524315151
3904,Russia suspending mission to NATO in response to staff expulsions - CNN,news,europe,5,0.409356894774531
3905,Beijing 2022: Human rights activists unfurl 'No Genocide Games' banner at flame-lighting ceremony - CNN,sport,sport,2,0.5259258603577975
3906,Youngster Cole Palmer scores hat-trick in youth game just hours after appearing for Manchester City - CNN,sport,football,0,0.9345229857012931
3907,Newcastle vs. Tottenham: Premier League game briefly suspended because of medical emergency in crowd - CNN,sport,football,0,0.9694440265491097
3908,Rome goes to the polls amid Covid pass tension - CNN,news,europe,10,0.42194731997916946
3909,Chicago Sky defeat Phoenix Mercury for first WNBA championship win - CNN,sport,sport,4,0.3298288126346331
3910,The Washington Football Team is retiring NFL star Sean Taylor's jersey after he was killed 14 years ago - CNN,sport,sport,0,0.8061870098187182
3911,Team Jessica Korda wins Aramco Team Series -- first Ladies European Tour event held in US - CNN,sport,golf,9,0.33886033393670156
3912,"A dolphin's decades-long stay made this Irish town famous. A year after he left for good, Dingle bids farewell to Fungie  - CNN",news,europe,1,0.442400796658572
3913,Olympics 2022: Protest in Athens as Beijing prepares for Olympic Games flame - CNN,sport,sport,9,0.6471646352315418
3914,Tennessee fans throw trash onto football field in loss to Mississippi - CNN,sport,sport,0,0.9601442454913218
3915,T20 World Cup: Oman ready to savor 'one in a million' opportunity as host - CNN,sport,sport,5,0.34392635092564827
3916,Ole Gunnar Solskjaer: Pressure mounts on manager as Manchester United unbeaten away run ended by Leicester City - CNN,sport,football,0,0.5197568248437632
3917,Russian daily Covid-19 deaths hit record high but lawmakers rule out lockdown - CNN,news,europe,10,0.6542296158557854
3918,Lego gun: Teenager armed with toy triggers alarm in southern Germany - CNN,news,europe,7,0.5930338073014939
3919,David Amess stabbing: Boris Johnson and Keir Starmer visit scene in Leigh-on-Sea - CNN,news,uk,1,0.7072317091138678
3920,Fatal stabbing of British lawmaker David Amess called terrorist incident by UK police - CNN,news,uk,1,0.7416300749680215
3921,Mohamed Salah scores second wonder goal in as many Premier League games to spoil Claudio Ranieri return - CNN,sport,football,0,0.5351773965532731
3922,Marcus Rashford: Manchester United forward told to 'prioritize' football by manager Ole Gunnar Solskjaer - CNN,sport,football,3,0.6571587365550509
3923,Tom Brady shrugs off thumb injury to throw two touchdowns in Buccaneers win over Eagles - CNN,sport,sport,8,0.6035218220107831
3924,Balloon World Cup: Living room acrobatics earn Peruvian inaugural title - CNN,sport,sport,7,0.4382047793496557
3925,Norway bow-and-arrow attack suspect Espen Andersen Bråthen charged with murder - CNN,news,europe,10,0.6932403438785409
3926,British lawmakers face risks when working with the public - CNN,news,uk,1,0.556696686795824
3927,Scott Morrison: Australian leader will attend COP26 climate summit - CNN,news,australia,1,0.6995915646253188
3928,Analysis: The Queen and senior royals get punchy on climate - CNN,news,uk,1,0.4785059696657668
3929,South Korean speed skater Shim Suk-hee barred from training following leaked text messages - CNN,sport,sport,11,0.41587243052683226
3930,Poland passes legislation allowing migrant pushbacks at border - CNN,news,europe,1,0.5818058726875693
3931,Nets star Kyrie Irving may not play a single game. But he could still score up to $19M - CNN,sport,sport,9,0.6645093717003144
3932,Ons Jabeur  of Tunisia becomes first Arab tennis player to break into top 10 - CNN,sport,tennis,4,0.7614846889288811
3933,Agnes Tirop: Kenyan police arrest husband in connection with stabbing death - CNN,sport,sport,2,0.5421015454941032
3934,COP26: Queen Elizabeth says lack of action on climate change is 'irritating' - CNN,news,uk,3,0.5020101769062988
3935,"Tour de France: Wind, cobbles and brutal mountaintop finishes in 2022 race - CNN",sport,sport,10,0.49784162945410887
3936,Kenyan world record holder Agnes Tirop found dead following alleged stabbing - CNN,sport,sport,11,0.4529150725379925
3937,"Kyrie Irving: Brooklyn Nets star says he's unvaccinated, a day after his team says he won't be allowed to play - CNN",sport,sport,9,0.9800719127267419
3938,Mary Cain: Former track prodigy sues Nike and her ex-coach Alberto Salazar for $20 million  - CNN,sport,sport,0,0.5250480346330115
3939,Jon Gruden: EA Sports are 'taking steps' to remove former Las Vegas Raiders head coach from Madden NFL 22 - CNN,sport,sport,0,0.6140592240400208
3940,Kongsburg: Suspect in Norway attack charged after 5 people killed with bow and arrow - CNN,news,europe,6,0.5730159929775244
3941,Colin Kaepernick details intensive training regime as he refuses to give up on NFL return - CNN,sport,sport,8,0.19436052067793771
3942,Norway bow-and-arrow attack suspect named as police say they're treating it as terrorism - CNN,news,europe,10,0.361816650156411
3943,Afghanistan women's junior football team granted UK visas - CNN,sport,football,0,0.5729071495219448
3944,"Lava from La Palma volcano sparks cement factory fire, pushing 2,500 people into lockdown - CNN",news,europe,1,0.6561915367472487
3945,Giulio Regeni murder: Four Egyptian officers face Italian trial  - CNN,news,europe,8,0.2939472303493163
3946,Agnes Tirop: Police say runner's husband is a suspect in her stabbing death - CNN,sport,sport,2,0.6229187940445797
3947,"World's tallest woman is Rumeysa Gelgi, a 24-year-old from Turkey - CNN",news,europe,10,0.6766259579498474
3948,The bitter irony behind Jon Gruden's resignation - CNN,sport,sport,0,0.9236098901111359
3949,Queen Elizabeth uses walking stick to attend service at Westminster Abbey - CNN,news,uk,3,0.5515498096359787
3950,NFL has no plans to release more details from Washington Football Team investigation - CNN,sport,sport,0,0.9738086028988089
3951,Xabi Alonso was a player who won it all. How will he do as a coach? - CNN,sport,football,0,0.938887098862142
3952,FIFA president floats Israel as possible World Cup 2030 co-hosts - CNN,sport,football,5,0.7830828285801958
3953,Jon Gruden removed from Tampa Bay Buccaneers' Ring of Honor following resignation - CNN,sport,sport,0,0.49858512989691695
3954,Boris Johnson painting: Bereaved relatives of Covid victims slam UK Prime Minister who was pictured painting on vacation - CNN,news,uk,1,0.5512022826678208
3955,"David Brooks: Wales international, 24, reveals cancer diagnosis  - CNN",sport,football,3,0.5763638773723565
3956,Poland plans to spend over $400 million on wall on Belarus border - CNN,news,europe,1,0.9660489828637145
3957,How an investigation of the Washington Football Team led to the resignation of the Las Vegas Raiders' head coach  - CNN,sport,football,0,0.9776420136833593
3958,"Jon Gruden has resigned as head coach of the Las Vegas Raiders after reports of homophobic, racist and misogynistic emails - CNN",sport,sport,0,0.9758768496966074
3959,Cristiano Ronaldo scores yet another hat-trick in World Cup qualifier rout - CNN,sport,football,5,0.5259971625725007
3960,"Dutch monarch could be in same-sex marriage, prime minister says - - CNN",news,europe,1,0.6038804752378671
3961,England v Hungary: World Cup qualifier marred by crowd violence and 'racially aggravated offence' - CNN,sport,football,5,0.4679552019105595
3962,Europe on collision course with US over Venezuela elections - CNN,news,europe,3,0.5223594397913451
3963,UK Covid: British government's early response to virus slammed in new report - CNN,news,europe,10,0.5018495215595861
3964,Two teenagers charged for allegedly killing 14 kangaroos in Australia - CNN,news,australia,10,0.8491904812849499
3965,'I just felt really weak': Anna Nordqvist reveals mental health battle after major victory - CNN,sport,golf,10,0.4153438026330659
3966,Ryan Russell: NFL veteran says Jon Gruden's resignation is not enough - CNN,sport,sport,0,0.7008496179596665
3967,Germany becomes first nation to qualify for 2022 FIFA World Cup after host Qatar - CNN,sport,football,5,0.7176720635364336
3968,Baltimore Ravens: Lamar Jackson makes history as Ravens complete huge comeback against Indianapolis Colts - CNN,sport,sport,11,0.5244570968240211
3969,"Australian Open: Get vaccinated if you want to play grand slam, minister tells players - CNN",sport,tennis,4,0.677160783498406
3970,"The boxing championships aimed at 'disrupting homophobia, transphobia, hatred in sport' - CNN",sport,sport,0,0.7767207437471062
3971,Schools are new battleground in war of disinformation over Covid-19 vaccines - CNN,news,europe,10,0.7240190157508066
3972,"Dismissing Catholic abuse victims' lawsuit, European Court of Human Rights rules Vatican cannot be sued in European courts - CNN",news,europe,2,0.41453724538179537
3973,France to ban plastic packaging for fruit and vegetables from January  - CNN,news,europe,6,0.5644612881086728
3974,JR Smith makes college golf debut - CNN,sport,golf,4,0.5931130564412881
3975,Kyrie Irving 'will not play or practice' with the Brooklyn Nets due to vaccination status  - CNN,sport,sport,9,0.972221598138503
3976,Carbon emissions: Australia's energy minister dismisses call for tougher limits on polluters - CNN,news,australia,1,0.8233614070705425
3977,Kyrie Irving: Brooklyn Nets head coach Steve Nash admits star will miss home games - CNN,sport,sport,9,0.766979890603017
3978,Evan McPherson: Cincinnati Bengals kicker celebrates game-winning overtime kick. But he actually missed - CNN,sport,sport,3,0.949073115241777
3979,Australia Covid-19: Sydney is reopening and starting to live with coronavirus on 'Freedom Day' - CNN,news,australia,10,0.9713536204368601
3980,Ko Jin-young equals golfing history with dominant Founders Cup win - CNN,sport,golf,11,0.3641407438421195
3981,Czech President in 'stable' condition after post-election hospitalization  - CNN,news,europe,1,0.3224015848430125
3982,France wins UEFA Nations League as VAR decision leaves Spain frustrated - CNN,sport,football,0,0.5639236026607319
3983,"Lava from La Palma volcano sparks cement factory fire, pushing 2,500 people into lockdown - CNN",news,europe,1,0.5848486434776852
3984,Alexander Schallenberg sworn in as Austria chancellor after Sebastian Kurz quits amid corruption inquiry - CNN,news,europe,5,0.766216304450422
3985,"Iga Swiatek: Tennis star to donate $50,000 prize money to World Mental Health Day - CNN",sport,tennis,4,0.45834152491778957
3986,Neymar says the 2022 FIFA World Cup is his last  - CNN,sport,football,5,0.7202429570796129
3987,Cristiano Ronaldo Fast Facts - CNN,news,europe,2,0.47035740012029276
3988,"Belarus: Record number of people attempt to cross the Polish border, officials say - CNN",news,europe,1,0.6509206860732347
3989,"Prince Andrew: London's Met Police taking ""no further action"" against the Duke of York - CNN",news,uk,8,0.4951681746277674
3990,Premier League: Vaccination rates of players remain shrouded in mystery - CNN,sport,football,0,0.5836857355345756
3991,Bolshoi Theatre performer killed in accident on stage during opera - CNN,news,europe,3,0.8854151555222857
3992,"Russian plane crash: Aircraft carrying parachutists comes down, killing 16 - CNN",news,europe,5,0.5107245438048491
3993,LGBT+ fan groups alliance criticises Newcastle takeover - CNN,sport,sport,0,0.4993360055234868
3994,World Mental Health Day: Canadian goalkeeper Stephanie Labbe's journey through panic attacks to Olympic gold - CNN,sport,football,9,0.4874609823550529
3995,Tyson Fury knocks out Deontay Wilder to retain WBC title in heavyweight fight for the ages - CNN,sport,sport,10,0.5933647439390404
3996,Lava blocks the size of buildings falling from La Palma volcano - CNN,news,europe,1,0.6336966564844824
3997,Lewis Hamilton limits damage to F1 title defense as Valtteri Bottas wins Turkish Grand Prix - CNN,sport,motorsport,5,0.7647938430134702
3998,"Atlanta Falcons vs. New York Jets: Myriad colors, a makeshift kicking net and the national anthem sung from atop the stadium: the NFL returns to London - CNN",sport,sport,0,0.7533909859343105
3999,Sebastian Kurz resigns as Austrian Chancellor amid corruption scandal - CNN,news,europe,5,0.9541655406330977
4000,"Lionel Messi: Leaving Barcelona was a shock, but PSG starr adjusting well in Paris - CNN",sport,football,1,0.9633325003749568
4001,Nathy Peluso: Spanish archbishop apologizes for racy music video filmed in Gothic cathedral - CNN,news,europe,7,0.35641386988465085
4002,Jim Kaat: Baseball broadcaster apologizes for insensitive remark during an MLB playoff game - CNN,sport,sport,6,0.6696702766094023
4003,Anti-trans rhetoric is rife in the British media. Little is being done to extinguish the flames - CNN,news,uk,6,0.3089631934601638
4004,Emma Raducanu says she needs to cut herself 'some slack' after defeat by Aliaksandra Sasnovich at Indian Wells - CNN,sport,tennis,4,0.30919789902209904
4005,Jon Gruden: Raiders coach described head of the NFL Players Association DeMaurice Smith using racially insensitive language in 2011 - CNN,sport,sport,0,0.979629022559536
4006,"Kyrie Irving: Brooklyn Nets star will be able to practice with his team, but won't be able to play home games due to vaccination status - CNN",sport,sport,9,0.7611205456017949
4007,Belgium vs. France: Romelu Lukaku thought he'd won it but VAR had other ideas as Theo Hernandez strike decides thriller - CNN,sport,football,0,0.5240627421372059
4008, Oisin Murphy: Top jockey takes 'full responsibility' after failing breathalyzer test ahead of race  - CNN,sport,sport,5,0.3563695559253376
4009,Tyson Fury vs. Deontay Wilder: How to watch trilogy fight between heavyweight stars to settle rivalry - CNN,sport,sport,10,0.9294847466735507
4010,US judge recommends Cristiano Ronaldo rape case be dismissed - CNN,sport,football,5,0.4393731327699401
4011,Analysis: The Countess of Wessex is getting real about menopause. Why her groundbreaking message matters - CNN,news,uk,7,0.6205182122658424
4012,Gavi: Teenager becomes Spain's youngest international as Italy's 37-game unbeaten streak ends - CNN,sport,football,3,0.599630544002392
4013,"National Women's Soccer League players pause mid-match, stand in solidarity in first match back following postponement - CNN",sport,football,0,0.5961254040788454
4014,NBA players fraud charges: 18 former NBA players indicted for allegedly trying to defraud league's health care plan out of millions - CNN,sport,sport,10,0.4532748582602005
4015,100-year-old goes on trial in Germany accused of Nazi war crimes  - CNN,news,europe,6,0.9490732140996196
4016,Tyson Fury promises to knockout Deontay Wilder in heated press conference ahead of trilogy fight - CNN,sport,sport,10,0.48209352201798483
4017,MLB playoffs: Dynasties and bragging rights are at stake  - CNN,sport,sport,2,0.9166648933213206
4018,Footballers are playing an 'obscene' amount of games. Will a World Cup every two years make it worse? - CNN,sport,football,0,0.8070811293398922
4019,Mussolini's granddaughter tops polls in Rome council vote - CNN,news,europe,0,0.37510451784301907
4020,William Ribeiro: Brazilian footballer charged with attempted murder after kicking referee in the head - CNN,sport,football,0,0.4753568460769738
4021,Newcastle United's takeover by a Saudi Arabian-backed consortium is agreed - CNN,sport,football,0,0.5916865104128849
4022,"Andrew Wiggins on getting vaccinated: 'Not something I wanted to do, but kind of forced to' - CNN",sport,sport,11,0.6991576389986051
4023,How Manchester United signed Cristiano Ronaldo in Gary Lineker's back garden - CNN,sport,football,5,0.6100710346225106
4024,"Inside Boris Johnson's post-Brexit bubble, where he's king of his party but cut off from reality - CNN",news,uk,1,0.9541651056866234
4025,Brooks Koepka and Bryson DeChambeau to face off in latest edition of 'The Match' - CNN,sport,golf,1,0.6243131104415727
4026,UK high court finds Dubai's Sheikh Mohammed hacked ex-wife's phone using spyware - CNN,news,europe,2,0.40839393135545715
4027,France Catholic Church: Pope expresses 'shame' over Church response to sexual abuse survivors following report - CNN,news,europe,10,0.8322378317106786
4028,Does the footballing world really care about kicking homophobia out? - CNN,sport,football,5,0.28752998935310703
4029,Cyclist Elinor Barker says she won silver at Tokyo Olympics while pregnant - CNN,sport,sport,9,0.6561384076659711
4030,"Urban Meyer must 'regain our trust' after 'inexcusable' video, says Shad Khan - CNN",sport,sport,0,0.6144903907199765
4031,Former NWSL coach called 'predator' as players speak out about sexual misconduct accusations  - CNN,sport,football,7,0.6445532495253825
4032,"UK red list: Premier League footballers offered new quarantine rules for international break, but Jurgen Klopp says it's 'not a real solution' - CNN",sport,football,0,0.8582503706219714
4033,David Cameron Fast Facts - CNN,news,europe,2,0.6583918051630918
4034,Gerry Adams Fast Facts - CNN,news,europe,2,0.6137041505277809
4035,Alex Ferguson says Cristiano Ronaldo should have started against Everton - CNN,sport,football,5,0.40723202494527516
4036,"Lars Vilks, Swedish 'Mohammed' cartoonist, killed in car crash - CNN",news,europe,2,0.6645445669806463
4037,"France Catholic church abuse scandal: 216,000 minors sexually abused, report finds - CNN",news,europe,10,0.48674334794604357
4038,Asisat Oshoala: How a grandmother's belief gave birth to an African soccer superstar - CNN,sport,football,0,0.3293004003437947
4039,Alexander Zverev: ATP to investigate domestic abuse allegations - CNN,sport,tennis,4,0.3665526133973476
4040,Dinky dinosaur was the smallest of its kind when it roamed Wales 200 million years ago - CNN,news,europe,0,0.48964343527208887
4041,Bubba Wallace becomes 2nd Black person to win NASCAR Cup Series - CNN,sport,sport,5,0.7491184556734172
4042,La Palma volcano increasingly aggressive as Spain's leader announces emergency funds - CNN,news,europe,1,0.6834461286292455
4043,River Plate defeats Boca Juniors as ex-Manchester United star Marcos Rojo sees red - CNN,sport,football,11,0.6882925043739969
4044,London police officer charged with rape - CNN,news,uk,8,0.5151165498254193
4045,La Palma volcano: Lava flow thickens after volcanic crater collapses - CNN,news,europe,1,0.9618047665167904
4046,Union Berlin apologizes over anti-Semitic incidents at match against Maccabi Haifa - CNN,sport,football,0,0.9647423261702925
4047,"Milan: Small plane crashes into empty building in city outskirts, all 8 onboard die - CNN",news,europe,3,0.4501353436727938
4048,Tom Brady makes triumphant return to New England Patriots with victory and all-time passing record - CNN,sport,sport,8,0.9633325765126294
4049,Park Ji-sung: Ex-Manchester United star urges fans to stop singing his chant which includes racial stereotype  - CNN,sport,football,0,0.5691295218460545
4050,Russia test fires submarine-launched hypersonic Tsirkon missile for first time - CNN,news,europe,5,0.6031564111257708
4051,Claudio Ranieri: Watford hire former Premier League winner as manager - CNN,sport,football,0,0.9490736681680122
4052,Paris-Roubaix: Italian Sonny Colbrelli wins epic race - CNN,sport,sport,5,0.7595066471564517
4053,Tani Adewumi: How chess changed the fortunes of 11-year-old prodigy and his family - CNN,sport,sport,3,0.429467209525928
4054,Liverpool vs Man City: Mohamed Salah scores stunning solo goal - CNN,sport,football,0,0.4960752749149858
4055, London Marathon 2021: Joyciline Jepkosgei races to victory in women's race  - CNN,sport,sport,8,0.38732635478549715
4056,The Green Bay Packers added a pocket to Aaron Jones' jersey so he can play while carrying his father's ashes - CNN,sport,sport,3,0.7437222648674275
4057,"Sarah Everard was murdered by a UK police officer. Without urgent changes to policing, campaigners fear she won't be the last - CNN",news,uk,8,0.6360618242825814
4058,"Up to 3,200 pedophiles in French Catholic Church since 1950, according to independent commission - CNN",news,europe,10,0.6894309926270661
4059,Lionel Messi suffers first defeat as a PSG player as Rennes stages surprise   - CNN,sport,football,0,0.3812055256627088
4060,Boris Johnson's reign is becoming one long crisis - CNN,news,uk,1,0.7579545552343616
4061,"Police failure to tackle violence against women 'infuriating,' UK PM Boris Johnson tells The Times - CNN",news,uk,1,0.5146569861184753
4062,"Sky Brown: Teenage skateboard sensation saddened by plight of Afghan girls, saying 'girls can do anything that boys can do but even better' - CNN",sport,sport,9,0.2900185356454346
4063,Lizzie Deignan makes history by winning first women's Paris Roubaix - CNN,sport,sport,4,0.5408868982285395
4064,National Women's Soccer League commissioner quits as weekend matches are cancelled after sexual miscoduct allegations against fired coach - CNN,sport,football,7,0.515757192321853
4065,Manchester United vs. Everton: Cristiano Ronaldo is named on the substitutes' bench as Andros Townsend goal grabs draw - CNN,sport,football,0,0.5401221437271081
4066,John Kerry says emissions cuts are 'do-able' as ministers wrap last meeting ahead of COP26 - CNN,news,europe,1,0.39157273230077594
4067, Alexander Lukashenko: Belarusian strongman tries to turn the tables in combative interview - CNN,news,europe,5,0.5851928140256321
4068,Analysis: Australia's climate policy is being dictated by a former accountant in a cowboy hat - CNN,news,australia,1,0.7556931485717234
4069,"Fertility treatments for lesbian and single women legalized in France. A sperm shortage could slow things down
France has legalized fertility treatments for lesbian and single women. But a sperm shortage could slow things down. 
 - CNN",news,europe,5,0.5032152933320146
4070,Analysis: Britain's royal family love James Bond. There's a few reasons for that - CNN,news,uk,7,0.5265678788258531
4071,Tom Brady hypes Buccaneers-Patriots game with homecoming video  - CNN,sport,sport,8,0.5999374481268153
4072,Ukrainian Hockey League criticized for 'pathetic' punishment for racist gesture - CNN,sport,sport,3,0.3764156122378215
4073,Pele: Brazil legend leaves hospital after surgery to remove tumor - CNN,sport,football,7,0.6615398337338473
4074,"Princess Beatrice, granddaughter of Queen Elizabeth II, reveals name of her first child - CNN",news,uk,3,0.5563454320029756
4075,"French former police officer identified as serial killer and rapist, ending 35-year hunt - CNN",news,europe,10,0.6023411840394322
4076,Mark Clattenburg: Former Premier League referee criticized for 'outdated' comments on female referees - CNN,sport,football,0,0.8120946875657495
4077,Europa League: Crowd trouble once again mars fixtures - CNN,sport,football,0,0.9583317061528582
4078,Vaccine hesitancy: These EU nations are still miles behind their neighbors - CNN,news,europe,10,0.6119989420210953
4079,Glen Kamara: Rangers to lodge official complaint over 'racist' booing at midfielder - CNN,sport,football,0,0.6686245053212241
4080,"Caught in the midst of a bullying scandal, South Korean volleyball twins Lee Jae-yeong and Lee Da-yeong controversially sign for Greek club - CNN",sport,sport,11,0.6313774777919998
4081,Sarah Everard murder: London's police criticized after warning women to be wary of lone officers - CNN,news,uk,8,0.9738091837823459
4082,Magnus Carlsen: How to become a chess grandmaster - CNN,sport,sport,6,0.7795440509406747
4083,National Women's Soccer League team North Carolina Courage fires head coach following accusations of sexual manipulation and misconduct - CNN,sport,football,0,0.3828098825525961
4084,Exclusive: Belarus President Alexander Lukashenko derides reports of abuse as 'fake and fantasy' - CNN,news,europe,5,0.6575566122354519
4085,Netherlands says Omicron variant was already in country earlier than previously thought - CNN,news,europe,10,0.9738089742520705
4086,Michigan football coach Jim Harbaugh says he will gift his bonus to staffers who took pay cuts - CNN,sport,sport,8,0.641891223179134
4087,"Tiger Woods says his days of being a full-time golfer are over: 'Never full time, ever again' - CNN",sport,golf,2,0.6143041269225132
4088,Iran nuclear talks resume with upbeat comments despite skepticism - CNN,news,europe,10,0.49435456649081355
4089,"Afghan women footballers: Safe and alive, but 'traumatized,' their future in the UK is still very uncertain  - CNN",sport,sport,11,0.47719971201971895
4090,"Monday Night Football: Seahawks fall as coach says Russell Wilson has 'to do better, we all got to do better' - CNN",sport,sport,11,0.7118433802270998
4091,FIFPro: Vincent Kompany says football boardrooms are a 'hotbed of inequality' in new anti-racism report - CNN,sport,football,10,0.3929882294545657
4092,Russia says Zircon hypersonic missile hit target in latest test - CNN,news,europe,5,0.756406185828344
4093,Spain's La Palma volcano continues to wreak havoc more than 2 months on - CNN,news,europe,1,0.9694437935159503
4094,Ballon d'Or: Cristiano Ronaldo hits back after France Football boss stokes Lionel Messi rivalry  - CNN,sport,football,5,0.41340129443186646
4095,Mohamed Aboutrika: Former footballer calls homosexuality a 'dangerous ideology' against the backdrop of the Premier League's Rainbow Laces campaign - CNN,sport,football,0,0.5588844426285494
4096,"Qatar 2022: Amid ongoing human rights concerns, World Cup chief promises host nation is 'tolerant' and 'welcoming' - CNN",sport,football,5,0.6128153432902033
4097,Tiger Woods on playing again: 'I don't know when that is going to happen' - CNN,sport,golf,2,0.9713534077738489
4098,"Novak Djokovic likely to skip Australian Open over vaccine mandate, says father - CNN",sport,tennis,4,0.5095885398822202
4099,Fenway Sports Group acquires NHL's Pittsburgh Penguins  - CNN,sport,sport,0,0.3670492500141861
4100,Mikaela Shiffrin equals Ingemar Stenmark's record with 46th World Cup slalom win - CNN,sport,sport,5,0.6848822134110037
4101,"Lionel Messi wins seventh Ballon d'Or, while Alexia Putellas wins her first women's title - CNN",sport,football,1,0.4794064211938071
4102,"UK to offer booster shots to all adults, just 3 months after their second dose - CNN",news,uk,10,0.6538659940357836
4103,Enes Kanter will legally change his name to Enes Kanter Freedom - CNN,sport,sport,2,0.645682256498168
4104,NFL: New England defense bullies Tennessee in 36-13 victory for sixth straight win - CNN,sport,sport,8,0.41903891902972157
4105,Cristiano Ronaldo benching for Manchester United causes fierce debate between pundits - CNN,sport,football,0,0.5034923695462087
4106,Ralf Rangnick appointed Manchester United interim manager - CNN,sport,football,0,0.8270054906539442
4108,"Philadelphia 76ers star Joel Embiid on bout with Covid-19: ""I really thought I wasn't going to make it"" - CNN",sport,sport,6,0.6244632159675889
4109,Ballon d'Or 2021: Who will be crowned the best players in men's and women's football? - CNN,sport,football,0,0.4700146648669162
4110,Magdalena Andersson elected Sweden's first female Prime Minister -- again - CNN,news,europe,1,0.9618040336397639
4111,"Lee Elder, the first Black golfer to play at the Masters, dies at 87 - CNN",sport,golf,11,0.6894832953446466
4112,"Mallory Weggemann: 'Swimming saved my life,' says five-time Paralympic medalist - CNN",sport,sport,9,0.579447642172975
4113,Czech President appoints new Prime Minister from a glass box - CNN,news,europe,1,0.38555075100318686
4114,"LeBron James: Los Angeles Lakers forward fined $15,000 for 'obscene gesture' celebration - CNN",sport,sport,4,0.849263368119228
4115,Switzerland votes to keep Covid restrictions as cases surge - CNN,news,europe,10,0.5069793374181358
4116,Benfica match abandoned after Covid-hit opponents left with six players - CNN,sport,football,6,0.4320155813023921
4117,Chelsea and Manchester United play out pulsating draw in Premier League - CNN,sport,football,0,0.777856794885354
4118,George Kambosos Jr. stuns Teofimo Lopez to become unified lightweight champion - CNN,sport,sport,0,0.9345214523256784
4119, NFL Pro Football Hall of Famer Curley Culp dies at age 75 - CNN,sport,sport,11,0.9672614270393819
4120,"Frank Williams, Williams F1 team founder, dies at 79 - CNN",sport,motorsport,11,0.8600591462110314
4122,Peng Shuai: Human Rights Watch accuses IOC of sportswashing in case of Chinese tennis star - CNN,sport,tennis,0,0.42943491850669385
4123,NHL postpones upcoming New York Islanders games due to Covid-19 outbreak - CNN,sport,sport,6,0.9140385988741084
4124,"World Chess Championship: Chess is sexy again. But for Magnus Carlsen, it's business as usual - CNN",sport,sport,6,0.5824569761639835
4125,Peng Shuai: WTA remains 'deeply concerned' about Chinese tennis star - CNN,sport,tennis,0,0.9730390443166242
4126,Newcastle United: The football fans that don't want their club owned by nation states and billionaires - CNN,sport,football,0,0.6696863322355262
4127,Arsenal win piles pressure on Newcastle United and new head coach Eddie Howe - CNN,sport,football,0,0.9683902922669082
4128,Brooks Koepka says he 'just wanted to spank' Bryson DeChambeau after soundly beating rival in fifth edition of 'The Match - CNN,sport,golf,4,0.48633890650394546
4129,Cowboys vs Raiders: Dallas suffers heartbreaking Thanksgiving overtime loss to Las Vegas - CNN,sport,sport,6,0.6947401855806442
4130,"Pigs go hog wild on golf course, injure two and force club closure - CNN",sport,golf,2,0.6556641909148528
4131,World Athletics finds female athletes target of 87 percent of online abuse at Tokyo Olympics  - CNN,sport,sport,9,0.47973145313104315
4132,Ralf Rangnick: Manchester United set to appoint German as interim manager -- reports - CNN,sport,football,0,0.5168085519961652
4133,Ukraine Volodymyr Zelensky: President says group of Russians and Ukrainians planning coup against him - CNN,news,europe,1,0.6137564006897216
4134,Belgium hammer Armenia 19-0 in Women's World Cup qualifying to set team record - CNN,sport,football,5,0.4632322456133996
4135,Ava White: Liverpool police launch murder inquiry after 12-year-old girl is killed - CNN,news,europe,6,0.5874304860040362
4136,Pat Cummins tasked with healing Australia after time of Paine - CNN,sport,sport,0,0.460309676524281
4137,Russia mining accident: Death toll in Siberian coal mine tragedy rises to more than 50 - CNN,news,europe,2,0.41114198895650494
4138,"Priti Patel, Britain's hardline home secretary, exposes the fault lines of a divided country - CNN",news,uk,1,0.30558096395150597
4139,Tom DeBlass: How MMA fighter overcame childhood abuse and father's addiction to become a champion - CNN,sport,sport,11,0.34029997792361927
4140,Peng Shuai: IOC member Dick Pound 'puzzled' by reaction to tennis player's video call - CNN,sport,tennis,9,0.398633472880899
4141,Prince William's overpopulation remarks will do women no favors - CNN,news,uk,7,0.9236100218988627
4142,"French fishermen threaten to block Channel Tunnel, ports in protest over fishing licenses - CNN",news,europe,6,0.9563476463037914
4143,English Channel tragedy: At least 27 people dead after migrant boat sinks off French coast - CNN,news,europe,6,0.537777329481511
4144,"English Channel tragedy: After dozens drown, England and France ramp up war of words - CNN",news,europe,1,0.5082695692250319
4145,Manchester City defeat Paris Saint-Germain as both teams qualify for Champions League knockout stages - CNN,sport,football,0,0.5126373478397178
4146,Karim Benzema: French court says Real Madrid star used 'subterfuge and lies' in sex tape case - CNN,sport,football,6,0.975224746252326
4147,Russia's Putin tests experimental intranasal Covid-19 vaccine - CNN,news,europe,5,0.47854268820117574
4148,"Marko Grilc: Snowboarder dies in accident, according to sponsors - CNN",sport,sport,10,0.47437490095980006
4149,Ancient case of disease spillover discovered in Neanderthal man who got sick butchering raw meat - CNN,news,europe,2,0.9601439080360681
4150,Golden State Warriors: Tracy McGrady backs Dubs to outgun the Lakers in championship race - CNN,sport,sport,11,0.9672613846430499
4151,Zac Stacy's ex-girlfriend testifies she fears for her safety after violent assault caught on camera - CNN,sport,sport,6,0.4550563765679257
4152,Bryson DeChambeau vs. Brooks Koepka: How an internet meme helped fuel sport's biggest rivalry - CNN,sport,golf,1,0.5697440278292885
4153,Qatar World Cup: Norwegian broadcaster slams treatment of its journalists but Qatar says they were trespassing illegally - CNN,sport,football,5,0.6061966734963772
4154,Diego Maradona: How the 'Hand of God' and the 'Goal of the Century' redefined football - CNN,sport,football,0,0.5698800737551061
4155,LeBron James: Superstar gets fans ejected from game on return and hits clutch 3 in Lakers OT win - CNN,sport,sport,4,0.7042200021543498
4156,UK lawmaker Stella Creasy reprimanded for bringing baby to work - CNN,news,uk,1,0.4577045501309161
4157,Magdalena Andersson: Sweden's first female prime minister resigns - CNN,news,europe,1,0.5372004738187914
4158,"Windrush scandal: Just 5% of victims have received compensation, report says - CNN",news,uk,1,0.5240517601412858
4159,Karim Benzema: Real Madrid star found guilty of complicity in attempted blackmail in sex tape case - CNN,sport,football,6,0.9770830945560908
4160,"Barcelona vs Benfica: Barça's Champions League hopes on knife edge, but club may have found its new star - CNN",sport,football,4,0.4432179733331248
4161,"Climate change: British people are more concerned about the crisis than Covid and Brexit, poll shows - CNN",news,uk,1,0.5560570110281239
4162,'IronGran': There's just no stopping this 78-year-old triathlete - CNN,sport,sport,3,0.7966976456662794
4163,Bayern Munich stars Joshua Kimmich and Eric Maxim Choupo-Moting test positive for Covid-19 as club grapples with virus - CNN,sport,football,6,0.5946980998425451
4164,Germany's incoming government unveils plans to legalize cannabis and phase out coal - CNN,news,europe,6,0.5545036255580276
4165,"WTA's stance on Peng has made it human rights champion, says former U.S. official - CNN",sport,tennis,0,0.5693689636926559
4166,Olaf Scholz: the man set to replace Angela Merkel as Germany's next chancellor  - CNN,news,europe,6,0.8294267014398455
4167,"Dick Vitale: Famous basketball announcer, who is battling cancer, emotional upon return - CNN",sport,sport,11,0.9490729918206363
4168,"Fearing new Russian threat, Ukraine races to upgrade its navy - CNN",news,europe,5,0.5938586780236658
4169,"Lobsters and crabs are sentient beings and shouldn't be boiled alive, UK report says - CNN",news,europe,11,0.5335136455870472
4170,As Romania struggles with Covid fourth wave bodies pile up outside hospital morgue  - CNN,news,europe,10,0.706460632603848
4171,Bulgaria bus fire: 12 children among 45 killed in accident - CNN,news,europe,10,0.3984773272984976
4172,Portugal's power production goes coal-free long before deadline - CNN,news,europe,10,0.34037955273944004
4173,Monday Night Football: Brady and Bucs back to winning ways with victory over Giants - CNN,sport,sport,11,0.48513049735158864
4174,LeBron James suspended for one game after a strike to an opposing player's face leads to scuffle - CNN,sport,sport,4,0.8377534403487854
4175,"Rory Dames: Coach of Chicago Red Stars women's soccer team resigns, a day before report alleges verbal and emotional abuse of players - CNN",sport,sport,0,0.6529259739174837
4176,"Rudy Guede, convicted over the murder of Meredith Kercher, a free man - CNN",news,europe,8,0.4526237258494632
4177,FIFA President Gianni Infantino sees 'great evolution' in Qatar amidst worker death reports  - CNN,sport,football,5,0.656453757774988
4178,Felix Afena-Gyan: AS Roma star says there was 'no racist intent' in banana comment captured in video - CNN,sport,football,3,0.6115717305985945
4179,Bubba Watson: 'I was fearing death' -- Two-time Masters champion shares mental health struggles - CNN,sport,golf,10,0.45954497074643286
4180,Manchester United qualifies for Champions League knockout stages with 2-0 victory against Villarreal - CNN,sport,football,0,0.4121347165227583
4181,Kevin Sinfield runs 101 miles in 24 hours for motor neurone disease charity - CNN,sport,sport,4,0.3671030153223795
4182,"French Prime Minister Jean Castex tests positive for Covid-19, forcing Belgium's leader to isolate  - CNN",news,europe,6,0.635260233727307
4183,"Belarus migrant crisis: The West's leaders agree that democracy is under attack, but how they can defend it is less obvious - CNN",news,europe,1,0.9683896100319086
4184,Violent clashes erupt during anti-lockdown demonstrations in Europe  - CNN,news,europe,10,0.7842738851945756
4185,"Alexander Zverev: After victory at the ATP Finals, is 2022 the year German tennis star can finally claim his first grand slam title? - CNN",sport,tennis,4,0.8292517387537209
4186,Lyon vs Marseille: French league game abandoned after player hit in head by water bottle thrown from crowd - CNN,sport,football,0,0.6668925862758872
4187,Tiger Woods posts first video taking practice swings since car accident in February - CNN,sport,golf,2,0.6378224487506718
4188,Who is Chinese tennis player Peng Shuai and what is happening with the Zhang Gaoli allegations? - CNN,sport,tennis,0,0.6014808442384177
4189,WTA chief Steve Simon says new video of Chinese tennis star Peng Shuai 'insufficient' to assure her safety - CNN,sport,tennis,0,0.9400317953456259
4190,Peng Shuai says is safe in video call with International Olympic Committee - CNN,sport,sport,9,0.4626039606618594
4191,Lewis Hamilton wins Qatar Grand Prix to cut Max Verstappen's championship lead to  - CNN,sport,motorsport,5,0.7098738280344769
4192,"The victims of the Belarus border crisis were obvious. For Poland's government, it was a useful distraction - CNN",news,europe,1,0.9672612598239128
4193,Jonathan Taylor thrusts himself into the race for this season's MVP in NFL after five touchdown performance   - CNN,sport,sport,0,0.9345224828159224
4194,Manchester United went viral again but for all the wrong reasons  - CNN,sport,football,0,0.5720675355218883
4195,Ole Gunnar Solskjaer sacked as Manchester United manager after string of poor results - CNN,sport,football,0,0.5255685039870244
4196,Italian island Vulcano evacuates residents over carbon dioxide levels - CNN,news,europe,1,0.8236703618629942
4197,"What's happening in Belarus? The border migrant crisis, explained - CNN",news,europe,1,0.6382063658063075
4198,"Baker Mayfield: QB's future with the Cleveland Browns seems uncertain, but advocacy for man on death row wins plaudits - CNN",sport,sport,6,0.7062624679228602
4199,Arsenal boss Mikel Arteta explains fiery clash with Jurgen Klopp during defeat to Liverpool - CNN,sport,football,0,0.7719207219585399
4200,France bear attack: 70-year-old hunter suffers 'serious' injury after encounter - CNN,news,europe,6,0.6436159605496266
4201,Russian rescue dog Monika has a new leash on life after prosthetics operation - CNN,news,europe,5,0.5260618566523536
4202,Queen marks first wedding anniversary without Prince Philip - CNN,news,uk,3,0.6246905876754806
4203,Australian Open: Tennis Australia CEO says players must be vaccinated to play in grand slam - CNN,sport,tennis,4,0.8494186229822817
4204,How Azeem Rafiq's testimony on racist abuse shines light on the sport's deep-rooted problems  - CNN,sport,sport,0,0.4153057922828014
4205,"Europe is learning a crucial lesson -- vaccines work, but they alone won't stop Covid now - CNN",news,europe,10,0.9541661972212493
4206,Copa Libertadores: South American football hopes to emerge from the pandemic with 3 club finals in 8 days - CNN,sport,football,11,0.5599917189366098
4207,Usain Bolt: 'I try to stay away as much as possible' from social media - CNN,sport,sport,7,0.6039165102121774
4208,Paris fire: Blaze near Place de L'Opera in French capital - CNN,news,europe,1,0.9517526150891258
4209,Pillow fighting enters combat sports arena: 'Don't get caught napping' - CNN,sport,sport,8,0.3616096916128365
4210,Rotterdam Covid-19 protests: Injuries reported after Dutch police fire warning shots at anti-lockdown demonstrators - CNN,news,europe,10,0.5616710107762016
4211,Kyle Larson says he's thankful for second chance - CNN,sport,motorsport,5,0.6006310110021861
4212,The EU realizes it can't rely on America for protection. Now it has a blueprint for a new joint military force - CNN,news,europe,1,0.5947401290303074
4213,Lewis Hamilton praised for defending LGBTI rights during F1 Qatar Grand Prix - CNN,sport,motorsport,5,0.7969076804501359
4214,"Kim Kardashian, Leeds owner Radrizzani help 130 Afghan female players fly to Britain - CNN",sport,football,0,0.3057313090359222
4215,Valtteri Bottas backs teammate Lewis Hamilton to triumph in F1 championship fight - CNN,sport,motorsport,5,0.4851371116088214
4216,Analysis: A court battle is brewing over Prince Philip's will - CNN,news,uk,8,0.3103379056350647
4217,Tim Paine: Australia Test cricket captain steps down over ​2017 texts sent to female colleague  - CNN,sport,sport,6,0.41523767987051186
4218,Ghana launches scathing attack on South Africa with FIFA set to review controversial penalty - CNN,sport,football,11,0.5082399897255384
4219,New England Patriots shut out Atlanta Falcons in Thursday Night Football thrashing as Mac Jones shines - CNN,sport,sport,8,0.6380138093405543
4220,"Austria Covid: Nationwide vaccine mandate announced, lockdown reimposed - CNN",news,europe,10,0.6515661725849399
4221,Bryan Habana: Springboks great says he would have taken the knee as a player if he had the opportunity - CNN,sport,sport,9,0.3607609344077934
4222,"World Cup 2022: Qatar inadequately investigating workplace deaths, says ILO - CNN",sport,football,10,0.6224557299459316
4223,Shohei Ohtani: Sensational two-way baseball star named the unanimous choice for MVP of the American League - CNN,sport,sport,11,0.5544806966867164
4224,Belarus-Poland border: Migrant camps cleared at border as first repatriation flight leaves for Iraq - CNN,news,europe,5,0.9541656889811677
4225,Peng Shuai: Chinese state media release alleged email from tennis star amid worry over whereabouts - CNN,sport,tennis,0,0.9049130836577206
4226,Former cricketer Azeem Rafiq apologizes for antisemitic comments he says he made in 2011 - CNN,sport,sport,0,0.9683901794090948
4227,British F-35 fighter jet crashes while flying off aircraft carrier HMS Queen Elizabeth - CNN,news,europe,1,0.3883576328678579
4228,Covid: Germany cases hit record high with Merkel warning of 'dramatic' situation - CNN,news,europe,10,0.7075864186477617
4229,WTA Finals: Garbiñe Muguruza becomes first Spanish player to win year ender - CNN,sport,tennis,4,0.7149940932812731
4230,Meet the DogPhone -- the device that lets dogs video call their humans - CNN,news,europe,2,0.8083294174053453
4231,Aid workers face trial in Greece for spying after refugee rescues - CNN,news,europe,10,0.5917355587848886
4232,"French dictionary adds non-binary pronoun, sparking anger - CNN",news,europe,6,0.8520492650289619
4233,Bucks vs Lakers: Giannis Antetokounmpo powers Milwaukee to win over LA - CNN,sport,sport,8,0.57258439959453
4234,Ebony Rainford-Brent: Former England cricketer shares racist letter she received  - CNN,sport,sport,11,0.3884568530306578
4235,Azeem Rafiq doesn't want his kids to play cricket and 'be in pain' from racism - CNN,sport,sport,0,0.6641331814343239
4236,Lilian Thuram: World Cup winner urges players to walk off pitch if racially abused  - CNN,sport,football,0,0.5252745163625869
4237,Chris Moneymaker: Meet the man who helped change the fortunes of poker overnight - CNN,sport,sport,2,0.9083310952465391
4238,World Cup qualifiers: Canada in wintery wonderland after beating Mexico - CNN,sport,football,5,0.9541657673256916
4239,Dying to be green: Are mushroom coffins the secret to an eco-friendly death? - CNN,news,europe,2,0.3829048200811179
4240,Charlie Sifford Award created for honoring 'spirit in advancing diversity in golf' - CNN,sport,golf,2,0.5881293068217968
4241,"Armenia and Azerbaijan agree ceasefire after border clash, Armenian Defense Ministry says - CNN",news,europe,5,0.9601442584086739
4242,Canelo Alvarez to fight Ilunga Makabu in bid to become a five-division titleholder - CNN,sport,sport,10,0.6853288870765617
4243,International Olympic Committee announces new framework on transgender athletes  - CNN,sport,sport,9,0.7407896911709487
4244,The Queen holds first engagement since missing Remembrance Sunday Service - CNN,news,uk,3,0.7079917931430493
4245,"Michael Savarino and Paolo Banchero, Duke basketball players, face DWI-related charges - CNN",sport,sport,11,0.5281021582028743
4246,Austria: What a suspected neo-Nazi's gun cache says about far-right extremism in Europe - CNN,news,europe,10,0.35087880295016904
4247,"Golden State Warriors: Curry says 'We have championship DNA,' after domination of Brooklyn Nets - CNN",sport,sport,11,0.700618048033267
4248,"Yunior Garcia Aguilera, Cuban activist, arrives in Spain - CNN",news,europe,7,0.6029263600829365
4249,Poland-Belarus border: Violence erupts as Polish guards fire water cannon on migrants  - CNN,news,europe,1,0.9633329101000137
4250,EU court rules against Poland over judicial appointments - CNN,news,europe,1,0.5897955907079362
4251,"Guanyu Zhou: First Chinese driver is huge for Alfa and F1, says Vasseur - CNN",sport,motorsport,5,0.5427395479209264
4252,Jewel thieves jailed for $35 million celebrity burglaries  - CNN,news,uk,0,0.6840371190069936
4253,Australian family rescued after days stranded in Simpson Desert - CNN,news,australia,11,0.7955626085827435
4254,Benjamin Mendy: Manchester City defender facing two additional rape charges - CNN,sport,football,11,0.45825217303673926
4255,"Julio Lugo, former MLB player, dies at age 45 - CNN",sport,sport,0,0.27643512876539783
4256,Ottawa Senators: NHL pauses team's season due to Covid-19 outbreak - CNN,sport,sport,6,0.743801643994317
4257,Europe Covid: Leaders turns the screws on the unvaccinated - CNN,news,europe,10,0.7518120854873332
4258,"Monaco's Princess Charlene to avoid public duties, as palace cites ill health - CNN",news,europe,7,0.6053422340676166
4259,'King Richard' portrays the power behind the Williams sisters' throne - CNN,sport,tennis,11,0.9427070678627593
4260,Why chaos in eastern Europe is never bad news for Vladimir Putin - CNN,news,europe,5,0.7967871903349037
4261,Nick Kyrgios rows back on support for unvaccinated players - CNN,sport,tennis,4,0.49948928737622145
4262,Monday Night Football: 49ers crush new-look Rams in 'humbling' second straight loss for LA - CNN,sport,sport,11,0.9541656386222186
4263,"Azeem Rafiq: 'You lot sit over there near the toilets,' says former cricketer as he details racial harassment and bullying - CNN",sport,sport,0,0.9738086969367818
4264,England scores double digits to thrash world's lowest-ranked team San Marino  - CNN,sport,football,11,0.9166647104801604
4265,All Blacks: How New Zealand handles 'huge public expectation'  - CNN,sport,sport,3,0.5802596270785578
4266,"'Megaspider' is biggest of its kind we've ever seen, Australian reptile park says - CNN",news,australia,0,0.45139463120239437
4267,US President Joe Biden called Irish rugby union team to congratulate them on their win over New Zealand - CNN,sport,sport,10,0.3129990419433623
4268,"Liverpool bomb incident: Man brought explosive device into taxi, police say - CNN",news,uk,8,0.4920933430777047
4269,Austria to impose Covid lockdown for the unvaccinated aged 12 and older - CNN,news,europe,10,0.5193035269607765
4270,Novak Djokovic battles past Casper Ruud in opening ATP Finals match - CNN,sport,tennis,4,0.9704289535377354
4271,Nelly Korda wins dramatic four-way playoff to continue dominant season - CNN,sport,golf,11,0.5970231159072817
4272,"Roger Federer unlikely to play Australian Open, says coach - CNN",sport,tennis,4,0.719543348496057
4273,EU slaps new sanctions on Belarus as NATO warns Russia over military buildup - CNN,news,europe,1,0.6942373716960677
4274,Cam Newton: QB shines in return to Carolina Panthers with two touchdowns in first two touches - CNN,sport,sport,11,0.8981452300547157
4275,"Valentino Rossi: In a sea of yellow, a final farewell to a legend - CNN",sport,motorsport,4,0.5763329852243472
4276,Serbia stuns Portugal to qualify for 2022 World Cup - CNN,sport,football,5,0.6984178544522932
4277,Liverpool Women's Hospital: Police arrest three after deadly car explosion - CNN,news,uk,8,0.49365978018336226
4278,Lewis Hamilton keeps title hopes alive with thrilling victory in Sao Paulo Grand Prix - CNN,sport,motorsport,5,0.8244962566319818
4279,Queen pulls out of Remembrance Sunday service after spraining her back - CNN,news,uk,3,0.7336187853474759
4280,Kylian Mbappe scores four as reigning World Cup champions France qualify for 2022 in Qatar - CNN,sport,football,6,0.3631996820600826
4281,Belarus-Poland border crisis: Families face bitter nights without shelter - CNN,news,europe,11,0.5001118857770029
4282,Cocaine worth $44 million found in onion rings cargo at UK border - CNN,news,uk,2,0.3773119796041742
4283,Packers vs Seahawks: Aaron Rodgers and Russell Wilson to both return - CNN,sport,sport,0,0.505204641541487
4284,Cam Newton: QB returns to Carolina Panthers. Is it a dream reunion come true? - CNN,sport,sport,11,0.8981468804246626
4285,T20 World Cup final: Australia wins first title with emphatic victory over New Zealand - CNN,sport,sport,5,0.38826749623707046
4287,Britain's army chief warns risk of accidental war with Russia is greater than during Cold War - CNN,news,europe,5,0.7873314195735696
4288,"Pittsburgh Steelers QB Ben Roethlisberger placed on the reserve/Covid-19 list, ruled out for Sunday's game  - CNN",sport,sport,6,0.5183381684768095
4289,"Steph Curry makes NBA history, passing Ray Allen for most three-pointers made - CNN",sport,sport,11,0.7041863652754614
4290,Dani Alves: Barcelona legend set to be reunited with new manager Xavi after 'agreement in principle' to return - CNN,sport,football,8,0.6641946196515761
4291,"Russia has 'nothing to do with' Poland-Belarus border crisis, Putin insists - CNN",news,europe,5,0.6061308425416874
4292,"Tiger Woods won't return 'if he can't play well,' according to Justin Thomas - CNN",sport,golf,2,0.7698338806391569
4293,US claims vital World Cup qualifying victory against rival Mexico - CNN,sport,football,5,0.960144209713339
4294,Pope thanks journalists for helping expose Church sex scandals - CNN,news,europe,10,0.8782113934755968
4295,Belarus-Poland border crisis: Russia and Belarus hold military drills  - CNN,news,europe,1,0.49571718130414283
4296,"Jon Gruden sues NFL, commissioner Roger Goodell - CNN",sport,sport,0,0.8866269743192566
4297,Green Bay Packers star quarterback Aaron Rodgers expected to play Sunday - CNN,sport,sport,3,0.9738090991924448
4298,Australia's last two flamingos get new lease of life at South Australia Museum - CNN,news,australia,10,0.7792231084509459
4299,Dolphins vs Ravens: Miami stuns Baltimore in upset victory on Thursday Night Football - CNN,sport,sport,11,0.9704297002024087
4300,Germany thrashes Liechtenstein 9-0 in FIFA World Cup qualifier - CNN,sport,football,5,0.7981844514058356
4301,Austria on verge of Covid lockdown for millions of unvaccinated people - CNN,news,europe,10,0.4352686624526879
4302,"PSG player Aminata Diallo released from police custody without charge, but investigation into attack is ongoing - CNN",sport,football,0,0.5423887980737945
4303,Emiliano Sala: Flight organizer sentenced over crash that killed football star - CNN,sport,football,6,0.3264054374615833
4304,Devon Conway: Injured New Zealand batsman will miss T20 World Cup final - CNN,sport,sport,3,0.5133370822330188
4305,Meghan's privacy case went back to court. Here's what you need to know - CNN,news,europe,8,0.7508620240130203
4306,Virat Kohli: Man in India arrested over alleged rape threats to cricket star's daughter following T20 World Cup dfeat to Pakistan - CNN,sport,sport,7,0.4068370172915419
4307,"Clippers vs Heat: LA beats Miami, extends win streak to six - CNN",sport,sport,11,0.5168546577267067
4308,Pedro Feliciano: Former New York Mets reliever dead at 45 - CNN,sport,sport,11,0.6049810998830188
4309,Prince Charles' closest aide Michael Fawcett resigns over cash-for-honors scandal - CNN,news,uk,8,0.966048574809278
4310,Dalvin Cook's former girlfriend filed a lawsuit accusing the Vikings running back of assault and other allegations  - CNN,sport,sport,11,0.9618043135154762
4311,"Minnesota Vikings vaccinated player was rushed to ER with Covid-19 symptoms, coach says - CNN",sport,sport,0,0.3361996520655439
4312,Poland-Belarus: Migrants face hypothermia and broken bones in freezing forests as crisis deepens - CNN,news,europe,1,0.7716030347295733
4313,Andy Murray reaches Stockholm Open quarterfinal - CNN,sport,tennis,4,0.4836681814959902
4314,"Germany Covid: Berlin bans unvaccinated from entertainment venues, as country battles record-breaking cases - CNN",news,europe,10,0.47562775856989015
4315,"Golfers get paid enough, says leading executive Keith Pelley after announcement of landmark sponsorship deal - CNN",sport,golf,0,0.5568369036576083
4316,Warriors vs Timberwolves: Golden State improve to 10-1 with win over Minnesota - CNN,sport,sport,11,0.9517538934242845
4317,Aminata Diallo: PSG player arrested in connection with an alleged attack on teammate - CNN,sport,football,0,0.568614095094081
4318,"Meghan, Duchess of Sussex, apologizes to UK court, denies any intention to mislead - CNN",news,uk,7,0.9683903168679073
4319,'We drank from puddles': Migrants describe brutal journey through forests on Belarus-Poland border - CNN,news,europe,5,0.5250630316819155
4320,Thursday Night Football: Baltimore Ravens look to keep momentum at struggling Miami Dolphins  - CNN,sport,sport,11,0.9704296748245972
4321,Aryna Sabalenka says she got vaccinated after contracting Covid-19 - CNN,sport,tennis,10,0.3648487950692245
4322,"Ukraine detains alleged head of illegal ""Isolation"" prison in Donetsk - CNN",news,europe,6,0.3432274359960952
4323,"Nikola Jokic suspended for one game, Markieff Morris fined $50,000 after on-court altercation  - CNN",sport,sport,6,0.5296538751805818
4324,Allyson Felix: Athletics superstar on using her platform to fight for change   - CNN,sport,sport,8,0.7772778965305139
4325,NFL fines Aaron Rodgers and Allen Lazard for not following Covid-19 protocols  - CNN,sport,sport,6,0.5000717301198997
4326,Emma Raducanu loses in Austria as she announces Torben Beltz as new head coach - CNN,sport,tennis,10,0.5207567889031522
4327,Enes Kanter felt encouraged to speak out against China after NBA supported players fighting other injustices  - CNN,sport,sport,2,0.4125583655523464
4328,"The US and Europe have finally reconnected, but they're moving in different directions on Covid-19 - CNN",news,europe,10,0.42049202251358675
4329,Cleveland Browns: Star Nick Chubb and two other running backs out due to Covid-19 protocols - CNN,sport,sport,6,0.7348861880935279
4330,Denmark ditched its Covid rules two months ago. Now it's joined other EU nations in mulling new restrictions  - CNN,news,europe,10,0.5929316206186666
4331,Australia shark attack: Search for man who went missing called off - CNN,news,australia,10,0.6331002005562998
4332,Damon Arnette: Las Vegas Raiders waive cornerback after gun-wielding video emerges - CNN,sport,sport,6,0.7686963387619381
4333,Packers vs Chiefs: Kansas City beats Green Bay without Aaron Rodgers - CNN,sport,sport,3,0.9752248129110922
4334,Oscar Pistorius' parole process could start in South Africa - CNN,sport,sport,11,0.5603330575566733
4335,Beijing 2022: Polish luger says Beijing barrier crash could have been a 'tragedy' - CNN,sport,sport,2,0.5567159855008944
4336,Crisis worsens on Poland-Belarus border as migrants congregate and troops are mobilized - CNN,news,europe,1,0.681018814623886
4337, Irfan Amjad: Yorkshire County Cricket Club investigating new allegations of racism - CNN,sport,sport,0,0.7753384714307748
4338,Steph Curry makes NBA history with 50 points and 10 assists in Golden State's win over the Atlanta Hawks - CNN,sport,sport,11,0.6841865099156028
4339,Lydia Ko romps to Saudi Ladies International victory while 18-year-old makes history - CNN,sport,golf,4,0.6730451463126371
4340,France will require Covid-19 booster shots for older citizens' health passes - CNN,news,europe,10,0.50431299507211
4341,Princess Charlene returns to Monaco after months-long absence - CNN,news,europe,11,0.611450716712913
4343,Monday Night Football: Steelers edge Bears in controversial contest to continue winning streak - CNN,sport,sport,11,0.973809020678665
4344,EU accuses Belarus of acting like 'gangster regime' as thousands of freezing migrants camp on Polish border - CNN,news,europe,1,0.6308340774437851
4345,French police officer survives stabbing attack in Cannes - CNN,news,europe,8,0.40977383984780624
4346,Communists missing from Czech parliament for the first time in 76 years - CNN,news,europe,10,0.7699327465273461
4347,Gay footballer Josh Cavallo says he would be 'scared' to play at the 2022 World Cup in Qatar - CNN,sport,football,5,0.5204262521271077
4348,Koalas are dying from chlamydia and climate change is making it worse - CNN,news,australia,10,0.4978695858931248
4349,Eddie Howe appointed new Newcastle United Head Coach - CNN,sport,football,0,0.8694934301620494
4350,WSL: Arsenal dominate again to maintain flawless start  - CNN,sport,football,0,0.5415984270691817
4351,Mexican Grand Prix: Max Verstappen wins ahead of Lewis Hamilton as he edges towards F1 title - CNN,sport,motorsport,5,0.8777946646418473
4352,Scotland wants to rewild its famous wilderness - CNN,news,uk,2,0.6083321788415673
4353,West Ham topple Liverpool's unbeaten run in five-goal thriller - CNN,sport,football,11,0.9294852167495626
4354,"Brooklyn Nets win fifth straight, take down Toronto Raptors - CNN",sport,sport,4,0.5345774571178734
4355,Bee swarm invades New Zealand cricket pitch during match - CNN,sport,sport,3,0.9460775741584939
4356,Kyle Larson wins NASCAR Cup Series championship at Phoenix Raceway - CNN,sport,motorsport,5,0.5802931106702469
4357,Barcelona throws away three-goal lead in thrilling 3-3 draw with Celta Vigo - CNN,sport,football,4,0.42401010867806493
4358,Death of pregnant woman ignites debate about abortion ban in Poland - CNN,news,europe,7,0.6606770805023117
4359,NASCAR Cup Series Championship 2021: What to know - CNN,sport,motorsport,5,0.9114033281370313
4360,"Usman, Namajunas win UFC 268 title fights - CNN",sport,sport,3,0.47162172998465773
4361,"Novak Djokovic secures year-end No. 1 spot for record seventh time, surpassing Pete Sampras - CNN",sport,tennis,4,0.47813138871859057
4362,"NYC marathon: Time, route, what to know - CNN",sport,sport,11,0.7681384273264782
4363,NFL Week 9: Five things to watch out for - CNN,sport,sport,6,0.7192355695984602
4364,Albert Korir and Peres Jepchirchir win 2021 New York City Marathon - CNN,sport,sport,11,0.9583321224965458
4365,Aaron Rodgers: What's next for star quarterback and the Green Bay Packers? - CNN,sport,sport,3,0.975224824763231
4366,New York CIty Marathon: Abdi Nageeye reflects on his 'emotional' act of Olympic sportsmanship  - CNN,sport,sport,9,0.5679853630117344
4367,Barcelona appoints club legend Xavi as new coach - CNN,sport,sport,0,0.590832653444291
4368,Bosnia: A dangerous crisis is brewing in the Balkans - CNN,news,europe,1,0.8244128898254611
4369,"UFC 268: fight card, start time and what to know - CNN",sport,sport,5,0.6767177523999688
4370,Madrid: Camels escape from circus and venture out to explore city - CNN,news,europe,0,0.44627833938772987
4371,Wales paddleboarding incident: Woman arrested after fourth death - CNN,news,uk,2,0.3894662361703713
4372,Manchester United suffers 2-0 defeat against rival Manchester City as pressure grows on manager Ole Gunnar Solskjaer - CNN,sport,football,0,0.6833780309292419
4373,NYC Marathon: Kenenisa Bekele ready to 'make more history' as the New York City Marathon returns - CNN,sport,sport,11,0.9683904411867613
4374,"Europe facing 500,000 more Covid deaths by February, WHO warns - CNN",news,europe,10,0.8188860024634365
4375,Australia postpones first-ever Test match against Afghanistan until 'situation is clearer' - CNN,sport,sport,6,0.5538235750299495
4376,Greta Thunberg draws thousands to Glasgow for COP26 youth protest  - CNN,news,europe,1,0.8618368581955971
4377,Modern Pentathlon opts to remove horse riding from competition - CNN,sport,sport,0,0.623192417612188
4378,Yorkshire County Cricket Club chairman resigns and apologizes 'unreservedly' to Azeem Rafiq following racism allegations - CNN,sport,sport,0,0.9764954995360441
4379,"Australia's Great Barrier Reef will survive if warming kept to 1.5 degrees, study finds - CNN",news,australia,10,0.5182518604405918
4380,Antonio Conte: Spurs win first match under new manager - CNN,sport,football,0,0.9618042817832881
4381,Macron's ex-bodyguard handed jail sentence over May Day assaults - CNN,news,europe,6,0.5479821458592924
4382,"Robert Sarver, owner of Phoenix's NBA and WNBA teams, to be investigated after ESPN report - CNN",sport,sport,11,0.49095985468119946
4383,"Aaron Rodgers tells radio show he is unvaccinated, getting Covid advice from Joe Rogan - CNN",sport,sport,3,0.6030251721200688
4384,"Red Bull Imagination: Dirt, danger and big, big air - CNN",sport,motorsport,11,0.5915089818162177
4385,Germany offers booster shots to everyone amid 'very worrying' surge in cases - CNN,news,europe,10,0.8258489292844713
4386,Analysis: What happened when the royal ecowarriors descended on COP26 - CNN,news,uk,7,0.364884355922708
4387,Russian diplomat found dead on street outside Berlin embassy - CNN,news,europe,5,0.5864170891779827
4388,Name of former Blackhawks video coach removed from Stanley Cup trophy - CNN,sport,sport,3,0.9672611161790355
4389,Satellite photos raise concerns of Russian military build-up near Ukraine - CNN,news,europe,1,0.5715372992337114
4390,Suspect in Cleo Smith kidnapping sent to hospital after self-harming in police custody - CNN,news,australia,10,0.7819006742165516
4391,"Billie Jean King Cup: Russia and US set up semifinal clash
 - CNN",sport,tennis,4,0.45582735578280603
4392,Boris Johnson's government in fresh swirl of murk and sleaze accusations - CNN,news,uk,1,0.6827400606093252
4393,Italian couple find endangered bear on their balcony - CNN,news,europe,11,0.5417934943645102
4394,Gary Ballance: Cricketer admits using racial slur towards former Yorkshire teammate Azeem Rafiq - CNN,sport,sport,0,0.956348455121871
4395,Eliud Kipchoge: Marathon world record holder has 'the qualities of an ascetic monk' - CNN,sport,sport,8,0.5022872604923421
4397,"Brooklyn Nets: Kevin Durant dazzles in win, Kyrie Irving would be ""welcomed back"" if NYC vaccine mandate lifted - CNN",sport,sport,4,0.47492851389359064
4398,Atlanta Braves win World Series for the first time since 1995 - CNN,sport,sport,0,0.9694438529045145
4399,Thierry Henry says social media companies make 'money through hate' as he launches online campaign - CNN,sport,football,7,0.8054716296581094
4400,Liverpool dominate Atlético Madrid in feisty Champions League clash - CNN,sport,football,4,0.7482330075584808
4401,"Two dead, one injured ahead of ABBA tribute concert in Sweden - CNN",news,europe,6,0.45999709069986044
4402,"Germany is experiencing a 'massive' pandemic of the unvaccinated, says health minister - CNN",news,europe,10,0.7407874009617142
4403,Saudi Ladies International: Stars return to Saudi Arabia as women's golf battles for equality - CNN,sport,golf,4,0.9647426417994304
4404,Aaron Rodgers: Packers QB out for Chiefs game due to Covid-19 protocols - CNN,sport,sport,3,0.7426272189288666
4405,Cleo Smith's mother says: 'Our family is whole again'  - CNN,news,australia,10,0.5008649002480233
4406,"Rana Reider, prominent track and field coach, under investigation over sexual misconduct complaints - CNN",sport,sport,8,0.5768558628181757
4407,"Real Madrid becomes first team to score 1,000 Champions League goals - CNN",sport,football,4,0.5539026894406809
4409,Carl Hayman: Former All Black diagnosed with early onset dementia - CNN,sport,sport,3,0.9388865894818026
4410,Barcelona: Barça scrapes to win while Robert Lewandowski scores hat-trick - CNN,sport,football,0,0.4132462107992429
4411,Yorkshire cricket board faces pressure over the racism row with Azeem Rafiq - CNN,sport,sport,0,0.9647423799559656
4412,"Lakers vs Rockets: Big Three shine as the LA beats Houston, Chris Paul moves to third in all-time assist list - CNN",sport,sport,4,0.6521364594701192
4413,Cristiano Ronaldo saves Manchester United point with dramatic goal - CNN,sport,football,0,0.3822799980299769
4414,Greta Thunberg says she's going 'net-zero' on cussing after COP26 sing-along  - CNN,news,uk,2,0.661984035492147
4415,This is what Aaron Rodgers has said about his Covid-19 vaccine status - CNN,sport,sport,3,0.750097602287369
4416,"Cleo Smith, 4, who vanished from Australian campsite, found alive in locked house  - CNN",news,australia,10,0.5494982901638679
4417,World Series Game 6: 'No pressure' for the Atlanta Braves as Astros threaten fightback - CNN,sport,sport,0,0.9683903681669401
4418,Sepp Blatter and Michel Platini indicted for fraud in Switzerland - CNN,sport,football,1,0.41601118379758373
4419,Boris Johnson talks up COP26 climate deals but stumbles on Attenborough mask controversy  - CNN,news,uk,1,0.6745256613318257
4420,Raptors vs Knicks: Toronto beats New York as the NBA celebrates its 75th anniversary - CNN,sport,sport,6,0.954165777498065
4421,Melbourne Cup 2021: Verry Elleegant wins Australia's horse race - CNN,sport,sport,0,0.34106089900878084
4422,Von Miller: Former Bronco reflects on 'amazing run' with Denver as he joins the Los Angeles Rams - CNN,sport,sport,4,0.4792950113736777
4423,Antonio Conte named new Tottenham Hotspur coach - CNN,sport,football,0,0.7005306967048134
4424,"Bosnia's peace deal is at risk of unraveling, warns envoy - CNN",news,europe,10,0.5465117596716197
4425,Two London police officers admit sharing photos of murdered sisters - CNN,news,uk,8,0.5416924048583248
4426,Miguel Mena: Jockey killed in pedestrian accident - CNN,sport,sport,3,0.41780906305677334
4427,Alexey Navalny Fast Facts - CNN,news,europe,9,0.5024826584391286
4428,Chiefs vs Giants: Kansas City edges New York but 'everything's not beautiful' - CNN,sport,sport,11,0.7972920562255078
4429,Sergio Aguero: Barcelona star ruled out for three months following 'cardiological evaluation' - CNN,sport,football,7,0.946075724251776
4430,Nuno Espírito Santo sacked by Tottenham Hotspur - CNN,sport,football,0,0.793681022851116
4431,Buccaneers vs Saints: Tom Brady's Tampa Bay stunned by New Orleans - CNN,sport,sport,8,0.686839265557337
4432,Macron says Morrison lied to him about AUKUS submarine deal - CNN,news,australia,6,0.4083192728731541
4434,NFL player Malik Harrison suffers non-life-threatening wound from stray bullet - CNN,sport,sport,6,0.9460770828445484
4435,Astros vs Braves Game 5: Houston keeps World Series alive after beating Atlanta - CNN,sport,sport,0,0.9672610554503426
4436,Calvin Ridley: Atlanta Falcons star to 'step away from football' to focus on mental health - CNN,sport,sport,10,0.4865821392474246
4437,Zlatan Ibrahimovic scores 400th career league goal in AC Milan's win over AS Roma - CNN,sport,football,3,0.39121888862126153
4438,Queen Elizabeth II seen driving on Windsor estate after canceling engagements on medical advice - CNN,news,uk,3,0.6219903625083015
4439,International Handball Federation changes 'sexist' uniform regulations following criticism - CNN,sport,sport,2,0.5915318510948412
4440,Prince Andrew in the spotlight after Ghislaine Maxwell conviction - CNN,news,europe,7,0.38161181255134113
4441,"Russia lists Pussy Riot member, art collector and satirist as 'foreign agents' - CNN",news,europe,2,0.47471643907161665
4442,Rafa Nadal reaches Melbourne ahead of Australian Open - CNN,sport,tennis,4,0.685556764819564
4443,"Ben Roethlisberger: 'This could be it,' says quarterback as prepares for likely last dance in Pittsburgh  - CNN",sport,sport,6,0.6860259331088264
4444,Analysis: Royals hope for jubilee reset after tumultuous 12 months  - CNN,news,uk,11,0.4867240814983299
4445,Romelu Lukaku: Thomas Tuchel surprised by striker's 'unhelpful' comments on dissatisfaction and Inter return - CNN,sport,football,0,0.46215618170635336
4446,"Winter Olympics: Diplomatic boycott of Beijing Games is 'meaningless', says Coe - CNN",sport,sport,9,0.5536290071761665
4447,João Cancelo: Manchester City defender assaulted during burglary at his home - CNN,sport,football,11,0.5436565410107115
4448,Boston Celtics great Sam Jones has died at 88 - CNN,sport,sport,11,0.40398478617338124
4449,"Diana, Princess of Wales funeral: Plea to Buckingham Palace for Elton John performance revealed - CNN",news,uk,7,0.5602556729931337
4450,Manchester City juggernaut looks destined to make another procession of Premier League title race - CNN,sport,football,0,0.9758764187507566
4451,China bans footballers from getting tattoos - CNN,sport,football,0,0.473546144219826
4452,Cristiano Ronaldo: Not for the first time a statue of soccer superstar is dividing opinion. This time it's in India - CNN,sport,football,5,0.9647423947164305
4453,Kyrie Irving:  Brooklyn Nets star says he 'respected' team's decision to ban him from playing due to vaccination status - CNN,sport,sport,9,0.979165891585605
4454,Ian Wright attacks 'disrespect' of Africa Cup of Nations - CNN,sport,football,10,0.31486681508884573
4455,John Madden: Legendary NFL coach and broadcaster has died at age 85 - CNN,sport,sport,11,0.7647832401548335
4456,Memorial International rights group shut down by Russian court - CNN,news,europe,2,0.788808764846437
4457,'Not good enough': Klopp perplexed as misfiring Liverpool suffer damaging defeat at Leicester - CNN,sport,football,0,0.9647431112500872
4458,Jessica and Nelly Korda: The 'built-in best buddies' taking the golfing world by storm  - CNN,sport,golf,11,0.49101434971358904
4459,"Russian court shuts down Memorial Human Rights Center, day after sister group ordered closed - CNN",news,europe,2,0.7808969637684324
4460,Monday Night Football: Miami Dolphins defeat the hapless New Orleans Saints  - CNN,sport,sport,11,0.5289361032339602
4461,"Marseille violence: Drugs, violence and racism create 'cocktail of neglect' in France's second city - CNN",news,europe,0,0.36868449825322974
4462,Europe Covid-19: Protests against Germany's restrictions turn violent - CNN,news,europe,10,0.5622092795491238
4463,Scott Boland: Debutant becomes instant cult hero with six-wicket Ashes haul - CNN,sport,sport,3,0.8755911555475449
4464,Edinson Cavani salvages point for Man United at Newcastle - CNN,sport,football,0,0.7741123768807893
4465,Kylian Mbappé on the 'pleasure' of playing alongside Leo Messi at PSG and what's in store for his future - CNN,sport,football,4,0.5069022147681349
4466,Anthony Martial: Rangnick says French forward keen to leave Man Utd but no offers yet - CNN,sport,football,6,0.42046215075378496
4467,"Joe Burrow says he wasn't offended by gold jacket comment, but Bengals QB hints they were on his mind in stunning performance - CNN",sport,sport,11,0.31784133243035917
4468,English Premier League hit by record 103 Covid-19 cases between Dec 20-26 - CNN,sport,football,0,0.5129328849447934
4469,Greek shipwreck: At least 16 migrants killed - CNN,news,europe,1,0.6366378348408153
4470,The Pope reflects on relationships in pandemic times in his traditional Christmas address - CNN,news,europe,10,0.8837800965169459
4471,Queen Elizabeth pays tribute to Prince Philip in Christmas broadcast - CNN,news,uk,3,0.9683905491464317
4472,'The world's best place to be a woman' is being sued for misogyny - CNN,news,europe,1,0.298938272384677
4473,Armed intruder arrested in the grounds of Windsor Castle where the Queen is celebrating Christmas - CNN,news,uk,3,0.6884411708439229
4474,Premier League's Covid crisis: Fans left in the lurch - CNN,sport,football,0,0.5105586629477041
4475,Analysis: What Putin's rewriting of history says about the future of Russia  - CNN,news,europe,5,0.7757095654968332
4476,Thursday Night Football: 'We're not dead yet' -- late field goal gives A.J. Brown-inspired Titans crucial victory over 49ers - CNN,sport,sport,11,0.751261585728936
4477,Pelé: Brazilian soccer legend out of hospital in time for Christmas - CNN,sport,football,7,0.8318589571684497
4478,"Vincent Jackson: Former NFL player died of 'chronic alcohol use,' autopsy shows - CNN",sport,sport,6,0.7642585036572066
4479,Putin blames the West for growing tensions during end-of-year news conference - CNN,news,europe,5,0.7651106659438404
4480,Deshazor Everett: Washington Football Team player involved in fatal crash - CNN,sport,football,0,0.571192181571468
4481,Mauro Icardi salvages a point for 10-man PSG at Lorient - CNN,sport,football,4,0.6642374908137536
4482,Russia says it hopes to begin talks with US and NATO in January - CNN,news,europe,5,0.9275561665656133
4483,Premier League: Two more fixtures postponed due to Covid cases - CNN,sport,football,0,0.6015991207069572
4484,Harry and Meghan share first picture of daughter Lilibet in holiday card - CNN,news,uk,7,0.7327979516012875
4485,Winter Olympics: China admits Beijing 2022 could bring Covid-19 cases  - CNN,sport,sport,9,0.43516171136125864
4486,Energy: The world is addicted to natural gas. Fossil fuel companies are fighting to keep it that way - CNN,news,europe,1,0.5146397543036834
4487,Friba Rezayee: Afghan sportswomen are still fearing for their lives after Taliban takeover - CNN,sport,sport,10,0.611667281125241
4488,Chelsea FC: An inside look at Premier League club's fight against discrimination - CNN,sport,football,0,0.5973429649259862
4489,World's oldest family tree uncovered in Stone Age tomb - CNN,news,uk,2,0.6066481544967371
4490,Shelf-climbing robots are helping warehouses meet the holiday rush - CNN,news,europe,10,0.8293195464072699
4491,Beijing Winter Olympics: NHL players won't participate in 2022 Games - CNN,sport,sport,9,0.5317965523001906
4492,Nicholas Latifi speaks out after death threats following Abu Dhabi crash - CNN,sport,motorsport,5,0.5624575037665052
4493,Alleged 'koala massacre' prompts hundreds of animal cruelty charges - CNN,news,australia,3,0.5081535041313895
4494,Downing Street Christmas party: London's Met Police refers itself to watchdog over handling of allegations - CNN,news,uk,1,0.5300832881546534
4495,"As Ukraine tensions mount, Putin says Russia has 'every right' to 'react harshly to unfriendly steps' - CNN",news,europe,5,0.843458692742701
4496,"Arsenal FC: 'Irresponsible' crypto fan token ads broke advertising standards, regulator rules - CNN",sport,football,0,0.596275658013844
4497,Ryan Kelly: Indianapolis Colts player and wife Emma mourn the loss of daughter - CNN,sport,sport,7,0.4300901544426915
4498,"Quidditch leagues to change name, citing J.K. Rowling's 'anti-trans' stance - CNN",sport,sport,6,0.35218442529786753
4499,King Juan Carlos I Fast Facts - CNN,news,europe,2,0.9460775020398839
4500,Las Vegas Raiders snatch last-gasp victory over Covid-depleted Browns to preserve playoff hopes - CNN,sport,sport,6,0.9647430893629175
4501,Premier League witnesses surge in Covid-19 cases with 77% of players double jabbed  - CNN,sport,football,10,0.5038781853248271
4502,Fossil of a giant millipede reveals 'the biggest bug that ever lived' - CNN,news,europe,1,0.5117469676330937
4504,NHL to pause season Wednesday and resume after Christmas - CNN,sport,sport,6,0.7394717563051031
4505,Nata Vikhlyantseva: Vaccine rules Russian out of Australian Open bid - CNN,sport,tennis,10,0.5074083063589492
4506,"World Cup every two years would generate extra $4.4 billion in revenue over four years, FIFA says - CNN",sport,football,5,0.9517537619653665
4507,Australia Covid-19: Scott Morrison rules out new lockdowns despite rising cases and Omicron fears - CNN,news,australia,10,0.7991515742942323
4508,Sports postponements and cancellations over Covid-19 - CNN,sport,sport,6,0.8077670734354685
4509,Princess Haya: Court orders Dubai ruler to pay ex-wife $728m -- one of the UK's largest ever divorce settlements - CNN,news,uk,0,0.3559873702430019
4510,"Peng Shuai: Chinese tennis star denies making sexual assault allegation against Zhang Gaoli, but WTA concerns persist - CNN",sport,tennis,0,0.9809022352581264
4511,Boris Johnson: Photo appears to show British PM drinking wine with Downing Street staff during coronavirus lockdown - CNN,news,uk,1,0.6269011226155723
4512,Rafael Nadal tests positive for Covid-19 following Abu Dhabi comeback - CNN,sport,tennis,4,0.3975790887276335
4513,Teddy Bridgewater now in NFL concussion protocol - CNN,sport,sport,6,0.7870366197288787
4514,"Amir Assadollahzadeh: Fearing torture and possible execution, Iranian powerlifter quit team in Norway and ran for his life - CNN",sport,sport,0,0.3120391227514638
4515,Tiger Woods and his son Charlie finish 2nd at PNC Championship - CNN,sport,golf,2,0.970429482605186
4516,"Queen Elizabeth will not travel to Sandringham for Christmas, palace source says - CNN",news,uk,3,0.5062958620113616
4517,Jurgen Klopp fumes over refereeing decisions after Liverpool's entertaining draw against Tottenham  - CNN,sport,football,0,0.7038598718663082
4518,"NBA to allow teams with Covid-19 issues to sign replacement players, memo says - CNN",sport,sport,6,0.43262590767265696
4519,The Ashes: Australia beat England by 275 runs in Adelaide test - CNN,sport,sport,10,0.5863963479560054
4520,Emma Raducanu voted BBC Sports Personality of the Year - CNN,sport,tennis,10,0.5380768221538812
4521,Jake Paul defeats Tyron Woodley with a knockout in the 6th round - CNN,sport,sport,8,0.3675493455721801
4522,SNF: New Orleans Saints stymie Tom Brady and Tampa Bay Buccaneers - CNN,sport,sport,8,0.9704298154334613
4523,"Covid leads to NFL, NHL postponements, NCAA delays and cancellations - CNN",sport,sport,6,0.9563480012558611
4524,Netherlands reimposes strict lockdown and UK won't rule out new measures over Omicron - CNN,news,europe,10,0.7262441625161343
4525,Premier League: Manchester City extends lead at the top as Chelsea loses ground in title race - CNN,sport,football,0,0.7645829758981317
4526,"Wisconsin basketball player raises more than $150,000 for hometown after deadly tornadoes - CNN",sport,sport,11,0.7158772027769997
4527,Robert Lewandowski breaks Gerd Muller's 49-year goalscoring record in Bayern Munich win - CNN,sport,football,11,0.7510221366652414
4528,Boris Johnson was once a political magician. Now his party fears he's run out of tricks - CNN,news,uk,1,0.4722552429747002
4529,The NFL has updated its Covid protocols as the virus disrupts game schedules - CNN,sport,sport,6,0.528646153428087
4530,Premier League match between Aston Villa and Burnley postponed hours before kickoff due to Covid-19 issues - CNN,sport,football,0,0.4368929885884421
4531,F1: Red Bull boss Christian Horner says right decision was made in title decider - CNN,sport,motorsport,5,0.9694440290922177
4532,"House fire in Sutton, London: Two sets of twin boys die after being left home alone  - CNN",news,uk,8,0.439353690392075
4533,"Women's Champions League: Covid-19 fears behind shock exit, says Chelsea's Emma Hayes  - CNN",sport,football,0,0.45231298882515447
4534,The NFL and NBA are changing their Covid-19 protocols as cases rise - CNN,sport,sport,6,0.6056313217671602
4535,Cristiano Ronaldo and Georgina Rodriguez reveal sex of unborn twins in video - CNN,sport,football,5,0.9633321587037181
4536,Mercedes withdraws its appeal into chaotic F1 finale  - CNN,sport,motorsport,5,0.7535707027862953
4537,Tasmania: Bouncy castle lifted into the air by wind leaves five children dead and four injured at school event - CNN,news,australia,10,0.9647427899399271
4538,Vincent Jackson: NFL star who died at age 38 diagnosed with Stage 2 CTE - CNN,sport,sport,0,0.2903094572763585
4539,Thursday Night Football: Patrick Mahomes throws walkoff overtime touchdown in thrilling Kansas City Chiefs win over Los Angeles Chargers - CNN,sport,sport,11,0.9781743999926586
4540,Donald Parham Jr.: Los Angeles Chargers tight end in 'stable condition' having been carted off after head injury - CNN,sport,sport,11,0.5892290300884616
4541,Boris Johnson: Voters give scandal-hit UK Prime Minister 'a kicking' with by-election loss - CNN,news,uk,1,0.5595590221030263
4542,﻿Sebastián Álvarez: Wingsuit pilot becomes first person to fly in and out of an active volcano - CNN,sport,sport,1,0.7165247411512825
4543,Australian Open organisers confirm medical exemption process - CNN,sport,tennis,4,0.5954292611688408
4544,"Czech center-right government takes office amid price rises, COVID wave - CNN",news,europe,10,0.4312700497072383
4545,What Christmas looks like at the Queen's house - CNN,news,uk,11,0.3099847721803915
4546,Taniela Moa: Former Tonga rugby international dies aged 36 - CNN,sport,sport,11,0.5308784963716819
4547,Kyle Beach: Chicago Blackhawks reach settlement with former player who said he was sexually assaulted by a coach in 2010 - CNN,sport,sport,6,0.8837860867232151
4548,Cleveland Browns set to play through Covid absences  - CNN,sport,sport,6,0.7174940835901599
4549,Premier League: Fifth game postponed due to Covid-19 outbreak - CNN,sport,football,0,0.5465849833000905
4550,Germany anti-vaxxer murder plots and threats pose challenge for new chancellor - CNN,news,europe,2,0.3421557018942949
4551,Urban Meyer fired as head coach of Jacksonville Jaguars - CNN,sport,sport,0,0.8392492398554425
4552,Birdsong album beats Christmas classics to reach top five chart in Australia - CNN,news,australia,10,0.4624233854666857
4553,France to ban plastic bottles in stadiums to protect players and staff - CNN,sport,football,6,0.4982608063539721
4554,Hundreds of dinosaur footprints uncovered in Poland - CNN,news,europe,1,0.5808134213802394
4555,Queen Elizabeth II cancels pre-Christmas family lunch - CNN,news,uk,3,0.3094311003237727
4556,Dutch princess' 18th birthday party broke Covid-19 rules - CNN,news,europe,1,0.3673888095283781
4557,Max Verstappen: New F1 world champion 'not disappointed at all' with controversial way he won title - CNN,sport,motorsport,5,0.6937021654935686
4558,German health minister says there are not enough vaccines for start of 2022  - CNN,news,europe,10,0.8210813024589237
4559,Sergio Aguero announces retirement from football following heart problems - CNN,sport,football,3,0.9618046251713748
4560,Robert Lewandowski equals Gerd Muller's Bundesliga scoring record - CNN,sport,football,11,0.7225090415390947
4561,Kevin Stefanski: Cleveland Browns head coach tests positive for Covid-19 - CNN,sport,sport,6,0.9781743836939405
4562,Lewis Hamilton knighted following F1 heartbreak - CNN,sport,motorsport,5,0.754159712878455
4563,Analysis: Boris Johnson is in deep trouble -- even his own party is turning on him - CNN,news,uk,1,0.9618047204423782
4564,Emmanuel Macron Fast Facts - CNN,news,europe,2,0.6195382416831073
4565,Steph Curry: How Warriors star 'revolutionized' the NBA - CNN,sport,sport,11,0.7129053467634304
4566,Germany expels two Russian diplomats after murder conviction - CNN,news,europe,5,0.41324867873280985
4567,Covid protocols put sports stars on the sidelines - CNN,sport,sport,6,0.6199940003014064
4568,Cesar Azpilicueta: Players ready for another social media boycott if companies don't prevent abuse - CNN,sport,football,7,0.829371659576747
4569,Australia moves to lift Covid-19 restrictions amid surge in Omicron infections  - CNN,news,australia,10,0.9770831321764956
4571,European court tells Russia 'urgent changes' needed to curb domestic violence - CNN,news,europe,10,0.6264881294567225
4572,Climate crisis: Golf courses on borrowed time as Earth's weather patterns become more wild - CNN,sport,golf,2,0.4489068057634713
4573,Belarusian opposition figure sentenced to 18 years at high-security penal colony - CNN,news,europe,5,0.5985926762546077
4574,"Emma Raducanu tests positive for COVID-19, out of exhibition event in Abu Dhabi - CNN",sport,tennis,6,0.3510568794645699
4575,Covid outbreaks in 3 leagues postponing games and forcing key players to miss games - CNN,sport,sport,6,0.5239758256555125
4576,Hungary: 7 killed as car with carrying migrants crashes  - CNN,news,europe,1,0.43596684086422094
4577,Manchester United vs Brentford postponed as Premier League announces record-high positive Covid tests - CNN,sport,football,0,0.5823300408006956
4579,Monday Night Football: Los Angeles Rams hold off Arizona Cardinals for key playoff hunt win - CNN,sport,sport,11,0.6835370612045073
4580,"Paris Olympics 2024 organizers expect 600,000 at Seine opening ceremony - CNN",sport,sport,2,0.4351882212301767
4581,UK scrambles for booster shots and tests amid fears of Omicron 'tidal wave' - CNN,news,uk,10,0.6324548709289686
4582,"Las Vegas' Allegiant Stadium expected to host Super Bowl LVIII in 2024, per reports - CNN",sport,sport,6,0.8111564198720751
4583,Malta to become first country in Europe to legalize cannabis for recreational use - CNN,news,europe,10,0.6040582029086444
4584,Buccaneers vs Bills: Tom Brady creates even more history in dramatic 33-27 overtime victory - CNN,sport,sport,8,0.9601441428208062
4585,Britain's GCHQ spy agency releases Christmas puzzle for kids - CNN,news,uk,5,0.9173434007529134
4586,Real Madrid breezes past fierce rival Atlético Madrid 2-0 to extend winning run  - CNN,sport,football,6,0.9601440207176534
4587,Red Bull's Max Verstappen wins maiden F1 world title after dramatic Abu Dhabi Grand Prix ending - CNN,sport,motorsport,5,0.9809026875459348
4588,F1: Why was this weekend's title finale so controversial? - CNN,sport,motorsport,5,0.9791661451454791
4589,Kevin Durant drops NBA-high 51 points in Brooklyn Nets win over Detroit Pistons - CNN,sport,sport,4,0.6880625571742539
4590,New Caledonia rejects independence in final vote amid boycott - CNN,news,europe,3,0.511855708601005
4591,UK battles Omicron 'tidal wave' with booster jabs as infections rise and first death from variant recorded - CNN,news,uk,10,0.9660488044867371
4592,Champions League Draw: PSG to play Real Madrid after re-draw  - CNN,sport,football,4,0.9633329099057915
4593,"Joshua Kimmich: After suffering lung problem due to Covid, Bayern star says he should have been vaccinated - CNN",sport,football,8,0.38140885203272695
4594,Baltic Sea: Coast Guard investigating role of alcohol in cargo ship crash - CNN,news,europe,1,0.960144324213877
4595,Max Verstappen: Questionable calls at Abu Dhabi Grand Prix do little to stifle the celebrations of Dutchman's orange army - CNN,sport,motorsport,5,0.9660483526136718
4596,"Harry Dunn: US citizen Anne Sacoolas to face UK court over death of teen, say UK officials - CNN",news,uk,10,0.6396269471336875
4597,"Putin rues Soviet collapse, says he moonlit as a taxi driver to survive economic crisis - CNN",news,europe,5,0.6677450994255568
4598,Russia's Vladimir Putin told Biden he would 'really like' to meet - CNN,news,europe,5,0.5477140002130728
4599,"Italy building collapse: At least 3 dead, 6 missing in Ravanusa - CNN",news,europe,1,0.4894796021222218
4600,Samuel Eto'o: Soccer legend elected president of Cameroon FA - CNN,sport,football,0,0.5209363077000067
4601,Broncos honor Demaryius Thomas  - CNN,sport,sport,0,0.42049490546903967
4602,Boris Johnson pictured hosting Downing Street virtual Christmas quiz last year - CNN,news,uk,1,0.7794866596686252
4603,"Diego Maradona's stolen watch recovered in Assam, India - CNN",sport,football,0,0.35866582476148534
4604,Spanish bishop loses church powers after marriage to erotica author - CNN,news,europe,7,0.4983865346185869
4605,Can the Washington Football Team catch the Dallas Cowboys in the NFC East? - CNN,sport,sport,0,0.9694433330376908
4606,Heisman Trophy winner: Bryce Young - CNN,sport,sport,11,0.5093454625449189
4607,Heisman Trophy winner awaits the nation's spotlight Saturday night - CNN,sport,sport,2,0.39341909835771477
4608,Fugitive Portuguese banker arrested by South African authorities - CNN,news,europe,11,0.4083842861889083
4609,Formula One: An important year comes to its thrilling conclusion  - CNN,sport,motorsport,5,0.8757917317767433
4610,Max Verstappen to start crucial Abu Dhabi Grand Prix in pole position over Lewis Hamilton  - CNN,sport,motorsport,5,0.9764956417710833
4611,Italian bishop apologizes after telling children Santa doesn't exist - CNN,news,europe,11,0.6730044643449463
4612,Magnus Carlsen: Chess is now a money game - CNN,sport,sport,6,0.6132806765320992
4613,Boris Johnson's many Christmas crises are threatening his grip on power - CNN,news,uk,1,0.6214244497269741
4614,Demaryius Thomas: Former NFL star wide receiver dies at age 33 - CNN,sport,sport,11,0.46849267826879043
4615,Magnus Carlsen defends World Chess Championship crown - CNN,sport,sport,4,0.7899460283418046
4616,Analysis: The clues in Kate's big concert - CNN,news,uk,7,0.5491552499202418
4617,"LeBron James becomes fifth NBA player to reach 100 triple-doubles, but Lakers lose to Grizzlies - CNN",sport,sport,4,0.7608673699291189
4618,"Prince William and Catherine, Duchess of Cambridge release family Christmas card - CNN",news,uk,7,0.7037972413806544
4619,Thursday Night Football: Minnesota Vikings narrowly survive Pittsburgh Steelers fightback - CNN,sport,sport,11,0.9660490529688791
4620,Julian Assange: US authorities win their latest bid to extradite WikiLeaks founder - CNN,news,europe,8,0.38554941552737343
4621,F1: Title rivals Lewis Hamilton and Max Verstappen wary of being on collision course in Abu Dhabi showdown - CNN,sport,motorsport,5,0.6790165927199031
4622,Indy 500 legend Al Unser Sr. dies aged 82 - CNN,sport,sport,11,0.7116994482656
4623,Llaneros FC: Colombian football player receiving death threats over controversial match - CNN,sport,football,2,0.5510299986004638
4624,"Boris Johnson's Press Chief gave out play awards at 18th December Christmas party, say reports  - CNN",news,uk,1,0.9786815735672555
4625,"Sanna Marin, Finland Prime Minister apologizes for not isolating after nightclub photo surfaces - CNN",news,europe,1,0.5081969798896473
4626,Steph Curry closes in on three-point record as Warriors ease past Trail Blazers - CNN,sport,sport,11,0.7717370693832296
4627,Speed skydiving: Rocketing 300mph through the sky with nothing but a parachute - CNN,sport,sport,11,0.6533695906952864
4628,Barcelona: What next for Barça after Champions League group stage exit? - CNN,sport,football,4,0.6425036661850171
4629,"Beijing 2022 Winter Olympics: Australia, UK and Canada join US in diplomatic boycott  - CNN",news,australia,9,0.6212498499463386
4630,"Ukraine: Military report says Russia boosted troops to 120,000 near border - CNN",news,europe,5,0.9713532018269455
4631,Boris and Carrie Johnson announce birth of baby daughter - CNN,news,uk,1,0.5452930612682109
4632,Gila River Arena: NHL's Arizona Coyotes could be locked out of their home arena starting December 20 if bills aren't paid - CNN,sport,sport,11,0.7784073211521284
4633,Pele: Brazilian soccer legend will stay in hospital for 'a few days' after chemotherapy - CNN,sport,football,7,0.9583326670121047
4634,Mark Cavendish: Cyclist and family 'extremely distressed' following aggravated burglary - CNN,sport,sport,7,0.9388875270230723
4635,Mercedes ends partnership with firm whose insulation was used in Grenfell Tower - CNN,sport,motorsport,3,0.9583319608013672
4636,Boris Johnson's aides joked about Christmas party in Downing Street while London was in lockdown - CNN,news,uk,1,0.7808187593614
4637,Analysis: Boris Johnson engulfed in turmoil as scandals mount at Downing Street's door - CNN,news,uk,1,0.38725617213432356
4638,"Sam Kerr: Chelsea star barges pitch invader to the ground, gets yellow card in Women's Champions League game - CNN",sport,football,0,0.37133429674130963
4639,Headsets instead of head injuries: How VR tech could make football safer - CNN,sport,sport,11,0.5183220749649667
4640,Angela Merkel Fast Facts - CNN,news,europe,2,0.5635376201122779
4641,Tiger Woods to return to competitive golf at 2021 PNC Championship - CNN,sport,golf,2,0.7747776400440157
4642,Australian Open: Novak Djokovic on entry list but Serena Williams will miss season's first grand slam due to medical reasons - CNN,sport,tennis,4,0.6130538235705415
4643,German politics: Why millions of residents can't vote - CNN,news,europe,2,0.6474373149314132
4644,Germany records highest number of Covid-19 deaths since February - CNN,news,europe,10,0.9647432592905694
4645,Kylian Mbappé and Lionel Messi inspire PSG to Champions League rout  - CNN,sport,football,4,0.623076097364559
4646,IOC defends 'silent diplomacy' in Peng Shuai case  - CNN,sport,sport,0,0.4025945963997242
4647,Barcelona dumped out of Champions League group stage after Bayern Munich defeat  - CNN,sport,football,4,0.5668320770209554
4648,"Olaf Scholz becomes Germany's new chancellor, replacing Angela Merkel after 16 years - CNN",news,europe,6,0.881440681776285
4649, The Ashes: Australia and England look to put off-field problems to one side as fierce rivalry reignites - CNN,sport,sport,10,0.5738136146632774
4650,Keith Richards Fast Facts - CNN,news,europe,2,0.8843029289749017
4651,The Ashes: England bowled out for just 147 at the 'Gabbatoir' on thrilling opening day - CNN,sport,sport,10,0.718621252770985
4652,Champions League: Atlético Madrid beats Porto in bad-tempered clash to qualify for last 16 - CNN,sport,football,4,0.9517539310326437
4653,Lakers vs Celtics: LeBron James leads LA to 117-102 victory over Boston  - CNN,sport,sport,4,0.7700495233703182
4655,Scottish oysters were on the rocks. Now a whisky distillery is throwing them a lifeline - CNN,news,uk,8,0.8166619450746362
4656,Letesenbet Gidey and Joshua Cheptegei break world records  - CNN,sport,sport,11,0.24262430753776162
4657,"Jude Bellingham fined $45,000 for comments about referee Felix Zwayer  - CNN",sport,football,8,0.3889939041571671
4658,Monday Night Football: Patriots edge Bills in 'crazy game' to win seventh straight - CNN,sport,sport,11,0.47813763385702873
4659,"'Chaotic' British response left thousands of Afghans unable to flee the Taliban, whistleblower claims - CNN",news,uk,1,0.46885065398158543
4660,Karenjeet Kaur Bains: Powerlifter 'found a love for being strong' and wants to inspire more women to take up strength sports - CNN,sport,sport,11,0.9541648676514526
4661,Medina Spirit: Kentucky Derby winner to undergo necropsy following sudden workout death - CNN,sport,sport,2,0.9660490485542456
4662,"Oleksiy Reznikov, Ukraine's defense minister warns there will be a 'bloody massacre' if Russia invades - CNN",news,europe,5,0.6524080349127815
4663,Novak Djokovic named in Serbia team for 2022 ATP Cup in Sydney - CNN,sport,tennis,4,0.5433476056469705
4664,Nearly 70 ICU medics at Spanish hospital test positive for Covid after Christmas party - CNN,news,europe,6,0.40252534170609805
4665,"Heisman Trophy finalists announced, winner to be awarded Saturday  - CNN",sport,sport,2,0.5022776309370417
4666,Medina Spirit: Kentucky Derby winner dies at Santa Anita - CNN,sport,sport,2,0.9647428179807045
4667,Tromsø releases 'first kit in history with a QR code' to highlight issues surrounding 2022 World Cup in Qatar - CNN,sport,football,5,0.5608979933594204
4668,Jordan Spieth and Henrik Stenson get two-shot penalties after tee shots from wrong hole - CNN,sport,golf,3,0.3658446331921972
4669,Detroit Lions end 15-game winless run and pay tribute to Michigan school shooting victims - CNN,sport,sport,8,0.8966314775534777
4670,Peng Shuai: ITF 'does not want to punish a billion people' by suspending China tournaments - CNN,sport,tennis,3,0.36766602742769733
4671,"Eric Zemmour, far-right French presidential hopeful, grabbed by neck at heated political rally - CNN",news,europe,11,0.24805959310086345
4672,Grizzlies vs Thunder: Memphis sets new NBA margin of victory record in 73-point demolition of OKC - CNN,sport,sport,11,0.9490734056996293
4673,Judit Polgár became a chess grandmaster at 15 and beat the best just like the Queen's Gambit protagonist    - CNN,sport,sport,7,0.425906559287661
4674,"From Simone Biles to skateboarding, these are the notable moments of the Tokyo Olympics - CNN",sport,sport,9,0.6089003835190067
4675,Lewis Hamilton accuses Max Verstappen of 'being over the limit' after thrilling Saudi Arabian GP - CNN,sport,motorsport,5,0.9758766905791297
4676,"Pope Francis visits refugees on Greek island of Lesbos, decries 'shipwreck of civilization' - CNN",news,europe,10,0.46359398762292753
4677,Police clash with protesters in Brussels at demonstration over Covid-19 measures - CNN,news,europe,8,0.6165673661333386
4678,College Football Playoff: Alabama will play Cincinnati and Michigan takes on Georgia - CNN,sport,football,11,0.7889466435185222
4679,Pro Football Hall of Famer Claude Humphrey dies at 77 - CNN,sport,sport,11,0.9541663606815436
4680,Manchester United defeats Crystal Palace in Ralf Rangnick's first game in charge - CNN,sport,football,0,0.8245563365954944
4681,"Real Madrid extends La Liga lead with victory against Real Soceidad, Bayern wins eventful Der Klassiker - CNN",sport,football,4,0.5040930583860532
4682,"Prince William reveals 'cringing' moment with Taylor Swift, some of his favorite tunes and car rides with his mom and Harry - CNN",news,uk,7,0.48848758211712234
4683,"Margaux Pinot: 'I thought I was dead,' says French judoka as partner released over domestic violence accusations  - CNN",sport,sport,10,0.4297535813484639
4684,SEC Championship: What's at stake for Georgia as they face Alabama - CNN,sport,sport,11,0.9460772231325882
4685,Storm Arwen: A rare sea turtle and seal pups have washed up on UK beaches - CNN,news,uk,1,0.45063430850749925
4686,Adnan Januzaj: Manchester Untied's former star on life after leaving the Premier League  - CNN,sport,football,0,0.929483678464079
4687,Lewis Hamilton says he's 'not comfortable' racing in Saudi Arabia - CNN,sport,motorsport,5,0.9694439486747851
4688,"Ajaz Patel, New Zealand spinner, takes all 10 wickets against India - CNN",sport,sport,3,0.6827862142228509
4689,LeBron James cleared from NBA's Covid-19 health and safety protocols - CNN,sport,sport,6,0.5050721149864383
4690,"NFL suspends three players, including Bucs' Antonio Brown, for violating Covid-19 protocols - CNN",sport,sport,0,0.5033277274794568
4691,Angela Merkel honored by German military with punk rock sendoff - CNN,news,europe,6,0.683449575422028
4692,Italy Covid: Man uses fake silicone arm to try to get vaccine certificate - CNN,news,europe,10,0.9660488121547413
4693,"Germany locks down unvaccinated people, as leaders plan to make shots compulsory - CNN",news,europe,10,0.8420820035055893
4694,"Norway Christmas party Omicron outbreak is biggest outside S. Africa, authorities say - CNN",news,europe,10,0.7147019037600815
4695,Sword-wielding man dressed as a ninja shot by French police - CNN,news,europe,10,0.49461159561293794
4696,"Peng Shuai 'reconfirms' she is safe and well in second call with IOC, says Olympic organization - CNN",sport,tennis,9,0.516527388427066
4697,Peng Shuai: Human rights activist Peter Dahlin says IOC is putting tennis star at 'greater risk' - CNN,sport,sport,2,0.4647603445567717
4698,What it's like to hitch a ride with Prince Charles - CNN,news,uk,11,0.2767584544310146
4699,Norway's 'threadbare' Christmas tree present underwhelms some in Britain - CNN,news,europe,0,0.6512325100378364
4700,Neil Olshey: NBA executive fired following review of workplace environment complaints - CNN,sport,sport,4,0.6268473168657381
4701,"Axel Witsel on staying 'in the football world' after retiring, his time in China, and the 'amazing' Erling Haaland - CNN",sport,football,11,0.6293829992531685
4702,"Yorkshire County Cricket Club: Amid racism scandal fallout, first-team coach and director of cricket among staff to leave  - CNN",sport,sport,0,0.7437066333581045
4703,Making Covid-19 vaccines mandatory was once unthinkable. But European countries are showing it can work - CNN,news,europe,10,0.9618047814038096
4704,Lamine Diack: Former head of World Athletics dies aged 88 - CNN,sport,sport,11,0.6268541031288848
4705,Manchester United vs Arsenal: Bizarre goal caps thrilling Premier League clash - CNN,sport,football,0,0.966048711706543
4706,F1: How Red Bull caught up with the Mercedes 'juggernaut' - CNN,sport,motorsport,5,0.7763907877077137
4707,"Abuse directed at London Hanukkah party bus investigated as a hate crime, police say - CNN",news,uk,8,0.9713534198205295
4708,Mo Salah and Karim Benzema make mockery of Ballon d'Or rankings - CNN,sport,football,6,0.4914118009214526
4709,"Sebastian Kurz, former Austrian Chancellor, says he's leaving politics - CNN",news,europe,5,0.9541654526030424
4710,LSU hires former Notre Dame head football coach Brian Kelly  - CNN,sport,sport,11,0.8206135196704781
4711,Pope Francis urges Europe to shed its 'walls of fear' on visit to divided Cyprus - CNN,news,europe,10,0.5206676271245234
4713,Major League Baseball lockout begins as players and owners fail to reach a new bargaining agreement - CNN,sport,sport,0,0.4784332765222007
4714,Peng Shuai: WTA announces immediate suspension of tournaments in China amid concern for tennis player - CNN,sport,tennis,0,0.7167546305077882
4715,Rory McIlroy defends players' right to play in Saudi Arabia tournament  - CNN,sport,golf,4,0.9222222992737225
4716,Christian Eriksen training at Danish club Odense Boldklub as he continues recovery from cardiac arrest - CNN,sport,football,2,0.9704295407153624
4717,Paris Archbishop allegedly involved in 'intimate relationship' with woman resigns - CNN,news,europe,10,0.5155764837297372
4718,Munich explosion: Old bomb causes blast near train station in German city - CNN,news,europe,8,0.5708867642462873
4719,LeBron James misses game after entering NBA's Covid-19 protocols  - CNN,sport,sport,6,0.6298302667252679
4720,"Sexual harassment rife inside Australian parliament, report finds - CNN",news,australia,10,0.9672611751358445
4721,Scottish rugby international Siobhan Cattigan dies aged 26 - CNN,sport,sport,11,0.6326192236904163
4722,Logan 'Logistx' Edra: Meet the breaking sensation setting her sights on Olympic glory - CNN,sport,sport,9,0.3710368731809396
4723,England hammers Latvia 20-0 in record-breaking World Cup qualifier - CNN,sport,football,5,0.6061334461160244
4724,"Suk Hyun-jun: South Korean footballer racially abused during Ligue 1 game, Troyes alleges  - CNN",sport,football,0,0.5308462842020265
4725,Australian Open: Australia's vaccine mandate is not to 'blackmail' Djokovic says Victoria sports minister - CNN,sport,tennis,10,0.43063215787778136
4726,Four golfers test positive ahead of South African Open - CNN,sport,golf,6,0.41648220076276954
4727,"Peng Shuai: 'Unanimous conclusion' that tennis star is 'fine,' says IOC member Dick Pound - CNN",sport,tennis,0,0.4898013680994363
4728,"This company is ""zapping"" cow dung with lightning to trap climate-warming methane - CNN",news,europe,2,0.511793606943684
4729,Tiger Woods: Is this the end of his era? - CNN,sport,golf,2,0.4962226448303839
