Index,embedding_row,Category,Section,Headline,enhanced_text_characters,enhanced_text_words
0,0,news,world,"There's a shortage of truckers, but TuSimple thinks it has a solution: no driver needed - CNN",12566,2066
2,1,news,world,Bioservo's robotic 'Ironhand' could protect factory workers from injuries - CNN,6090,976
3,2,news,asia,This swarm of robots gets smarter the more it works - CNN,3637,585
4,3,business,investing,Russia is no longer an option for investors. These emerging markets are - CNN,3508,566
7,4,business,business,Russian energy investment ban part of new EU sanctions wave  - CNN,3425,538
8,5,business,media,Anti-war protester interrupts live Russian state news broadcast to denounce invasion of Ukraine - CNN,3781,603
9,6,business,media,Benjamin Hall: Fox News correspondent hospitalized after being injured in Ukraine - CNN,3270,511
10,7,business,investing,Russia could default on its debt within days - CNN,4479,707
12,8,business,energy,Oil briefly tumbles below $100 a barrel. That's good news for gas prices - CNN,3966,655
13,9,business,energy,Russia may have found a buyer for its cheap oil: India - CNN,4021,653
14,10,business,investing,Japan orders crypto exchanges to comply with sanctions against Russia and Belarus - CNN,2275,338
15,11,business,business,Why potassium iodide pills are suddenly in high demand  - CNN,6068,958
16,12,business,tech,Russian internet users are learning to beat Putin's internet crackdown - CNN,8745,1383
17,13,business,tech,Meta says it doesn't allow calls for assassinating heads of state - CNN,2780,430
18,14,business,investing,Citi expands its exit from Russia - CNN,1645,264
19,15,business,business,Companies pulling back from Russia over the war in Ukraine - CNN,30053,4693
20,16,business,tech,Why internet backbone services Cogent and Lumen are cutting off Russia  - CNN,4254,651
21,17,business,business,Britain's cost of living crisis is pushing millions to the brink  - CNN,11450,1928
23,18,business,business-food,Starbucks is planning to phase out its iconic cups - CNN,7278,1203
24,19,business,economy,"Economic growth in 2022: China had a surprisingly good start, but it may not last - CNN",6475,1009
25,20,business,business,Hong Kong Covid divide: Expats get more perks while domestic workers lose their homes - CNN,13067,2131
26,21,business,tech,Shenzhen lockdown: Foxconn halts operations as Covid hits tech hub - CNN,3757,579
27,22,business,economy,US economy flashes a recession warning sign - CNN,4973,796
28,23,business,economy,Biden's plan to reshape the Fed just hit a hurdle - CNN,3063,487
29,24,business,business,Shell's directors face legal action from climate group shareholder - CNN,3881,617
30,25,business,energy,Gravity could solve renewable energy's biggest problem - CNN,6071,958
31,26,business,business,Ford will start shipping Explorers without all the parts -- and add them later - CNN,2769,471
32,27,business,cars,Tesla's cruise control woes put damper on 'full self-driving' hopes  - CNN,7336,1202
33,28,business,tech,NASA says American aboard International Space Station will come back on Russian rocket 'for sure' - CNN,3920,612
34,29,business,tech,Pete Davidson and five paying customers to fly on Jeff Bezos' suborbital rocket - CNN,5211,844
35,30,business,investing,India's young investors prefer crypto to gold and 'boring' stocks - CNN,7949,1299
37,31,business,investing,India budget 2022: Digital rupee and crypto tax announced - CNN,3792,580
38,32,business,business,Adar Poonawalla: He vaccinates half the world's babies. Ending the pandemic proved much harder - CNN,10537,1729
39,33,business,tech,"India's got SaaS, the next big thing in tech, and it could be worth $1 trillion - CNN",7202,1162
40,34,business,investing,India IPOs: 2021 was a dramatic year for tech. The hype won't go away in 2022 - CNN,6959,1110
41,35,business,business,Key supply of diamonds caught up in Russia sanctions - CNN,6890,1076
43,36,business,tech,"Ukraine halts half of world's neon output for chips, clouding outlook - CNN",4790,739
44,37,business,business,Soaring nickel prices could be the next major headache for automakers - CNN,2715,431
45,38,business,business,"Wheat futures are soaring, and food prices could be next - CNN",4878,798
46,39,business,business,War has brought the world to the brink of a food crisis - CNN,8537,1374
47,40,business,business,These apps are trying to put car dealers out of business - CNN,4573,732
49,41,business,tech,"Electric robots are mapping the seafloor, Earth's last frontier - CNN",4880,787
51,42,health,health,What rising Covid-19 infections in the UK and Europe could mean for the US - CNN,7988,1331
53,43,health,health,Here's what could lie ahead for the US in the third year of the pandemic  - CNN,14810,2429
54,44,health,health,"A 4th dose of Covid-19 vaccine will be needed, Pfizer's CEO says, but the company is working on a shot to handle all variants - CNN",3695,658
55,45,health,health,Dr. Sanjay Gupta: Is America ready to take the next step in its Covid-19 recovery? - CNN,17222,2992
56,46,health,health,Only 2% of Americans now live in counties with high Covid-19 levels - CNN,2088,345
57,47,entertainment,entertainment,'The Gilded Age' reminds us that the Black elite existed and thrived - CNN,3424,573
59,48,entertainment,entertainment,Bob Saget's family granted permanent injunction to block the release of records - CNN,3051,466
61,49,entertainment,entertainment,Jane Campion apologizes for 'thoughtless' comment about Venus and Serena Williams - CNN,2820,457
63,50,entertainment,entertainment,Rolling Stones announce new 'Sixty' tour  - CNN,1182,181
65,51,entertainment,entertainment,'The Kardashians' trailer has arrived and whoa baby - CNN,795,125
67,52,entertainment,entertainment,Bob Odenkirk would like to be more like Bob Saget  - CNN,1070,189
69,53,entertainment,entertainment,Dolly Parton bows out of the Rock & Roll Hall of Fame nominations - CNN,2183,378
71,54,entertainment,entertainment,How this musician made beauty in isolation - CNN,5876,988
73,55,news,us,"William Hurt, actor known for 'Body Heat' and 'Kiss of the Spider Woman,' dies  - CNN",1690,276
74,56,entertainment,entertainment,Adele has another concert special coming - CNN,966,152
75,57,entertainment,entertainment,Critics Choice Awards 2022: See the full list of winners - CNN,7462,1014
76,58,entertainment,entertainment,BAFTAS 2022: See the full list of winners - CNN,4440,604
77,59,entertainment,entertainment,Hailey Bieber says she is home after being hospitalized for a blood clot in her brain  - CNN,1331,231
78,60,entertainment,entertainment,Traci Braxton of 'Family Values' dies of esophageal cancer at 50 - CNN,1820,297
79,61,entertainment,entertainment,'Turning Red' tackles puberty and periods in a way that's rare - CNN,6068,1023
80,62,entertainment,entertainment,'The Adam Project' review: Ryan Reynolds comes back from the future in a 'Free Guy' reunion for Netflix  - CNN,3757,579
81,63,entertainment,entertainment,"Jussie Smollett's return to acting 'up in the air,' says representative - CNN",3561,588
82,64,entertainment,entertainment,Analysis: 'The Last Days of Ptolemy Grey' won't let you forget - CNN,6020,1038
83,65,entertainment,entertainment,Alicia Keys on the inspiration for her graphic novel and her approach to motherhood - CNN,1903,344
84,66,entertainment,entertainment,"As 'Obi-Wan Kenobi' heads to Disney+, just remember: It's Han Solo's fault - CNN",4245,701
85,67,entertainment,entertainment,Alec Baldwin says in legal filing that Halyna Hutchins told him to cock the gun before it fired - CNN,3768,623
86,68,entertainment,entertainment, Grimes and Elon Musk secretly welcomed their second child in December - CNN,2263,395
87,69,entertainment,entertainment,Kim Kardashian said 'It seems nobody wants to work' about women and people are angry - - CNN,1135,184
88,70,entertainment,entertainment,"As Robert Pattinson takes over, why 'The Batman's' long history casts a long shadow among fans - CNN",4473,713
90,71,entertainment,entertainment,'Turning Red' review: Pixar's coming-of-age movie shows it hasn't lost its golden touch - CNN,2977,479
92,72,entertainment,entertainment,'Winning Time: The Rise of the Lakers Dynasty' review: HBO's nostalgic miniseries doesn't conjure much magic - CNN,4695,739
94,73,entertainment,entertainment,'Lucy and Desi' review: Amy Poehler's Amazon documentary puts a heart around Lucille Ball and Desi Arnaz - CNN,3837,619
96,74,entertainment,entertainment,Where to stream the best picture Oscar-nominated movies  - CNN,2311,349
98,75,entertainment,entertainment,"Analysis: Academy Award nominations: No Spider-Man, no Bond. Can streaming save the day? - CNN",5264,817
100,76,sport,golf,Cameron Smith claims PGA Tour's biggest payout after winning the Players Championship - CNN,3203,562
101,77,sport,sport,Karl-Anthony Towns records season-high NBA score on historic night of scoring - CNN,2466,411
102,78,sport,sport,"Kyrie Irving: NBA fines Brooklyn Nets $50,000 for allowing player to enter team locker room - CNN",3790,630
103,79,sport,motorsport,Lewis Hamilton to change name to honor mother  - CNN,2068,351
104,80,sport,sport,"Brittney Griner: 'It's the most audacious hostage taking by a state imaginable,' says former captive - CNN",9535,1577
105,81,sport,football,Messi and Neymar booed by PSG fans after another Champions League meltdown: What next for the French club? - CNN,6530,1075
106,82,sport,sport,Pete Alonso: Mets star says he is thankful to be alive following rollover accident - CNN,1812,299
107,83,sport,golf,Shane Lowry hits hole-in-one on 'one of the most iconic holes in golf' at the Players Championship - CNN,2299,405
108,84,sport,football,Roman Abramovich: Death and destruction in Ukraine overshadows Russian oligarch's legacy at Chelsea - CNN,12440,1987
109,85,sport,sport,The world of sport has shunned Russian President Vladimir Putin. So what? - CNN,11182,1818
110,86,sport,sport,Oleksandr Usyk: Heavyweight champion speaks exclusively to CNN after joining Ukrainian defense battalion - CNN,5626,949
112,87,sport,sport,Cristiano Ronaldo breaks all-time FIFA record after scoring his 806th career goal - CNN,2054,329
113,88,sport,sport,Obituary: Shane Warne was cricket's great showman and entertainer - CNN,6302,1054
114,89,sport,tennis,Serena Williams: 'I should have been at like 30 or 32' grand slam singles titles - CNN,6123,1038
115,90,sport,golf,Harold Varner III says monster 92-foot eagle putt to win tournament is 'No. 1' moment in golf career  - CNN,3664,661
116,91,sport,tennis,Coco Gauff: Teen tennis sensation is on a mission to inspire - CNN,6753,1230
117,92,sport,golf,Nelly Korda: World No. 2 receiving treatment for a blood clot  - CNN,1941,332
118,93,sport,golf,Players Championship: Powerful storm wreaks havoc as golf tournament suffers further delays - CNN,3132,518
119,94,sport,golf,"Tommy Fleetwood, Tom Hoge share early lead at weather-disrupted Players Championship - CNN",3174,558
120,95,sport,football,Andriy Yarmolenko: Ukraine star moved to tears after scoring for West Ham in the Premier League - CNN,3076,529
121,96,sport,football,Chelsea FC: Dramatic late Havertz winner steals win for Blues amid Abramovich turmoil - CNN,5404,876
122,97,sport,football,Amilcar Djau Codjovi: Rising soccer star's harrowing escape from Ukraine - CNN,7735,1306
123,98,sport,tennis,"Nick Kyrgios: 'I've come of age,' says smitten Aussie tennis star as he turns up heat at Indian Wells - CNN",2629,474
124,99,sport,tennis,Andy Murray to donate 2022 season prize money to Ukrainian children - CNN,1606,260
125,100,sport,tennis,Novak Djokovic won't play at Indian Wells or Miami Open due to vaccination status - CNN,2449,415
126,101,sport,sport,"Tom Brady's 'final' career touchdown ball sells for over $518,000 at auction  - CNN",1980,324
127,102,sport,sport,Tom Brady returning from retirement to Tampa Bay Buccaneers next season - CNN,2518,426
128,103,sport,sport,Patrick Mahomes marries high school sweetheart  - CNN,1391,217
129,104,sport,motorsport,Lewis Hamilton plays down hopes of starting F1 season with a win - CNN,2822,469
130,105,sport,motorsport,Fired Russian F1 driver Nikita Mazepin announces fund to help other excluded athletes - CNN,3245,519
131,106,sport,motorsport,Max Verstappen: F1 world champion signs new deal with Red Bull Racing until 2028 - CNN,2407,415
132,107,sport,sport,"The Winter Olympics don't really represent the world: Costs, climate and quotas keep the majority off the podium - CNN",23886,3903
133,108,sport,sport,Eileen Gu and Kamila Valieva became the teenage faces of Beijing 2022 under wildly contrasting circumstances - CNN,6531,1072
134,109,sport,sport,Cookbook: Secrets behind what fuels Olympic athletes are helping raise awareness of domestic abuse in the US - CNN,4779,828
135,110,sport,sport,Medina Spirit's 2021 Kentucky Derby win has been nullified and horse trainer Bob Baffert is suspended - CNN,1949,309
136,111,sport,sport,Chris Caserta: Jockey presumed dead after being caught in rip current  - CNN,2404,393
137,112,sport,sport,2021 Belmont Stakes results: Essential Quality wins race - CNN,1865,310
138,113,sport,sport,Lor Sabourin: How feeling 'vulnerable' helped climber explore their identity  - CNN,7143,1217
139,114,sport,sport,Nadhira Alharthy: Omani climber wants to 'die empty' in her quest to share knowledge - CNN,9909,1664
140,115,sport,sport,Janja Garnbret: Olympic hopeful on her Tokyo dream and hopes for climbing in the future  - CNN,6794,1166
141,116,sport,sport,Tom Stoltman harnesses 'superpower' of autism to become the World's Strongest Man - CNN,7062,1217
142,117,sport,sport,"His body 'totally depleted' by distance running, Ryan Hall turned to weightlifting and found a new lease of life - CNN",8496,1493
143,118,sport,sport,Robbie Balenger: Vegan endurance athlete on his spiritual connection with running   - CNN,7715,1370
144,119,sport,sport,Bodybuilding: Rene Campbell wants to change perceptions of what women should look like - CNN,5329,875
145,120,sport,sport,Eating disorders: Olympic high jumper Priscilla Frederick-Loomis pressured to 'perform better' and lose a few pounds - CNN,10839,1838
146,121,sport,sport,Women sport stars' fight for body acceptance - CNN,12598,2068
148,122,sport,sport,University of Michigan students say they were sexually abused by Robert Anderson. An ex-NFL player wants their stories to be heard.  - CNN,21613,3508
149,123,sport,sport,Navid Afkari: Executed Iranian wrestling star's voice is 'everywhere now' - CNN,18543,3163
150,124,sport,sport,Tokyo 2020: International Olympic Committee is coming under pressure over the alleged torture and arrest of Iranian athletes - CNN,22512,3870
151,125,sport,football,"Bundesliga: Targeted by far right group, Türkgücü Munich, founded by Turkish immigrants, looks to connect cultures - CNN",12222,2047
156,126,news,africa,Ethiopia pledges action after video shows uniformed men burning civilians alive - CNN,1936,295
158,127,news,africa,Amazon's going to Nollywood -- and its deals with studios could shake up one of the world's most prolific filmmaking hubs - CNN,6140,949
159,128,news,opinions,Opinion: Media coverage of Ukraine shows it's time to rethink what we know about Africa - CNN,8704,1403
161,129,news,africa,Opibus: The mobility startup converting Kenya to electric vehicles - CNN,8213,1283
162,130,news,africa,"Uganda's anti-vaxxers told to accept Covid shots or expect fines, jail time in proposed law - CNN",2567,388
163,131,news,africa,Burkina Faso: About 60 killed in blast at informal gold mine - CNN,1839,301
164,132,news,africa,This Nigerian tech startup is fighting baby jaundice with solar-powered cribs  - CNN,7444,1192
165,133,news,africa,"Niger: Seven children killed in airstrike by Nigerian forces, official says - CNN",1757,273
166,134,business,business,"Higher food prices, slumping trade: How the war in Ukraine could hit Africa - CNN",6731,1045
168,135,news,europe,"'Help us, we're stranded': International students say they're trapped in northeast Ukraine - CNN",5208,862
169,136,news,europe,Indian and African students fleeing Ukraine say they face racism at border - CNN,10865,1766
170,137,news,africa,African nations on UN Security Council condemn racism at Ukrainian border - CNN,3426,510
171,138,news,europe,Kenya's UN ambassador slams Russia and compares Ukraine crisis to Africa's colonial past - CNN,37278,5915
172,139,news,africa,"South Africa has passed its Omicron outbreak peak, says top scientific researcher - CNN",3078,478
174,140,news,africa,Why are coups making a comeback in Africa?  - CNN,7843,1225
176,141,news,africa,"Solhan, Burkina Faso: How children were used in a 48-hour deadly rampage for gold - CNN",19220,3202
177,142,sport,football,AFCON: Senegal beats Egypt to win Africa Cup of Nations trophy - CNN,1749,290
179,143,sport,sport,AFCON: NBA superstar Joel Embiid discusses his love of Cameroon - CNN,7770,1342
180,144,health,health,A viral image of a Black fetus is highlighting the need for diversity in medical illustrations - CNN,7590,1185
182,145,news,africa,Ghana: How these companies going green could pay off for the country and the planet - CNN,1239,194
184,146,news,africa,ColdHubs: How solar-powered cold storage is keeping food fresh in Nigeria - CNN,7541,1210
186,147,sport,sport,Masai Ujiri: 'It's fine being the first; I have a problem with being the only one' - CNN,3862,691
188,148,sport,sport,Chess coaches in Africa are building the next generation of grandmasters - CNN,4431,729
189,149,news,africa,Amapiano: How this South African sound has become one of the hottest new music genres - CNN,7961,1326
191,150,news,africa,Kenechukwu Cornelius Ogbuagu is creating a made-in-Nigeria board game industry - CNN,5986,978
192,151,health,health,The creator of the viral Black fetus image will have his illustrations published in a book - CNN,6545,1055
197,152,business,business,Nigeria is oil rich and energy poor. It can't wait around for cheaper batteries  - CNN,14489,2252
199,153,news,asia,Analysis: Japan's tough talk on Russia is really about China - CNN,9854,1579
201,154,news,asia,"Sri Lanka's leopards are under threat, but this woman is determined to save them - CNN",4776,779
202,155,news,asia,Wildlife flourishing in uninhabited areas around Fukushima  - CNN,3023,451
203,156,business,tech,Self-driving robotaxis are taking off in China - CNN,5561,893
204,157,news,asia,Australian court overturns teenagers' landmark climate ruling  - CNN,5204,799
208,158,news,china,China's promotion of Russian disinformation indicates where its loyalties lie - CNN,17945,2801
209,159,business,economy,China can't do much to help Russia's sanction-hit economy - CNN,8724,1343
210,160,news,china,Hong Kong's outbreak shows the limits of zero-Covid -- but the government isn't budging - CNN,7535,1216
211,161,news,china,Beijing Covid bubble: We are in the same Olympic city but remain a world apart  - CNN,9752,1706
212,162,news,europe,Why Europe's fight against the pandemic is about to get much more dangerous - CNN,8622,1343
214,163,politics,politics,Fact check: A look at Biden's first year in false claims - CNNPolitics,11591,1920
216,164,politics,politics,Fact check: 5 enduring lies about Capitol insurrection - CNNPolitics,15011,2464
218,165,politics,politics,Anatomy of a lie: How the myth that Antifa stormed the Capitol became a widespread belief among Republicans - CNNPolitics,5453,868
220,166,politics,politics,Key dates for the 2022 midterm election - CNNPolitics,38939,6175
221,167,politics,politics,Why independents have cooled on Biden -- and what that means for Democrats - CNNPolitics,16777,2656
222,168,politics,politics,Democrats' problem with Hispanic voters isn't going away as GOP gains seem to be solidifying - CNNPolitics,5895,947
223,169,politics,politics,Analysis: Republicans prove they are their own worst enemy in 2022 - CNNPolitics,4487,752
224,170,politics,politics,Madison Cawthorn: Judge rejects January 6-based challenge to congressman's candidacy - CNNPolitics,6690,1049
225,171,politics,politics,Analysis: A signal Democrats could be facing a massive wave - CNNPolitics,2325,393
226,172,politics,politics,Biden: A brutal poll number for the president - CNNPolitics,1833,327
227,173,politics,politics,Analysis: How Republicans can still screw up 2022 - CNNPolitics,3093,500
228,174,business,economy,Don't expect the Fed to slow rate hikes just because of the midterms   - CNN,4667,810
229,175,politics,politics,Wealthy candidates pour millions into 2022 campaigns  - CNNPolitics,6703,1037
230,176,politics,politics,Why polls may be underestimating Republicans - CNNPolitics,5901,985
232,177,politics,politics,2022 midterm election calendar - CNNPolitics,3516,465
233,178,politics,politics,The 10 Senate seats most likely to flip in 2022 - CNNPolitics,20771,3361
234,179,politics,politics,How Democrats are winning congressional redistricting fights - CNNPolitics,12074,1948
235,180,politics,politics,Supreme Court denies GOP challenges to congressional maps in North Carolina and Pennsylvania - CNNPolitics,7484,1132
236,181,politics,politics,The biggest 2022 upset no one is talking about  - CNNPolitics,3348,525
237,182,politics,politics,DeSantis vows to veto latest GOP-proposed congressional boundaries in Florida - CNNPolitics,4117,650
238,183,politics,politics,Analysis: This is the big loser in redistricting the country's congressional lines - CNNPolitics,3575,586
239,184,politics,politics,What the Supreme Court's decision on Alabama's maps could mean for the Voting Rights Act - CNNPolitics,10777,1744
240,185,politics,politics,North Carolina Supreme Court strikes down redistricting maps - CNNPolitics,4037,596
241,186,politics,politics,"New York completes congressional redistricting, likely netting Democrats several seats - CNNPolitics",1569,238
242,187,politics,politics,California's new congressional maps produce a scrambled playing field  - CNNPolitics,17058,2773
243,188,politics,politics,Florida House passes bill creating election police force  - CNNPolitics,4534,691
244,189,politics,politics,"Bloody Sunday anniversary: Harris walks across Edmund Pettus Bridge in Selma, Alabama - CNNPolitics",4266,696
245,190,politics,politics,GOP redistricting battles in Alabama and other states raise concerns about voter suppression - CNNPolitics,8437,1360
246,191,politics,politics,Key states making moves to change election laws and voting options - CNNPolitics,5340,839
247,192,politics,politics,Arizona is ground zero for election changes - CNNPolitics,5728,927
248,193,politics,politics,State lawmakers continue drive for restrictive voting bills  - CNNPolitics,3259,525
249,194,politics,politics,Clyburn: 2022 elections are 'going to be chaotic' in wake of new state voting laws - CNNPolitics,3012,499
250,195,politics,politics,The Supreme Court may completely hollow out the Voting Rights Act by 2024 - CNNPolitics,9152,1405
251,196,politics,politics,Why the 2022 midterm elections look like the opposite of 2018 - CNNPolitics,5555,951
252,197,politics,politics,Here's why Democrats' chances of winning in November are slipping - CNNPolitics,4614,772
253,198,politics,politics,Tennessee lawmaker becomes latest House Democrat not to seek re-election - CNNPolitics,2470,397
254,199,politics,politics,Two long-serving Democratic congressmen announce they won't seek reelection in 2022 - CNNPolitics,3600,550
255,200,politics,politics,GOP Rep. Trey Hollingsworth announces he won't seek reelection to Indiana seat  - CNNPolitics,2051,341
256,201,politics,politics,Rep. Brenda Lawrence adds to growing number of House Democrats to announce retirement - CNNPolitics,3034,493
257,202,politics,politics,Democratic retirements: Low morale and redistricting hand the party a growing problem - CNNPolitics,11164,1817
258,203,politics,politics,The Democratic retirement floodgates just burst open - CNNPolitics,2934,493
259,204,politics,politics,"The drip, drip, drip of Democratic retirements  - CNNPolitics",2773,462
260,205,politics,politics,"Cuellar and Cisneros will advance to runoff in Texas' 28th Congressional District, CNN projects  - CNNPolitics",3577,561
261,206,politics,politics,Texas Republican lawmaker Van Taylor suspends campaign after admitting to affair - CNNPolitics,2464,407
262,207,politics,politics,6 takeaways from the Texas primaries - CNNPolitics,7383,1177
263,208,politics,politics,"Ken Paxton and George P. Bush will advance to May runoff in Texas attorney general primary, CNN projects  - CNNPolitics",11514,1823
264,209,politics,politics,Analysis: Texas attorney general runoff is a win for the Bushes over Trump - CNNPolitics,4270,734
265,210,politics,politics,South Texas emerges as 2022 battleground as Democrats look to win back Latino voters after Trump's inroads  - CNNPolitics,17156,2772
317,211,business,investing,Premarket stocks: China's new Covid lockdowns are another threat to the economy - CNN,6517,1052
318,212,business,success,Joining a company remotely? Here's how to bond with your colleagues - CNN,5591,964
320,213,business,success,Why resume gaps aren't a big deal anymore - CNN,5275,893
322,214,business,success,Working remotely in a different state than your employer? Here's what that means for your taxes - CNN,4722,818
324,215,business,success,Common credit score myths and truths - CNN,5274,906
326,216,business,homes,Mortgages rates are on the rise again amid inflation fears - CNN,2527,406
327,217,business,homes,"As home values soar, the wealth gap grows even bigger  - CNN",4355,687
328,218,business,success,Congrats on Your First Job! Here's What You Need to Know About Your 401(k) - CNN,5695,938
329,219,business,success,How to manage your money amid global unrest - CNN,7058,1170
330,220,business,homes,Conflict in Ukraine pushes mortgage rates lower - CNN,3106,485
331,221,business,business-money,Ready to start saving? Do it in this order - CNN,5996,1002
332,222,business,economy,Half a million families are stranded due to the shortage of child care workers - CNN,5371,880
333,223,business,homes,Buying a home is more affordable than renting in these cities - CNN,4957,864
334,224,business,homes,Mortgage rates jump to nearly 4% - CNN,2208,346
335,225,business,economy,"Prices may be rising, but Americans shopped more than expected in January - CNN",3737,597
336,226,business,economy,No end to America's rising prices: Another inflation measure rose in January - CNN,4289,663
337,227,business,business-money,3 steps to dealing with market volatility - CNN,4702,777
338,228,business,homes,Manhattan rents rise to an all-time high - CNN,3161,532
340,229,business,success,Why this tax season is extra frustrating - CNN,5818,981
342,230,business,success,"Welcome to Diversifying, CNN's new personal finance podcast for a changing world - CNN",3233,512
344,231,business,perspectives,Opinion: What Russia's invasion of Ukraine could mean for the US economic recovery - CNN,5661,944
346,232,business,perspectives,Opinion: Athleta CEO: Women are driving the economy. It's time for businesses to prioritize them - CNN,7250,1135
348,233,business,perspectives,Opinion: Prices just keep rising. It's time to revive the enhanced child tax credit - CNN,4579,756
350,234,business,perspectives,Opinion: Soaring gas prices are hurting Americans. It's time for more stimulus checks - CNN,4413,711
351,235,business,perspectives,Opinion: How we can solve the nation's affordable housing crisis - CNN,7972,1215
352,236,business,perspectives,Opinion: The labor shortage could lead to a recession next year - CNN,3906,635
353,237,business,perspectives,Opinion: This bill could help to end energy poverty in the US - CNN,4387,702
354,238,business,perspectives,Opinion: The government has a talent problem. This bill could help change that - CNN,6346,972
355,239,business,perspectives,Opinion: The big reason the US and UK are facing such a massive labor shortage - CNN,7197,1112
356,240,business,perspectives,"Opinion: Home prices could soar another 20% this year, but Black families are struggling to benefit - CNN",6594,1061
358,241,business,perspectives,Opinion: China's digital yuan shows why we still need cryptocurrencies like bitcoin - CNN,6180,1011
360,242,business,perspectives,Opinion: The next front in fighting climate change: your home - CNN,6148,1011
361,243,business,perspectives,Opinion: The reason 'SNL' is so hilarious again? Less Trump - CNN,6191,1020
362,244,business,perspectives,Opinion: The biggest news story of 2021? Our imperiled democracy - CNN,5262,877
363,245,business,perspectives,Opinion: Cheesy Christmas movies are just what we need this year - CNN,5457,929
364,246,business,perspectives,Opinion: Best Buy founder: What every US college should teach their students - CNN,5599,903
366,247,business,perspectives,Opinion: It's time to ban Congress members from trading stocks - CNN,4219,700
367,248,business,perspectives,Opinion: Omicron is crushing small businesses like ours. But there are solutions - CNN,4865,806
368,249,business,perspectives,Opinion: The US is starting to make a manufacturing comeback. Here's how to sustain it - CNN,5203,754
369,250,business,perspectives,Opinion: Why protecting the planet is essential to preventing future pandemics - CNN,5514,823
370,251,business,perspectives,Opinion: The economy is recovering fast. But we need to ensure it works for everyone - CNN,6164,994
372,252,business,perspectives,Opinion: Expect markets to be on a wild ride until the Fed really starts raising rates - CNN,5089,865
373,253,business,perspectives,Opinion: Why inflation is about to peak - CNN,4390,708
374,254,business,perspectives,Opinion: The government can't run on short-term spending bills - CNN,4155,653
375,255,business,perspectives,Opinion: The labor market is upside down. Here's what CEOs can do about it - CNN,6192,934
376,256,news,opinions,Opinion: Our nursing workforce will keep crumbling if changes aren't made - CNN,9335,1575
378,257,news,opinions,"Opinion: Parents' fury over school closures is righteous, but misdirected - CNN",9385,1540
380,258,news,opinions,"Opinion: If you think that glass of wine is good for you, it's time to reconsider - CNN",4596,740
431,259,entertainment,entertainment,Pete Davidson in talks to head to space on Jeff Bezos' Blue Origin - CNN,1099,185
433,260,entertainment,entertainment,Courteney Cox still doesn't remember 'Friends' - CNN,1275,210
435,261,entertainment,entertainment,Javier Bardem and Penélope Cruz join history with their Oscar nominations - CNN,1230,199
439,262,entertainment,entertainment,'The Jennifer Hudson Show' to debut in fall 2022 - CNN,1683,296
441,263,entertainment,entertainment,Angelina Jolie travels to Yemen amid Ukrainian war  - CNN,1366,227
443,264,entertainment,entertainment,Janet Jackson's documentary: The revelations we can't wait for - CNN,3307,537
445,265,entertainment,movies,"Analysis: Sidney Poitier left behind a legacy of landmark roles, but some smaller gems as well - CNN",4322,719
447,266,entertainment,entertainment,'Cyrano' review: Peter Dinklage stars in a musical film that doesn't hit enough of the right notes - CNN,3226,516
449,267,entertainment,entertainment,'Sing 2' review: Bono joins in as the sequel serves up another round of animated karaoke for kids - CNN,2733,447
456,268,entertainment,entertainment,"'Scream' review: Courteney Cox, David Arquette, and Neve Campbell reunite with a new cast to refresh the formula - CNN",3384,541
457,269,entertainment,entertainment,'Marry Me' review: Jennifer Lopez and Owen Wilson star in a 'meet dumb' rom-com - CNN,4075,660
458,270,entertainment,entertainment,'The Power of the Dog' and its Globes win show that the awards power is in streaming - CNN,4364,686
459,271,entertainment,entertainment,"'Encanto' and 'Tick, Tick ... Boom' review: Lin-Manuel Miranda isn't throwing away his movie shots - CNN",4884,784
460,272,entertainment,entertainment,Analysis: 'Spider-Man' throws movie theaters a lifeline as they swing into the unknown - CNN,4119,664
461,273,entertainment,celebrities,'King Richard' review: Will Smith occupies center court as Venus and Serena's dad - CNN,3706,593
462,274,entertainment,entertainment,'Being the Ricardos' review: Nicole Kidman and Javier Bardem shine in Aaron Sorkin's beyond-black-and-white look at 'I Love Lucy' - CNN,4316,676
465,275,entertainment,entertainment,'The Dropout' review: Amanda Seyfried stars in Hulu's eye-opening take on Elizabeth Holmes and Theranos - CNN,3824,587
467,276,entertainment,entertainment,'Bel-Air' review: 'The Fresh Prince' goes down a dark path in a Peacock drama that's better than it has any right to be - CNN,3600,589
471,277,entertainment,entertainment,'Super Pumped: The Battle for Uber' review: Joseph Gordon-Levitt and Kyle Chandler star in Showtime's latest tech titan takedown - CNN,3958,609
473,278,entertainment,entertainment,'The Andy Warhol Diaries' review: Netflix's Ryan Murphy-produced docuseries gives the artist another 395 minutes of fame - CNN,4084,634
474,279,entertainment,entertainment,'The Marvelous Mrs. Maisel' season 4 review - CNN,2813,472
475,280,entertainment,entertainment,'The Gilded Age' review: Julian Fellowes' sprawling new drama shines as an American version of 'Downton Abbey' - CNN,4706,739
476,281,entertainment,entertainment,'Joe vs Carole' review: Kate McKinnon stars in a Peacock miniseries that arrives after 'Tiger King' has used up most of its lives - CNN,3548,587
477,282,entertainment,entertainment,'Pam & Tommy' review: Lily James and Sebastian Stan become Pam Anderson and Tommy Lee in Hulu's limited series - CNN,4271,705
478,283,entertainment,entertainment,'As We See It' review: Producer Jason Katims delivers Amazon's touching coming-of-age look at life on the spectrum - CNN,3364,537
479,284,entertainment,entertainment,'Women of the Movement' review legacy: An ABC miniseries revisits Emmett Till's murder and its civil-rights legacy - CNN,3593,583
480,285,entertainment,entertainment,'Only Murders' and 'Hacks': How TV is celebrating its senior moment - CNN,5555,860
481,286,news,us,A grieving surfer is taking hundreds of strangers' late loved ones for one last ride  - CNN,7829,1408
483,287,entertainment,entertainment,'Definition Please' and 'Donkeyhead' explore what it's like to reach adulthood and still feel stuck - CNN,7074,1165
487,288,news,europe,Slovenian company Viberate wants to be the IMDb of the music industry - CNN,4319,705
489,289,news,europe,Luka Košir is blazing a trail for sustainable gastronomy  - CNN,2028,347
491,290,business,success,Nervous about socializing in the office again? Here's how to break the ice - CNN,4404,743
545,291,sport,football,Serena Williams: US female 'A' listers and Reddit co-founder ready to disrupt football industry with Angel City - CNN,8501,1440
546,292,sport,football,Mason Greenwood: The Man Utd teenager on the road to becoming a great - CNN,8811,1492
548,293,sport,football,Bruno Fernandes: How one man transformed Manchester United's fortunes - CNN,10804,1868
550,294,sport,football,PSG: Neymar's moment of reckoning in Champions League - CNN,8378,1374
552,295,sport,football,Jair Bolsonaro: How a yellow jersey is dividing Brazil - CNN,10694,1714
554,296,sport,football,Lyon stun Manchester City to reach Champions League semifinals - CNN,5452,870
556,297,sport,football,Champions League: Tyler Adams helps fire RB Leipzig into semifinals  - CNN,2769,450
558,298,sport,football,Barcelona suffers record defeat against Bayern Munich in Champions League - CNN,5716,959
560,299,sport,football,Mbappe and Neymar prove their worth as PSG reaches first Champions Leage semifinal in 25 years - CNN,5535,923
562,300,sport,football,FC Dallas' Reggie Cannon criticizes booing of players kneeling during national anthem - CNN,3740,620
564,301,sport,football,PSG produces stunning comeback to knock Atalanta out of the Champions League - CNN,3418,566
566,302,sport,football,Jadon Sancho: Borussia Dortmund digs heel to stop Manchester United signing star - CNN,2230,362
568,303,sport,football,Lionel Messi lifts Barcelona in Champions League last 8 - CNN,3586,595
570,304,sport,football,Players can be red carded for deliberate coughing under English football's new Covid-19 guidelines - CNN,2388,369
572,305,sport,sport,Yao Ming: Chinese basketball legend says Peng Shuai in 'pretty good condition' during December meeting - CNN,5277,871
573,306,sport,tennis,Novak Djokovic arrives back in Belgrade after deportation from Australia - CNN,4266,670
574,307,sport,tennis,The Naomi Osaka fiasco is a sign that we're nowhere near finished with work on mental health - CNN,6766,1073
582,308,sport,golf,"Lydia Ko: 'Sometimes results are so overrated,' says former world No. 1 - CNN",6380,1161
584,309,sport,golf,How Iceland could reshape the world of golf - CNN,10823,1834
585,310,sport,golf,"How Arnold Palmer, Gary Player and Jack Nicklaus revolutionized golf - CNN",9133,1582
587,311,sport,golf,Moe Norman: The 'Rain Man of golf' who amazed even the greats of the sport  - CNN,10015,1696
589,312,sport,golf,US Women's Open: Juggling a pro golf career when you're a Mom - CNN,8929,1543
591,313,sport,golf,Charlie Sifford: golf's first Black professional who paved the way for Tiger Woods - CNN,11438,2019
593,314,sport,golf,Babe Didrikson Zaharias: The 'greatest all-sport athlete' who helped revolutionize women's golf - CNN,12054,2008
595,315,sport,sport,"Gus Kenworthy: From pop-culture celebrity to Beijing 2022, Winter Olympian is looking to leave his final mark on skiing - CNN",7660,1321
596,316,sport,sport,"'Cool Runnings': 'Most people die before their legacy is revealed, but I've had to live it,' says Dudley 'Tal' Stokes - CNN",7334,1230
598,317,sport,sport,Ashley Cain-Gribble and Timothy LeDuc: How US figure skaters forged their own paths in a sport where stereotypes run deep   - CNN,7898,1311
599,318,sport,sport,The highs and lows of the 2022 Winter Olympics - CNN,8813,1481
600,319,sport,sport,Remi Lindholm: Cross-country skier suffers frozen penis at Beijing 2022 - CNN,1487,258
601,320,sport,sport,Norway tops Beijing 2022 medal table after record-breaking performance  - CNN,4431,742
603,321,sport,sport,Here's who won gold medals at the Beijing Olympics on Sunday - CNN,591,87
604,322,sport,sport,Elana Meyers Taylor says she is 'overwhelmed' after becoming the most decorated Black athlete in Winter Olympics history - CNN,3453,566
605,323,sport,sport,China's Sui Wenjing and Han Cong win gold in pairs figure skating  - CNN,2368,403
606,324,sport,sport,Kamila Valieva saga set to run and run as blame game breaks out over Russian skater's positive drugs test - CNN,6480,1020
607,325,sport,sport,"Madison Hubbell and Zachary Donohue: 'We have our own empty medal box waiting in our room,' say US ice dancers - CNN",3376,553
608,326,sport,sport,"Kamila Valieva falls multiple times in free skate program, finishes in fourth place in the women's individual event - CNN",5054,813
609,327,sport,sport,Mikaela Shiffrin left reeling after third Beijing crash: 'I just feel like a joke' - CNN,4708,790
610,328,news,china,The Olympics was a success inside of China. And that's the audience Beijing cares about  - CNN,49357,8030
613,329,sport,sport,Timeline of figure skating controversies from 1902 to 2022 - CNN,12243,2000
614,330,sport,sport,Women's figure skating: How scoring works and why stamina often leads to more points - CNN,5093,811
615,331,sport,sport,Benjamin Alexander: How 'absolutely fearless' Jamaican went from being a DJ to his country's first Olympic alpine skier - CNN,5716,979
616,332,sport,sport,Why is Norway so good at the Winter Olympics? - CNN,3283,578
617,333,sport,sport,"For Team USA's Nathan Chen, 'blood, sweat, tears' led to Olympic gold  - CNN",6622,1196
618,334,sport,sport,"Lost sports of the Winter Olympics: Skijoring, the wild blend of horses and skis - CNN",8347,1370
619,335,sport,sport,Why Olympic figure skaters don't get dizzy from spinning - CNN,5749,949
620,336,sport,sport,Kamila Valieva: Timeline of Russian figure skater's failed drug test - CNN,4066,607
621,337,sport,sport,Beijing Winter Olympics 2022: Event-by-event guide - CNN,26639,4376
623,338,sport,sport,The Tokyo Olympics set the record for LGBTQ+ visibility. The Beijing Games aren't likely to break it - CNN,15932,2582
625,339,news,china,China human rights: Beijing clamps down on dissent as Olympics heat up - CNN,7076,1161
627,340,sport,sport,Snowboarder Jeremy Jones is fighting for climate action to protect winter sports  - CNN,7260,1200
629,341,sport,sport,"Explaining ice hockey jargon: An apple, a biscuit and a cherry picker - CNN",2431,418
631,342,news,opinions,Opinion: What to do about the social media shaming of figure skater Zhu Yi - CNN,6143,1053
633,343,sport,sport,Maame Biney: Smiling speed skater heads to Beijing stronger than ever after almost quitting - CNN,4475,770
635,344,sport,sport,Su Yiming: Former child actor grabs Beijing 2022 limelight - CNN,4473,790
637,345,sport,sport,Eileen Gu reveals mom helped her turn freeski slopestyle final around and win second medal of Beijing 2022 - CNN,4594,787
639,346,sport,sport,Kaillie Humphries: Canada-born slider wins monobob gold medal for US at Beijing 2022 after ​filing harassment complaint  - CNN,4073,648
641,347,sport,sport,Winter Olympics could become 'dangerous' because of fake snow - CNN,2389,373
643,348,sport,sport,"Beijing Olympics tickets will not be sold to general public due to Covid-19, China says - CNN",2696,415
645,349,sport,sport,Mikaela Shiffrin clinches record-breaking 47th World Cup slalom win - CNN,2291,368
647,350,sport,sport,Erin Jackson: World No. 1 speedskater is going to Beijing 2022 after teammate gives up place - CNN,2219,390
649,351,sport,sport,Timothy LeDuc is set to become the first openly non-binary athlete to compete at a Winter Olympics - CNN,2095,355
651,352,sport,sport,Nathan Chen breaks short program record at US figure Skating Championships - CNN,2062,335
653,353,sport,sport,Mariah Bell becomes the oldest US women's figure skating national champion in 95 years - CNN,1135,184
657,354,sport,sport,Black Ice film aiming to boost diversity in climbing  - CNN,9850,1655
658,355,sport,sport,"Emily Harrington: 'We should be less afraid to be afraid,' says climber after making history on El Capitan  - CNN",8291,1421
660,356,sport,sport,Sasha DiGiulian: US climber wants more women in climbing after being told 'little girls don't belong'  - CNN,10188,1717
662,357,sport,sport,Dani Arnold climbs the Cima Grande in record time - CNN,6359,1082
664,358,sport,sport,Blind climber Jesse Dufton pushing boundaries after leading 449-foot climb - CNN,7829,1342
668,359,sport,sport,Slovenia chimney climb: Janja Garnbret and Domen Škofic scale the world's tallest artificial multi-pitch route - CNN,5224,889
669,360,sport,sport,Free Solo: Oscar-winning director Jimmy Chin on risking it all for the perfect shot  - CNN,7004,1186
671,361,sport,sport,Oscars: Free Solo documentary and how Alex Honnold climbed without ropes - CNN,9647,1651
673,362,sport,sport,Doug Scott: Everest conqueror and mountaineering icon dies aged 79 - CNN,2241,386
675,363,sport,sport,Nirmal Purja: Record breaking Nepalese climber shocked by climate change effects - CNN,8559,1438
677,364,sport,motorsport,Lewis Hamilton equals Michael Schumacher's record of seven world titles - CNN,5192,868
679,365,sport,motorsport,"Lewis Hamilton: 'I have walked this sport alone,' says F1 champion after record-equaling title win  - CNN",5426,959
681,366,sport,motorsport,Lewis Hamilton 'won't stop' his fight against racism as FIA rules out investigation into Breonna Taylor T-shirt - CNN,3612,611
683,367,sport,motorsport,Sebastian Vettel will join Aston Martin F1 team from 2021 - CNN,3085,514
685,368,sport,motorsport,Lewis Hamilton: F1 champion launches Extreme E team - CNN,2904,471
687,369,sport,motorsport,Italian GP: Ferrari records worst home qualifying performance since 1984 - CNN,2998,504
689,370,sport,motorsport,Lewis Hamilton pays tribute to Chadwick Boseman after F1 Belgian GP win - CNN,4082,665
691,371,sport,motorsport,Max Verstappen plays down Michael Schumacher comparisons - CNN,5265,910
693,372,sport,motorsport,Brad Binder: Cheating death and creating MotoGP history - CNN,6884,1195
694,373,sport,motorsport,Daniel Abt: Audi suspends star after 18-year-old gamer raced under Formula E driver's name in esports event - CNN,3166,522
696,374,sport,sport,Alex Zanardi transferred to specialist neuro-rehabilitation center after crash - CNN,1751,258
698,375,sport,motorsport,Bubba Wallace: NASCAR driver learning to 'embrace' activism  - CNN,5740,963
700,376,sport,motorsport,NASCAR: Plane flew a Confederate flag over Bristol Motor Speedway - CNN,2921,479
702,377,sport,motorsport,"Sophia Floersch: If I watched the video, I still don't believe it's me flying' -- Female driver relives horror crash - CNN",7771,1357
703,378,sport,motorsport,Marc and Alex Marquez: World champion brothers on life in lockdown - CNN,6231,1092
705,379,sport,motorsport,Ellie Goulding: Formula E is 'literally the future' - CNN,4260,712
707,380,sport,sport,Valorant: The new game boosting diversity in esports  - CNN,5669,941
709,381,sport,sport,Team Liquid: How esports has helped its fans get through lockdown - CNN,5145,898
711,382,sport,sport,These Kenyan gamers are putting Africa on the esports map - CNN,6330,1097
713,383,business,tech,"Lowkey.gg, a new service for adult gamers, throws a League of Legends tournament that we tried out - CNN",6465,1068
715,384,business,tech,"Twitch gaming stars jump ship to Mixer, Facebook Gaming and YouTube - CNN",13598,2227
717,385,business,tech,"The biggest esports facility in the US has training rooms, an apparel shop and lavish gaming chairs - CNN",4215,685
719,386,sport,sport,Football stars go head-to-head over video games as coronavirus suspends play - CNN,4445,716
721,387,sport,football,RB Leipzig: Trailblazing footballer Lena Güldenpfennig balancing her on-pitch duties with an esports career - CNN,7580,1253
723,388,sport,sport,Worlds 2020: Surviving two weeks of isolation ahead of the biggest esports tournament  - CNN,7627,1295
725,389,business,tech,Sports are canceled. Esports are still around - CNN,5302,819
727,390,news,europe,How video games saved Ryan Hart from the streets  - CNN,4189,721
729,391,sport,sport,League of Legends is growing. Traditional sports better watch out.  - CNN,6460,1075
731,392,sport,sport,League of Legends: G2 Esports stars' journey to Worlds   - CNN,6753,1188
733,393,sport,sport,Middle East's first female esports team makes debut - CNN,3661,597
735,394,news,living,Deaf culture in an American deaf family - CNN,8111,1366
736,395,news,world,'Blackface': Dutch holiday tradition or racism? - CNN,4433,728
737,396,news,opinions,Filmmaker: Why I made 'Blackface' - CNN,7140,1234
738,397,news,living,Meet the Gnomist: A force for good - CNN,13130,2264
739,398,news,world,"Skin Whitening: The global market, the risks and who makes and sells the products - CNN",16934,2552
741,399,news,asia,"As the Taliban swept Kabul, one friend escaped. The other was trapped. They shared their anguish on WhatsApp - CNN",11290,1876
743,400,news,asia,Child marriage annulment in India and the woman who dedicates her life to helping girls leave - CNN,14159,2482
745,401,news,world,Why CNN is launching a new series on skin whitening  - CNN,4311,695
747,402,news,americas,The fight to save Hawaii Sign Language from extinction  - CNN,9157,1532
749,403,news,us,Explainer: What is the Texas abortion ban?  - CNN,9948,1632
751,404,news,africa,These African women are making sexual pleasure a gender equality priority - CNN,10467,1742
753,405,news,opinions,Why Facebook's continuing Taliban ban should concern us all - CNN,6258,959
755,406,news,opinions,Why is it so strange to get married and keep my surname in 2021? - CNN,5981,1032
757,407,news,opinions,India's Covid-19 crisis: Why I'm grateful I lost my parents before the current surge - CNN,5537,926
759,408,news,opinions,"With a Covid-19 vaccine patent waiver likely, time to rethink global intellectual property rules - CNN",9527,1478
761,409,news,world,"They've been beaten, trolled, threatened with sexual violence but refuse to be silenced - CNN",9089,1426
763,410,news,opinions,Shola Mos-Shogbamimu: Lessons learned from a lifetime of activism - CNN,7154,1238
765,411,news,americas,Chile's government distributed faulty birth control pills. Now more than 150 people are pregnant. - CNN,20465,3339
767,412,news,asia,"Daulatdia: She was tricked as a teen into prostitution. A decade on, she has no work and faces starvation - CNN",10503,1816
769,413,news,africa,A transport ban in Uganda means women are trapped at home with their abusers - CNN,9546,1512
770,414,news,africa,"They were sent to a shelter for safety. Instead, these women say they were sexually abused - CNN",17569,2892
772,415,news,middleeast,How a consulate in Lebanon became feared by the women it was meant to help  - CNN,17239,2837
773,416,news,india,"Troll armies, 'deepfake' porn videos and violent threats. How Twitter became so toxic for India's women politicians - CNN",13895,2260
774,417,news,africa,An alleged child abuser died before his trial. His accusers are now being blamed - CNN,6110,1037
777,418,news,world,They wanted a son so much they made their daughter live as a boy - CNN,12922,2193
778,419,news,africa,She wants women to have good sex. So she started a website where they can talk about it (safely)  - CNN,9385,1544
779,420,news,africa,The Nigerian schoolgirls fighting against child marriage - CNN,8547,1415
780,421,news,africa,They tried to use rape to silence women protesters. It didn't work - CNN,9901,1647
781,422,news,africa,She grew up in a village where women rule and men are banned  - CNN,8349,1430
782,423,news,africa,"Diane Rwigara, Rwandan opposition leader, and her mother cleared of all charges - CNN",8076,1250
783,424,news,africa,"Diane Rwigara: Awaiting trial, Rwandan opposition leader says she's determined to hold government accountable
 - CNN",7970,1322
784,425,news,africa,Diane Rwigara: Rwandan opposition leader freed on bail - CNN,5767,922
785,426,health,health,Women are dying from backstreet abortions. But reforms to Malawi's 157-year-old laws are stuck - CNN,7498,1220
786,427,news,africa,Diane Rwigara: Trial of Rwandan imprisoned opposition leader postponed - CNN,2972,449
787,428,news,africa,Diane Rwigara: Trial of Rwandan imprisoned opposition leader to begin - CNN,9376,1486
788,429,news,africa,"A mother's impossible choice: risk rape to feed your family, or starve - CNN",7717,1311
789,430,news,africa,"Noura Hussein: Facing public threats of revenge, Sudanese teen continues her fight for freedom - CNN",4090,657
790,431,news,africa,Sudan overturns death sentence for teen who killed her husband after he raped her - CNN,4023,700
791,432,news,opinions,Sudan: How the #JusticeForNoura Instagram campaign gave a voice to the voiceless - CNN,4204,688
792,433,news,africa,Sudan child marriage: The 11-year-old girl divorcing her 38-year-old husband - CNN,5647,940
793,434,news,africa,Noura Hussein in her own words: Teen who killed rapist husband shares her story - CNN,4075,754
794,435,news,americas,Gangs in El Salvador use women's bodies for 'revenge and control' - CNN,6435,1125
795,436,health,health,Trump's ban on global abortion funding has led to more abortions - CNN,9585,1549
796,437,news,middleeast,'I never told anyone': 5 women's stories of sexual abuse at the Hajj - CNN,10410,1893
797,438,news,middleeast,"Threatened with 'acid, rape, abuse': Protesting Iran's compulsory hijab law - CNN",7705,1287
798,439,health,health,16 and trying not to get pregnant - CNN,7022,1145
799,440,news,world,'An homage to resilience': Portraits of Haiti's rape survivors - CNN,3881,687
800,441,news,africa,"Cycle of shame: Harassed in the street, then again on social media
 - CNN",13467,2218
801,442,news,africa,These women got married. But it wasn't for love  - CNN,6661,1128
802,443,news,africa,Her world ended when her kids were murdered. Raising dozens of orphans saved her life - CNN,9150,1570
803,444,news,africa,World Bank to consider giving Tanzania $500 million education loan despite ban on pregnant schoolgirls - CNN,4657,758
804,445,health,health,They failed mandatory pregnancy tests at school. Then they were expelled - CNN,10713,1750
805,446,news,opinions,Jidenna: There are millions of Nouras across the world  - CNN,5362,912
807,447,news,africa,Malawi consent classes teach children no means no - CNN,6516,1077
808,448,news,middleeast,Child marriage in Yemen - As Equals - CNN,8943,1524
809,449,health,health,The 'Salt Queen' working to transform the health of a nation - CNN,9719,1598
810,450,news,africa,Diane Rwigara: Rwandan opposition leader stands by her innocence at long-awaited trial   - CNN,4003,611
811,451,news,africa,"In Lesotho, only men can inherit the role of chief. One woman is trying to change that - CNN",8096,1353
812,452,news,africa,The feminist DJs in Uganda taking back the night  - CNN,6713,1106
813,453,news,opinions,"International Women's Day: The people have awoken, we need to make the most of this moment  - CNN",5704,977
814,454,news,middleeast,This all-female TV station is bringing women's issues to Afghanistan's attention - CNN,2239,362
815,455,news,africa,The #MeToo stories you haven't heard: Meet the women speaking out in Nigeria - CNN,8758,1539
816,456,news,opinions,War in Yemen gives women more responsibility but not empowerment - CNN,6702,1136
817,457,news,africa,"Told not to drum, this woman is breaking a centuries-old taboo - CNN",4384,735
820,458,news,africa,Female firefighters from Ghana launch first gender discrimination case - CNN,10759,1785
821,459,news,world,Slavery: Here's what you can do right now to end it - CNN,3245,496
822,460,news,us,How to provide aid to those in Ukraine - CNN,802,124
824,461,news,us,International Women's Day 2022: She became a refugee as a teenager and now runs a non-profit dedicated to helping women like herself - CNN,7644,1320
826,462,news,world,How to help on International Women's Day - CNN,3368,534
827,463,news,us,"As anti-semitism grows, so does its dangers to everyone. Here's how you can fight against it - CNN",5202,818
829,464,news,us,Attacks against Asian Americans are on the rise. Here's what you can do - CNN,9704,1528
830,465,entertainment,entertainment,"He threw a Super Bowl party for homeless New Yorkers. Now, his 'Super Soul Parties' are being held nationwide - CNN",5209,911
832,466,news,us,Montana nonprofit is fighting to protect native fish on this historic reservation - CNN,4499,755
833,467,news,us,Former NFL star Warrick Dunn helps single parents realize dream of homeownership - CNN,4872,796
834,468,news,us,Black History Month Black Health & Wellness - CNN,7199,1161
836,469,news,us,Memphis nonprofit is using soul music to educate kids and celebrate Black History Month  - CNN,5560,922
837,470,news,us,No money? No problem. Here are 4 ways to give back without opening your wallet - CNN,1741,277
839,471,news,us,US Food Banks survive coronavirus demand to face new problems: supply chain disruption and rising food prices - CNN,2660,423
840,472,health,health,Holiday giving: It really is better to give than to receive... - CNN,2964,500
841,473,news,us,How to support animal lover Betty White's favorite cause - CNN,5786,964
843,474,news,us,How to honor Kobe Bryant's legacy through the charities he supported - CNN,3374,526
844,475,news,us,Here are some of Alex Trebek's favorite causes that he supported - CNN,5250,850
845,476,health,health,"Do you have a cold, the flu or Covid-19? How to tell the difference - CNN",6540,1118
846,477,health,health,"Dr. Sanjay Gupta: Resolutions for making 2022 a better, healthier year - CNN",9797,1666
847,478,news,us,"Woman walks over 1,400 miles to honor her late mother and raise awareness of pulmonary fibrosis - CNN",5955,1024
849,479,news,us,Vickery Trading helps refugee women stitch together a bright future  - CNN,3600,554
851,480,news,us,How two Maryland women work to raise awareness about missing Black people - CNN,4832,762
853,481,news,opinions,Arwa Damon: The question haunting me this World Humanitarian Day (opinion) - CNN,6552,1109
855,482,health,health,Outdoor classroom reenergizes kids during the pandemic - CNN,8238,1422
857,483,news,us,Giving Tuesday: How to help nonprofits - CNN,4425,702
859,484,news,weather,Help Central America hurricane victims - CNN,1080,173
861,485,news,us,Not getting a haircut for a while? Consider donating to charity - CNN,8354,1438
863,486,news,us,Salvation Army starts holiday fundraising early to 'Rescue Christmas' - CNN,3174,527
865,487,news,us,"Black lives matter in children's books, too. That's why this couple started a non-profit  - CNN",7365,1242
867,488,news,us,New Orleans after Katrina: This non-profit is still helping the city rebuild 15 years later - CNN,5401,837
869,489,news,africa,"Book Bunk: In Kenya, these women are restoring and reclaiming Nairobi's dilapidated, colonial-era libraries - CNN",5770,914
871,490,news,africa,Nigeria's social media comedians are making laughter pay - CNN,6596,1107
873,491,news,africa,These women are shaping the future of African space exploration - CNN,12658,2047
875,492,news,africa,Nigeria's 'techpreneurs' are using technology to provide life-changing solutions - CNN,7201,1117
879,493,news,world,A lab in a remote Namibian city is saving the cheetah from extinction - CNN,4542,712
881,494,news,opinions,COP21: Paris climate change deal is end of fossil fuels - CNN,6417,1066
883,495,news,opinions,COP21: We have a Paris climate agreement. Now what?  - CNN,10789,1753
884,496,news,world,COP21: Obama praises Paris climate change agreement - CNN,8468,1300
885,497,news,opinions,COP21: The moral case for climate action (Opinion) - CNN,7023,1215
887,498,news,opinions,COP21 climate talks: Watching Greenland melt from Paris - CNN,4067,713
889,499,news,opinions,COP21: Is 2 degrees the wrong climate goal? (Opinion) - CNN,7652,1281
891,500,news,opinions,Bill Gates: Your question (and his response) - CNN,6923,1179
893,501,news,opinions,Climate change: Denmark's 'fairy tale' energy island - CNN,10553,1788
895,502,news,opinions,Climate change: 'The shoes are marching for us' - CNN,10908,1759
897,503,news,opinions,Climate change is a form of terror (Opinion)  - CNN,15777,2659
899,504,news,opinions,Climate change: The community that stood up to coal - CNN,23193,3956
901,505,news,opinions,Climate change: Why beef is the new SUV (Opinion) - CNN,31669,5321
903,506,news,opinions,How to help save the Marshall Islands - CNN,7817,1302
905,507,news,opinions,Climate: 15 scary facts about rising seas (Opinion) - CNN,5159,868
907,508,news,opinions,"Climate change: Vanishing stories, vanishing country - CNN",4176,702
909,509,news,opinions,Climate: 9 questions on rising sea levels (2 degrees) - CNN,8477,1439
911,510,news,opinions,Why so many who doubt climate change here? (Opinion) - CNN,45204,7737
913,511,news,world,Climate change: Did it contribute to conflict in Syria? - CNN,4862,779
915,512,news,world,Climate change: Does it contribute to disease? - CNN,3828,579
917,513,news,world,Climate change: Does eating bugs help?  - CNN,5716,966
919,514,news,opinions,Your questions about climate change answered - CNN,18396,2939
921,515,news,opinions,Climate change: 7 questions on 2 degrees (Opinion) - CNN,14133,2374
923,516,news,opinions,Climate change: 'Two degrees' may decide the future - CNN,12164,2064
925,517,news,opinions,ISIS won't derail Paris climate talks - CNN,5140,852
926,518,news,opinions,COP21: Why more women need seats at the table - CNN,12822,1884
927,519,news,opinions,Climate change: 48-page document could save the planet - CNN,8525,1373
928,520,news,us,Report: Global temperature rise already halfway to 'two degree warming' limit - CNN,3706,609
929,521,news,opinions,On 6 degrees of climate change (Opinion) - CNN,20535,3486
931,522,news,opinions,Books: 12 must-reads on climate change (2 degrees) - CNN,12099,1948
933,523,news,opinions,Climate: We're burning through Earth's carbon budget - CNN,6323,1050
935,524,news,world,"They fled their house in Ukraine, but a CNN Hero helped make Poland their new home - CNN",3567,586
937,525,news,world,"With war raging, this CNN Hero is racing to aid Ukraine's Holocaust survivors - CNN",3565,571
938,526,news,opinions,2016 CNN Hero of the Year: Dreaming is worth it - CNN,8894,1456
940,527,news,weather,What are snow squalls and why they're more dangerous than blizzards - CNN,5632,895
941,528,news,weather,How to survive an avalanche - CNN,4178,726
942,529,news,weather,Winter storm preparedness checklist - CNN,2406,392
943,530,news,weather,Wind chill is a real threat. It can and will harm you. - CNN,3714,636
944,531,news,weather,Weather news: Preparing for Category 6 hurricanes - CNN,20016,3239
946,532,news,weather,"While the Northeast is digging out of last week's blizzard, the next storm is taking aim at the South  - CNN",7645,1297
948,533,news,weather,"Winter weather news: Another winter storm is streaking across the northern Plains this week. But it won't stop Plowy McPlowface, one of Minnesota's famed snowplows - CNN",7511,1322
950,534,news,weather,Weather news: Snow and ice will return to the South this week. Maybe.   - CNN,7236,1258
952,535,news,weather,Northeast: Major US cities will feel like they're below zero this week. Find out where - CNN,9448,1549
954,536,news,weather,"From record high temperatures to snow, these towns are shivering in shock Monday - CNN",7891,1305
956,537,news,weather,A travel nightmare is setting up from coast to coast as holiday travelers return home - CNN,6624,1125
960,538,news,weather,Atlantic hurricane season ends up as more costly than the record-breaking one in 2020 - CNN,11628,1896
961,539,news,us,What a hurricane means when you live in Louisiana's 'Cancer Alley' - CNN,12661,2010
962,540,news,weather,Here's why hurricane hunters fly their planes in weird patterns into storms - CNN,8284,1333
963,541,news,us,Lake Mead water shortage: The shocking numbers behind the crisis - CNN,7155,1209
965,542,news,weather,Maps of historic drought in West - CNN,7999,1293
967,543,news,weather,"Heat wave in West, made worse by climate change, continues through the week - CNN",6359,1076
969,544,news,opinions,"Opinion: As people flee climate change on the coasts, this Midwest city is trying to become a safe haven - CNN",19806,3303
971,545,business,investing,California and nearly a dozen other states want companies to reveal the financial risks of the climate crisis - CNN,6516,980
972,546,news,us,"Rocky Mountain subalpine wildfires higher now than past 2,000 years - CNN",5067,804
973,547,business,business,"Climate change is increasing flood risk around the country. Insurance rates are not keeping pace, report finds - CNN",8085,1313
974,548,news,weather,I am a CNN meteorologist. I used to be a climate change skeptic - CNN,3312,546
976,549,news,world,Erika Woolsey and The Hydrous are using virtual reality to bring people closer to the ocean - CNN,4293,697
978,550,news,world,"NASA technology can help save whale sharks says Australian marine biologist and ECOCEAN founder, Brad Norman - CNN",5870,932
980,551,news,us,The science behind climate change - CNN,7119,1205
981,552,news,world,"Antarctica's ice is degrading faster than we thought, and there may be no way to stop the consequences  - CNN",2992,489
982,553,news,europe,"By 2050, London's climate will feel like Barcelona, says new study - CNN",5472,852
983,554,news,us,"Alaska's warming ocean is putting food and jobs at risk, scientists say - CNN",4268,681
984,555,health,health,"With climate change, what will your city's weather feel like in 60 years?  - CNN",7249,1170
985,556,news,world,Greta Thunberg isn't alone. Meet some other young activists who are leading the environmentalist fight - CNN,5475,872
986,557,news,world,#trashtag: Viral challenge sends internet on garbage hunt - CNN,4400,701
989,558,news,us,The geography of climate confusion: a visual guide - CNN,9137,1478
991,559,news,weather,Smoke from Western wildfires has blown thousands of miles to New York - CNN,2546,408
992,560,news,world,Desert dancers highlight Andean culture - CNN,3833,603
994,561,news,living,Dads cherish Sweden's parental leave - CNN,3605,599
996,562,news,living,Making a 'squat' a home - CNN,6103,1008
998,563,news,world,Amazon natives hold on to tradition - CNN,4021,647
1000,564,news,living,A glimpse of life on the reservation - CNN,3674,600
1002,565,news,us,Girls behind bars tell their stories - CNN,4888,859
1004,566,news,world,Giving a face to Sudan's refugee crisis - CNN,5648,961
1006,567,news,living,Show animals and their proud handlers - CNN,4884,797
1008,568,health,health,Needy families slept on hospital floors until one doctor started a shelter - CNN,4605,808
1010,569,news,world,New Yorker moves to Vietnam to help at-risk youth  - CNN,6285,1037
1012,570,news,world,"At 17, this sexual abuse survivor set out to fix a broken system - CNN",5697,1024
1014,571,news,world,The child sex trade in Cambodia - CNN,3645,645
1016,572,news,asia,Nepal's Organ Trail: How traffickers steal kidneys - CNN,8296,1368
1018,573,news,world,Guatemala: Gender-based violence at epidemic levels - CNN,9487,1494
1020,574,news,intl_world,"Aid workers in ISIS bull's-eye: 'If not us, then who?' - CNN",45825,7858
1022,575,news,world,Syria's lost generation: Education and dreams deferred - CNN,4754,864
1024,576,news,world,Help refugees survive the Syrian conflict - CNN,1286,197
1026,577,news,world,Yemen crisis: How you can help - CNN,9458,1550
1028,578,news,africa,Ethiopia - a land where coffee meets tradition - CNN,4614,726
1030,579,business,business,Family ties mix with fresh fruit on an island paradise - CNN,4152,666
1032,580,news,us,The Supreme Court may take a chunk out of MLK's legacy - CNN,26112,4256
1034,581,news,us,Analysis: It's time to give some bigots a break - CNN,11915,2074
1035,582,news,us,When the dreaded 'other' is an angry white man - CNN,11542,1909
1036,583,news,us,Why the rules for racial rhetoric are changing - CNN,10889,1728
1037,584,news,us,How 911 calls on blacks are a new twist on something old: white flight - CNN,14877,2568
1038,585,news,us,Are you racially fluid? - CNN,35672,5956
1039,586,news,us,How Trump became 'the white affirmative action president' - CNN,22596,3633
1040,587,news,us,What it means to be 'unapologetically black'  - CNN,13767,2251
1041,588,news,us,Analysis: The most shocking part of the racist yearbook photo is unseen - CNN,9261,1589
1043,589,news,us,"Howard Thurman: The overlooked civil rights hero
 - CNN",9687,1612
1045,590,news,us,Boston Celtics legend Bob Cousy makes his 'last pass'  - CNN,14041,2404
1047,591,news,us,The polite way to call someone a racist - CNN,13176,2199
1049,592,news,us,Analysis: The question now facing Democrats - CNN,5607,930
1051,593,news,us,When Americans tried to breed a better race: How a genetic fitness 'crusade' marches on - CNN,9782,1592
1053,594,politics,politics,Analysis: Trump is making racism boring again - CNNPolitics,4257,708
1055,595,news,us,Where Billy Graham 'missed the mark' - CNN,26588,4229
1057,596,news,us,Trump's travel ban stranded her. America welcomed her. - CNN,20392,3522
1059,597,news,us,The US border is bigger than you think - CNN,9085,1418
1061,598,news,us,Aboard ICE Air: Behind the scenes on a deportation flight - CNN,14217,2337
1063,599,news,us,Beyond the border: Life in limbo - CNN,39621,6810
1065,600,news,opinions,My mother was raped in a nursing home at 88 - CNN,8546,1537
1066,601,health,health,Caregiver convicted of rape in nursing home  - CNN,8246,1432
1067,602,news,us,US bishops conference: Vatican orders delay in taking action on sexual abuse crisis  - CNN,5715,915
1069,603,news,us,Abuse survivors angry over Pope's praise for fallen cardinal - CNN,6552,1061
1071,604,news,us,US Justice Department investigating Pennsylvania Catholic Church - CNN,5378,823
1073,605,news,europe,Why Francis and Benedict won't answer the accusations dividing their church - CNN,14748,2348
1075,606,news,us,US Catholic bishops announce new policies to police bishops - CNN,5164,796
1077,607,news,us,American cardinal says his own mother is 'embarrassed to be Catholic'  - CNN,6048,1071
1079,608,news,us,The 'coup' against Pope Francis  - CNN,12317,1954
1081,609,news,us,'How could this happen again?' Why this Catholic abuse scandal seems worse than 2002  - CNN,10917,1750
1083,610,news,us,An American Zen Master has died: An oral history of Roshi Bernie Glassman - CNN,24113,4219
1085,611,news,us,Outraged online? We all are. Here's what one Christian says about how to deal - CNN,7137,1285
1086,612,news,us,"After Bible museum scandal, more evangelicals suspect they have forged Dead Sea Scrolls  - CNN",7109,1138
1087,613,news,us,How Billy Graham became the most famous preacher in America - CNN,17358,2729
1088,614,news,europe,Seeing the Pope help strangers made me tear up. Later I learned why.  - CNN,15386,2551
1089,615,news,us,Pittsburgh rabbi told Trump that hate speech led to synagogue massacre - CNN,10086,1649
1091,616,news,us,First Shabbat since Pittsburgh massacre unites international Jewish community as the last victim is buried - CNN,6597,1064
1092,617,news,us,Pittsburgh shooting: Rabbi Jeffrey Myers counsels a grieving synagogue -- and nation  - CNN,7248,1238
1093,618,news,us,"American Jews have feared this kind of attack for years, but still kept their doors open. Here's why - CNN",8046,1290
1094,619,news,us,The Bible backs up Trump's idea to arm houses of worship - CNN,9474,1665
1095,620,health,health,"Claire Wineland, inspirational speaker and social media star, dies one week after lung transplant - CNN",9856,1696
1097,621,health,health,"Anatomy of a 97,000% drug price hike: One family's fight to save their son - CNN",45924,7575
1099,622,health,health,Medicare spent $2 billion for one drug as the manufacturer paid doctors millions - CNN,29673,4601
1101,623,news,us,A WWII hero returns to Germany to meet his enemy - CNN,16435,2947
1103,624,health,health,Suicide rates in rural America are soaring. One family is working to change that.  - CNN,23752,4115
1105,625,health,health,"Two dads, an egg donor and a surrogate: How a freezer failure changed everything - CNN",20503,3597
1107,626,health,health,"From 'screw you' Aetna to Sweet 16, teen celebrates her surgery -- and new life - CNN",12907,2151
1109,627,health,health,A dying mother's plea for her life - CNN,27100,4641
1111,628,health,health,"Decades after their own sexual assaults, women put themselves in shoes of Kavanaugh's accusers - CNN",9854,1727
1113,629,news,us,"In 'forgotten' California, a new generation is more woke than ever - CNN",29212,4675
1115,630,health,health,"Vegas shooting: Shots rang out, and three lives collided - CNN",16436,2890
1117,631,health,health,Forget abortion: What women in Appalachian Kentucky really want - CNN,26108,4433
1119,632,health,health,Paulette Leaphart and the naked truth - CNN,70066,12213
1121,633,health,health,Kids for sale: 'My mom was tricked' - CNN,28259,4691
1123,634,health,health,State launches Aetna probe after stunning admission - CNN,12056,1857
1125,635,news,us,The four reasons people commit hate crimes - CNN,8998,1439
1127,636,news,us,MLK Jr. assassination: The question that haunts his last day in Memphis - CNN,21657,3620
1129,637,politics,politics,Puerto Ricans are still dying in Hurricane Maria's wake - CNNPolitics,39419,6630
1131,638,news,world,Baha'i woman survived a decade in Iranian jail by writing poetry - CNN,18265,3103
1133,639,news,us,He shot to fame with one speech and is now on a mission against Trump - CNN,25224,4283
1135,640,news,us,A gunman killed his brother. Now Farris Barakat is on an American journey. - CNN,43503,7461
1137,641,news,us,Why some Americans say Trump can't stop what Obama started - CNN,15891,2682
1139,642,news,us,How ordinary people become 'white supremacists by default' - CNN,19729,3141
1141,643,news,us,What's wrong with too many white men in one place? - CNN,13470,2229
1143,644,news,us,How Trump's victory turns into another 'Lost Cause' - CNN,24503,3978
1145,645,health,health,"Raped and wed by 11, woman fights to end child marriage - CNN",21239,3713
1147,646,health,health,"When insurance wouldn't pay, parents funded cancer patient's $95,000 lifesaving treatment - CNN",19532,3112
1149,647,news,us,"Three ways MLK speaks to our time
 - CNN",15434,2518
1151,648,news,us,Baltimore violence and the lack of black men in the city - CNN,26519,4580
1153,649,news,world,How Easter became a #MeToo Moment - CNN,20660,3369
1155,650,news,us,"After ICE raid, more than 500 kids miss school - CNN",7302,1227
1157,651,news,us,The US rescued her. Now it wants to return her to Haiti. - CNN,19383,3254
1159,652,health,health,Inside the secret lives of  functioning heroin addicts - CNN,18587,3216
1161,653,health,health,Medic who documented Nazi camp horror dies at 93 - CNN,18129,3104
1163,654,news,us,'Folks don't feel safe' - CNN,24666,4044
1165,655,news,us,The spiritual message hidden in 'Star Wars'  - CNN,11649,1911
1167,656,news,us,A Bible museum mystery: Are its Dead Sea Scrolls fake? - CNN,14524,2378
1169,657,politics,politics,What are Donald Trump's religious beliefs?  - CNNPolitics,19024,3131
1171,658,health,health,Toxic tensions in the heart of 'Cancer Alley' - CNN,16188,2660
1173,659,news,us,The secret costs of Islamophobia - CNN,26757,4313
1175,660,health,health,Where Trump support and Obamacare use soar - CNN,24287,4226
1177,661,health,health,The journey of bringing formerly conjoined twins home - CNN,17852,3042
1179,662,news,us,The Bishop Eddie Long I knew - CNN,19218,3330
1181,663,news,us,Understanding why a visa can be so coveted and reviled  - CNN,27073,4569
1183,664,news,world,From Gandhi to guns: An Indian woman at the NRA  - CNN,13073,2281
1185,665,news,us,The sacred land at the heart of Dakota pipeline fight - CNN,9916,1650
1187,666,news,world,Halted MH370 search is not an end for one man - CNN,12696,2174
1189,667,health,health,Heroin in America: The scarring of the next generation - CNN,34609,5797
1191,668,health,health,'I had an abortion': 'Pro-voice' replaces judgment with conversation - CNN,15356,2595
1193,669,news,world,How the Syrian crisis came home to small town Canada - CNN,29317,5057
1195,670,news,us,The first time I discovered I was white - CNN,22580,3895
1197,671,news,us,"Go ahead, admit you're a racist - CNN",21538,3557
1199,672,news,us,Surge in Cuban migrants crossing U.S.-Mexico border - CNN,20622,3525
1201,673,news,us,Stop texting and start speaking - CNN,24027,4099
1203,674,health,health,Honoring the soundtrack of my mother's life - CNN,13873,2470
1205,675,politics,politics,What is Neil Gorsuch's religion? It's complicated  - CNNPolitics,16727,2694
1207,676,news,world,Finding peace in a world of terror - CNN,14742,2550
1209,677,news,us,"10 siblings lost their dad on 9/11, then they lost mom to cancer - CNN",21025,3673
1211,678,news,world,Bound by terror: 'I've got you' - CNN,14292,2566
1213,679,news,living,Why I'm tired of hearing about civil rights - CNN,11816,2081
1215,680,health,health,The forgotten victims of gun violence - CNN,29732,5263
1217,681,news,opinions,Orlando shooting: 'I knew 17' who died - CNN,9985,1779
1219,682,news,us,The massacre that didn't happen - CNN,30075,5078
1221,683,health,health,"Richmond, California: Paying kids not to kill - CNN",14713,2488
1223,684,health,health,"Savannah, Georgia: Southern charm, deadly streets - CNN",13294,2227
1225,685,politics,politics,This is how the NRA loses - CNNPolitics,17261,2781
1227,686,health,health,"Nepal quake: One girl's remarkable recovery
 - CNN",19652,3430
1229,687,news,world,A tale of two Brussels - CNN,17465,3026
1231,688,news,world,"Inside the Bataclan: A night of terror, a tale of love - CNN",21051,3607
1233,689,news,world,Haiti and the Dominican Republic: Faces of a divided island - CNN,39926,6654
1235,690,health,health,Can forgotten rubella children of the '60s hold clue for Zika babies?  - CNN,18114,3072
1237,691,news,us,Going for broke at Bonneville with Speed King's son - CNN,21993,3969
1239,692,news,us,"After 9/11, turbans made Sikhs targets - CNN",14017,2369
1241,693,health,health,"Back to the beginning: The sweat lodge ceremony, as intended - CNN",17450,2981
1243,694,news,us,Can a survivor find solace in return to scene of rape? - CNN,27478,4760
1245,695,politics,politics,The public and private faith of Hillary Clinton - CNNPolitics,25552,4135
1247,696,health,health,The abortion travel agent and other tales from Texas' new desert - CNN,25263,4339
1249,697,health,health,Transgender teen: 'I'm not the Obamacare kid anymore' - CNN,18654,3232
1251,698,news,us,A war hero who was a stranger in his own land - CNN,25704,4516
1253,699,news,us,Waco biker shootout: Did nine bikers die over a patch? - CNN,40294,6957
1255,700,news,us,Most diverse place in America is not where you think - CNN,9991,1653
1257,701,news,us,Billionaire's Beach just got a lot less exclusive - CNN,10910,1830
1259,702,health,health,A man of science confronts demonic possession - CNN,20150,3306
1261,703,news,us,Coincidences: What causes them? - CNN,12803,2053
1263,704,entertainment,entertainment,'Foxcatcher': The crazy du Pont next door  - CNN,14850,2592
1265,705,health,health,Before Orlando: The (former) deadliest LGBT attack in U.S. history - CNN,12133,2103
1267,706,news,world,Paris survivor stories: Friday night interrupted - CNN,51734,9359
1269,707,news,us,On patrol with Skid Row's 'angel cop'  - CNN,27534,4807
1271,708,business,tech,'I'm the original voice of Siri' - CNN,16823,2909
1273,709,news,us,The FLDS bodyguard who turned on his 'prophet' - CNN,28015,4798
1275,710,news,us,Driven to death by phone scammers - CNN,30145,5071
1277,711,news,world,"After Nepal quake: Heaven, dotted with pockets of hell - CNN",29370,4927
1279,712,news,us,The new women's movement: Reviving the ERA fight - CNN,32723,5553
1281,713,news,us,The politics of feminism: An unlikely partnership - CNN,19271,3273
1283,714,news,us,Women in the world: Where the U.S. falters - CNN,8216,1344
1285,715,news,us,A young ballclub barnstorms the Deep South   - CNN,18708,3232
1287,716,business,business,Epik is a refuge for the deplatformed far right. Here's why its CEO insists on doing it - CNN,30147,5020
1289,717,politics,politics,"Biden vowed to close federal private prisons, but prison companies are finding loopholes to keep them open - CNNPolitics",23893,3810
1291,718,politics,politics,Fears of unlikely federal gun-control measures lead to raft of state laws - CNNPolitics,12907,2044
1293,719,news,us,Roger Golubski: Federal grand jury investigating Kansas City cop who allegedly 'exploited and terrorized' Black residents for decades - CNN,16156,2658
1295,720,news,us,Texas abortion ban is an early glimpse of what post-Roe America would look like for women  - CNN,20487,3436
1297,721,business,business,Government suspends training at sea after college student says she and others were raped  - CNN,4856,786
1299,722,business,business,"Maersk investigates alleged rape of 19-year-old during federal training program
 - CNN",8170,1390
1301,723,news,us,"Beta Operating Company, operator of leaking oil infrastructure, has record of violations - CNN",4124,650
1303,724,news,us,Compassionate release became a life-or-death lottery for thousands of federal inmates during the pandemic  - CNN,21541,3395
1305,725,politics,politics,Trump's efforts to subvert the 2020 presidential election could put future fair elections in jeopardy - CNNPolitics,29733,4785
1307,726,politics,politics,"As Herschel Walker eyes a Georgia Senate seat, a newly revealed stalking claim brings his troubled history under new scrutiny  - CNNPolitics",8204,1359
1309,727,politics,politics,MyPillow CEO Mike Lindell's latest election conspiracy theory is his most bizarre yet   - CNNPolitics,17032,2758
1311,728,politics,politics,One of the last Guantanamo detainees is a litmus test for Biden - CNNPolitics,18978,2975
1313,729,politics,politics,Candidates echo fake Arizona fraud claims with an eye on 2022 - CNNPolitics,9812,1601
1315,730,news,us,Surfside building collapse could lead to new Florida laws - CNN,12955,2062
1317,731,news,us,Report found Surfside condo association was deeply underfunded as repair bills piled up - CNN,6875,1087
1319,732,news,us,"'Tragedy beyond tragedy': Over a week after Surfside condo collapse, questions remain unanswered - CNN",19710,3253
1321,733,news,us,"Champlain Towers South engineering firm failed to keep occupants safe, lawsuit alleges - CNN",4806,716
1323,734,news,us,"Florida condo was 'shaking all the time' during luxury tower construction next door, according to residents - CNN",9078,1463
1325,735,news,us,Another lawsuit has been filed against the condo association after deadly collapse in Surfside - CNN,6984,1104
1327,736,news,us,Surfside condo owners in Florida building were facing assessments for $15 million worth of repairs - CNN,17041,2739
1329,737,news,us,Surfside condo collapse: Engineers search for the cause - CNN,15439,2451
1331,738,news,us,Champlain Towers South: Mystery of what caused the Florida condo collapse deepens - CNN,6283,1023
1333,739,news,us,Four of the five victims killed in Florida building collapse were identified. 156 people remain unaccounted for - CNN,20576,3229
1335,740,politics,politics,Ashli Babbitt: How her death in the Jan. 6 Capitol Hill riot became so polarizing - CNNPolitics,18586,3148
1337,741,politics,politics,Arizona election audit: His cybersecurity firm is working on the 'audit'. But people who know him have questions - CNNPolitics,11884,1899
1339,742,business,business,"Federal safety regulators investigating AmazonBasics products highlighted in CNN report 
 - CNN",3327,517
1341,743,news,us,Community Health Systems: One of America's largest hospital chains has been suing patients during the pandemic - CNN,24745,4132
1343,744,politics,politics,Arizona audit funding cloaked in secrecy - CNNPolitics,11863,1901
1345,745,politics,politics,Huge immigrant visa backlog poses challenge for Biden - CNNPolitics,15248,2440
1347,746,politics,politics,Gaetz probe includes scrutiny of potential public corruption tied to medical marijuana industry  - CNNPolitics,12745,2007
1349,747,politics,politics,Minneapolis police still use force on Black people at disproportionate rate - CNNPolitics,3953,654
1351,748,business,business,"Fake tax preparer exposed by CNN charged with Covid-19 loan fraud 
 - CNN",4385,687
1353,749,politics,politics,CNN analysis: Georgia's proposed weekend voting restrictions would strike at Black voters - CNNPolitics,10915,1751
1355,750,news,us,"Ahmad Al Aliwi Alissa: What we know about the Boulder, Colorado, mass shooting suspect - CNN",8814,1473
1357,751,politics,politics,Former state senator Frank Artiles charged in spoiler candidate scheme - CNNPolitics,4044,635
1359,752,business,business,Fake tax preparer gets six Covid-19 bailout loans worth more than $1 million  - CNN,14672,2442
1361,753,news,us,How White nationalists evade the law and continue profiting off hate  - CNN,18110,2980
1363,754,news,us,Government action took months as nursing home workers died during the pandemic - CNN,10220,1625
1365,755,politics,politics,Man in far-right militant group joined Capitol mob after appearing with Trump ally Roger Stone - CNNPolitics,5304,862
1367,756,politics,politics,Leaders of the anti-vaccine movements used 'Stop the Steal' to crusade to advance their own conspiracy theories  - CNNPolitics,12123,1885
1369,757,news,us,They stormed the Capitol to overturn the results of an election they didn't vote in - CNN,12046,1989
1371,758,news,us,Vaccine rollout stumbles as a 'Hunger Games' approach leaves states and counties to fend for themselves  - CNN,9928,1603
1373,759,news,us,"Proud Boys, right-wing extremists and their supporters use Christian website GiveSendGo to raise funds - CNN",9949,1599
1375,760,politics,politics,Former Trump campaign staffers worked on National Mall rally the day of the Capitol riot - CNNPolitics,9177,1497
1377,761,politics,politics,How Trump allies stoked the flames ahead of Capitol riot  - CNNPolitics,15381,2563
1379,762,politics,politics,Giuliani uses unfounded 'Antifa' argument to defend Trump - CNNPolitics,6244,1012
1381,763,politics,politics,Some GOP lawmakers' speeches helped set the tone for Capitol riot. Now that rhetoric is drawing blowback from colleagues.  - CNNPolitics,10467,1712
1383,764,news,us,"Military vets were among the Capitol Hill rioters, protesters - CNN",19176,3111
1385,765,politics,politics,Robert Keith Packer: Man in 'Camp Auschwitz' sweatshirt during Capitol riot identified - CNNPolitics,2112,329
1387,766,news,us,DC police made far more arrests at height of Black Lives Matter protests than during Capitol clash - CNN,9811,1566
1389,767,news,us,Extremists intensify calls for violence ahead of Inauguration Day - CNN,13263,2151
1391,768,news,us,"Insurrection a stunning show of force for conspiracy groups, extremists and fringe movements - CNN",5604,920
1393,769,sport,football,Marcus Rashford: Manchester United star racially abused online - CNN,3729,587
1394,770,news,uk,100-year-old UK fundraising hero Tom Moore hospitalized with Covid-19 - CNN,2424,394
1395,771,sport,football,Copa Libertadores: Palmeiras fans gather to celebrate dramatic win  - CNN,2205,342
1396,772,news,europe,Austrian man leaves fortune in will to French village that hid his family from Nazis - CNN,2914,492
1397,773,news,uk,Five men arrested after asylum center set ablaze in UK - CNN,2628,417
1398,774,sport,football,Reece James: Chelsea left 'disgusted' by online racism directed at defender - CNN,2841,460
1399,775,news,europe,Russian activist Navalny's foundation calls on Biden to sanction Putin's closest allies  - CNN,5323,860
1400,776,news,europe,AstraZeneca vaccine: EU regulators recommend authorization of Covid-19 shot - CNN,9483,1507
1401,777,news,europe,Analysis: The EU and UK's fight reveals the ugly truth about vaccine nationalism - CNN,13568,2224
1402,778,sport,tennis,Sofia Kenin: 'The atmosphere is going to be loud' at the Australian Open - CNN,6638,1109
1403,779,news,uk,"Freddy the Great Dane, the tallest dog in the world, has died - CNN",2035,352
1404,780,sport,sport,Australian Open: Maskless crowds pack tennis exhibition in Covid-free Adelaide - CNN,2652,430
1405,781,news,europe,Some dogs can learn new words after hearing them only four times - CNN,3408,563
1406,782,sport,football,Liverpool FC vs. Tottenham Hotspur FC: Harry Kane injured again; Jose Mourinho frustrated - CNN,5036,806
1407,783,news,uk,"Royal family documentary, 'banned' for decades, is leaked onto YouTube - CNN",3039,489
1408,784,news,australia,Why do wombats poop cubes? Scientists may finally have the answer  - CNN,2686,432
1409,785,news,europe,Putin signs law extending New START nuclear arms treaty between US and Russia - CNN,2660,418
1410,786,news,europe,"Novavax vaccine is 89% effective in UK trial, but less so in South Africa - CNN",6316,1030
1411,787,sport,sport,Tokyo Olympics: Can vaccines save the Games?  - CNN,9802,1588
1412,788,sport,football,Manchester United stunned by bottom side Sheffield United as crazy Premier League season gets crazier - CNN,5739,904
1413,789,news,europe,"Alexey Navalny to remain in detention ahead of hearing next month, Russian court rules - CNN",7107,1139
1414,790,news,europe,"Poland abortion law: New restrictions go into effect, resulting in a near-total ban on terminations - CNN",4378,677
1415,791,sport,tennis,Naomi Osaka: Three-time grand slam champion invests in NWSL team North Carolina Courage - CNN,4565,776
1416,792,news,europe,"German officials say AstraZeneca vaccine shouldn't be given to over-65s, citing lack of data - CNN",7509,1169
1417,793,sport,sport,"Pulling off Tokyo Olympics in 2021 will be a logistical nightmare, and the clock is ticking - CNN",12138,1982
1418,794,news,uk,Could post-vaccine life mean we return to normal? Not just yet - CNN,11465,1891
1419,795,news,europe,Chechnya Fast Facts - CNN,5362,842
1420,796,sport,sport,Yannick Bestaven wins round-the-world Vendée Globe race after helping to rescue fellow competitor - CNN,2228,368
1421,797,news,europe,English National Opera singers are helping 'long Covid' patients breathe - CNN,3598,545
1422,798,sport,golf,"With his mother hospitalized, Kamaiu Johnson unable to make PGA Tour debut after positive Covid-19 test - CNN",3931,702
1423,799,news,europe,Yulia Navalnaya's husband Alexey Navalny was poisoned and detained. Now she is piling pressure on Vladimir Putin - CNN,11289,1822
1424,800,sport,sport,Beijing Olympics: The US has accused China of Xinjiang genocide. Will it now boycott the 2022 Games? - CNN,11141,1767
1425,801,sport,football,"Zlatan Ibrahimovic scores, clashes with Romelu Lukaku and gets red card in fiery Milan derby - CNN",4089,686
1426,802,news,europe,Dethroned Italian prince criticized over Holocaust Remembrance Day apology - CNN,5116,837
1427,803,sport,golf,Rasmus Hojgaard: The teenage twins pushing each other to pro golf success - CNN,6384,1152
1428,804,news,uk,"UK Covid-19 deaths have hit 100,000. Experts say the government is still getting it wrong - CNN",12589,2087
1429,805,sport,sport,Sekou Smith: NBA reporter and analyst dies of Covid-19 - CNN,3128,526
1430,806,sport,sport,Sydney Test: India cricket fan details allegations of racial abuse by staff and supporters - CNN,7763,1312
1431,807,news,europe,Covid vaccine: Sanofi to help produce 100 million Pfizer/BioNTech vaccine doses - CNN,1611,256
1432,808,sport,tennis,Australian Open 2021: Nick Kyrgios feels 'safe' ahead of tournament as he credits the country for its Covid-19 response - CNN,6237,1032
1433,809,sport,tennis,Margaret Court: Tennis great says she wasn't invited to Australian Open - CNN,4291,724
1434,810,sport,sport,"Kobe Bryant: 'I still have trouble with it' -- One year on, Lakers stars struggle to come to terms with NBA great's death - CNN",5981,1031
1435,811,sport,football,Thomas Tuchel appointed Chelsea manager  - CNN,2164,359
1436,812,news,uk,Medieval bones tell a stark tale of hard work and physical trauma - CNN,3235,511
1437,813,news,europe,Giuseppe Conte resigns as Italian Prime Minister in calculated move amid pandemic crisis - CNN,2605,403
1438,814,sport,golf,2022 PGA Championship: 'Tough-but-fair' Tulsa course to host major after event taken away from Trump National Golf Club - CNN,2703,450
1439,815,sport,tennis,Rafael Nadal calls for 'wider perspective' from players in quarantine ahead of the Australian Open - CNN,6956,1168
1440,816,news,uk,UK police officers facing fines after having haircuts at police station - CNN,2192,353
1441,817,sport,golf,Jessica Korda: Sisters have a weekend on LPGA Tour they'll never forget - CNN,3121,522
1442,818,sport,football,Chelsea sacks manager Frank Lampard - CNN,1839,289
1443,819,news,europe,Italy Prime Minister Giuseppe Conte will resign amid pandemic and political turmoil - CNN,2122,325
1444,820,news,europe,Russia protests: Hundreds detained as rallies in support of Navalny sweep across Russia - CNN,6330,995
1445,821,news,uk,UK lockdown: Brits fear it will take much longer to beat the new coronavirus variant - CNN,9096,1516
1446,822,sport,sport,Gymnast Nia Dennis earns praise for her 'Black excellence' routine - CNN,1811,282
1447,823,sport,sport,Tom Brady vs. Patrick Mahomes in the Super Bowl is 'like LeBron and Jordan playing in the Finals' - CNN,2852,470
1448,824,sport,sport,UFC 257 results: Dustin Poirier defeats Conor McGregor with a knockout in the 2nd round  - CNN,2456,417
1449,825,sport,tennis,Burns supper: Australian Open tennis stars urged not to feed mice in hotel rooms - CNN,2550,407
1450,826,sport,sport,Australian Open organizers schedule new warm-up event to benefit quarantining players - CNN,3182,497
1451,827,sport,football,Mesut Ozil joins Fenerbahce from Arsenal as he vows to be a 'Gunner for life' - CNN,3084,525
1452,828,sport,football,Arsenal knocked out of FA Cup after defeat by Southampton - CNN,2958,483
1453,829,sport,golf,Tyrrell Hatton wins Abu Dhabi Championship as Rory McIlroy fades on the final day - CNN,1827,310
1454,830,sport,motorsport,Maya Weug becomes first female driver to earn a spot in the Ferrari Driver Academy - CNN,2489,421
1455,831,sport,sport,LeBron James says 'it would be great' for LA Lakers to visit the White House - CNN,2419,413
1456,832,sport,sport,"Conor McGregor is one of the best UFC fighters at 'getting under your skin,' says rival Dustin Poirier - CNN",5226,921
1457,833,news,europe,"Vatican bank's former chief found guilty of money laundering, sentenced to nearly 9 years in prison - CNN",2277,366
1458,834,news,uk,"Covid variant found in UK may be more deadly than others, says Boris Johnson - CNN",3502,573
1459,835,sport,sport,Olympics 2021: Japan and IOC determined to hold Tokyo Games despite cancellation rumors - CNN,3682,572
1460,836,news,uk,Police shut down ultra-Orthodox Jewish wedding with 150 guests amid London lockdown - CNN,4600,706
1461,837,news,europe,Vladimir Putin presents a Russia-sized foreign-policy headache for Biden - CNN,7524,1180
1462,838,sport,sport,"Inauguration cool: Forget the outfits, everyone is talking about the kicks - CNN",2430,397
1463,839,sport,football,Liverpool's shock defeat to Burnley ends 68-game unbeaten run at Anfield - CNN,3779,657
1464,840,sport,motorsport,Sam Bird: Formula E driver on the race of his life - CNN,3454,620
1465,841,sport,sport,Paula Badosa becomes first Australian Open tennis player to reveal positive Covid-19 test - CNN,3051,477
1466,842,news,europe,European countries mandate medical-grade masks over cloth face coverings - CNN,6858,1060
1467,843,news,uk,Cannabis factory found near the Bank of England - CNN,1719,273
1468,844,sport,football,Real Madrid suffers humiliating defeat to third-division side Alcoyano - CNN,3307,553
1469,845,news,europe,"Bees aren't getting enough sleep, thanks to some common pesticides  
 - CNN",3689,617
1470,846,sport,sport,Golden State Warriors pay tribute to Kamala Harris in 'great day' for Oakland - CNN,3775,649
1471,847,news,uk,"Glastonbury 2021 canceled, with festival called off for second consecutive year - CNN",2819,455
1472,848,news,europe,"Madrid explosion: 3 dead, several injured as explosion rocks Spanish capital  - CNN",2417,389
1473,849,sport,tennis,Novak Djokovic says 'good intentions' were 'misconstrued' following backlash to list of proposals ahead of Australian Open - CNN,7076,1184
1474,850,sport,golf,Tiger Woods puts season on hold after fifth back operation of his career  - CNN,1906,326
1475,851,news,europe,Navalny releases investigation into decadent billion-dollar 'Putin palace' - CNN,8409,1351
1476,852,news,europe,43 people drown after migrant boat capsizes in the Mediterranean - CNN,1500,232
1477,853,news,europe,"Butterflies clap their wings in flight, propelling themselves forward  - CNN",2748,430
1478,854,sport,sport,Australian Open turmoil raises questions for Tokyo Olympics in 2021 - CNN,9596,1546
1479,855,sport,golf,Tyrrell Hatton: PGA golf star says 2020 is 'the best of my career so far' - CNN,4150,738
1480,856,sport,golf,Annika Sorenstam defends accepting Presidential Medal of Freedom a day after US Capitol riots - CNN,3253,519
1481,857,news,europe,"World leaders welcome Biden with praise, pleas, and parting shots at Trump - CNN",16035,2494
1482,858,news,uk,"London's ICU nurses detail 'diluted' care, depression and disaster during the UK's deadly second wave - CNN",14092,2353
1483,859,news,europe,Spanish police seize more than 2 tons of cocaine hidden in charcoal - CNN,2620,410
1484,860,sport,sport,India achieves stunning Test victory over Australia with record-breaking run chase - CNN,3334,565
1485,861,sport,football,Zlatan Ibrahimovic double restores AC Milan's three-point lead at the top of Serie A - CNN,2186,356
1486,862,news,europe,Russian President Vladimir Putin takes an icy dip to mark Epiphany - CNN,2037,329
1487,863,sport,sport,Jared Porter: New York Mets fire general manager after reportedly sending explicit pictures to female reporter - CNN,2554,404
1488,864,news,uk,Anzac Day plot: Britain's youngest convicted terrorist now 'suitable for release' - CNN,2339,387
1489,865,sport,sport,"Fortnite, Pele and elite football clubs collaborate - CNN",5242,868
1490,866,news,europe,Alexey Navalny detained on return to Moscow five months after being poisoned - CNN,9204,1430
1491,867,sport,tennis,Australian Open tennis stars get creative with practice while stuck in hotel quarantine - CNN,3767,608
1492,868,sport,tennis,Australian Open 2021: Quarantining tennis players voice 'unequal practice' frustrations - CNN,6496,1041
1493,869,news,europe,Alexey Navalny to be held in custody for a month following his return to Russia  - CNN,6398,1025
1494,870,sport,sport,Sofia Bekatorou: Olympic medalist's decision to speak out over alleged 1998 sexual assault sparks public outcry in Greece - CNN,6616,1045
1495,871,sport,sport,Tom Brady guides the Tampa Bay Buccaneers to victory over the New Orleans Saints - CNN,3502,611
1496,872,sport,sport,Global sport's problem with the appropriation of Indigenous culture  - CNN,17483,2844
1497,873,sport,sport,Luka Doncic surpasses Michael Jordan with yet another triple-double  - CNN,1910,313
1498,874,sport,football,Lionel Messi sent off in Barcelona's Super Cup final defeat to Athletic Bilbao - CNN,3421,570
1499,875,sport,sport,America's Cup: Patriot 'flying yacht' capsizes in gusty conditions - CNN,2047,313
1500,876,news,europe,Trump has trashed America's most important alliance. The rift with Europe could take decades to repair - CNN,8506,1398
1501,877,sport,football,Premier League: The art of winning a penalty sparks debate - CNN,6277,1048
1502,878,sport,sport,NFL cheerleaders: New documentary explores exposes the underbelly of a seemingly glamorous pursuit  - CNN,10518,1753
1503,879,sport,sport,Justin Thomas: Ralph Lauren cuts ties with golfer for using anti-gay slur - CNN,2106,351
1504,880,sport,sport,Martin Luther King Day: Legacy of 'I have a dream' speech becomes nightmare for Atlanta sports team owner  - CNN,11716,2003
1505,881,sport,sport,NFL playoffs: Quarterbacks Tom Brady and Drew Brees go head-to-head as New Orleans Saints play Tampa Bay Buccaneers - CNN,4508,778
1506,882,sport,golf,Justin Thomas apologizes for using 'inexcusable' anti-gay slur - CNN,1909,304
1507,883,news,uk,Salisbury Cathedral: Covid-19 vaccines are given with organ music - CNN,2642,433
1508,884,sport,tennis,47 Australian Open players in quarantine after positive Covid-19 tests on two charter flights - CNN,4864,791
1509,885,news,europe,Belgium protests over a man's death in police custody result in more than 100 arrests - CNN,3012,473
1510,886,sport,motorsport,Dakar Rally rider Pierre Cherpin dies after sustaining injuries in crash - CNN,2182,353
1511,887,sport,golf,Angel Cabrera: Two-time golf major winner arrested in Brazil - CNN,2413,387
1512,888,news,uk,Man who accidentally threw out a bitcoin fortune offers $70 million for permission to dig it up - CNN,4270,748
1513,889,sport,sport,James Naismith: Google doodle celebrates basketball inventor - CNN,3609,592
1514,890,news,europe,Dutch government resigns over child welfare fraud scandal - CNN,1778,272
1515,891,news,uk,"England's schools were mostly open in 2020, but 2021 is a different story - CNN",5134,829
1516,892,news,europe,Pope Francis gets first dose of Covid-19 vaccine - CNN,2627,427
1517,893,news,uk,A Best Western hotel in London is now taking in Covid-19 patients as hospitals run out of beds - CNN,4641,767
1518,894,sport,sport,Houston Rockets trade James Harden to Brooklyn Nets in blockbuster three-team deal - CNN,3015,485
1519,895,news,uk,UK: Black women are four times more likely to die in childbirth than their White counterparts. Little is being done to find out why - CNN,13783,2222
1520,896,sport,sport,Russian woman who swam under Siberia's ice may have broken the world record - CNN,6604,1146
1521,897,news,europe,France taken to court over 'climate inaction' in landmark case - CNN,3826,599
1522,898,sport,tennis,Tennys Sandgren: US tennis player boards plane to Australian Open despite positive Covid-19 test  - CNN,3248,523
1523,899,news,uk,"England considers putting Covid patients in hotels, as study reveals deep trauma among ICU workers - CNN",8891,1426
1524,900,sport,football,Chapecoense earns promotion back to Brazil's top division - CNN,2135,330
1525,901,news,europe,Italy targets violent clan in biggest mafia trial in decades - CNN,2944,472
1526,902,sport,football,Megan Rapinoe condemns US Capitol riots as 'White supremacy mob' - CNN,3724,626
1527,903,news,uk,"Marcus Rashford shares 'unacceptable' food parcels, prompting UK government investigation - CNN",4729,704
1528,904,sport,golf,2021 Masters to allow return of limited number of fans - CNN,1956,317
1529,905,sport,sport,LeBron James hits no-look three pointer to win mid-game bet with teammate in LA Lakers rout - CNN,6013,994
1530,906,news,europe,"Ireland's mother and baby homes: 9,000 babies and children died in 18 mother and baby homes, report says - CNN",14868,2396
1531,907,sport,football,"Manchester United moves top, but 'no hugs' in future as EPL grapples with Covid-19 spike - CNN",4717,754
1532,908,news,europe,Alexey Navalny says he will return to Russia on Sunday after being poisoned - CNN,4150,649
1533,909,news,europe,Ireland has the world's highest Covid-19 rate. How did it go so wrong? - CNN,4994,778
1534,910,news,australia,"Climate change is making baby sharks smaller, undernourished and exhausted  - CNN",4014,625
1535,911,news,uk,David Attenborough receives Covid-19 vaccine - CNN,1898,295
1536,912,sport,football,Kazuyoshi Miura: 53-year-old signs contract extension to play in his 36th professional season - CNN,2772,465
1537,913,sport,football,Celtic draws with Hibernian after 15 players and coaching staff forced to self-isolate - CNN,4441,701
1538,914,sport,golf,Tiger Woods documentary: 'He's not going to like this sh*t at all' - CNN,15227,2566
1539,915,news,europe,UK coronavirus: Country enters 'worst point' of pandemic as cases rise and bodies pile up - CNN,4152,711
1540,916,sport,sport,Australia vs. India Test: Fans ejected from Sydney Test as cricket launches probe into alleged racist abuse - CNN,4161,671
1541,917,sport,sport,Virat Kohli and wife Anushka Sharma announce arrival of baby girl - CNN,1783,291
1542,918,sport,tennis," After difficult injury run, Ana Konjuh closes in on grand slam return with battling Australian Open qualifying win - CNN",2292,387
1543,919,sport,sport,Cleveland Browns overcome history and adversity to win first playoff game for 25 years - CNN,4246,686
1544,920,sport,golf,R&A has no plans to stage future championships at Trump-owned Turnberry Golf Course - CNN,2219,363
1545,921,sport,motorsport,"Hubert Auriol: Dakar Rally legend, who won the race three times, has died - CNN",2185,386
1546,922,sport,sport,Freediver Stig Severinsen swims 662 feet underwater - CNN,2267,365
1547,923,sport,football,AC Milan: Serie A title bid gathers pace for European football's most improved team - CNN,3197,541
1548,924,news,uk,Queen Elizabeth and Duke of Edinburgh receive Covid-19 vaccine - CNN,2270,356
1549,925,news,europe,Pope Francis says he is in line to take Covid-19 vaccine - CNN,2503,412
1550,926,sport,football,Louie Barry: 17-year-old lights up English football with goal for Aston Villa against Liverpool in FA Cup - CNN,3823,639
1551,927,news,europe,"Huge sinkhole opens up outside Naples hospital, forcing evacuation of Covid patients - CNN",1628,268
1552,928,sport,football,"Schalke vs. Hoffenheim: After 30 league games without a win, Bundesliga team stops the rot with 4-0 victory as Matthew Hoppe scores hat-trick - CNN",2529,403
1553,929,sport,football,Karim Benzema to face trial over alleged involvement in blackmail scheme - CNN,2792,450
1554,930,news,uk,'World's unluckiest burglars' arrested after pocket-dialing police during robbery - CNN,1725,271
1555,931,sport,sport,"Draymond Green: 'They're not f**king protesters, they're f**king terrorists' - CNN",5730,937
1556,932,news,europe,Europe: Covid death records shattered as London declares 'major incident' - CNN,4494,715
1557,933,sport,sport,'You just show them the photos.' How LeBron James says he talks to his children about the double standard of the US Capitol riots - CNN,3411,600
1558,934,sport,football,Alex Apolinario: Brazilian football player dies aged 24 - CNN,2014,315
1559,935,news,uk,Moderna Covid-19 vaccine authorized by UK medicines regulator - CNN,2478,389
1560,936,news,uk,"Police hunt man who allegedly injected woman, 92, with 'fake Covid-19 vaccine' - CNN",2098,349
1561,937,sport,sport,"LeBron James 'in that same genre' as Muhammad Ali for sport, according to legendary NBA coach Gregg Popovich - CNN",5331,888
1562,938,sport,sport,Bruce Maxwell: MLB star took a knee and then his life unraveled in Donald Trump's America - CNN,11334,1977
1563,939,sport,football,Lionel Messi scores twice as Barcelona beats Athletic Bilbao - CNN,4288,702
1564,940,sport,sport,Sports world sees two Americas in policing of DC riot and Black Lives Matter protests - CNN,6883,1172
1565,941,sport,golf,"Collin Morikawa: After 'life-changing' major win, US star says fame won't change him - CNN",3387,606
1566,942,news,europe,John Dillermand: New Danish children's TV show features a man with a massive penis - CNN,3034,510
1567,943,news,europe,WHO calls for more intensified measures to fight UK coronavirus variant - CNN,2579,413
1568,944,sport,sport,LeBron James disappointed after officers involved in the shooting of Jacob Blake will not face charges - CNN,4193,667
1569,945,news,uk,Julian Assange bail: UK judge denies bail for WikiLeaks founder - CNN,13149,2065
1570,946,news,europe,Moderna approved in EU: European Union authorizes Moderna's Covid-19 vaccine - CNN,5895,927
1571,947,sport,sport,"LeBron James looks for WNBA win over Kelly Loeffler after leading Lakers to victory,  - CNN",3496,559
1572,948,sport,football,Jose Mourinho one match away from ending Tottenham Hotspur's 13-year trophy drought - CNN,4255,739
1573,949,news,uk,"Martin Kenyon: British man, 91, gets second dose of Covid-19 vaccine  - CNN",2321,379
1574,950,news,europe,Norway ends rescue effort for survivors six days after landslide - Prime Minister - CNN,1886,318
1575,951,sport,golf,How Dustin Johnson's speedy approach could help golf's pace of play  - CNN,8934,1528
1576,952,news,europe,"Neanderthal burials: Child's skeleton buried 41,000 years ago may solve mystery - CNN",4490,684
1577,953,news,europe,UK says aircraft carrier strike group is ready to deploy. China's already watching - CNN,5953,917
1578,954,news,uk,UK lockdown: Boris Johnson imposes harsh new measures as new Covid-19 variant spreads - CNN,6758,1087
1579,955,sport,football,Jurgen Klopp: Liverpool boss takes a swipe at Manchester United after frustrating defeat  - CNN,3232,538
1580,956,sport,sport,NBA: Luka Doncic creates another piece of history as he outbattles James Harden  - CNN,4534,754
1581,957,news,europe,"As coronavirus cases spiral, Europe starts 2021 by extending lockdowns  - CNN",5309,847
1582,958,sport,football,"Two Barcelona first-team staff test positive for Covid-19, club says - CNN",1636,258
1583,959,news,uk,Julian Assange: US extradition request for Wikileaks founder rejected by UK judge - CNN,16161,2539
1584,960,news,uk,Oxford/Astra Zeneca vaccine: UK becomes first to roll out shots as Covid-19 cases surge - CNN,3918,632
1585,961,sport,football,Cristiano Ronaldo scores twice in Juventus win - CNN,1516,234
1586,962,sport,sport,Steph Curry scores career-high 62 points in Golden State Warriors victory - CNN,2308,373
1587,963,news,europe,Norway landslide: rescuers continue their search for survivors days after tragedy struck - CNN,2531,421
1588,964,sport,sport,"Paul Westphal, NBA player and coach, dies at 70 - CNN",2152,363
1589,965,sport,sport,NFL legend Floyd Little dies at 78 - CNN,4110,699
1590,966,news,uk,2020's alternative universe is not going away   - CNN,16346,2592
1591,967,news,uk,UK Prime Minister Boris Johnson 'reconciled' to tougher Covid-19 restrictions as cases soar - CNN,7734,1247
1592,968,sport,sport,Petra Vlhova crowned 'Snow Queen' with Zagreb slalom win - CNN,2961,484
1593,969,sport,football,Premier League stars condemned for Covid lockdown breach - CNN,5867,944
1594,970,sport,football,Covid-hit Manchester City cruises to win at struggling Chelsea - CNN,5171,872
1595,971,news,europe,"More than 2,000 attend illegal New Year's party in France, despite coronavirus restrictions - CNN",2197,335
1596,972,news,uk,'Tampon tax' abolished on menstrual products in UK - CNN,1705,282
1597,973,news,uk,UK emergency Covid-19 field hospitals asked to be 'ready' to admit patients - CNN,9865,1579
1598,974,news,uk,2020 stretched the social fabric of the United Kingdom. 2021 could rip it to pieces - CNN,10993,1807
1599,975,sport,football,PSG appoints Mauricio Pochettino as new coach - CNN,3343,540
1600,976,sport,football,Premier League club owner defends Leeds United tweet that led to online abuse of pundit Karen Carney - CNN,4048,655
1601,977,news,europe,2020 was a terrible year for Europe. 2021 is unlikely to be any better - CNN,10217,1712
1602,978,sport,football,Manchester United draw level with Liverpool as Fernandes penalty sees off Villa - CNN,6087,1001
1603,979,news,australia,Australia changes national anthem to reflect Indigenous history - CNN,5542,859
1604,980,sport,football,US Soccer scraps anthem-kneeling policy - CNN,1771,287
1605,981,news,europe,Russia launches satellite to monitor climate in Arctic - CNN,2223,353
1606,982,sport,sport,Anna Hursey: Table tennis prodigy is helping US President Biden tackle the climate crisis - CNN,5205,887
1607,983,sport,sport,LeBron James hits back at Zlatan Ibrahimovic criticism of political activism - CNN,1851,305
1608,984,sport,sport,Pau Gasol: Spanish basketball star on helping others after retirement  - CNN,6181,1045
1609,985,news,uk,"Captain Tom Moore, 100-year-old UK fundraising hero, honored at funeral - CNN",3003,496
1610,986,sport,sport,Six Nations: England coach Eddie Jones discusses pitfalls of social media - CNN,7354,1257
1611,987,sport,sport,WNBA team Atlanta Dream sold to new owners -- including a former player - CNN,3338,557
1612,988,news,europe,China Uyghurs: Dutch parliament becomes second in a week to accuse Beijing of genocide in Xinjiang - CNN,3278,497
1613,989,sport,sport,Caster Semenya appeals to European Court of Human Rights over 'discriminatory' testosterone limit - CNN,3724,578
1614,990,news,europe,Elephant kills Spanish zookeeper with one strike from trunk  - CNN,1883,308
1615,991,news,uk,"His rescue at a London protest inspired Michelle Obama and Prince Harry. Now, Patrick Hutchinson is turning his moment into a movement - CNN",3865,656
1616,992,sport,sport,Kobe Bryant: Brooklyn Nets star Kyrie Irving calls for NBA to change its logo  - CNN,3096,514
1617,993,news,europe,"Shamima Begum: UK teen who joined ISIS not allowed to return home to fight for citizenship, court rules - CNN",2276,387
1618,994,sport,golf,Annika Sorenstam's return to golf brings 'Tiger feeling' after 13-year absence - CNN,4000,712
1619,995,sport,sport,British Gymnastics faces legal action over alleged 'systemic physical and psychological abuse' - CNN,3743,580
1620,996,news,europe,"Armenian Prime Minister calls army's demand for his resignation an attempted ""military coup"" - CNN",2801,420
1621,997,sport,golf,"We should be grateful that Tiger Woods is alive, 'that his kids haven't lost their dad,' says an emotional Rory McIlroy - CNN",3563,622
1622,998,sport,sport,"Olympics 2032: Brisbane is 'preferred host' for Summer Games, IOC announces - CNN",4066,654
1623,999,news,uk,Lockdown has made London a boomtown for rats - CNN,6586,1121
1624,1000,sport,football,Alisson Becker: Father of Liverpool goalkeeper drowns in southern Brazil  - CNN,1234,194
1625,1001,sport,sport,Vaccines 'encouraged' but not compulsory for athletes at Tokyo: Coates - CNN,2176,351
1626,1002,sport,golf,Danielle Kang: Grief over her father's death helped drive golfer to major success  - CNN,5735,1026
1627,1003,sport,football,Real Madrid breaks Atalanta hearts with late goal after controversial red card in Champions League - CNN,4557,743
1628,1004,sport,sport,Narendra Modi Stadium: World's largest cricket ground hosts its first Test match in India - CNN,2120,332
1629,1005,sport,golf,Michelle Wie West: Golf world rallies following Rudy Giuliani's 'highly inappropriate' comments on Steve Bannon podcast  - CNN,3402,569
1630,1006,sport,football,Thierry Henry steps down as coach of CF Montreal due to family reasons - CNN,2096,364
1631,1007,news,uk,"Boris Johnson's vaccine strategy gets another boost, while Europe's scramble for shots continues - CNN",9041,1497
1632,1008,news,europe,Germany's Merkel warns of third wave if lockdown is lifted too quickly - CNN,4170,668
1633,1009,news,uk,Boris Johnson lays out go-slow plan to take England out of lockdown by summer - CNN,7203,1193
1634,1010,sport,football,Forest Green Rovers hope recycled coffee kit will prove a good fit - CNN,3381,550
1635,1011,news,europe,Cocaine worth billions of euros seized in Europe's biggest ever bust    - CNN,3131,473
1636,1012,sport,sport,"Lebron James, Naomi Osaka and Lewis Hamilton shortlisted in Laureus Awards after year of athlete activism - CNN",4618,742
1637,1013,sport,sport,David Vencl: Czech free-diver breaks ice-swim world record - CNN,1025,159
1638,1014,news,europe,Daphne Caruana Galizia murder suspect pleads guilty - CNN,2018,320
1639,1015,sport,tennis,Hsieh Su-Wei: Tennis maverick reflects on memorable Australian Open  - CNN,6581,1145
1640,1016,news,uk,Earl of Strathmore sentenced to 10 months in prison for sexual assault at his castle - CNN,3013,518
1641,1017,news,uk,"Prince Philip has infection and will stay in London hospital for several days, palace says - CNN",2320,377
1642,1018,sport,football,Soccer: US women's team 'past the protesting phase' of anthem debate - CNN,2656,452
1643,1019,news,europe,Spain: More child migrants are arriving alone to the Canary Islands than ever before. This is what happens to them. - CNN,9611,1651
1644,1020,news,europe,Actor Gérard Depardieu under investigation for alleged rape and sexual assault - CNN,2181,359
1645,1021,sport,sport, Artemi Panarin: NHL star taking leave of absence after Russian media report left him 'shaken and concerned' - CNN,2077,332
1646,1022,sport,football,Erling Haaland: The making of football's 'humble' superstar who rewrote Champions League record book - CNN,13737,2380
1647,1023,sport,motorsport,How Romain Grosjean's family inspired him to escape from a crash at the Bahrain Grand Prix - CNN,6431,1155
1648,1024,sport,golf,Tiger Woods is hopeful but uncertain he'll be fit for the Masters - CNN,2170,385
1649,1025,sport,tennis,Australian Open fans criticized for booing Covid-19 vaccine announcement  - CNN,4223,630
1650,1026,news,uk,Britain challenges China at UN over access to Xinjiang - CNN,2673,409
1651,1027,sport,sport,Swimming: Ikee books Olympic qualifiers spot after leukaemia treatment - CNN,1213,192
1652,1028,news,uk,Why Britain's anti-immigration politicians are opening the doors to thousands of Hong Kongers - CNN,16119,2690
1653,1029,sport,sport,Janet Jackson: College gymnast Margzetta Frazier had a surprise call from pop star -- and it got emotional  - CNN,2133,357
1654,1030,news,europe,"Netherlands: Plane's engine catches fire, dropping debris that injures two people in a Dutch town - CNN",3784,596
1655,1031,sport,tennis,Djokovic beats Medvedev in 2021 Australian Open final to claim 18th grand slam title - CNN,5459,947
1656,1032,news,europe,Pablo Hasel protests rock Catalonia for fifth day - CNN,6932,1092
1657,1033,news,europe,How Biden fared in front of world leaders during his (virtual) global debut as US President - CNN,8039,1340
1658,1034,sport,football,Swansea City footballer Yan Dhanda 'angry and hurt' by racist abuse as he labels social media companies 'selfish' - CNN,5916,959
1659,1035,sport,sport,Jasmine Harrison: She's 21 and just became the youngest female to row solo across the Atlantic Ocean - CNN,2047,338
1660,1036,news,europe,H5N8: Russia tells WHO it has detected first case of avian flu strain in humans  - CNN,1748,270
1661,1037,news,europe,"Alexey Navalny remains in jail as court rejects his appeal. Then he's fined $11,500 in defamation case - CNN",2971,459
1662,1038,news,europe,"Boris Johnson's government is 'gaslighting' Britain about the realities of Brexit, critics say - CNN",10307,1695
1663,1039,sport,tennis,Naomi Osaka overcomes Jennifer Brady to win second Australian Open title - CNN,4214,740
1664,1040,news,uk,Prince Harry and Meghan will not return as working members of royal family - CNN,10641,1704
1665,1041,news,europe,"Caught in a vaccine no man's land, these European countries are scrambling for Chinese and Russian shots - CNN",10515,1701
1666,1042,sport,tennis,Daniil Medvedev advances to debut Australian Open final with dominant win over Stefanos Tsitsipas - CNN,4082,692
1667,1043,sport,sport,Alpine skiing: Race director received death threats after parallel events - CNN,2125,324
1668,1044,sport,football,Europa League: Bruno Fernandes inspires Manchester United to victory against Real Sociedad - CNN,3005,505
1669,1045,sport,sport,"Sarah Thomas: Kicked out of basketball, she made it to the Super Bowl - CNN",11159,1966
1670,1046,sport,sport,Saeid Mollaei: Iranian judoka says he'll never forget the kindness of the Israeli team  - CNN,4357,711
1671,1047,news,uk,Prince Philip to stay in London hospital over the weekend - CNN,1575,260
1672,1048,sport,sport,NCAA will allow up to 25% capacity at all rounds of men's basketball tournament - CNN,1807,293
1673,1049,sport,sport,Tokyo 2020: Don't be silent -- How a 22-year-old woman helped bring down the Tokyo Olympics chief - CNN,3868,634
1674,1050,sport,sport,"LeBron James becomes the third NBA player to reach 35,000 career points - CNN",1807,307
1675,1051,sport,sport,LGBTQ campaign a 'step in the right direction' for football - CNN,2735,438
1676,1052,news,uk,Handforth Parish Council's latest Zoom meeting was even worse than the viral original - CNN,6381,1035
1677,1053,sport,tennis,Novak Djokovic powers to Australian Open final after defensive masterclass against grand slam debutant Aslan Karatsev - CNN,3580,593
1678,1054,sport,football,Colo-Colo: South American football giant avoids relegation after nerve-shredding playoff - CNN,3706,607
1679,1055,sport,tennis,Naomi Osaka denies Serena Williams a shot at record-tying 24th major title at Australian Open - CNN,3211,533
1680,1056,sport,sport,"Chloe Kim: 'Oh my gosh, are you that snowboarder?' Olympic gold medallst goes to Princeton - CNN",8085,1419
1681,1057,news,europe,Darya Chultsova and Yekaterina Andreyeva: Journalists given two years in prison for covering a protest in Belarus - CNN,3990,579
1682,1058,news,europe,Prince Philip spends second night in London hospital - CNN,10553,1689
1683,1059,news,europe,"AstraZeneca's vaccine contract with the UK is based on 'best efforts,' just like its deal with a frustrated EU - CNN",8162,1324
1684,1060,sport,sport,South Korean volleyball twins Lee Jae-yeong and Lee Da-yeong dropped amid bullying scandal - CNN,4879,761
1685,1061,sport,golf,Happy Gilmore and Shooter McGavin are at it again! Twitter contest celebrates 25-year anniversary of movie - CNN,2125,334
1686,1062,news,europe,UK's Covid vaccine rollout is a much-needed win after bungled pandemic response - CNN,10002,1632
1687,1063,sport,tennis,Rafael Nadal stunned by Stefanos Tsitsipas' remarkable comeback which dumps him out of Australian Open - CNN,3949,668
1688,1064,news,uk,Brexit: A majority of Britons aren't satisfied with how trade agreement turned out - CNN,5502,899
1689,1065,sport,football,Champions League: Kylian Mbappe labeled a 'star for the future' as PSG sinks Barcelona - CNN,5181,853
1690,1066,news,europe,Pablo Hasel: Protests in Catalonia over arrest of rapper in university standoff - CNN,4313,689
1691,1067,sport,tennis,Ashleigh Barty stunned by Karolina Muchova in Australian Open quarterfinals - CNN,5213,910
1692,1068,news,uk,"Prince Philip, Duke of Edinburgh, taken to hospital after feeling unwell - CNN",10452,1681
1693,1069,sport,football,Champions League: Borussia Dortmund beats Sevilla as Erling Haaland nets brace - CNN,3157,529
1694,1070,sport,sport,"Scott Miller, former Australian Olympic swimmer, charged in Sydney drug bust - CNN",2251,344
1695,1071,news,uk,"British veterans, sacked for being gay, allowed to get their medals back - CNN",3275,523
1696,1072,sport,football,RB Leipzig vs. Liverpool FC: Champions League fixture moved to Budapest amid travel restrictions - CNN,5518,896
1697,1073,sport,sport,Maxence Muzaton recalls miracle save from crash at skiing world championships - CNN,2699,456
1698,1074,news,europe,Hit TV show It's A Sin exposes failure to learn the lessons of the past - CNN,7727,1315
1699,1075,news,uk,Revelers attempt rooftop escape after illegal nightclub is shut down - CNN,2206,358
1700,1076,sport,tennis,Australian Open: Serena Williams overcomes Simona Halep to set up blockbuster semifinal with Naomi Osaka - CNN,3553,590
1701,1077,sport,sport,Serena vs. Osaka: 'There's going to be some kind of big drama in the final' - CNN,12582,2151
1702,1078,sport,tennis,Aslan Karatsev makes history at Australian Open with run to semis - CNN,3000,492
1703,1079,news,australia,Australia PM Scott Morrison apologizes to former staffer Brittany Higgins allegedly raped in Parliament office - CNN,3999,629
1704,1080,sport,golf,Random Golf Club: The filmmaker looking to solve 'the problem of feeling unwelcome' in golf - CNN,9068,1592
1705,1081,sport,tennis,Serena Williams shares video of her 3-year-old daughter Olympia training with tennis coach Patrick Mouratoglou - CNN,2377,386
1706,1082,sport,golf,Daniel Berger sinks eagle putt on the final hole to win at Pebble Beach - CNN,2304,419
1707,1083,news,australia,"Human remains found inside crocodile, amid hunt for missing fisherman Andrew Heard - CNN",3279,510
1708,1084,sport,tennis,"Australian Open: Jessica Pegula, daughter of NFL team owners, stuns No. 5 seed Elina Svitolina to make quarterfinals - CNN",2803,464
1709,1085,sport,sport,Manchester United's Anthony Martial racially abused on social media after draw - CNN,3492,546
1710,1086,sport,sport,Olympics 2021: An earthquake at torch relay start point is just the Tokyo 2020 Games' latest crisis - CNN,6175,1018
1711,1087,news,europe,"Catalonia's separatists increase majority, dialogue with Madrid in sight - CNN",3431,524
1712,1088,sport,tennis,"Australian Open: Rafael Nadal eases into quarterfinals, remains on course for record-breaking grand slam - CNN",2542,424
1713,1089,sport,tennis,Novak Djokovic becomes just second man in history to reach 300 grand slam wins - CNN,2315,411
1714,1090,news,europe,The EU is facing the most serious crises in its history. Many are wondering if anyone's  in charge - CNN,11266,1834
1715,1091,sport,sport,Doddie Weir: Scotland rugby legend battling MND with a smile  - CNN,7525,1332
1716,1092,news,europe,Incest accusation in prominent family prompts French national reckoning with child abuse   - CNN,9680,1563
1717,1093,sport,football,Liverpool: Another defensive meltdown costs defending champion third straight Premier League defeat - CNN,3308,543
1718,1094,sport,motorsport,Bubba Wallace: How 2020 helped NASCAR driver find his voice to speak out over injustice - CNN,5030,894
1719,1095,sport,tennis,Novak Djokovic defeats Taylor Fritz in five-set epic as fans are told to leave court at Australian Open - CNN,2433,416
1720,1096,sport,motorsport,Fernando Alonso has undergone a successful operation after cycling crash in Switzerland  - CNN,2126,352
1721,1097,news,uk,"From sermons to WhatsApp messages, these Britons are trying to dispel Covid-19 myths in minority communities - CNN",13370,2194
1722,1098,sport,tennis,Australian Open to go without fans as 'new kind of enemy' forces Victoria to lock down - CNN,7280,1201
1723,1099,sport,sport,Tokyo 2020 Olympics president announces resignation following sexist remarks  - CNN,4496,759
1724,1100,sport,sport,J.J. Watt: Houston Texans star says farewell to the team and city: 'I love you' - CNN,2611,471
1725,1101,sport,sport,Jacksonville Jaguars head coach defends hire of controversial coach - CNN,2418,395
1726,1102,news,europe,"Germany imposes border checks as Austria, Czech Republic struggle to contain the coronavirus - CNN",4273,669
1727,1103,news,europe,"Mario Draghi is named Italy's new prime minister, announces a political rainbow of cabinet picks   - CNN",2602,404
1728,1104,sport,sport,Claressa Shields takes jab at boxing establishment - CNN,7828,1311
1729,1105,sport,sport,Dallas Mavericks play national anthem for first time this season after NBA reiterate anthem policy - CNN,4495,766
1730,1106,sport,sport,"Lindsey Vonn discuss challenges facing Olympians, her 'struggles' after retirement and athlete activism - CNN",7412,1292
1731,1107,sport,football,Bayern Munich wins sixth title in a year with Club World Cup victory over Tigres - CNN,2630,436
1732,1108,sport,sport,Tokyo 2020 Olympics president Yoshiro Mori to resign following sexist remarks - CNN,3649,596
1733,1109,news,europe,"Play with and feed your cat to stop it from hunting so much, says study - CNN",4197,678
1734,1110,sport,tennis,Sofia Kenin: Defending champion moved to tears after Australian Open defeat  - CNN,2968,494
1735,1111,news,uk,Police arrest eight after celebrities hit by SIM-swapping attacks - CNN,1917,299
1736,1112,sport,tennis,"Nick Kyrgios: Six years after his grandmother passed away, tennis star has found another reason to love tennis - CNN",12923,2224
1737,1113,news,europe,Polish court orders historians to apologize over Holocaust book - CNN,3440,539
1738,1114,sport,sport,Dallas Mavericks: NBA team to resume playing the National Anthem - CNN,4317,739
1739,1115,sport,football,Ryan Reynolds and Rob McElhenney complete takeover of Wrexham AFC - CNN,2863,460
1740,1116,sport,tennis,Australian Open: The awkward art of the post-match on-court tennis interview - CNN,4356,720
1741,1117,sport,tennis,Serena Williams finds top gear in Australian Open as sister Venus bows out - CNN,3216,535
1742,1118,news,uk,Elton John and Michael Caine star in video encouraging Brits to get vaccine - CNN,2425,406
1743,1119,sport,golf,Annika Sorenstam: 10-time major winner to make LPGA return after 13 years away - CNN,2932,517
1744,1120,news,europe,100-year-old former Nazi concentration camp guard charged with Holocaust atrocities  - CNN,2940,449
1745,1121,sport,football,Maradona's psychologist and two nurses under investigation over death - CNN,3326,526
1746,1122,news,europe,"Europe's oldest person, a 116-year-old French nun, survives Covid-19 - CNN",2550,420
1747,1123,news,europe,Ursula von der Leyen: How a vaccine spat could derail her big plans for Europe - CNN,15178,2508
1748,1124,sport,sport,Tom Brady: BFF Gronk says QB would sign 50-year contract if he could - CNN,2986,543
1749,1125,news,europe,"Klubrádió, one of Hungary's last independent radio stations, ordered off the air - CNN",2899,464
1750,1126,news,europe,European Space Agency hiring astronauts for first time in 11 years - CNN,2502,402
1751,1127,sport,football,Mike Dean: Premier League referee and family receive online death threats - CNN,3561,560
1752,1128,sport,sport,"Steeplechaser Colleen Quigley discusses mental health, modeling and being 'hungry' for Olympic success - CNN",6092,1030
1753,1129,sport,tennis,Victoria Azarenka bemoans 'lack of fresh air' in quarantine after Australian Open exit; Rafael Nadal wins - CNN,4439,768
1754,1130,sport,tennis,Australian Open: Mayar Sherif becomes first Egyptian woman to win a main draw grand slam match - CNN,2091,363
1755,1131,news,europe,Adam Traoré: New medical report may shed light on Frenchman's death in police custody - CNN,2704,433
1756,1132,sport,sport,Lewis Hamilton and Mercedes agree one-year deal with joint commitment for 'greater diversity and inclusion' - CNN,2882,461
1757,1133,sport,football,"Bayern Munich vs. Al Ahly: Pitso Mosimane, draws strength from Nelson Mandela as coach showcases talents at Club World Cup - CNN",11653,1973
1758,1134,sport,football,Zlatan Ibrahimovic scores 500th goal of club career in AC Milan victory - CNN,2114,361
1759,1135,sport,tennis,"Australian Open 2021: After weeks of quarantine drama and Covid setbacks, tennis tournament kicks off - CNN",7632,1227
1760,1136,sport,tennis,Serena and Venus Williams make dream start to Australian Open  - CNN,3967,673
1761,1137,sport,sport,Tom Brady's GOAT status captures world's imagination - CNN,3663,615
1762,1138,sport,football,"Lionel Messi: After report reveals star forward's record $672 million contract, Barcelona denies responsibility for leak  - CNN",3255,502
1763,1139,sport,golf,"Brooks Koepka claims his first win since 2019, world No. 1 Dustin Johnson sends ominous message - CNN",3400,610
1764,1140,sport,sport,NBA: Steph Curry and Nikola Jokic score 50 points or more -- but both lose - CNN,3643,613
1765,1141,sport,football,"Premier League: Manchester City beat Liverpool as Ilkay Gundogan misses penalty, scores twice - CNN",6091,1015
1766,1142,news,europe,Pope appoints first woman Under-Secretary with right to vote in Synod of Bishops - CNN,1746,279
1767,1143,sport,tennis,"Australian Open: Serena Williams, Rafael Nadal target grand slam records  - CNN",6403,1068
1768,1144,news,europe,Russian protesters detained at pro-Navalny rallies say police threatened and intimidated them: 'The regime has shown its teeth' - CNN,8399,1374
1769,1145,news,uk,"Britain is under lockdown. But one year into the Covid crisis, many are unable to keep to the rules. - CNN",9215,1521
1770,1146,sport,sport,"Leon Spinks, former heavyweight champ who beat Muhammad Ali, dead at 67 - CNN",2137,358
1771,1147,sport,sport,Kevin Durant pulled from game twice due to Covid-19 protocols - CNN,3407,572
1772,1148,sport,football,Iran: Two former Iranian national team footballers die from Covid-19 within a week of each other - CNN,4236,668
1773,1149,news,uk,"Brexit is just weeks old, and it's already threatening fragile political stability in Northern Ireland - CNN",7352,1156
1774,1150,news,europe, Posh Spice the cow sells for record amount - CNN,1880,318
1775,1151,news,uk,Handforth Parish Council grips the internet with the world's worst Zoom call - CNN,5913,930
1776,1152,news,europe,"Navalny's doctor Sergey Maximishin, who treated him for poisoning, has died, says hospital - CNN",3890,601
1777,1153,sport,sport,LeBron James says having All-Star Game is 'a slap in face' to players - CNN,4512,777
1778,1154,news,europe,Romania's Orthodox Church under fire over baptism ritual after death of baby  - CNN,2430,393
1779,1155,news,europe,"What is Novichok, the rare nerve agent used in Russian spy attack  - CNN",6283,972
1780,1156,sport,tennis,Australian Open: All players test negative for Covid-19 - CNN,2896,462
1781,1157,sport,football,Andre Onana: Ajax goalkeeper calls 12-month doping suspension 'excessive and disproportionate' - CNN,2861,464
1782,1158,news,europe,Russia: Alexey Navalny in court as EU foreign affairs chief Josep Borrell visits Moscow - CNN,6460,1026
1783,1159,sport,sport,"History behind the Super Bowl halftime show -- From Whitney Houston to Prince, Coldplay, Beyonce and Bruno Mars - CNN",9633,1632
1784,1160,news,europe,"Female Nazi concentration camp secretary charged with complicity in 10,000 murders in Germany  - CNN",2383,383
1785,1161,sport,football,Nanu: Porto defender suffers spinal cord injury after collision with goalkeeper  - CNN,1908,308
1786,1162,sport,sport,"A barber's positive Covid-19 test causes scare for the Kansas City Chiefs, reports say - CNN",2588,427
1787,1163,sport,football,"Meet BellaTeq, the first all-female Teqball team hoping to signal a 'new era' for the sport - CNN",3990,670
1788,1164,news,europe,Bodies of drowned deer recovered from frozen lake after being scared by poachers - CNN,1507,243
1789,1165,sport,tennis,Australian Open players and staff go into quarantine after a hotel worker tests positive for Covid-19 - CNN,3363,553
1790,1166,sport,sport,Top Tokyo Olympics organizing official apologizes for sexist remarks that women talk too much in meetings - CNN,3620,593
1791,1167,sport,sport,"Winter Olympics: A year before the Beijing Games, more than 180 campaign groups are calling for a diplomatic boycott - CNN",4840,752
1792,1168,news,europe,Alexey Navalny: The Kremlin crackdown risks turning the opposition leader into a martyr - CNN,9525,1524
1793,1169,sport,football,Liverpool's shock loss to Brighton leaves it far behind league leaders - CNN,4025,677
1794,1170,sport,sport,Vendée Globe: Clarisse Cremer makes history in round-the-world race  - CNN,2479,433
1795,1171,news,europe,"The next dangerous Covid variant is likely already out there, British scientists say. We just don't know it yet - CNN",11340,1857
1796,1172,sport,football,Debate over greatest goalscorer of all time continues as Cristiano Ronaldo nets 762nd goal - CNN,3364,517
1797,1173,sport,football,Manchester United puts nine past Southampton to equal Premier League record - CNN,3585,592
1798,1174,sport,sport,Tokyo Olympics: IOC says athletes will not need vaccine to participate - CNN,3293,533
1799,1175,sport,sport,NBA: The West has a new best as Utah Jazz win and Los Angeles Clippers fall - CNN,4513,785
1800,1176,news,uk,British teenager Joseph Flavill fell into a 10-month coma before the pandemic. Now he's waking up - CNN,5856,1014
1801,1177,news,europe,Analysis: Putin dismissed Navalny for years. Outrage over his jailing is now a big problem for the Kremlin - CNN,5741,902
1802,1178,news,australia,"Australia fires: After Covid lockdown, a bushfire is forcing Perth residents to evacuate - CNN",4096,628
1803,1179,sport,football,Stuart Baxter sacked by Indian football club Odisha over comments about rape - CNN,1831,290
1804,1180,news,uk,"Captain Sir Tom Moore, who raised millions for the NHS, dies aged 100 - CNN",7653,1270
1805,1181,news,europe,"Alexey Navalny handed jail term, prompting protests across Russia - CNN",8321,1337
1807,1182,sport,sport,LeBron James: Fans ejected after courtside argument during match - CNN,2775,483
1808,1183,sport,sport,Tom Brady says he's open to playing past 45 ahead of his 10th Super Bowl - CNN,3257,584
1809,1184,sport,tennis,Roger Federer to make tennis comeback in March in Doha - CNN,980,160
1810,1185,sport,golf,Patrick Reed breezes to victory on PGA Tour despite drop controversy - CNN,6196,1087
1811,1186,sport,sport,NBA: Washington Wizards hit two three-pointers in final ten seconds to snatch victory from star-studded Brooklyn Nets - CNN,3370,571
1812,1187,news,europe,Stone Age teeth hint at Neanderthal interbreeding - CNN,4810,760
1813,1188,sport,sport,Mina Stess: 14-year-old skateboarder chases Olympic dream - CNN,8695,1552
1814,1189,news,europe,Europe talks the talk in criticizing Putin. Russia's opposition is waiting for it to walk the walk - CNN,9469,1504
1815,1190,news,europe,Navalny protests: Kremlin meets Russian demonstrators with fiercest crackdown in years - CNN,13133,2077
1816,1191,news,australia,Perth: Single Covid case in Western Australia leads to 5-day lockdown for 2 million - CNN,3790,613
1817,1192,sport,football,Marseille owner Frank H. McCourt compares attack on training ground to the US Capitol insurrection  - CNN,3152,485
1818,1193,news,uk,Campaigners slam UK government report into racial disparities as a 'whitewash' - CNN,7158,1151
1819,1194,news,europe,Italy expels two Russian officials over espionage case - CNN,3724,583
1820,1195,news,europe,Russia registers world's first Covid-19 vaccine for animals - CNN,2484,360
1821,1196,sport,sport,Michael Miraglia completes his own Strongman Marathon on Utah's Bonneville Salt Flats  - CNN,4066,696
1822,1197,news,europe,Macron: New Covid-19 rules in France as hospitalizations soar - CNN,4327,686
1823,1198,sport,sport,Utah Jazz team plane forced into emergency landing after bird strike - CNN,1772,295
1824,1199,news,europe,Female Swiss army recruits will get women's underwear for the first time - CNN,2182,346
1825,1200,sport,sport,Two Black women will be head coaches in the same NCAA women's Final Four for the first time - CNN,4505,775
1826,1201,news,uk,"Meghan and Harry weren't legally married before public wedding, archbishop says - CNN",2931,468
1827,1202,sport,sport,Kevin Durant accused of using homophobic slurs in private messages with Michael Rapaport - CNN,2524,401
1828,1203,news,europe,Suspected mafia fugitive arrested after police saw his YouTube cooking videos - CNN,3145,487
1829,1204,sport,motorsport,Fernando Alonso: Sandwich wrapper wrecked F1 star's comeback race - CNN,1653,258
1830,1205,sport,football,Sergio Aguero: Manchester City's all-time top scorer will leave the club - CNN,3869,644
1831,1206,sport,football,World Cup: Japan thrashes Mongolia 14-0 in historic win - CNN,1737,279
1832,1207,sport,golf,Joaquin Niemann helps raise $2.1 million to save his infant cousin's life - CNN,7203,1259
1833,1208,news,uk,"Homeless people are extremely vulnerable to Covid-19, but they're slipping through cracks in the vaccination plans - CNN",7147,1183
1834,1209,news,europe,"These children escaped Xinjiang, but their parents are in China and cut off from the world - CNN",9373,1565
1835,1210,sport,golf,India's slum golf: A whole new ball game on Mumbai's streets - CNN,5832,1021
1836,1211,news,europe,London records zero Covid-19 daily deaths for first time in six months as cases soar elsewhere in Europe - CNN,8500,1375
1837,1212,sport,sport,Sam Bennett: Cycling star throws up during race; blames overeating - CNN,2809,499
1838,1213,sport,football,Thierry Henry: Conversation around taking a knee means people are 'forgetting' the true cause - CNN,4302,757
1839,1214,news,uk,'I spent a whole year indoors and upstairs.' Life during the pandemic for people with disabilities - CNN,13340,2157
1840,1215,sport,motorsport,Lewis Hamilton holds off Max Verstappen to win thrilling F1 season opener - CNN,3410,567
1841,1216,news,europe,"France Covid-19 surge could overwhelm Paris hospital ICUs, warn doctors - CNN",4584,745
1842,1217,sport,football,Lou Macari: Former Manchester United player turns his attention to helping the homeless  - CNN,6430,1113
1843,1218,sport,golf,Tommy Fleetwood and Sergio Garcia hit holes-in-one at the WGC Matchplay - CNN,4005,721
1844,1219,news,europe,Iron Age warriors were buried with luxury feather bedding - CNN,3848,624
1845,1220,sport,sport,Sachin Tendulkar coronavirus: Indian cricket legend says he's tested positive for Covid-19 - CNN,2285,363
1846,1221,news,europe,The pandemic is stirring deep resentments in Europe. They may not be quick to heal - CNN,8648,1409
1847,1222,news,europe,Russian socialite TV host under fire for interview with serial rapist  - CNN,4349,696
1848,1223,sport,motorsport,"Formula One: After worst season in years, can Ferrari bounce back in 2021?  - CNN",8363,1410
1849,1224,news,uk,Bristol protest: Boris Johnson condemns 'disgraceful' attacks on police - CNN,3870,631
1850,1225,sport,motorsport,Formula One: Lewis Hamilton 'spoken to Bahrain officials' about human rights issues ahead of race in country  - CNN,6102,984
1851,1226,news,europe,"Alexey Navalny is suffering 'torture by sleep deprivation' and severe pain, lawyers say - CNN",6270,998
1852,1227,sport,football,"Thierry Henry quits social media, hoping to inspire others to stand up to online abuse as he urges tech companies to do more - CNN",6786,1158
1853,1228,sport,golf,Bryson DeChambeau becomes first golfer to release NFT trading cards - CNN,2253,372
1854,1229,sport,football,"Boycotting the 2022 FIFA World Cup in Qatar would be a 'big mistake,' says Belgium manager Roberto Martínez - CNN",4055,677
1855,1230,news,uk,Analysis: This week was a turning point for Harry and Meghan - CNN,10861,1847
1856,1231,sport,sport,"Sister Jean, the 101-year-old basketball-loving nun, on praying for her favorite team - CNN",1559,267
1857,1232,sport,sport,Ironman World Championship: Sam Holness hopes to use autism 'superpower' at legenday endurance event - CNN,6667,1106
1858,1233,sport,sport,Norway players wear T-shirts protesting Qatar World Cup ahead of qualifier against Gibraltar - CNN,2591,409
1859,1234,sport,sport,Champion snowboarder Julie Pomagalski dies in avalanche - CNN,2386,364
1860,1235,news,europe,2008 Georgia Russia Conflict Fast Facts - CNN,6291,975
1861,1236,news,europe,EU vaccine ban: EU proposes impose vaccine controls as 'raid' on Italian factory uncovers millions of AstraZeneca doses - CNN,5712,895
1862,1237,sport,tennis,Vasek Pospisil 'sorry' for expletive-laden rant at ATP boss in Miami - CNN,2193,366
1863,1238,sport,golf,PGA Tour: Rory McIlroy suffers nightmarish loss as he hits ball into swimming pool - CNN,2859,498
1864,1239,sport,sport,Tokyo Olympics torch relay starts its final leg as some suggest this day should never have come - CNN,11658,1843
1865,1240,news,uk,"Despite Brexit, Britons won't stop being European - CNN",8717,1436
1866,1241,sport,football,Japan vs. South Korea: Fierce derby between rivals is sparking more concern than excitement - CNN,7472,1196
1867,1242,news,uk,"Zara Tindall, Queen's granddaughter, gives birth at home - CNN",2584,432
1868,1243,news,europe,"Merkel says confusion over Easter restrictions were ""singularly and alone my mistake"" - CNN",2555,407
1869,1244,news,europe,"'The Resident', his wife and piles of cash: How a Russian spy ring stole NATO and EU secrets from Bulgaria
 - CNN",7837,1219
1870,1245,sport,football,Cesare Prandelli: 'A dark cloud has developed inside of me' says Fiorentina coach as he steps down - CNN,3775,656
1871,1246,sport,football,Pelé: Does the 'definitive' documentary cement or damage the football great's legacy? - CNN,7575,1287
1872,1247,news,europe,German Catholic clergy rebel against Vatican over same-sex unions - CNN,4359,657
1873,1248,sport,sport,Ryo Miyake: Olympic silver medalist delivers food for Uber Eats to fund Tokyo 2020 dream - CNN,6734,1114
1874,1249,sport,sport,Steve Kerr calls for tougher gun control measures following Boulder shooting - CNN,4291,728
1875,1250,sport,golf,"Iceland: Volcanoes, lava and crashing waves -- A golfer's paradise - CNN",3689,609
1876,1251,news,uk,Boris Johnson's latest gaffe could threaten Britain's vaccine rollout - CNN,4351,700
1877,1252,sport,football,World Cup: Netherlands hope to highlight Qatar migrant workers' situation - CNN,2501,412
1878,1253,sport,motorsport,Ugo Ugochukwu: McLaren signs deal with karting star  - CNN,1930,316
1879,1254,sport,football,Zlatan Ibrahimovic reduced to tears on return to Sweden squad - CNN,2858,453
1880,1255,sport,sport,"Katherine Diaz: Olympic surfing hopeful, 22, killed by lightning while training - CNN",2407,389
1881,1256,news,australia,Australia floods: 10 million people under severe weather warnings covering an area the size of Alaska - CNN,3611,567
1882,1257,sport,football,UEFA Women's Champions League: European powerhouse Lyon's grip on title is facing its biggest challenge - CNN,7378,1216
1883,1258,news,europe,European Union Fast Facts - CNN,6901,1059
1884,1259,news,europe,Vladimir Putin vaccinated: Russian President gets Covid-19 shot behind closed doors - CNN,4519,710
1885,1260,news,australia,Australia's political culture in spotlight again as new report emerges of lewd acts in parliament - CNN,2001,296
1886,1261,sport,football,Bono: Sevilla goalkeeper makes himself the unlikely hero with last-minute equalizer - CNN,1830,308
1887,1262,news,europe,Germany to go into hard Easter lockdown as Covid-19 infections soar - CNN,3171,525
1888,1263,sport,football,Belize football team bus held up by 'insurgents on motorcycles' in Haiti ahead of 2022 World Cup qualifier - CNN,2112,330
1889,1264,sport,football,Cristiano Ronaldo: Juventus decides to keep 'best in the world' star - CNN,2245,365
1890,1265,news,australia,Spiders and snakes swarm Australian homes as they flee record flooding - CNN,3412,558
1891,1266,sport,sport,Colin Allred: Ex-NFL star Congressman bewildered by Jan 6 insurrection's 'rage and mob mentality' - CNN,17982,3127
1892,1267,sport,football,Lionel Messi breaks Barcelona appearance record - CNN,2073,323
1893,1268,news,australia,Australia: Parts of New South Wales declare natural disaster following floods - CNN,6493,1045
1894,1269,news,europe,They wanted democracy for Belarus. Instead they say they were beaten and raped by police - CNN,11964,2012
1895,1270,news,australia,Australia floods: Thousands evacuated in New South Wales as 'life-threatening' rains inundate the state - CNN,6136,977
1896,1271,news,uk,Bristol crime bill protesters injure police and set vehicles ablaze  - CNN,5457,860
1897,1272,sport,sport,LeBron James 'out indefinitely' with ankle injury - CNN,1658,276
1898,1273,sport,sport,Tokyo 2020: International spectators will be refused entry into Japan for Olympic Games - CNN,3292,505
1899,1274,news,uk,Royal family says they may consider appointing diversity chief - CNN,2306,385
1900,1275,news,europe,Turkey withdraws from Istanbul convention to combat violence against women - CNN,2915,437
1901,1276,news,australia,Kathleen Folbigg: Genetics may help free Australian woman convicted of killing her 4 babies - CNN,16096,2713
1902,1277,news,australia,Entire house floats away as flash floods batter Australia's east coast - CNN,2852,447
1903,1278,news,uk,Prince Harry invokes his mother's memory in foreword to new book for bereaved children of frontline workers - CNN,5286,959
1904,1279,sport,sport,NCAA is called out over the poor amenities for women players vs the men at tournament sites - CNN,3124,500
1905,1280,sport,football,Soccer abuse report 'kick in the teeth' for survivors - CNN,9931,1674
1906,1281,news,europe,France coronavirus: As new lockdowns are imposed on Paris Macron is under growing pressure  - CNN,5797,937
1907,1282,news,europe,"Nacho Vidal, Spanish porn star, charged with reckless homicide after toad venom death - CNN",2877,460
1908,1283,news,europe,Coronavirus: Europe has missed its chance to stop the third wave. The US could be next - CNN,8036,1333
1909,1284,sport,football,Champions League quarterfinal draw: Bayern Munich to face PSG in repeat of 2020 final - CNN,4873,777
1910,1285,news,europe,AstraZeneca vaccine: EU regulator declares shot safe for use after clotting concerns  - CNN,10128,1614
1911,1286,sport,sport,"Khabib Nurmagomedov officially retired, says UFC boss Dana White - CNN",2263,347
1913,1287,news,uk,Analysis: Can Prince Philip mend the royal family rift? - CNN,7807,1326
1914,1288,sport,football,Tottenham Hotspur's Europa League exit branded a 'disgrace' by captain Hugo Lloris - CNN,4001,658
1915,1289,sport,football,"After Glen Kamara accuses Slavia's Ondrej Kudela of racist abuse, Steven Gerrard calls for action - CNN",3455,588
1916,1290,news,uk,Meghan and Harry interview: The royals have always stayed out of politics. Now they've waded into Britain's culture wars - CNN,13211,2163
1917,1291,sport,football,Champions League: Bayern Munich cruises into record-breaking 19th quarterfinal - CNN,3234,542
1918,1292,news,europe,Spain approves euthanasia law - CNN,2762,456
1919,1293,sport,sport,Jeremy Lin: Violence towards Asian Americans is 'hitting differently' amid the pandemic - CNN,3820,604
1920,1294,news,australia,"Australia's wildfires released as much smoke as a massive volcanic eruption, study finds - CNN",24729,3851
1921,1295,sport,sport,Olympic triple jumper and rapper Will Claye on why his music career is more than a hobby - CNN,6170,1089
1922,1296,news,uk,Sarah Everard: Police in England and Wales to record misogyny as a hate crime in wake of woman's murder  - CNN,3526,599
1923,1297,news,uk,"More than 500 people in UK put on do-not-resuscitate orders without consent, watchdog says  - CNN",4793,767
1924,1298,news,europe,Russia reacts angrily after Biden calls Putin a 'killer' - CNN,6373,1022
1925,1299,sport,football,Europa League: Usain Bolt gives his verdict on Manchester United's season so far - CNN,6800,1202
1926,1300,sport,motorsport,Fernando Alonso: 'Hopefully I'm back as a better driver'  - CNN,6712,1193
1927,1301,sport,sport,"America's Cup: Team New Zealand retains ""Auld Mug"" trophy, defeating Italian outfit Luna Rossa  - CNN",2160,360
1928,1302,sport,sport,LeBron James becomes part owner of Boston Red Sox - CNN,2190,397
1929,1303,news,uk,The UK is facing a reckoning on gender-based violence. Boris Johnson's government has botched its response - CNN,6253,1032
1930,1304,sport,motorsport,"Sabine Schmitz, 'Queen of the Nürburgring,' dead at 51 - CNN",2220,367
1931,1305,sport,football,Manchester City remains on course to win unprecedented quadruple - CNN,5655,940
1932,1306,news,uk,Boris Johnson's boast of a 'Global Britain' is taking a pounding amid series of crises - CNN,5763,938
1933,1307,sport,tennis,"Damir Dzumhur faces disciplinary probe, fined for walking off court - CNN",2028,334
1934,1308,sport,tennis,Alexander Zverev behind Roger Federer in 'absurd' new ranking system - CNN,2358,392
1935,1309,sport,football,Lionel Messi: Barcelona coach Ronald Koeman praises star after record-equaling game - CNN,2736,451
1936,1310,news,europe," AstraZeneca vaccine: Spain, Germany, France and Italy pause rollout - CNN",9050,1441
1937,1311,sport,football,Rui Patricio 'okay' and 'totally conscious' after suffering head injury - CNN,2203,345
1938,1312,news,europe,AstraZeneca vaccine: European regulator 'convinced' benefits of shot outweigh risks as suspensions continue - CNN,8941,1371
1939,1313,sport,sport,Colombian rugby leaving behind its infamous past - CNN,6024,1001
1940,1314,sport,sport,Timur Faizutdinov: Russian hockey player dies after being hit by puck  - CNN,993,162
1941,1315,news,uk,Prince Philip leaves hospital following heart surgery - CNN,10742,1726
1942,1316,news,europe,John Major Fast Facts  - CNN,2919,452
1943,1317,news,uk,"With UK police under fire, Boris Johnson pushes new bill that could end peaceful protest - CNN",9094,1470
1944,1318,news,uk,Sarah Everard: Police officer removed from duties over 'inappropriate graphic' - CNN,2448,381
1945,1319,news,europe,"UK calls Russia top threat, issues warning on China, promises to build more nuclear warheads - CNN",7515,1180
1946,1320,news,europe,Alexey Navalny: First Russia poisoned him. Now Penal Colony No. 2 is the prison camp for Navalny. - CNN,6881,1159
1947,1321,sport,sport,Usain Bolt: Olympic legend reveals his greatest achievement and life after athletics - CNN,7059,1241
1948,1322,news,europe,"Vatican says it will not bless same-sex unions, calling them a 'sin' - CNN",3357,549
1949,1323,news,europe,Russian Wagner mercenaries accused in landmark legal case - CNN,6396,990
1950,1324,sport,sport,PSG's Angel Di Maria and Marquinhos victims of burglary during match - CNN,2775,448
1951,1325,news,europe,Italy coronavirus: Easter lockdown preparations as Covid-19 cases grow exponentially   - CNN,6026,959
1952,1326,news,europe,EU takes legal action against UK over Northern Ireland protocol - CNN,4574,733
1953,1327,news,europe,"AstraZeneca vaccine: Ireland halts use of Covid-19 vaccine following blood clot reports in Norway
  - CNN",3269,511
1954,1328,sport,golf,Justin Thomas pays tribute to his grandfather after Players Championship victory - CNN,2884,494
1955,1329,sport,sport,"Primoz Roglic: Cyclist crashes twice, suffers a dislocated shoulder, loses race lead, but still finishes - CNN",2449,410
1956,1330,sport,sport,Drew Brees set to join NBC as a football analyst - CNN,2215,387
1957,1331,sport,football,Cristiano Ronaldo: Pele congratulates Juventus star for surpassing Brazilian's 'record of goals in official matches' - CNN,3796,598
1958,1332,news,europe,Charlie Hebdo cartoon of Meghan Markle and Queen sparks outrage - CNN,2844,442
1959,1333,news,uk,Women's groups lose legal battle over UK's falling rape prosecutions - CNN,4718,756
1960,1334,news,europe,First Spanish-made 'narco sub' found in Mediterranean warehouse - CNN,3264,511
1961,1335,news,uk,"Meghan, Duchess of Sussex: Royals hire external law firm to investigate bullying claims - CNN",3697,589
1962,1336,news,uk,Harry and Meghan interview fallout: Prince Charles stays silent in his first appearance since bombshell broadcast - CNN,10798,1767
1963,1337,sport,football,Arsenal vs. Tottenham: Erik Lamela scores stunning rabona goal but is sent off as Arsenal overcome rivals in North London Derby - CNN,5446,929
1964,1338,news,uk,11 things we learned from Meghan and Harry's interview - CNN,14777,2482
1965,1339,news,uk,Harry and Meghan's seismic interview will be felt for generations  - CNN,9079,1534
1966,1340,news,uk,Queen Elizabeth: Can the royal family survive after her death? - CNN,7008,1183
1967,1341,sport,sport,"Marvin Hagler, former boxing champion, dies at 66 - CNN",1768,293
1968,1342,news,uk, Archie: Meghan reveals 'concerns' within royal family about baby's skin color - CNN,4557,768
1969,1343,news,uk,Sarah Everard: Fury as London police officers break up vigil to murdered woman - CNN,8369,1343
1970,1344,sport,sport,Former British Cycling doctor found guilty of ordering banned testosterone - CNN,2524,407
1971,1345,sport,sport,NBA: Caris LeVert admits 'gratefulness' following NBA return 46 days after surgery to remove cancerous mass - CNN,2743,478
1972,1346,sport,tennis,Serena Williams says she understood the 'pain and cruelty' suffered by Meghan - CNN,4594,750
1973,1347,news,uk,Oprah royal interview: Meghan reveals she 'didn't want to be alive anymore' - CNN,11077,1864
1974,1348,sport,golf,Players Championship: Two golfers score hole-in-ones  - CNN,2795,482
1975,1349,news,uk,"Sarah Everard: Metropolitan Police officer charged with the kidnap and murder of Sarah Everard, who went missing in London - CNN",7152,1154
1976,1350,news,uk,Meghan and Harry feel wronged by the palace. But they can only seek justice in the court of public opinion - CNN,7421,1253
1977,1351,news,europe,Russian opposition activists detained at a democratic forum in Moscow. The Kremlin says they were breaking Covid-19 protocol - CNN,3830,576
1978,1352,news,europe,Actress protests naked at France's Oscars ceremony over Covid support  - CNN,2155,344
1979,1353,sport,sport,Michele Roberts: Meet the woman keeping NBA stars in line - CNN,8709,1500
1980,1354,sport,sport,NFL: Tom Brady signs new deal with the Tampa Bay Buccaneers - CNN,1629,278
1981,1355,sport,tennis,Andy Murray pulls out of Dubai Open after arrival of fourth child - CNN,1921,322
1982,1356,news,uk,Sarah Everard: Police identify body of woman who went missing in London - CNN,3647,572
1984,1357,sport,motorsport,Mick Schumacher: A 'big privilege' to carry legendary surname into Formula One again - CNN,6201,1100
1985,1358,news,europe,"They can only hold hands, but for Britain's elderly, first touch with a relative 'means everything' - CNN",5812,968
1986,1359,sport,football,Europa League: AC Milan stuns Manchester United with last-gasp equalizer - CNN,5200,873
1987,1360,news,europe,AstraZeneca says 'no evidence' of blood clot risk from vaccine as countries suspend its use - CNN,7852,1216
1988,1361,sport,golf,Players Championship famed 17th hole claims victims - CNN,2334,427
1989,1362,sport,tennis,Roger Federer withdraws from upcoming tournament after making his tennis return  - CNN,2297,388
1990,1363,news,uk,"Meghan said racism drove her out of the UK. Black Britons ask, 'are we still here in 2021?' - CNN",6555,1128
1991,1364,news,europe,Harry S: 96-year-old accused of being Nazi concentration camp guard deemed 'unfit' for trial - CNN,3303,535
1992,1365,sport,sport,"Meyers Leonard fined $50,000 for anti-Semitic slur - CNN",2234,360
1993,1366,sport,football,Cristiano Ronaldo and Juventus stunned by 10-man Porto - CNN,6480,1037
1994,1367,sport,sport,Dak Prescott eyes Super Bowl parade for Cowboys after signing mega deal - CNN,2172,380
1995,1368,news,europe,AstraZeneca vaccine suspended by several European nations as blood clot reports investigated - CNN,7620,1210
1996,1369,sport,football,Cat Phillips: Australian frisbee and oval ball star fired up by fight for gender equality - CNN,8894,1525
1997,1370,news,europe,Lou Ottens: Dutch inventor of the cassette tape dies age 94 - CNN,3401,564
1998,1371,sport,football,UEFA Champion League: Lionel Messi scores 'special' goal as Barcelona crashes out  - CNN,5353,907
1999,1372,news,uk,Sarah Everard case sparks outpouring from women sharing stories of abuse on UK streets - CNN,9685,1603
2000,1373,news,uk,Meghan and Harry interview: Prince William says royals are 'very much not a racist family'  - CNN,4664,775
2001,1374,sport,tennis,Tennis counts the cost of empty stands: 'We cannot survive'  - CNN,4177,674
2002,1375,sport,football,Pele: Rio votes to put legend's name on famous Maracana stadium - CNN,1768,305
2003,1376,sport,golf,Rory McIlroy says Tiger Woods is 'doing better' and hopeful to be home in the 'next week or so' - CNN,2478,430
2004,1377,sport,sport,Texas Rangers could be first sports team with full house since pandemic stopped sports - CNN,3477,567
2005,1378,news,uk,Meghan and Harry interview: Buckingham Palace says royal family is 'saddened' in first statement on behalf of the Queen - CNN,4285,693
2006,1379,sport,sport,Katie Ledecky: Olympic swimmer on training in a backyard pool and her aspirations for Tokyo 2020 - CNN,5354,963
2007,1380,news,australia,"Kylie Moore-Gilbert: Iran tried to recruit me as a spy, says former British-Australian prisoner - CNN",4050,661
2008,1381,sport,tennis,Roger Federer defeats Dan Evans as he returns for first match in 13 months - CNN,2715,477
2009,1382,news,europe,"France to declassify Algeria war files sooner, Elysee Palace says - CNN",2257,346
2010,1383,news,europe,The world needs all the doctors it can get right now. This cancer patient is risking the time she has left to become one - CNN,8253,1457
2011,1384,news,uk,Sarah Everard: UK police officer arrested on suspicion of murder in hunt for missing woman - CNN,3038,480
2012,1385,sport,football,Erling Haaland breaks multiple records as his goal-scoring streak continues in the Champions League  - CNN,3352,549
2013,1386,sport,sport,Muhammad Ali vs. Joe Frazier: 'The Fight of the Century': a divided US nation 50 years on - CNN,17459,2987
2014,1387,news,uk," US woman who killed teen biker Harry Dunn wouldn't face prosecution in America, lawyer claims - CNN",4138,701
2015,1388,sport,sport,America's Cup yachts close on speeds of 100 kph - CNN,2503,450
2016,1389,news,europe,Neanderthals disappeared from Europe thousands of years earlier than we thought - CNN,3372,523
2017,1390,sport,tennis,'Dreams do really come true': Novak Djokovic reflects on his career and historic new record - CNN,3605,651
2018,1391,sport,sport,Dak Prescott: Dallas Cowboys and superstar quarterback agree to mega deal - CNN,2971,482
2019,1392,news,uk,The racism Meghan says she experienced in the British royal family is reflective of wider society.  - CNN,7245,1240
2020,1393,news,uk,Royal family plunged into crisis after the couple allege racism and neglect in Oprah interview - CNN,10592,1730
2021,1394,news,europe,Meteorite that fell on UK driveway is 'extremely rare' and may contain 'ingredients for life' - CNN,4091,680
2022,1395,sport,sport,Mikaela Shiffrin reveals how she's been inspired by tennis star Iga Świątek - CNN,4148,730
2023,1396,news,europe,French politician Olivier Dassault dies in helicopter crash - CNN,749,120
2024,1397,sport,golf,Bryson DeChambeau gets text from Tiger Woods; then wins Arnold Palmer invitational - CNN,3446,590
2025,1398,news,europe,Was the Diana scandal a bigger crisis for the monarchy than Meghan and Harry's interview? - CNN,11262,1897
2026,1399,news,europe,Germany coronavirus: How Merkel's vaccine disaster dented nation's handling of the pandemic  - CNN,13261,2177
2027,1400,news,uk,Meghan and Harry: From royal romance to palace rift - CNN,21229,3492
2028,1401,sport,football,Champions League: UEFA clears officials of alleged racist abuse during Paris Saint-Germain and Istanbul Basaksehir match - CNN,2569,366
2029,1402,sport,motorsport,Formula 1: Stephanie Travers on the 'surreal' moment she became the first Black woman on an F1 podium - CNN,6968,1219
2030,1403,sport,tennis,Novak Djokovic surpasses Roger Federer's all-time record  - CNN,2681,445
2031,1404,sport,football,Lionel Messi: Barcelona stars past and present come out to vote as Joan Laporta wins pivotal presidential election - CNN,3009,503
2032,1405,sport,sport,NBA cracks down on Atlanta promoters planning All-Star Game events - CNN,1753,285
2033,1406,sport,football,Robert Lewandowski edges closer to legendary scoring record  - CNN,3272,549
2034,1407,sport,sport,"Joel Embiid, Ben Simmons sidelined from NBA All-Star Game due to Covid-19 protocol - CNN",1159,182
2035,1408,news,europe,Switzerland votes to ban face covering - CNN,3958,617
2036,1409,sport,football,Manchester United brings Manchester City's 21-match winning streak to an end  - CNN,4597,784
2037,1410,news,europe,Italian prosecutor asks for life sentence for two Americans charged with police murder - CNN,2840,461
2038,1411,sport,golf,LPGA: There's a dearth of Black players in US women's golf. This woman wants that to change - CNN,10744,1840
2039,1412,news,europe,Migrants could become the new Covid scapegoats when Europe's borders reopen - CNN,8669,1404
2040,1413,sport,sport,Iditarod: The legendary sled dog race going ahead amid the pandemic  - CNN,2123,345
2041,1414,sport,sport,NBA All-Star Game: The league's best players duke it out - CNN,5897,966
2042,1415,sport,golf,How otters and beavers returned to one of the world's greatest golf courses - CNN,11916,2008
2043,1416,sport,sport,"Greg McDermott, Creighton's men's basketball coach, is suspended after 'plantation' comment - CNN",3982,617
2044,1417,sport,football,NFL hires Maia Chaka as its first Black female game official - CNN,1904,302
2045,1418,sport,sport,Billy Kemper: Surfer glimpsed at death after wave slammed him into a rock  - CNN,10077,1762
2046,1419,news,uk,Prince Philip moves to King Edward VII Hospital after heart procedure - CNN,1344,207
2047,1420,news,europe,France could block Covid-19 vaccine shipments as Italy did on Thursday - CNN,4817,765
2048,1421,news,uk,Meghan and Harry steal the show before Oprah interview is even aired - CNN,5100,866
2049,1422,sport,sport,Tom Brady: NFL star says he dodged wife's retirement request - CNN,1598,269
2050,1423,sport,sport,"Japan's Kane Tanaka, the world's oldest living person, will carry Tokyo 2020 Olympic flame - CNN",5709,967
2051,1424,sport,football,Liverpool slumps to fifth straight home defeat as Jurgen Klopp defends 'rare' Mohamed Salah substitution - CNN,3435,577
2052,1425,news,australia, Box jellyfish: Australian teenager dies a week after being stung  - CNN,2408,389
2053,1426,news,uk,"Buckingham Palace to investigate allegations that Meghan, Duchess of Sussex, bullied UK staff - CNN",4947,815
2054,1427,sport,motorsport,"Formula 1: Sebastian Vettel admits he almost walked away from the sport, as James Bond and Tom Brady unveil new Aston Martin on the grid - CNN",3480,589
2055,1428,sport,sport,Katie Ledecky wins by 21 seconds in her first race for a year - CNN,2119,352
2056,1429,news,europe," Italy blocks export of Covid-19 vaccine doses to Australia, using EU powers for the first time - CNN",3819,585
2057,1430,news,uk,Prince Philip undergoes procedure for heart condition - CNN,1983,295
2058,1431,news,uk,"Inside the grounds of Europe's biggest Hindu temple, volunteers debunk myths and administer coronavirus vaccines - CNN",5735,895
2059,1432,news,europe,Germany's far-right AfD becomes first party to be put under government surveillance since Nazi era - CNN,3505,547
2060,1433,news,europe,Meghan accuses royal family of 'perpetuating falsehoods' against her and Harry - CNN,3354,547
2061,1434,news,europe,Ethiopia: After CNN reveals Tigray massacre UN rights chief says war crimes may have been committed  - CNN,5155,764
2062,1435,sport,football,"FC Barcelona faces seminal presidential elections amid chaos, scandal and anger - CNN",5506,907
2063,1436,sport,football,Barcelona given some respite from off-field issues with stunning comeback against Sevilla to reach Copa del Rey final - CNN,3317,536
2064,1437,news,europe,"Europe's unified vaccination strategy is splintering as nations turn to Israel, China and Russia for help - CNN",7089,1122
2065,1438,news,europe,Church of Cyprus calls for Eurovision entry 'El Diablo' to be dropped for promoting devil worship - CNN,4822,773
2066,1439,news,europe,Beavers roaming free in England could help fight flooding - CNN,4561,745
2067,1440,news,australia,"Christian Porter, Australian attorney general, comes forward to deny historical rape allegation - CNN",3622,580
2068,1441,sport,sport,Jeremy Lin: Former NBA star says Covid-19 has sparked anti-Asian violence in the US  - CNN,3277,525
2069,1442,news,europe,"Alexey Navalny, Putin critic, held at detention center in Vladimir region, east of Moscow - CNN",4848,794
2070,1443,news,europe,UK coronavirus: How Britain failed to impose an effective quarantine system   - CNN,13010,2118
2071,1444,sport,sport,Winter Olympics 2022: Mikaela Shiffrin doesn't want to have to choose between 'morality versus being able to do your job' - CNN,2079,354
2072,1445,sport,sport,"Iran's only female Olympic medalist, Kimia Alizadeh, to compete under white flag in Tokyo - CNN",1536,254
2073,1446,sport,sport,Diego Maradona's Porsche is up for sale - CNN,2115,346
2074,1447,news,europe,"French Catholic clergy may have abused at least 10,000 people since 1950, say investigators - CNN",2555,411
2075,1448,sport,sport,Horse racing faces new welfare scrutiny after more footage appears of a jockey posing on a dead horse - CNN,3799,642
2076,1449,sport,sport,Tokyo Olympics: How Sandi Morris and Tyrone Smith navigated the 'purgatory' of a postponed Games - CNN,8002,1380
2077,1450,sport,sport,"J.J. Watt: NFL owner, who is also a pilot, jets in to help secure free agent deal - CNN",4238,697
2078,1451,news,europe,Russia shows off new Covid-19 vaccine factory even as its people hesitate to get the shot - CNN,6868,1120
2079,1452,sport,football,Jiangsu FC: Reigning Chinese Super League champion 'ceases operations' - CNN,4990,757
2080,1453,sport,sport,England rugby player Ellis Genge says he received death threats following Six Nations defeat by Wales - CNN,3439,558
2081,1454,news,uk,Brazil variant: UK hunts for person infected with Covid-19 variant first identified in Manaus - CNN,3501,593
2082,1455,sport,sport,Jasmine Harrison delights in Atlantic Ocean world record row - CNN,8795,1550
2083,1456,sport,sport,Golfers wore red and black in honor of Tiger Woods during Sunday's play - CNN,2343,389
2084,1457,sport,sport,"Gordon Elliott, top racing trainer, apologizes over dead horse photo - CNN",3697,621
2085,1458,sport,sport,Yohan Blake: Sprinter says he would rather miss Olympics than get Covid-19 vaccine - CNN,1925,319
2086,1459,news,europe,"Nicolas Sarkozy, former French president sentenced to jail in historic ruling  - CNN",4169,655
2087,1460,news,europe,"How the Czech Republic slipped into a Covid disaster, one misstep at a time - CNN",13200,2193
2088,1461,news,europe,Prince Philip moved to new hospital to treat infection and test preexisting heart condition - CNN,2564,412
2089,1462,news,uk,Analysis: How Kate's role in the British royal family has changed in the last 10 years - CNN,12076,2034
2090,1463,news,uk,Former British police officer convicted for being member of banned neo-Nazi group is jailed - CNN,2806,446
2091,1464,sport,football,"Lionel Messi: A pair of Barcelona star's football boots auctioned for $173,000 - CNN",2047,320
2092,1465,sport,sport,Sheikh Mohammed: Calls for owner's horse to be banned from Kentucky Derby  - CNN,3284,512
2093,1466,sport,football,Former Germany defender Christoph Metzelder found guilty of sharing child pornography pictures - CNN,1413,224
2094,1467,news,europe,"Navalny appears in court for first time since ending hunger strike, saying 'I'm just an awful skeleton' - CNN",5487,900
2095,1468,sport,sport,Bryce Harper escapes injury after 97 mph pitch to face - CNN,1626,272
2096,1469,news,uk,Prince William and Kate photos mark 10-year wedding anniversary - CNN,3358,525
2097,1470,sport,golf,Patty Tavatanakit: The golfer who admits it's 'odd' to think she's a major winner  - CNN,5934,1040
2098,1471,news,europe,Analysis: The looming crisis in Brussels that no one is talking about - CNN,7744,1291
2099,1472,news,europe,Germany puts anti-lockdown group under surveillance for possible extremist ties - CNN,3306,494
2100,1473,sport,football,Champions League: PSG 'collapsed completely' in semifinal against Manchester City  - CNN,3301,538
2101,1474,sport,sport,NBA: Utah Jazz set a new franchise record after thrashing the Sacramento Kings - CNN,2125,361
2102,1475,news,europe,"Turkey enters first national lockdown as Covid-19 cases rise
 - CNN",3128,511
2103,1476,sport,sport,NFL Draft 2021 explainer: Everything you need to know  - CNN,4586,718
2104,1477,sport,sport,Tokyo Olympics 2020: Protests and demonstrations banned at games as Rule 50 upheld - CNN,3801,595
2105,1478,news,uk,Boris Johnson's apartment renovations have landed him in the political doghouse - CNN,9568,1484
2106,1479,sport,golf,Michael Visacki: Golfer shares powerful phone call with his dad after PGA Tour dream comes true  - CNN,2248,400
2107,1480,sport,sport,IPL: Australian cricketers wear full PPE on flight to Delhi; Aussie PM tells IPL stars to make 'own arrangements' to return home - CNN,5069,830
2108,1481,sport,sport,"Floyd Mayweather exhibition match against YouTuber Logan Paul back on, set for June 6 - CNN",1075,163
2109,1482,news,australia,Richard Pewsey jailed for 10 months after filming and taunting dying police officers - CNN,4522,731
2110,1483,news,australia,"Targeting Asia-Pacific defense, Australia to spend $580m on military upgrades - CNN",3216,480
2111,1484,news,europe,Police in Germany respond to bomb alert and find a sex toy grenade - CNN,1848,315
2112,1485,sport,football,Christian Pulisic becomes first US men's international to score in a Champions League semifinal - CNN,3089,506
2113,1486,news,uk,Boris Johnson will face formal investigation into apartment renovation costs - CNN,5622,888
2114,1487,news,uk,"Tony Blair has a mullet now, and it's disturbing Britain - CNN",3290,508
2115,1488,sport,football,"Champions League: Paris Saint-Germain vs. Manchester City and why Qatar and UAE, soccer investment has been 'potentially worth its weight in gold' - CNN",7279,1206
2116,1489,news,uk,Ursula von der Leyen says Turkey chair snub happened 'because I am a woman' - CNN,2713,459
2117,1490,sport,football,Julian Nagelsmann to become new Bayern Munich coach - CNN,2704,434
2118,1491,news,europe,Hungary's Orban extends dominance through university reform - CNN,4128,595
2119,1492,sport,sport,How Maya Gabeira overcame a life-threatening accident to surf two record-breaking waves - CNN,10483,1830
2120,1493,news,uk,The Queen is seen smiling in official royal engagement - CNN,1719,272
2121,1494,sport,sport,Blake Leeper: Amputee's application to compete with running blades rejected - CNN,1872,286
2122,1495,news,europe,UK Phone Hacking Scandal Fast Facts - CNN,16495,2587
2123,1496,news,uk,Boris Johnson denies disrespecting Covid-19 victims. But the political crises are piling up. - CNN,9356,1551
2124,1497,sport,football,Zlatan Ibrahimovic investigated by UEFA over 'alleged financial interest' in betting company - CNN,2160,316
2125,1498,news,europe,"UK sending HMS Queen Elizabeth to the Pacific, exercises planned alongside US, India, Japan and South Korea - CNN",6327,995
2126,1499,sport,sport,UFC 261: Chris Weidman has surgery after suffering 'freak' leg break - CNN,3219,559
2127,1500,sport,sport,IPL: Lucrative cricket tournament continues amid India's alarming Covid-19 surge  - CNN,6116,1008
2128,1501,news,europe,Alexey Navalny's political movement suspended in Russia - CNN,2920,441
2129,1502,sport,sport,"Long before Colin Kaepernick, this Black woman defied her country - CNN",18156,2999
2130,1503,news,europe,Man jumps through moving car window to stop reckless driver - CNN,1739,282
2131,1504,sport,sport,NFL superstar Rob Gronkowski sets world record with 600-foot catch - CNN,1666,273
2132,1505,sport,football,"Manchester City beats Tottenham Hotspur, clinches fourth consecutive League Cup title in front of fans  - CNN",4135,692
2133,1506,sport,football,English football is set to boycott social media over sustained racist abuse online - CNN,4113,651
2134,1507,news,europe,"France not doing enough to tackle climate change, court rules  - CNN",4269,669
2135,1508,news,europe,"On the frontline with Britain's new feminists, fighting for women's rights - CNN",10157,1680
2136,1509,news,uk,Terror in southern England as dozens of much-loved trees are felled in the dead of night - CNN,5868,945
2137,1510,news,europe,Spain coronavirus: Man arrested in Mallorca town on suspicion of infecting 22 people with Covid-19 - CNN,1410,231
2138,1511,news,australia,'Big Bird Bandits:' Police hunting thieves who allegedly stole 'Sesame Street' costume make arrests - CNN,1361,232
2139,1512,news,europe,Armenia mass killings: What to know  - CNN,6916,1119
2140,1513,sport,football,The European Super League was three years in making. It took 48 hours to unravel - CNN,6875,1093
2141,1514,sport,football,Zlatan Ibrahimović's new AC Milan contract will allow him to join fabled club of Serie A's quadragenarians - CNN,3899,642
2142,1515,news,uk,Malaria vaccine breakthrough as promising trial rises hopes of controlling disease - CNN,2960,478
2143,1516,sport,sport,"Terrence Clarke, Kentucky basketball player and NBA prospect, has died following a car accident in LA - CNN",3570,613
2144,1517,sport,football,Ryan Giggs charged with assault of two women and 'coercive and controlling behaviour' - CNN,2466,398
2145,1518,news,uk,Prince Louis turns 3 and there's a new photo to mark the occasion - CNN,1230,204
2146,1519,sport,sport,Bunny attends baseball game and everyone is in love with it - CNN,1705,296
2147,1520,news,europe,Alexey Navalny ends hunger strike - CNN,4277,691
2148,1521,news,europe,UK PM's former chief adviser Dominic Cummings denies leaking PM's text messages - CNN,3437,567
2149,1522,sport,golf,Barack and Michelle Obama: Valentino Dixon was convicted for a crime he didn't commit; now he's selling art to the Obamas - CNN,10739,1861
2150,1523,sport,football,"Barcelona remains committed to Super League, saying it would be 'historical error' to pull out - CNN",3877,604
2151,1524,news,europe,Russia orders troops back to base after massive buildup near Ukraine border - CNN,7603,1164
2152,1525,news,europe,France knife attack: Anti-terrorism probe launched after police officer stabbed to death - CNN,5093,793
2153,1526,news,europe,Germany to impose 'emergency brake' law to curb Covid infections across almost entire country - CNN,3110,493
2154,1527,sport,football,"Florentino Perez insists Super League isn't canceled, only on 'standby' - CNN",5169,833
2155,1528,sport,football,Seán McCabe: Football's first Climate Justice Officer - CNN,10834,1697
2156,1529,sport,football,European Super League: How game's wealthy owners scored own goal - CNN,8747,1385
2157,1530,news,europe,Alexey Navalny: Protesters across Russia call for Navalny's release on same day as Putin's annual address - CNN,8771,1375
2158,1531,news,europe,"Hospital employee made nearly $650,000 despite skipping work for 15 years, police say - CNN",1804,282
2159,1532,news,europe,Russia plans to launch own space station after quitting ISS - CNN,1973,325
2160,1533,news,uk,"'Pervasive racism' left tens of thousands of Black and Asian war dead uncommemorated, UK inquiry findss - CNN",6698,1039
2161,1534,sport,football,John W. Henry: Liverpool FC owner apologises as proposed Super League crumbles - CNN,7254,1196
2162,1535,sport,football,Clubs to amend plans for elite European Super League after UK teams say they won't participate - CNN,2797,430
2163,1536,sport,football,"Liverpool, Arsenal, Tottenham Hotspur, Manchester United and Manchester City say they will withdraw from Super League - CNN",4894,766
2164,1537,news,europe,The UK's space agency is hunting for 'moon trees' grown from seeds that went on the Apollo 14 lunar mission - CNN,5845,1006
2165,1538,news,europe,Queen Elizabeth spends her first birthday without Prince Philip - CNN,3776,640
2166,1539,sport,football,FIFA President Gianni Infantino warns Super League clubs that they must 'live with the consequences' - CNN,7866,1240
2167,1540,sport,sport,"Steph Curry breaks Kobe Bryant, Michael Jordan records as he continues historic scoring streak - CNN",3048,514
2168,1541,news,europe,Ukraine's Zelensky invites Russia's Vladimir Putin to meet - CNN,3622,561
2169,1542,news,europe,"EU regulator finds possible link between Johnson & Johnson vaccine and blood clots, but says benefits outweigh risks - CNN",4616,753
2170,1543,sport,sport,"Black Lives Matter: Ayesha McGowan is the first Black American woman in pro cycling
 - CNN",9222,1561
2171,1544,sport,football,What is the new European Super League and how will it work? - CNN,8460,1332
2172,1545,sport,football,European Super League: Players and fans condemn controversial competition - CNN,5213,866
2173,1546,sport,football,"Analysis: Super League has got Boris Johnson all fired up, but path to victory looks risky - CNN",8535,1357
2174,1547,news,europe,Angela Merkel has five months to defeat the coronavirus pandemic and save her legacy - CNN,19391,3140
2175,1548,news,europe,"Pandemic deaths are accelerating, WHO warns, as world records most cases ever in a single week - CNN",4610,739
2176,1549,sport,sport,NBA great Michael Jordan will present Kobe Bryant for basketball Hall of Fame inductionha - CNN,2210,366
2177,1550,sport,football,Premier League: Football fans condemn 'ultimate betrayal' of European Super League - CNN,6500,1031
2178,1551,sport,football,José Mourinho sacked as Tottenham Hotspur manager - CNN,2535,405
2179,1552,sport,motorsport,F1 Imola GP: Max Verstappen wins at Imola but Lewis Hamilton stays ahead - CNN,2829,468
2180,1553,sport,football,Paris Saint-Germain ends Lyon's stranglehold on Women's Champions League - CNN,3222,523
2181,1554,sport,football,"European Super League: 12 football teams to form breakaway league amid condemnation from UEFA, Premier League, FIFA - CNN",10648,1705
2182,1555,news,europe,Navalny transferred to hospital as concerns mount over jailed Kremlin critic's health  - CNN,6196,955
2183,1556,news,europe,"Two Russian agents have been linked to a high-profile poisoning and a deadly explosion, but there's little Europe can do - CNN",8919,1442
2184,1557,news,uk,UN condemns 'reprehensible' UK race report for repackaging 'racist tropes into fact' - CNN,4534,670
2185,1558,sport,football,Ander Herrera and Mesut Ozil: Shock and outrage as world reacts to European Super League breakaway plans - CNN,6401,998
2186,1559,news,uk,Analysis: The monarchy will look different now Philip has gone - CNN,8468,1416
2187,1560,news,uk,Why the Queen sat alone during Prince Philip's funeral - CNN,2549,430
2188,1561,news,europe,"Navalny's life is Putin's 'personal' responsibility, say Russian politicians - CNN",5556,886
2189,1562,news,europe,"In its latest lurch to the far right, Denmark plans to send refugees back to Syria - CNN",13812,2206
2190,1563,news,europe,Russian suspects in the Salisbury poisoning linked to blast in Czech Republic  - CNN,5805,906
2191,1564,sport,sport,Jake Paul wins latest boxing match in first round against Ben Askren - CNN,1221,188
2192,1565,sport,football,Barcelona: Is this goodbye? Teammates line up for photos with Lionel Messi following Copa del Rey victory - CNN,3916,662
2193,1566,sport,football,Matthew McConaughey: How actor's wife 'injected' soccer into his blood - CNN,10559,1786
2194,1567,sport,sport,What you need to know about the Jake Paul vs Ben Askren boxing match - CNN,1557,254
2195,1568,news,uk,Prince Philip's funeral takes place at Windsor Castle as Queen Elizabeth's consort laid to rest - CNN,29084,4603
2196,1569,sport,motorsport,Imola GP:  Lewis Hamilton sees off the Red Bulls to seize his 99th pole - CNN,4161,685
2197,1570,sport,golf,How Hideki Matsuyama became Japan's new national hero - CNN,12733,2113
2198,1571,news,uk,Princes William and Harry walk together at grandfather's funeral - CNN,2814,448
2199,1572,sport,football,Diego Maradona: Argentine artist channels 'hand of God' with portrait or soccer great - CNN,2303,392
2200,1573,sport,football,Pierre-Emerick Aubameyang: Arsenal star recovering from malaria - CNN,4663,752
2201,1574,news,uk,Prince Philip: Funeral guest list annnounced by Buckingham Palace - CNN,17818,2879
2202,1575,sport,football,Martin Braithwaite spent time in a wheelchair as a child; now he's Lionel Messi's wingman at Barcelona - CNN,8626,1452
2203,1576,news,europe,France outlaws sex with children aged under 15 - CNN,2425,394
2204,1577,news,uk,Prince Philip funeral: How the Queen will say goodbye - CNN,11743,1990
2205,1578,news,uk,Greensill Capital: A political scandal is swirling in Britain. But Boris Johnson is unlikely to drain the swamp - CNN,10394,1669
2206,1579,sport,tennis,Novak Djokovic's clay-court campaign is up and running -- but not in the way he wanted - CNN,3394,590
2207,1580,sport,sport,LaMarcus Aldridge: Brooklyn Nets forward retires after health scare - CNN,4149,694
2208,1581,sport,football,Real Madrid team bus damaged ahead of Champions League tie in Liverpool  - CNN,2649,414
2209,1582,sport,golf,Netflix: 'The Short Game' documentary's female stars are helping to change golf - CNN,9935,1715
2210,1583,sport,sport,2021 Wisden Almanack: England cricket criticized for stopping kneeling in midst of fight against racism - CNN,5216,842
2211,1584,sport,sport,Tokyo Olympics: Adam Peaty ahead of schedule for Olympics after another 100m blast - CNN,2278,389
2212,1585,news,europe,"Russian magazine DOXA raided, journalists charged by authorities - CNN",4062,618
2213,1586,news,europe,France cuts two nuclear-powered submarines in half to make one new one - CNN,5699,923
2214,1587,news,europe,Denmark removes AstraZeneca from its vaccination program - CNN,3853,595
2215,1588,sport,football,Manchester United change seat covering colors to improve home form - CNN,2364,397
2216,1589,news,europe,David Beckham Fast Facts - CNN,5360,870
2217,1590,news,europe,Tony Blair Fast Facts - CNN,8129,1303
2218,1591,news,uk,The Queen returns to royal duties following Prince Philip's death - CNN,2338,377
2219,1592,sport,football,PSG shows 'fight' to stun Bayern Munich in the Champions League quarterfinal   - CNN,4000,660
2220,1593,sport,football,UEFA bans Slavia Prague's Ondřej Kúdela for 10 games for racist behavior - CNN,2764,436
2221,1594,sport,football,"UEFA Champions League: Erling Haaland destined to 'smash a lot of records,' says Norwegian great Erik Thorstvedt - CNN",4675,768
2222,1595,sport,football,Iranian Mehdi Taremi scores an extraordinary goal to create history for Iran - CNN,3120,524
2223,1596,sport,sport,USA predicted to top Tokyo Olympics medal table  - CNN,2864,477
2224,1597,news,europe,Germany Covid-19: Berlin police investigate Soho House over alleged party amid lockdown - CNN,2677,419
2225,1598,sport,sport,Tokyo Olympics: With 100 days to go Japan has vaccinated less than 1% of its population. That's a problem. - CNN,10602,1698
2226,1599,news,europe,Ukraine border: As Russia masses its troops President Zelensky heads to the trenches  - CNN,6182,1015
2227,1600,news,uk,Prince Philip death: Britain looked like it was in national mourning. Not all of it was. - CNN,8134,1376
2228,1601,sport,sport,"NBA, MLB and NHL postpone Minneapolis games following fatal shooting of  Daunte Wright - CNN",2754,460
2229,1602,news,uk,London police officer jailed for breaking Black man's knee - CNN,3270,543
2230,1603,news,uk,Brexit has played a part in threatening Northern Ireland's fragile peace. But the NI protocol is not the only factor at play - CNN,9052,1491
2231,1604,news,europe,"Spain plans to open grave containing 33,000 civil war victims - CNN",3171,518
2232,1605,sport,sport,Tom Drury: Trekking 4000km along the Australian coast -- on a skateboard - CNN,9052,1574
2233,1606,sport,sport,Conor McGregor tells Dustin Poirier that the 'fight is off' in Twitter spat - CNN,1128,188
2234,1607,sport,sport,"Rachael Blackmore: 'If you have the talent, you will be given the opportunity,' says Grand National winner - CNN",3234,549
2235,1608,sport,football,Barcelona FC pips fierce rival Real Madrid to be named the world's most valuable club - CNN,3261,532
2236,1609,news,europe,"Prince Philip funeral: Queen Elizabeth's longtime consort, will be laid to rest in low-key ceremony - CNN",11447,1861
2237,1610,sport,golf,The Masters: Hideki Matsuyama's caddie bowing respectfully to Augusta symbolizes emotional win for a proud Japan - CNN,9167,1511
2238,1611,sport,tennis,"Lleyton Hewitt's son, Cruz, wins Australian junior tennis title - CNN",1485,248
2239,1612,sport,football,Colombian football team Águilas Doradas fields only seven players due to Covid outbreak - CNN,1801,286
2240,1613,news,europe,"Paris shooter is on the run, leaving behind one dead and one injured  - CNN",1823,285
2241,1614,news,uk,Prince Philip death: Harry pays tribute to 'cheeky' grandpa Prince Philip as he arrives in UK for funeral  - CNN,5671,964
2242,1615,sport,football,Son Heung-Min: Tottenham star racially abused online after Premier League defeat - CNN,4878,805
2243,1616,sport,football,UEFA Champions League: The making of Bayern Munich's Jamal Musiala - CNN,7160,1190
2244,1617,sport,golf,Hideki Matsuyama wins the 2021 Masters Tournament in Augusta - CNN,10374,1707
2245,1618,sport,football,El Clasico: Real Madrid goes top of La Liga with victory over Barcelona - CNN,3089,512
2246,1619,news,uk,Queen Elizabeth said Prince Philip's death has 'left a huge void in her life' - CNN,6234,1025
2247,1620,sport,football,"Trinity Rodman, daughter of former NBA star, scores on NWSL debut - CNN",1748,291
2248,1621,sport,golf,Matsuyama races into lead ahead of final day of the Masters Tournament - CNN,3377,589
2249,1622,news,europe,Prince Philip Fast Facts - CNN,7764,1247
2250,1623,sport,golf,"Billy Horschel: A day after playing a shot from the water, he is back at it again - CNN",7367,1235
2251,1624,sport,golf,The Masters: Will Zalatoris wished luck by Adam Sandler due to resemblance to his caddy in 'Happy Gilmore' - CNN,1880,324
2252,1625,news,uk,Boris Johnson could come out of the pandemic smelling of roses - CNN,10645,1728
2253,1626,sport,football,Premier League leader Manchester City stunned by 10-man Leeds United - CNN,4217,709
2254,1627,sport,sport,Grand National: Rachael Blackmore becomes first female jockey to win - CNN,2329,374
2255,1628,sport,golf,Play suspended on third day of Masters due to inclement weather - CNN,5566,908
2256,1629,news,uk,"Laughed off for years as gaffes, Prince Philip's outbursts complicate his legacy - CNN",6808,1113
2257,1630,sport,golf,The Masters: Big names make big moves at second day but still trail Justin Rose - CNN,8519,1449
2258,1631,news,uk,The plan for Prince Philip's mourning period and funeral - CNN,5002,828
2259,1632,news,australia,"Australia Indigenous deaths in custody: She died alone in a police cell, the victim of a problem Australia has had 30 years to fix - CNN",17985,2939
2260,1633,sport,golf,"The Masters: Si Woo Kim breaks putter in frustration, forced to put with wood - CNN",6352,1067
2261,1634,sport,sport,Joe Musgrove: Hometown pitcher throws the first no-hitter in San Diego Padres history - CNN,1955,349
2262,1635,news,uk,Northern Ireland riots: What's behind the recent violence in Northern Ireland? - CNN,11146,1779
2263,1636,news,uk,Analysis: The Queen has lost her 'strength and stay' - CNN,17613,2904
2264,1637,news,europe,Northern Ireland riots: Bus torched in more Belfast violence as British and Irish leaders call for calm - CNN,6788,1060
2265,1638,news,australia,Australia's Sex Discrimination Act will soon apply to politicians. Why didn't it before? - CNN,5560,859
2266,1639,news,uk,The obituary of Prince Philip - CNN,21078,3499
2267,1640,sport,golf,The Masters: Abraham Ancer 'gutted' after two-stroke penalty for inadvertent bunker error - CNN,7406,1213
2268,1641,sport,sport,Donovan Mitchell: Utah Jazz extend home win-streak to 23 behind Spida's 37 - CNN,2518,427
2269,1642,news,europe,"Russian forces are massing on Ukraine's border. Bluff or not, Putin is playing with fire - CNN",7078,1167
2270,1643,sport,football,"Jordan Henderson hands social media accounts to charity, as clubs begin boycott due to racist abuse - CNN",4460,690
2271,1644,sport,golf,The Masters: Justin Rose charges into four-shot lead with commanding first-round 65 - CNN,4296,746
2272,1645,sport,football,Zlatan Ibrahimovic to make acting debut in new Asterix and Obelix film - CNN,1185,209
2273,1646,news,uk,Meghan and Harry say Prince Philip will be 'greatly missed' - CNN,2402,387
2274,1647,news,uk,"Prince Philip, Duke of Edinburgh, dead at 99 - CNN",16747,2714
2275,1648,sport,golf,Tiger Woods won it all 20 years ago during the 'Tiger Slam' - CNN,10947,1895
2276,1649,sport,golf,Rory McIlroy hits father with ball in sloppy first round at The Masters - CNN,6931,1168
2277,1650,sport,football,La Liga finds no evidence Cádiz's Juan Cala insulted Valencia's Mouctar Diakhaby 'in the alleged terms' - CNN,3207,521
2278,1651,sport,golf,Tommy Fleetwood hits memorable hole-in-one at The Masters - CNN,6471,1070
2279,1652,news,uk,Myanmar London embassy: Ambassador to the UK says he's locked out of building in 'coup' - CNN,4367,703
2280,1653,news,uk,Boris Johnson desperately needs a more coherent China strategy - CNN,10483,1704
2281,1654,sport,tennis,2021 French Open postponed by a week due to Covid-19 pandemic - CNN,3189,512
2282,1655,sport,football,Kylian Mbappe's brace hands PSG a Champions League win over Bayern Munich - CNN,4559,764
2283,1656,sport,football,Zsolt Petry: Hungarian FM questions EU's 'freedom of expression' after coach is sacked - CNN,5147,784
2284,1657,sport,sport,Simone Biles says Paris not Tokyo could be her last Olympics - CNN,1804,308
2285,1658,sport,sport,Tokyo Olympics: Osaka takes torch relay off public roads amid Covid-19 surge - CNN,3402,567
2286,1659,news,europe,Ursula von der Leyen is left standing by her male counterparts in Turkey - CNN,4137,666
2287,1660,news,europe,Dominique Strauss-Kahn Fast Facts  - CNN,6110,929
2288,1661,news,uk,UK's BNO fund to support Hong Kongers as protest leader Nathan Law granted asylum - CNN,5364,883
2289,1662,news,europe,Navalny continues hunger strike despite a high temperature and bad cough  - CNN,4813,778
2290,1663,sport,sport,The Masters: Star golfers speak out on Georgia's new restrictive voting law - CNN,5208,890
2291,1664,sport,sport,'I felt my body was still capable': Meet the moms hoping to shine at the Olympics - CNN,8957,1552
2292,1665,sport,football,Angelo Gabriel becomes youngest goalscorer in Copa Libertadores history - CNN,1868,292
2293,1666,news,australia,'Neighbours' actors allege racism and homophobia on set of beloved Australian soap - CNN,6431,1022
2294,1667,sport,football,"Champions League: Real Madrid overpowers Liverpool, Dortmund angered by disallowed goal against Man City - CNN",4463,727
2295,1668,sport,golf,"The Masters: Dustin Johnson to serve pigs in a blanket, filet mignon at Champions Dinner - CNN",3702,610
2296,1669,news,uk,Oxford-AstraZeneca pause pediatric trial pending review by UK regulator - CNN,3507,564
2297,1670,sport,football,FC Barcelona: Ousmane Dembele's late winner moves Barca to within touching distance of La Liga summit ahead of El Clasico - CNN,2768,463
2298,1671,sport,football,Juan Cala denies racially abusing Mouctar Diakhaby; Valencia respond in statement - CNN,3809,599
2299,1672,news,europe,"Russian military presence in the Arctic 'absolutely necessary,' says Kremlin - CNN",3259,507
2300,1673,news,europe,Nearly 28 tons of cocaine seized after police access encrypted network - CNN,2981,452
2302,1674,sport,sport,North Korea reportedly won't participate in Tokyo Olympic Games - CNN,3159,507
2303,1675,sport,golf,"The Masters: The return of patrons will play a 'massive role,' says Jordan Spieth - CNN",3137,546
2304,1676,sport,football,Rebecca Welch: Referee makes history in EFL debut - CNN,2875,486
2305,1677,news,europe,Vladimir Putin signs law allowing him to run for two more terms as Russian President - CNN,4269,692
2306,1678,sport,football,"UEFA Champions League: Meet Otto Addo, the coach responsible for guiding some of Europe's brightest young footballers - CNN",9052,1589
2307,1679,sport,golf,The Masters: Bryson DeChambeau optimistic new driver will help chances - CNN,2953,531
2308,1680,news,uk,Northern Ireland sees three nights of violence as tensions build - CNN,3114,491
2309,1681,sport,golf,Jordan Spieth claims first win in nearly four years with victory at the Valero Texas Open - CNN,2869,513
2310,1682,sport,golf,Patty Tavatanakit wins ANA Inspiration despite Lydia Ko's record-equaling round  - CNN,2345,422
2311,1683,sport,sport,Swimming: Leukemia survivor Rikako Ikee defies odds by securing Olympics berth - CNN,1615,265
2312,1684,sport,sport,"Australia's first international cricket team found fame in the UK. At home, they were betrayed - CNN",21019,3435
2313,1685,sport,sport,Steph Curry: NBA star to auction off custom-designed sneakers in solidarity with Asian community - CNN,2525,402
2314,1686,news,europe,Russia is amassing unprecedented military might in the Arctic - CNN,14080,2237
2315,1687,sport,football,Valencia vs Cádiz: La Liga match suspended following incident of alleged racist abuse - CNN,5555,933
2316,1688,news,uk,UK race report: culture wars may be a sugar hit for Boris Johnson. But experts say they only paper over Britain's problems - CNN,10643,1682
2317,1689,news,europe,"He was lured to his death in a secluded park. In a pandemic, dating can be deadly for LGBTQ+ people - CNN",9295,1535
2318,1690,news,europe,Pope Francis leads scaled-down Easter Sunday mass - CNN,3392,530
2319,1691,sport,sport,March Madness: Gonzaga defeats UCLA with buzzer beater and will face Baylor in NCAA men's basketball title game  - CNN,2263,381
2320,1692,sport,football,"Copa del Rey: Athletic Bilbao loses first final, but has second chance against FC Barcelona - CNN",4011,675
2321,1693,news,uk,Covid-19 passport pilots proposed by UK government as way out of lockdown - CNN,4694,747
2322,1694,sport,football,Serie A: Super Saturday leaves Inter Milan with one hand on Scudetto trophy - CNN,3102,522
2323,1695,sport,tennis,Love match: Tennis stars Elina Svitolina and Gael Monfils announce engagement - CNN,3736,631
2324,1696,news,europe,Pope Francis greets children on Good Friday  - CNN,1598,268
2326,1697,sport,football,Premier League: West Bromwich Albion scores five goals against 10-man Chelsea - CNN,4922,820
2327,1698,sport,football,Neymar sees red as Lille stuns Paris Saint-Germain in Ligue 1 showdown - CNN,2582,437
2328,1699,sport,sport,NBA: Golden State Warriors suffer 53-point blowout loss to the Toronto Raptors - CNN,2335,397
2329,1700,news,uk,UK's elite schools face a reckoning on rape culture - CNN,10946,1739
2330,1701,news,europe,Europe is torn over whether to take Putin's help on vaccines - CNN,8076,1317
2331,1702,sport,football,David Moyes: The Premier League manager who spent lockdown delivering fruit - CNN,6418,1133
2332,1703,sport,sport,Nathan Baggaley: Olympian and his brother found guilty in $152 million cocaine plot  - CNN,2213,343
2333,1704,news,europe,Italy makes vaccines compulsory for health workers. But some are unconvinced - CNN,7972,1286
2334,1705,news,europe,"Hungary records the deadliest day of the pandemic, despite its leading vaccine rollout - CNN",4586,733
2335,1706,news,uk,Analysis: The Queen's first in-person engagement this year  - CNN,23443,4008
2336,1707,sport,sport,Kevin Durant apologizes to public  as the Brooklyn Nets stay first in the East - CNN,3030,490
2337,1708,sport,sport,Sachin Tendulkar: Indian cricket legend hospitalized after testing positive for Covid-19 - CNN,1431,226
2338,1709,news,australia,Australia marks quietest fire season in a decade - CNN,2948,472
2339,1710,news,europe,WHO says Europe's vaccine rollout 'unacceptably slow' amid 'worrying' surge - CNN,5124,823
2340,1711,sport,football,World Cup: North Macedonia stun Germany - CNN,2671,435
2341,1712,news,uk,British police officer convicted of membership of neo-Nazi organization - CNN,2308,373
2342,1713,news,europe,Alexey Navalny announces he is going on hunger strike - CNN,4197,688
2343,1714,sport,sport,Olympics: Could North and South Korea joint host the 2032 Games? - CNN,2437,381
2344,1715,sport,golf,Tiger Woods: Cause of golf icon's crash determined but details yet to be released  - CNN,2065,339
2345,1716,news,europe,'Exceptionally high' number of decapitated bodies found at Roman burial site - CNN,3779,591
2346,1717,sport,tennis,Naomi Osaka fined for avoiding media after straight sets victory at the French Open - CNN,3133,527
2347,1718,sport,football,'Never Give In': An intimate look at Sir Alex Ferguson - CNN,6691,1188
2348,1719,sport,tennis,"Naomi Osaka withdraws from French Open, citing her mental health - CNN",5889,992
2349,1720,sport,sport,Tokyo Olympics: Australian softball squad among first athletes to travel to Japan for Games - CNN,2614,411
2350,1721,sport,sport,"Dominic Thiem: 'It's a very tough situation', says two-time finalist after shock French Open defeat  - CNN",2664,465
2351,1722,sport,sport,Kyrie Irving: NBA star says some fans are treating players like 'they're in a human zoo'  - CNN,2182,370
2352,1723,sport,sport,"Marcell Ozuna, Atlanta Braves outfielder, arrested on domestic violence charges, police say - CNN",2432,387
2353,1724,sport,sport,"French Open champ Rafael Nadal, in 5 statues - CNN",3293,538
2354,1725,sport,football,Manchester City duo receive racist abuse online after Champions League defeat  - CNN,1809,285
2355,1726,sport,sport,Simone Biles is schooling us on how to excel despite setbacks (like the pandemic). The new skills she's unleashed since her last Olympic gold help prove it - CNN,5577,904
2356,1727,news,europe,The brazen arrest of a Belarusian activist has terrified dissidents all over the world  - CNN,10482,1664
2357,1728,sport,motorsport,"Jason Dupasquier: Moto3 rider, 19, dies after crash in qualifying  - CNN",1800,283
2358,1729,news,uk,Lost engagement ring: Freediver finds ring at the bottom of England's largest lake - CNN,2400,412
2359,1730,news,uk,Duchess of Cambridge 'hugely grateful' after first Covid vaccine - CNN,1449,238
2360,1731,sport,football,Chelsea beats Manchester City to win the Champions League title  - CNN,4525,747
2361,1732,news,uk,Sasha Johnson: Man charged with conspiracy to murder after shooting of BLM activist - CNN,2600,409
2362,1733,news,uk,London cash raid: Police seize $7 million - CNN,2588,406
2363,1734,sport,golf,Phil Mickelson's 'simply amazing' win and a victory against his doubters - CNN,4861,838
2364,1735,news,uk,UK police thought they were raiding a marijuana farm. They found a Bitcoin mine. - CNN,2193,349
2365,1736,sport,sport,Rebecca Rusch: 'The Queen of Pain' endurance athlete is reaching her ultimate peak - CNN,8610,1416
2366,1737,sport,football,Barack Obama praises Marcus Rashford for child food poverty campaign - CNN,1759,278
2367,1738,news,europe,Lukashenko says documents about Ryanair flight will reveal 'what's going on' as Putin underlines his support for Belarus - CNN,6419,957
2368,1739,news,uk,From prince to producer. Harry's got a hit on his hands - CNN,9478,1636
2369,1740,sport,tennis,"French Open: Rafael Nadal, Novak Djokovic and Roger Federer all in same half of draw - CNN",3040,491
2370,1741,sport,football,Barack Obama and Marcus Rashford talk about the power of the next generation - CNN,5694,1009
2371,1742,sport,sport,"Raven Saunders: Depression drove her close to suicide. Now, Olympian wants to 'destigmatize mental health' - CNN",6831,1195
2372,1743,sport,tennis,Naomi Osaka says she won't do press conferences during the French Open - CNN,2572,425
2373,1744,sport,football,Zinedine Zidane leaves as manager of Real Madrid for second time - CNN,1989,345
2374,1745,sport,sport,"With Tokyo Olympics nearing, Japan considers extending coronavirus state of emergency - CNN",4569,722
2375,1746,news,uk,Stephen Hawking's archive and office acquired by UK cultural giants in tax deal worth millions - CNN,3092,472
2376,1747,sport,sport,"Kamaru Usman, Israel Adesanya and Francis Ngannou: African-born UFC champions the stars of a new era of fighters from continent - CNN",6150,1061
2377,1748,news,europe,Belarus: Russian authorities deny entry to European airlines as EU mulls sanctions on Belarus - CNN,8026,1201
2378,1749,news,europe,EU-China trade: Europe's much-criticized pursuit of Chinese cash may be starting to unravel - CNN,9240,1521
2379,1750,sport,sport,Marcus Rashford received 'at least 70 racial slurs' on social media following Manchester United's Europa League defeat to Villarreal - CNN,3233,501
2380,1751,sport,football,John Stones believes Champions League final is just the 'beginning' for Manchester City - CNN,6213,1078
2381,1752,news,uk,Sasha Johnson: Five arrested in connection with shooting of British BLM activist  - CNN,1753,287
2382,1753,sport,football,Europa League final: Villarreal defeats Manchester United in dramatic penalty shootout to win first major European trophy - CNN,2417,370
2383,1754,sport,football,UEFA opens disciplinary proceedings against three European giants after Super League venture - CNN,2024,294
2384,1755,sport,sport,"Avo Ndamase: He lost his brother to a shark attack, but surfer still views ocean as 'sacred place' - CNN",7489,1323
2385,1756,news,europe,Students sentenced for anti-Chinese Covid-19 tweets in France - CNN,3338,524
2386,1757,sport,sport,"George Floyd: Athletes of the NBA, WNBA and beyond speak out on the anniversary of his death - CNN",4754,834
2387,1758,news,uk,Dominic Cummings: Boris Johnson's former senior adviser says UK fell 'disastrously short' on Covid-19 - CNN,9061,1467
2388,1759,news,europe,"Belarus: 'All Belarusians are hostages to Lukashenko's regime,' say citizens now cut off from Europe - CNN",7946,1279
2389,1760,news,europe,"Sofia Sapega, Russian student arrested alongside Belarus activist, appears in 'confession' video - CNN",7620,1191
2390,1761,news,europe,Italy cable car accident: Three people arrested - CNN,2459,387
2391,1762,news,uk,Drug dealer jailed after sharing a photo of cheese that included his fingerprints - CNN,2429,383
2392,1763,news,uk,Sasha Johnson: UK's Black Lives Matter activist in critical condition after being shot in head in London - CNN,5607,914
2393,1764,news,europe,Police forces across Europe accused of 'ethnic profiling' when stopping and searching people - CNN,3189,494
2394,1765,sport,sport,"Liz Cambage: WNBA head coach Curt Miller suspended, fined after making comment about opposing player's weight - CNN",1569,264
2395,1766,news,europe,Belarus: Roman Protasevich appears in video as fury mounts over 'hijacking' of Ryanair flight - CNN,14388,2198
2396,1767,news,europe,Archaeologists recover victims of the Spanish Civil War - CNN,4224,660
2397,1768,sport,sport,Ellyse Perry: Australia's cricket superstar who also played in a FIFA World Cup - CNN,6893,1181
2398,1769,news,europe,Blind man has sight partially restored after 40 years - CNN,3828,599
2399,1770,sport,sport,Tokyo Olympics: Canceling this year's Games is 'essentially off the table' - CNN,4084,668
2400,1771,sport,sport,Derek Chauvin: Guilty verdict is why sports stars won't 'shut up and dribble'   - CNN,13055,2252
2401,1772,news,uk,"Sasha Johnson: BLM activist Sasha Johnson shot by men entering party, London police say, as supporters demand accountability - CNN",6161,1033
2402,1773,sport,football,Lille defies the odds to win the Ligue 1 title: 'Everybody was already counting us out' - CNN,8281,1423
2403,1774,news,europe,Lake Maggiore: At least 14 killed as Italian cable car plunges into woodland - CNN,2765,438
2404,1775,sport,golf,How Phil Mickelson's history-making major victory was a family affair  - CNN,5503,997
2405,1776,sport,golf,PGA Championship 2021: Phil Mickelson becomes oldest major winner  - CNN,6030,1027
2406,1777,news,europe,Italy cable car accident: Manslaughter investigation after 14 killed near Lake Maggiore - CNN,5819,935
2407,1778,news,europe,Roman Protasevich: The young dissident who Belarus diverted a Ryanair flight to arrest - CNN,7494,1203
2408,1779,sport,football,Rio Ferdinand: Manchester United legend racially abused at Premier League match  - CNN,1812,296
2409,1780,news,europe,Belarus condemned for 'hijacking' Ryanair plane to detain journalist  - CNN,7008,1087
2410,1781,sport,motorsport,Former motor racing boss Max Mosley dies aged 81 - CNN,2786,458
2411,1782,sport,sport,Japan's 'Butterfly Lady' of Paralympic table tennis says she's risking her life for Tokyo 2020 - CNN,5916,992
2412,1783,sport,sport,Pittsburgh Steelers star JuJu Smith-Schuster on dealing with haters: 'Use as fuel to build more fire to the flame' - CNN,4571,760
2414,1784,sport,motorsport,Max Verstappen wins Monaco Grand Prix to take drivers' championship lead - CNN,4244,722
2415,1785,news,europe,Belarus: Activist arrested after fighter jet intercepts his Ryanair flight - CNN,5445,809
2416,1786,sport,golf,Henrik Stenson snaps club during PGA Championship - CNN,1805,307
2417,1787,news,uk,Martin Bashir denies his Diana interview harmed her - CNN,7015,1141
2418,1788,news,europe,"Queen Elizabeth visits UK's largest warship, as it set sails for South China Sea - CNN",3944,638
2419,1789,sport,football,Robert Lewandowski breaks 49-year goal-scoring record with 41st goal of the season - CNN,2213,350
2420,1790,sport,golf,Joel Dahmen ask famous 'Gladiator' question during PGA Championship - CNN,1539,250
2421,1791,sport,golf,"Phil Mickelson sets early lead at PGA Championship, and a chance at history - CNN",2604,469
2422,1792,sport,golf,Shane Lowry plays shot from the beach during PGA Championship - CNN,1696,309
2423,1793,sport,football,Atletico Madrid wins La Liga title for the first time since 2014 in a dramatic final day - CNN,3205,523
2424,1794,sport,golf,Phil Mickelson atop leaderboard heading into final round at PGA Championship - CNN,2807,477
2425,1795,news,uk,Whipsnade Zoo: Bears killed at UK zoo after they escape from enclosure - CNN,2297,373
2426,1796,news,uk,Dominic Cummings may be about to take his revenge on Boris Johnson. It won't be pretty - CNN,11299,1881
2427,1797,sport,golf,PGA Championship: Conners waves Canadian flag from top of gusty PGA leaderboard - CNN,8833,1487
2428,1798,news,australia,"Australia mouse plague: Millions of mice are swarming NSW towns. Now, there's a plan to end the plague with poison  - CNN",7129,1195
2429,1799,sport,football,Diego Maradona: Seven medical professionals charged with homicide over soccer great's death - CNN,2797,430
2430,1800,sport,football,"Copa América: Colombia will no longer co-host tournament, CONMEBOL rejects request for postponement - CNN",2671,409
2431,1801,news,uk,Analysis: A reporter lied to score an interview with Princess Diana 25 years ago. Here's why it matters now - CNN,12545,2081
2432,1802,news,europe,"Russia Arctic: As Washington and Moscow spar, Putin creates new facts on the ground - CNN",9765,1631
2433,1803,sport,golf,"Y.E. Yang, the man who beat Tiger Woods to win the 2009 PGA Championship, is disqualified - CNN",1936,341
2434,1804,sport,sport,Teenage long jump sensation Larissa Iapichino on the Olympics and matching her mother's record - CNN,6285,1084
2435,1805,news,uk,Cecil Rhodes statue will remain at Oxford University - CNN,4472,718
2436,1806,sport,sport,Tim Tebow is back in the NFL after signing with the Jacksonville Jaguars - CNN,1689,287
2437,1807,sport,sport,"LeBron James hits game-winner as the LA Lakers beat the Golden State Warriors, advance to playoffs - CNN",2584,446
2438,1808,sport,golf,Sebastián Muñoz hits golf ball into trash can during PGA Championship - CNN,1523,274
2439,1809,sport,golf,John Daly leads 2021 PGA Championship for brief moment - CNN,1818,317
2440,1810,news,europe,French court orders damages for victims of breast implant scandal - CNN,3521,550
2441,1811,news,europe,Belgium: Police hunt for man who had rocket launcher and threatened top virologist - CNN,4078,650
2442,1812,sport,football,Cristiano Ronaldo cements domestic dominance as Juventus wins Coppa Italia - CNN,2978,483
2443,1813,sport,sport,What could happen if the Tokyo Olympics get canceled?  - CNN,5847,945
2444,1814,sport,football,Karim Benzema recalled to French national team for Euro 2020 despite upcoming trial - CNN,2213,358
2445,1815,sport,sport,WNBA: Liberty's Ionescu records first career triple-double to down Lynx - CNN,1704,282
2446,1816,sport,tennis,Roger Federer and Serena Williams suffer shock defeats to dent French Open preparations  - CNN,2545,452
2447,1817,sport,sport,IOC chief says Olympics will be held safely despite Japan's Covid surge - CNN,2734,447
2448,1818,news,europe,"Ceuta, Spain: Thousands of migrants swim from Morocco to bordering Spanish enclave - CNN",4375,700
2449,1819,news,europe,European leaders seized more power during the pandemic. Few have 'exit plans' to hand it back - CNN,9063,1494
2450,1820,news,australia,Australian-India flight: Stranded passengers claim faulty Covid tests made them miss repatriation flight - CNN,8807,1392
2451,1821,news,uk,Fred West: Police search café for missing Mary Bastholm - CNN,2940,480
2452,1822,sport,tennis,Venus Williams tells umpire she 'can't control God' following time violation due to heavy winds - CNN,1233,202
2453,1823,news,australia,Surfer dies after being bitten by shark in Australia - CNN,1861,303
2454,1824,sport,sport,How Nike cornered the running shoe market  - CNN,7097,1179
2455,1825,sport,sport,Tokyo 2020: The Japanese city that's rooting for South Sudan at the Olympics - CNN,6954,1165
2456,1826,sport,sport,"Fury vs Joshua fight jeopardized as arbitrator rules Fury must face Wilder, - CNN",1271,191
2457,1827,sport,sport,Transgender women allowed to play women's rugby in France - CNN,1768,274
2458,1828,sport,sport,"Wave of anti-trans bills is 'really alarming,' says transgender motorsport star - CNN",6745,1118
2459,1829,sport,football,Atletico Madrid closes in on La Liga title with dramatic comeback - CNN,3816,633
2460,1830,sport,sport,Steph Curry becomes oldest player to secure NBA scoring title since Michael Jordan  - CNN,2661,449
2461,1831,sport,sport,"Tokyo Olympics can be delivered 'safely and securely,' says World Athletics president Seb Coe - CNN",4123,705
2462,1832,sport,sport,Tokyo 2021: How the Olympics could happen - CNN,8061,1280
2463,1833,sport,football,Liverpool goalkeeper Alisson scores stoppage-time winner against West Bromich  - CNN,2647,440
2464,1834,sport,football,Barcelona thrashes Chelsea to win first Women's Champions League  - CNN,2859,466
2465,1835,sport,sport,Kobe Bryant among Class of 2020 officially inducted into Basketball Hall of Fame - CNN,2796,468
2466,1836,sport,tennis,Roger Federer calls for end to Tokyo Olympics uncertainty - CNN,2700,470
2467,1837,sport,football,Women's Champions League: Chelsea boss Emma Hayes says inspiring next generation is as important as trophy - CNN,4926,843
2468,1838,sport,football,Robert Lewandowski scores 40th Bundesliga goal of the season to equal Gerd Müller's record - CNN,1932,315
2469,1839,sport,sport,Michael Jordan shares final text messages he exchanged with Kobe Bryant - CNN,2591,431
2470,1840,sport,football,Leicester City defeats Chelsea to win first FA Cup after late VAR drama - CNN,3438,553
2471,1841,sport,sport,"Sabrina Ionescu hits game-winning 3 to start the WNBA season, honors Kobe Bryant - CNN",2887,528
2472,1842,news,uk,Boris Johnson is using culture wars to cement his grip on power. That's a big risk in angry and divided Britain - CNN,10548,1697
2473,1843,sport,sport,NY Yankees Covid-19: How vaccinated members tested positive for coronavirus - CNN,3672,582
2474,1844,news,uk,Let's talk about the Crown - CNN,8981,1521
2475,1845,sport,football,Manchester United vs. Liverpool: Two arrests made during fan protests outside Old Trafford - CNN,6342,1024
2476,1846,news,uk,Prince Harry talks to Dax Shepard on the 'Armchair Expert' podcast - CNN,11791,1988
2477,1847,sport,sport,"Petition against Tokyo Olympics with 350,000 signatures submitted to organizers - CNN",2838,438
2478,1848,news,uk,Boris Johnson is 'anxious' as Covid-19 variant found in India spreads in UK  - CNN,3293,546
2479,1849,news,uk,Yat-Sen Chang: Ballet dancer found guilty of sexual assaults - CNN,3607,574
2480,1850,sport,sport,Tokyo Olympics: Olympic sponsor Toyota 'concerned' by growing public frustration over hosting Games  - CNN,3151,501
2481,1851,sport,football,"Copa Libertadores match affected by tear gas outside the stadium 
 - CNN",1717,262
2482,1852,sport,sport,Conor McGregor tops Forbes' sport rich list for 2021 - CNN,2567,406
2483,1853,sport,football,UEFA Champions League final moved from Istanbul to Porto amid travel restrictions  - CNN,2536,413
2484,1854,sport,sport,"Kareem Abdul-Jabbar is proud of NBA's new social justice champion award, but worries US still faces 'the same issues' - CNN",7065,1161
2485,1855,sport,football,Mo Salah's 'killing of innocent people' tweet prompts comments on what he doesn't say - CNN,3284,502
2486,1856,news,australia,Australian destroyer arrived in San Diego with 2 dead whales stuck to its hull - CNN,2402,378
2487,1857,news,europe,The 'Butcher of Bosnia' Radovan Karadzic will serve his genocide sentence in a UK prison  - CNN,2041,323
2488,1858,sport,football,Manchester City wins Premier League title in an 'insane' season for Pep Guardiola's team - CNN,10717,1807
2490,1859,news,uk,"Boris Johnson is cracking down on voter fraud in UK elections. But like in the US, it's a myth - CNN",7226,1195
2491,1860,sport,football,Sporting Lisbon's bittersweet title win after 19 years of hurt - CNN,8943,1507
2492,1861,sport,sport,Kentucky Derby 2021 winner: Here's what's next after Medina Spirit failed a postrace drug test - CNN,5576,903
2493,1862,sport,sport,"Russell Westbrook breaks the NBA record for triple-doubles, surpassing Oscar Robertson - CNN",3111,517
2494,1863,sport,sport,Tim Tebow reportedly expected to sign with Jacksonville Jaguars to play different position - CNN,2486,419
2495,1864,news,europe,German priests defy Vatican ban and bless same-sex unions - CNN,2660,421
2496,1865,news,australia,Australia immigration detainees dig tunnel in failed escape plot - CNN,3537,573
2497,1866,sport,football,Top women's league in Finland donates sport hijabs to any player who wants one - CNN,3696,589
2498,1867,news,uk,Scottish National Party promise independence referendum after election win - CNN,3895,627
2499,1868,sport,football,Manchester City wins English Premier League title after Manchester United lose  - CNN,2666,448
2500,1869,news,uk,Queen's Speech 2021: Monarch opens new session of UK Parliament - CNN,5443,854
2501,1870,sport,sport,Olympics: Japanese government adviser sparks ire with tweet laughing off calls for cancellation - CNN,2106,347
2502,1871,sport,sport,Epsom Derby 2017: How it could have been the Bunbury - CNN,5626,922
2503,1872,sport,football,"Social media companies are doing 'bare minimum,' to protect players, says ex-Premier League star - CNN",2352,385
2504,1873,news,europe,Italian woman accidentally given six shots of Covid-19 vaccine - CNN,2173,334
2505,1874,sport,motorsport,King of the Baggers: A slice of pure American folklore goes racing - CNN,10124,1719
2506,1875,news,europe,Annalena Baerbock: Trampolinist gives Germany's Greens a bounce in race to succeed Merkel - CNN,9037,1415
2507,1876,news,europe,Russia school shooting: At least 7 children killed in city of Kazan - CNN,2943,470
2508,1877,sport,sport,"2020 Olympics: NFL star DK Metcalf runs 10.36 seconds for 100 meters, but fails to qualify for Tokyo Games - CNN",2065,350
2509,1878,sport,sport,Second-place Kentucky Derby finisher Mandaloun will inherit the 'winner' title if Medina Spirit is disqualified - CNN,3443,541
2510,1879,news,uk,Young whale trapped in London's River Thames euthanized - CNN,4123,688
2511,1880,news,europe,French pilot files legal complaint alleging being tied up on firing range during explosions as hazing ritual   - CNN,6796,1148
2512,1881,sport,football,Cristiano Ronaldo and Juventus could be facing a season without Champions League football - CNN,2753,474
2513,1882,sport,golf,Rory McIlroy claims first win in 18 months and first as a dad - CNN,3858,682
2514,1883,sport,sport,Michael Jordan's game-worn North Carolina jersey sold for record $1.38 million - CNN,1122,176
2515,1884,news,europe,"Alexey Navalny: Alexander Murakhovsky, former chief doctor at hospital that treated Kremlin critic, is found alive - CNN",3782,596
2516,1885,news,europe,"Queen Elizabeth's first cousin Prince Michael of Kent allegedly trading on links to Putin and monarchy, UK media report - CNN",4339,696
2517,1886,sport,sport,Liz Cambage: Basketball star criticizes lack of diversity in Australian Olympic team's promotional photos - CNN,4024,622
2518,1887,news,europe,Spain curfew lifts: Hundreds party as coronavirus restrictions ease - CNN,3161,518
2519,1888,sport,football,Lorna Falconer says she's faced racism and sexism in English football - CNN,7678,1327
2520,1889,news,europe,Kids are taking governments to court over climate. And they are starting to win. - CNN,11508,1930
2521,1890,sport,sport,"Canelo Alvarez stops Billy Joe Saunders in front of record 73,126 fans in Texas - CNN",2409,397
2522,1891,sport,motorsport,Lewis Hamilton recovers to overtake Max Verstappen and win fifth straight Spanish Grand Prix - CNN,3051,517
2523,1892,sport,sport,Medina Spirit's Kentucky Derby win in doubt after failing postrace drug test - CNN,4977,805
2524,1893,sport,football,Bayern Munich wins ninth consecutive Bundesliga title - CNN,5499,915
2525,1894,news,europe,Pope Francis backs vaccine patents waiver in 'Vax Live' video message - CNN,4342,668
2526,1895,sport,motorsport,Robert Wickens drives a race car for first time since IndyCar Series crash - CNN,3248,579
2527,1896,sport,sport,"Wade Miley: Cincinnati Reds pitcher throws his first no-hitter, and the fourth this season - CNN",1181,200
2528,1897,news,uk,William and Kate are YouTubers now - CNN,11355,1886
2529,1898,news,europe,"Alexey Navalny: Amnesty apologizes to Kremlin critic, restores his 'prisoner of conscience' status - CNN",2399,376
2530,1899,news,europe,Germany resists calls to waive patents on Covid-19 vaccines - CNN,2581,380
2531,1900,news,europe,Liechtenstein prince accused of killing one of Europe's biggest bears - CNN,2290,354
2532,1901,sport,football,Nine of 12 Super League clubs recommit to UEFA and admit project was a mistake - CNN,2613,401
2533,1902,sport,sport,Tokyo 2020: Anti-Olympics campaign gains traction online in Japan - CNN,1976,312
2534,1903,news,europe,Woodland burials offer an eco-friendly death - CNN,5298,894
2535,1904,sport,sport,"Eddie Hearn: Ahead of Billy Joe Saunders vs. Canelo Álvarez bout, boxing promoter says 'the razzmatazz is important' - CNN",7827,1307
2536,1905,news,uk,"Boris Johnson cements one-party rule in England, but the United Kingdom looks as divided as ever - CNN",6143,1021
2537,1906,sport,sport,"Jarryd Hayne, former Australian rugby league star, jailed for sexual assault - CNN",2355,392
2538,1907,sport,sport,"New York Rangers handed $250,000 fine: Capitals controversy continues as huge brawl mars hockey game - CNN",4940,834
2539,1908,sport,football,Arsenal's Europa League exit an 'embarrassment' as club lurches towards yet another crisis  - CNN,3174,543
2540,1909,sport,football,Ed Sheeran to sponsor boyhood club Ipswich Town - CNN,2146,366
2541,1910,news,europe,Jersey: UK and France send patrol ships to British island amid row over fishing rights - CNN,5203,818
2542,1911,news,uk,"Four months into Brexit, the UK and France have resorted to gunboat diplomacy over fish - CNN",6932,1162
2543,1912,news,europe,"French woman shot and burned by her partner, officials say, as anger builds over femicides - CNN",3496,553
2544,1913,sport,football,Stiliyan Petrov's dream job was cut short by cancer; now he wants to help soccer stars plan for the future - CNN,5496,904
2545,1914,news,uk,Harry and Meghan call for vaccine equity on son Archie's second birthday - CNN,2581,420
2546,1915,sport,sport,Weightlifter Hubbard poised to become first transgender Olympian -- report - CNN,2271,339
2547,1916,sport,football,Chelsea humbles Real Madrid to set up all English Champions League final - CNN,3810,652
2548,1917,sport,tennis,Naomi Osaka celebrated at 'Oscars of Sport' as Lewis Hamilton's social justice work is recognized - CNN,5025,852
2549,1918,sport,sport,"John Means: Orioles pitcher could have had a perfect game, but for one weird baseball rule - CNN",1765,301
2550,1919,sport,football,Champions League: Real Madrid goalkeeper Thibaut Courtois in 'happy place' ahead of crucial semifinal with former club - CNN,2945,502
2551,1920,sport,football,Manchester United: US owners' checkered history of investing in Premier League clubs - CNN,9564,1579
2552,1921,news,europe,"Trump administration was a 'difficult time' for Ukraine, says foreign minister - CNN",6895,1090
2553,1922,news,europe,On board a small Ukrainian patrol boat challenging Russian naval might   - CNN,6029,990
2554,1923,news,europe,Germany ponders new freedoms for the fully vaccinated - CNN,5166,830
2555,1924,sport,sport,"From trial balloon to TV ratings hit, WNBA marks 25 years - CNN",5318,855
2556,1925,sport,football,Manchester City reaches first Champions League final after beating PSG  - CNN,4492,751
2557,1926,sport,sport,"IPL: Australian cricketers scramble to leave India amid Covid-19 crisis 
 - CNN",6275,1011
2558,1927,sport,sport,IPL: Indian Premier League indefinitely suspended due to Covid-19 crisis - CNN,4857,773
2559,1928,sport,sport,"'It's like having a concussion,' says Boston Celtics' Evan Fournier of lingering Covid-19 side effects - CNN",2481,414
2560,1929,sport,tennis,Novak Djokovic hopes Covid-19 vaccine will not be made compulsory for players  - CNN,2047,336
2561,1930,news,europe,German police arrest couple suspected of trading newborn babies - CNN,1255,192
2562,1931,sport,sport,How marathon runner Des Linden ventured into the 'unknown' and broke the 50km record - CNN,5823,1023
2563,1932,sport,football,Jose Mourinho named new AS Roma coach - CNN,2919,491
2564,1933,sport,football,Sapir Berman: Transgender soccer referee makes Israeli sports history - CNN,1448,240
2565,1934,sport,sport,Steph Curry becomes Golden State Warriors' all-time record point scorer - CNN,2464,412
2566,1935,news,europe,"France kept classrooms open 'at all costs.' At a school where 20 pupils lost loved ones, some say the price was too high - CNN",10640,1803
2567,1936,news,uk,Meghan to publish children's book inspired by Harry and Archie - CNN,2164,355
2568,1937,news,europe,"German police bust child sex abuse imagery network with 400,000 users - CNN",1801,279
2569,1938,sport,sport,"LeBron James reinjures ankle, uncertain for Denver Nuggets on Monday - CNN",1573,263
2570,1939,sport,football,Manchester United fans mount protest against US owners as Premier League against Liverpool postponed - CNN,5571,842
2571,1940,sport,football,Lionel Messi double against Valencia keeps Barcelona's title hopes alive - CNN,2833,462
2572,1941,news,europe,DNA from cave dirt reveals details of Neanderthals and other ancient humans - CNN,8836,1444
2573,1942,sport,sport,Triathlon: 'Iron Cowboy' pushes the limits of human endurance - CNN,9238,1535
2574,1943,news,uk,The UK is already stretched to breaking point. Boris Johnson's pile of scandals isn't helping matters - CNN,10129,1665
2575,1944,sport,football,Serie A: Inter Milan wins first Scudetto since 2010  - CNN,3994,667
2576,1945,news,europe,"No grounds to pursue claims of French role in Rwanda genocide, prosecutor says - CNN",3070,456
2577,1946,sport,football,"Thierry Henry Social Media blackout exclusive: 'When we come together it's powerful,' says former Arsenal star - CNN",8482,1489
2578,1947,sport,football,"Diego Maradona was in agony for the 12 hours leading up to his death, his treatment was ""reckless and indifferent,"" Argentine medical board says - CNN",5984,968
2579,1948,sport,sport,"Tokyo 2020: 'Genocidaires do not deserve to be in the Olympics,' Myanmar swimmer Win Htet Oo - CNN",4361,686
2580,1949,sport,motorsport,F1 results: Lewis Hamilton wins Portuguese Grand Prix to secure 97th career race victory - CNN,1473,237
2581,1950,news,europe,Berlin May Day protests: More than 350 arrested - CNN,2794,409
2582,1951,news,uk,UK rave: Revelers gather for experiment without social distancing - CNN,2699,455
2583,1952,sport,football,FIFA: Isha Johansen's rise to the corridors of power - CNN,12199,2059
2584,1953,sport,sport,L.S. Lowry's 'Going to the Match' painting expected to sell at auction for up to $4 million - CNN,3395,568
2585,1954,news,uk,"A 330-ton fatberg is clogging an English city, and it won't move for weeks - CNN",1936,327
2586,1955,news,uk,Princess Charlotte: William and Kate release photo of their daughter for her sixth birthday - CNN,5818,904
2587,1956,sport,sport,Kentucky Derby: Kendrick Carmouche looks to become the first Black jockey to win in over a century - CNN,3067,540
2588,1957,sport,sport,Horse named after Breonna Taylor wins Churchill Downs race ahead of Kentucky Derby - CNN,1842,302
2589,1958,sport,sport,"Indian Premier League: As India battles a devastating second wave of Covid-19, cricket plays on  - CNN",6918,1134
2590,1959,news,europe,The Siege of Sarajevo lasted for years -- now the city's battle with Covid-19 is dragging on with no end in sight - CNN,11187,1833
2591,1960,sport,football,England stuns Germany with two late goals to book place in Euro 2020 quarterfinals - CNN,8206,1333
2592,1961,sport,tennis,Wimbledon 2021: Organizers 'happy' with court conditions as Serena Williams and Adrian Mannarino suffer slips - CNN,3661,599
2593,1962,sport,sport,"Starting Thursday, college athletes can profit from endorsements, social media and other sources of income  - CNN",1729,261
2594,1963,news,europe,Putin says US sanctions on Russia 'even did us good' - CNN,3408,559
2595,1964,sport,tennis,"Ashleigh Barty discusses Wimbledon, her Olympic 'dream' and being her 'authentic self' with the media - CNN",5352,937
2596,1965,sport,sport,"Mark Cavendish rolls back clock to win Tour stage again, five years since last one - CNN",3079,526
2597,1966,sport,sport,"Gwen Berry: 'I never said that I hated the country,' says US hammer thrower after turning from the flag - CNN",4327,739
2598,1967,sport,sport,Tour de France crash: Woman who allegedly caused crash arrested - CNN,2431,402
2599,1968,sport,sport,Giannis Antetokounmpo limps off injured as Atlanta Hawks stun Milwaukee Bucks - CNN,1812,294
2600,1969,sport,sport,"70-year-old woman fulfills her dream of being a bat girl for the Yankees, decades after she was turned down - CNN",2581,444
2601,1970,news,uk,Matt Hancock's affair caught on camera prompts questions about surveillance among Britain's political elite - CNN,6228,993
2602,1971,sport,sport,"Gwen Berry turns away from flag on US Olympic trials podium, says she was 'set up' - CNN",3981,674
2603,1972,sport,tennis,Wimbledon: Sloane Stephens and Frances Tiafoe cause upsets  - CNN,3120,518
2604,1973,news,europe,"Russia says people can decline its vaccine. But for many, they'll get fired if they do - CNN",9441,1549
2605,1974,sport,tennis,Serena Williams forced to retire from first-round Wimbledon match due to injury - CNN,2346,382
2606,1975,sport,football,Messi scores two and assists once while becoming Argentina's most capped player - CNN,2033,330
2607,1976,news,uk,Prince Harry tells award winners Diana would have been 'so proud' - CNN,2685,440
2608,1977,news,australia,"Sydney in lockdown, borders shut and hardly anyone vaccinated. How long can Australia go on like this? - CNN",8965,1486
2609,1978,sport,tennis,Wimbledon 2021: How to watch and everything you need to know about the tennis championships - CNN,3891,638
2610,1979,sport,football,Euro 2020: The historic rivalry between England and Germany that changed football forever  - CNN,6295,1076
2611,1980,news,europe,French Open Fast Facts - CNN,3039,510
2612,1981,news,australia,Mouse thought extinct for 150 years found living on island off Western Australia - CNN,3722,561
2613,1982,news,australia,Australia Covid-19: Perth and Brisbane lock down in fight against Delta variant - CNN,3656,562
2614,1983,sport,tennis,Roger Federer says he 'got a bit lucky' as Swiss star survives Wimbledon first-round scare - CNN,1960,358
2615,1984,news,europe,Climate change: European Union enshrines net zero and emissions targets into law - CNN,3579,582
2616,1985,sport,tennis,Novak Djokovic comes from behind to win Wimbledon opener as he bids for record-equaling 20th grand slam title - CNN,3098,519
2617,1986,sport,sport,Khris Middleton scores 20 in the fourth as the Milwaukee Bucks win Game Three over the Atlanta Hawks  - CNN,2557,442
2618,1987,sport,sport,Sydney McLaughlin obliterates women's 400m hurdles world record in a day of record heat  - CNN,1449,233
2619,1988,sport,golf,Nelly Korda 'glad to have joined' former pro tennis player dad as major champion after Women's PGA Championship victory - CNN,3437,591
2620,1989,news,uk,Elephant and Castle fire: Crews tackle blaze at London station - CNN,1572,249
2621,1990,sport,football,Switzerland stuns France in Euro 2020 as Kylian Mbappe misses in penalty shootout - CNN,5275,823
2622,1991,news,europe,Czech President calls transgender people 'disgusting' - CNN,2275,347
2623,1992,sport,sport,"Tour de France crash: French authorities open investigation after spectator causes massive pileup
 - CNN",2470,402
2624,1993,sport,football,Spain overcomes extraordinary own goal to beat Croatia and reach Euro 2020 quarterfinals - CNN,4772,769
2625,1994,sport,sport,Simone Biles secures spot on United States Gymnastics team for next month's Tokyo Olympics - CNN,1407,234
2626,1995,sport,sport,Geraint Thomas: Former Tour de France winner rides on after dislocated shoulder is put back in following crash - CNN,3238,556
2627,1996,news,europe,Swedish Prime Minister Stefan Lofven resigns in wake of no-confidence vote - CNN,1429,229
2628,1997,news,europe,France regional elections: Marine Le Pen's far-right party falls short ahead of presidential vote - CNN,3951,632
2629,1998,sport,tennis,2020 Tokyo Olympics: Serena Williams confirms she will not play at summer Games - CNN,1753,293
2630,1999,sport,football,Netherlands vs. Czech Republic: UEFA denies banning rainbow flags in Budapest for Euro 2020 match  - CNN,3243,522
2631,2000,news,uk,UK defense documents 'found at bus stop' - CNN,3001,474
2632,2001,news,europe,Istanbul Pride parade: Turkish police fire tear gas to disperse crowds - CNN,1505,241
2633,2002,sport,motorsport,Max Verstappen leads from start to finish at Styrian Grand Prix to extend F1 title race advantage - CNN,3679,640
2634,2003,sport,football,Belgium vs Portugal: Thorgan Hazard stunner knocks Portugal out of Euro 2020 - CNN,3736,625
2635,2004,news,europe,Czech tornado: 5 killed as rare storm hits villages - CNN,1778,283
2636,2005,sport,football,Italy defeats Austria in extra time at Euro 2020 to surpass its own 82-year-old unbeaten record - CNN,4725,793
2637,2006,sport,football,Denmark breezes past Wales into Euro 2020 quarterfinals with convincing win - CNN,3514,571
2638,2007,news,uk,"Matt Hancock, Britain's beleaguered health secretary, apologizes after being caught in embrace with aide - CNN",4997,798
2639,2008,news,australia,Sydney lockdown: Australia's biggest city heading into two-week hard lockdown to contain Delta coronavirus outbreak - CNN,1269,193
2640,2009,news,uk,"BLM UK: Britain should be having a racial reckoning. Instead, Black Lives Matter activists say they fear for their safety - CNN",11857,1909
2642,2010,sport,sport,Tour de France: Fan holding sign causes huge crash - CNN,1723,295
2643,2011,sport,sport,"NC State has been ruled out of the College World Series due to Covid-19 protocols, advancing Vanderbilt to the finals - CNN",2280,348
2644,2012,sport,sport,Abdalelah Haroun: Qatari sprinter dies aged 24 - CNN,1751,289
2645,2013,sport,sport,"Cubs no-hit the Dodgers: The 7th no-hitter has been thrown this season, tying the modern era record in one season - CNN",2548,451
2646,2014,sport,golf,Lizette Salas: US golfer opens up about mental health battle after taking Women's PGA Championship lead - CNN,2705,474
2647,2015,sport,sport,CeCe Telfer: Transgender woman ruled ineligible to run in US Olympic Trials - CNN,2969,472
2648,2016,news,uk,Buckingham Palace admits it 'must do more' on diversity in annual report - CNN,6414,1025
2649,2017,sport,football,Euro 2020: Kasper Schmeichel recalls 'great moment' Christian Eriksen visited training following collapse - CNN,6482,1106
2650,2018,news,europe,Why Britain's friends and adversaries will have watched the Russia confrontation closely - CNN,7111,1128
2651,2019,news,uk,A look inside Buckingham Palace's $500 million refurbishment - CNN,18928,3082
2652,2020,news,europe,"Hungary 'has no place in the EU anymore,' Dutch leader says - CNN",4662,760
2653,2021,news,europe,HMS Defender: Russia says 'London has lost its manners' as UK plays down Crimean naval confrontation - CNN,6812,1098
2654,2022,news,europe,Valerie Bacot trial: Frenchwoman who killed abusive husband walks out free after sentencing - CNN,12140,2006
2655,2023,sport,tennis,Zhang Zhizhen becomes first Chinese man to qualify for Wimbledon in Open Era - CNN,974,175
2656,2024,news,europe,"Several people killed and injured after knife attack in German town, police say - CNN",1188,193
2657,2025,sport,sport,Breastfeeding Canadian basketball player Kim Gaucher says she cannot take baby to Tokyo 2020 - CNN,2811,462
2658,2026,news,uk,"Matt Hancock, Britain's beleaguered health secretary, apologizes after being caught in embrace with aide - CNN",4842,767
2659,2027,sport,football,Copa America: Referee controversy overshadows Brazil's win over Colombia - CNN,2144,341
2660,2028,news,europe,Russian forces confront British warship HMS Defender in Black Sea military encounter - CNN,5821,926
2661,2029,sport,football,Christian Eriksen: Denmark provides feel good story of Euro 2020 with unlikely qualification for knockout stages - CNN,7192,1184
2662,2030,news,europe,Greek orthodox priest arrested after attacking group of bishops with acid - CNN,2331,357
2663,2031,sport,sport,Trae Young scores 48 points as Atlanta Hawks beat Milwaukee Bucks in Eastern Conference finals opener - CNN,1899,331
2664,2032,news,australia,Tasmanian devils wipe out penguin colony on Australia's Maria Island - CNN,2919,452
2665,2033,sport,sport,"Carli Lloyd, Megan Rapinoe headline US women's Olympic roster - CNN",2155,365
2666,2034,news,europe,This 'nano factory' fits inside a shipping container  - CNN,7059,1137
2667,2035,sport,sport,NCAA plans to have temporary student athlete compensation measures in place by July 1 - CNN,2586,408
2668,2036,sport,football,Germany vs. Hungary: UEFA facing criticism over its position on rainbow colors  - CNN,4414,699
2669,2037,news,europe,July 7 2005 London Bombings Fast Facts - CNN,2134,342
2670,2038,sport,football,Dalian Atkinson: Police officer guilty of killing ex-Aston Villa star  - CNN,3342,539
2671,2039,sport,football,"Euro 2020: England looks to pull nation together, but it hasn't been easy - CNN",7722,1285
2672,2040,sport,football,Cristiano Ronaldo equals all-time international goalscoring record as Portugal reach Euro 2020 knockout stages - CNN,3417,549
2673,2041,news,europe,"Vatican protests anti-homophobia law, but Italian lawmakers reject 'interference' - CNN",6622,1031
2674,2042,news,europe,Drones are helping to clean up the world's plastic pollution - CNN,6177,1007
2675,2043,news,australia,Some Sydney residents confined to city as Covid cases surge - CNN,2641,407
2676,2044,sport,sport,Sun Yang has doping ban reduced but will still miss Tokyo Olympics - CNN,3180,521
2677,2045,sport,sport,NBA: Deandre Ayton's last-gasp alley-oop seals dramatic Game Two win for Phoenix Suns - CNN,1871,336
2678,2046,sport,football,Martin Dubravka: Goalkeeper's astonishing own goal hands Spain path to Euro 2020's knockout stages - CNN,1929,312
2679,2047,news,uk,"Brexit: Five years after the vote, the United Kingdom is more divided than ever - CNN",9346,1548
2680,2048,sport,sport,"Tokyo Olympics: Japan's superfans who want Tokyo 2020 to go ahead despite Covid-19
 - CNN",6783,1093
2681,2049,news,europe,Spain pardons 9 Catalan leaders for their roles in failed independence bid - CNN,3313,483
2682,2050,news,uk,Britain has an education problem. Some lawmakers are reducing it to a debate on 'White Privilege' - CNN,6031,945
2683,2051,news,australia,Mouse plague forces Australian prison to evacuate staff and inmates  - CNN,2718,441
2684,2052,sport,football,Lionel Messi equals Argentina's all-time appearance record ... and signs fan's incredible tattoo - CNN,1621,251
2685,2053,sport,football,"Sadio Mane donates $693,000 to fund hospital in his hometown in Senegal - CNN",1959,310
2686,2054,sport,football,UEFA rejects request to light up Allianz Arena in rainbow colors for Euro 2020 game - CNN,3825,595
2687,2055,news,europe,Alleged drug kingpin argues Australia and Taiwan conspired to violate his rights - CNN,4890,790
2688,2056,sport,golf,John Rahm: From 'biggest setback' to 'biggest breakthrough' -- How Spaniard became a major winner - CNN,5517,1002
2689,2057,news,europe,Iron Age people kept mementos of dead loved ones - CNN,2669,437
2690,2058,news,europe,Swedish Prime Minister Stefan Lofven ousted in parliament no-confidence vote - CNN,2667,422
2691,2059,sport,sport,"Usain Bolt and partner Kasi Bennett welcome newborn twin sons, Thunder and Saint Leo - CNN",2081,355
2692,2060,sport,golf,US Open winner: Jon Rahm claims victory at Torrey Pines - CNN,5182,919
2693,2061,sport,sport,Tokyo Olympics: Organizers to set 50% venue capacity limit for spectators - CNN,2849,450
2694,2062,sport,sport,"Allyson Felix: 'I want my legacy to be one of someone who fought for women,' says six-time Olympic champion - CNN",6994,1201
2695,2063,sport,tennis,Ons Jabeur becomes first Arab woman to win a WTA title - CNN,1519,279
2696,2064,sport,sport,Laurel Hubbard: New Zealand weightlifter to become first transgender athlete at Olympic Games - CNN,3434,523
2697,2065,sport,sport,Damascus to Tokyo 2020: Syrian refugees' remarkable journeys to the Olympic Games - CNN,7117,1251
2698,2066,sport,sport,Money talks: Michael Jordan and the impact of not being an athlete activist - CNN,14764,2440
2699,2067,news,europe,Valerie Bacot: Trial begins for French woman who killed her abusive 'stepfather'-turned-husband  - CNN,3490,582
2700,2068,sport,football,Euro 2020: Calls made for Germany's game against Hungary to be played in rainbow-colored Allianz Arena - CNN,3658,586
2701,2069,sport,sport,NBA playoffs: Devin Booker's huge night leads Phoenix Suns to Game One win over LA Clippers - CNN,4666,813
2702,2070,news,uk,"Alaa Al-Siddiq, Emirati rights activist, dies in UK car accident - CNN",2843,448
2703,2071,news,europe,France elections: Macron and Le Pen dealt setback in regional poll marred by low turnout - CNN,1939,306
2704,2072,sport,football,Euro 2020: Italy records third victory of tournament as Wales also reaches knockout stages - CNN,2702,452
2705,2073,news,europe,Spain to pardon jailed Catalan separatist leaders on Tuesday - CNN,2681,410
2706,2074,sport,football,Euro 2020: Fairytale comes true as Denmark grabs place in knockout stages - CNN,4834,750
2707,2075,news,europe,Catherine Serou: Suspect charged with murder in death of missing American student in Russia - CNN,3192,535
2708,2076,news,europe,Duchess Catherine Fast Facts - CNN,22795,3724
2709,2077,sport,motorsport,Max Verstappen beats Lewis Hamilton at French Grand Prix to extend F1 title race lead - CNN,2475,431
2710,2078,news,europe,"This rabbi is joining the German army, 90 years after Hitler expelled Jewish soldiers - CNN",9678,1579
2711,2079,news,uk,Man with giant kidneys will have major surgery to remove both - CNN,2858,487
2712,2080,news,europe,Thousands march for LGBT equality in Polish capital - CNN,2257,358
2713,2081,news,europe,"Far-right extremist who threatened top Belgian doctor appears to have killed himself, prosecutor says - CNN",2562,400
2714,2082,news,europe,This cargo ship's captain died aboard. Then the crew was stuck at sea for weeks - CNN,13591,2261
2715,2083,sport,football,Euro 2020: Germany secures impressive victory against Portugal - CNN,3029,501
2716,2084,sport,sport,American Ryan Crouser breaks shot put world record - CNN,1585,263
2717,2085,news,australia,"Biloela family: She was born in Australia, but the country wants to send her back to alleged war criminals - CNN",15739,2513
2718,2086,sport,sport,Milkha Singh: India's legendary sprinter dies of Covid-19 complications at 91  - CNN,3474,578
2719,2087,sport,sport,Sang Ho Baek: George Mason University baseball pitcher dies after complications from Tommy John surgery - CNN,1468,222
2720,2088,sport,sport,Viktor Hovland forced to withdraw from US Open after getting sand in his eye - CNN,1775,307
2721,2089,sport,golf,"Matthew Wolff, in contention at the US Open, opens up on mental health - CNN",3650,682
2722,2090,news,europe,17th century European paintings found in roadside dumpster  - CNN,1970,309
2723,2091,news,uk,What to expect when Prince Harry heads back to London - CNN,21419,3714
2724,2092,sport,golf,U.S. Open: Bryson DeChambeau videobombs Brooks Koepka interview - CNN,3361,563
2725,2093,sport,football,"Pelé 'rooting' for Neymar, who scores 68th goal for Brazil to edge closer to legend's all-time scoring record  - CNN",2189,369
2726,2094,sport,football,Euro 2020 semifinals and final present Boris Johnson with new 'public health' issue  - CNN,3933,642
2727,2095,sport,football,England vs. Scotland: No goals but plenty of passion as international football's oldest rivals meet for 115th time - CNN,9309,1561
2728,2096,sport,football,Christian Eriksen discharged from hospital after 'successful operation'  - CNN,2349,364
2729,2097,sport,sport,Tokyo Olympics: Top Covid-19 adviser says holding Games without spectators is 'desirable' - CNN,4049,631
2730,2098,sport,sport,NBA Playoffs: Chris Paul indefinitely sidelined as part of the league's Covid-19 protocols  - CNN,3232,534
2731,2099,news,europe,Analysis: Putin got exactly what he wanted from Biden in Geneva - CNN,6069,999
2732,2100,sport,golf,U.S. Open: Brooks Koepka vs. Bryson DeChambeau -- Why everyone is talking about golf's new rivalry - CNN,5735,971
2733,2101,sport,sport,Philadelphia 76ers blow 26-point lead as Atlanta Hawks take 3-2 playoff series lead - CNN,3306,566
2734,2102,sport,tennis,Naomi Osaka will miss Wimbledon but plans on Tokyo Olympics return  - CNN,1831,309
2735,2103,sport,tennis,Rafael Nadal pulls out of Wimbledon and Tokyo Olympics - CNN,1428,249
2736,2104,sport,sport,"Wimbledon organizers cut prize money by 5%, aim for full stadium capacity  - CNN",3549,572
2737,2105,sport,football,Paul Pogba follows Cristiano Ronaldo's lead by removing display drink during a press conference - CNN,2980,467
2738,2106,news,uk,Digby the dog saves woman who was on the verge of taking her own life - CNN,2452,412
2739,2107,sport,football,Euro 2020: Denmark and Belgium pause match as minute's applause held for Christian Eriksen  - CNN,3251,511
2740,2108,sport,football,Denmark star Christian Eriksen to be fitted with heart starter - CNN,2411,372
2741,2109,news,europe,Jeffrey Epstein and Ghislaine Maxwell allegations to be 'reviewed' by Britain's Metropolitan Police - CNN,3640,555
2742,2110,news,uk,"Boris Johnson described his health secretary as 'hopeless,' Dominic Cummings says - CNN",5341,836
2743,2111,sport,football,Cristiano Ronaldo makes history at Euro 2020 as Portugal beats Hungary   - CNN,4230,668
2744,2112,news,europe,Spanish man jailed for killing and eating his mother - CNN,2274,381
2745,2113,sport,football,Marko Arnautovic: Austria forward banned for one game after 'insulting' opposition at Euro 2020 - CNN,2116,328
2746,2114,sport,tennis,Emotional Andy Murray breaks down following winning return to Queen's Club - CNN,1675,291
2747,2115,sport,football,Sergio Ramos: Real Madrid great to leave club after 16 years  - CNN,1398,231
2748,2116,news,uk,"UK heat deaths could triple by 2050 without more climate change action, report warns - CNN",3091,495
2749,2117,sport,sport,Kevin Durant puts in historic performance as Brooklyn Nets beat Milwaukee Bucks - CNN,3359,575
2750,2118,sport,sport,Russia vs. Finland: Russian and Finnish players show their solidarity for Christian Eriksen at Euro 2020 - CNN,5077,827
2752,2119,sport,sport,"Tim Sparv, Finland captain, said he 'really feared the worst' for Christian Eriksen after collapse - CNN",4614,771
2753,2120,news,europe,Princess Diana Fast Facts - CNN,4494,709
2754,2121,sport,sport,Shelby Houlihan believes burrito led to false positive steroid test that caused ban from running - CNN,5044,849
2755,2122,sport,football,Germany vs. France: 'Kick out oil' protester parachutes into Allianz Arena stadium ahead of Euro 2020 match - CNN,2402,371
2756,2123,sport,football,"Christian Eriksen thanks well-wishers, says he's feeling 'fine' in first social media post since cardiac arrest - CNN",1498,235
2757,2124,news,europe,Hungary's parliament passes anti-LGBT law ahead of 2022 election - CNN,2767,394
2758,2125,news,australia,"Kelpie sells for staggering $27,000 at working dog auction - CNN",2128,356
2759,2126,sport,football,Patrik Schick's stunning long range goal lights up Euro 2020 as Czech Republic beats Scotland  - CNN,3368,552
2760,2127,sport,sport,Copa América pay spectacular effect-laden Diego Maradona tribute as Lionel Messi scores stunning free-kick - CNN,4448,695
2761,2128,sport,football,Brazil wins Copa América opener as Messi expresses concerns about contracting Covid-19 at tournament - CNN,3615,561
2762,2129,sport,sport,Take your condoms home: social distancing and sex in the Olympic village - CNN,2239,363
2763,2130,news,uk,Boris Johnson extends England's pandemic restrictions amid variant concerns - CNN,7211,1206
2764,2131,sport,sport,NBA MVP Nikola Jokic's playoff ejection splits opinion as Phoenix Suns dump out Denver Nuggets - CNN,3161,545
2765,2132,news,europe,Germany Covid-19: The stars of absurd vaccination publicity campaign - CNN,6516,1000
2766,2133,news,europe,Prince William Fast Facts - CNN,7265,1167
2767,2134,sport,tennis,Stefanos Tsitsipas says his grandmother passed away five minutes before French Open final - CNN,2169,368
2768,2135,sport,football, Christian Eriksen: Denmark's Martin Braithwaite criticizes UEFA for resuming game following teammate's collapse - CNN,3664,608
2769,2136,sport,football,Grenfell Tower: The club providing solace four years after the fire  - CNN,8292,1457
2770,2137,sport,tennis,Djokovic comes from two sets down to beat Tsitsipas in thrilling 2021 French Open final - CNN,7453,1309
2771,2138,news,europe,Radovan Karadzic Fast Facts - CNN,3995,623
2772,2139,sport,football,"Christian Eriksen suffered cardiac arrest during Euros match and 'was gone' before resuscitation, doctor says - CNN",5645,910
2773,2140,news,europe,Russia is prepared to extradite cyber criminals to US on reciprocal basis - CNN,2708,429
2774,2141,news,europe,French authorities race to clean up oil spill drifting to Corsica's coast - CNN,2206,338
2775,2142,news,uk,Queen shows off sword skills by cutting cake during G7 in Cornwall - CNN,2483,419
2776,2143,news,uk,"Anne Sacoolas: Prosecutors can seek 'virtual trial' of US diplomat's wife accused of killing a British teenager, UK says - CNN",4040,676
2777,2144,news,uk,Sasha Johnson: Second man charged in shooting of British Black Lives Matter activist - CNN,1607,259
2778,2145,news,europe,Russia Covid-19: Moscow mayor announces 'non-working' week to curb spread - CNN,2724,436
2779,2146,sport,football,Copa America: South American football tournament moves ahead despite backlash - CNN,9266,1512
2780,2147,news,uk,G7 leaders in Cornwall want to tackle inequality. Even people down the road aren't convinced - CNN,9986,1692
2781,2148,news,europe,Dog rescued after wandering through Arctic ice for more than a week - CNN,1921,331
2782,2149,sport,tennis,French Open: Barbora Krejcikova beats Anastasia Pavlyuchenkova in roller coaster final to win first grand slam - CNN,5809,982
2783,2150,sport,football,Denmark star Christian Eriksen in stable condition after collapsing during match against Finland - CNN,4066,638
2784,2151,sport,tennis,Novak Djokovic beats Rafael Nadal in thriller to reach French Open final - CNN,2770,459
2785,2152,news,uk,What to do -- and not do -- when you meet the Queen - CNN,16283,2795
2786,2153,news,uk,Biden's one-to-one with Queen is his rite of passage on world stage - CNN,12333,2076
2787,2154,sport,football,Italy cruises to victory with dominant performance against Turkey in Euro 2020 opener - CNN,3865,638
2788,2155,news,europe,Carrie Johnson steps onto global stage with G7 - CNN,4771,784
2789,2156,sport,sport,Brisbane set to host 2032 Olympics after IOC endorsement  - CNN,1390,219
2790,2157,news,europe,"Norway to proceed with sound experiment on whales, despite protests - CNN",4266,653
2791,2158,news,europe,A 'Bubble Barrier' is trapping plastic waste before it can get into the sea - CNN,9617,1559
2792,2159,sport,tennis,Stefanos Tsitsipas reaches first career grand slam final with win over Alexander Zverev at French Open - CNN,1476,258
2793,2160,news,europe,"US-Russia relations are so poor that only a summit can sort them out, Putin's spokesman says - CNN",5494,896
2794,2161,sport,sport,"Jordan Clarkson: NBA star helps food truck graffitied with anti-Asian slur, says there's 'no room' for racist incidents - CNN",4806,821
2795,2162,sport,sport,Reece Wilson: Downhill World Champion says he loves life 'on the limit' - CNN,6740,1195
2796,2163,news,australia,New Zealand study shows Maori connections to Antarctica date as far back as the 7th century - CNN,2933,443
2797,2164,sport,tennis,Novak Djokovic lets out guttural scream after setting up French Open semifinal against Rafael Nadal  - CNN,2679,447
2798,2165,sport,football,"Viktor Orban: Taking knee is 'provocation', 'has no place on pitch' - CNN",2670,421
2799,2166,news,europe,Operation Barkhane: France declares end to anti-terror military mission in Sahel - CNN,3848,600
2800,2167,news,uk,Boris Johnson's big Biden meeting overshadowed by Brexit trouble  - CNN,5753,940
2801,2168,sport,sport,French Open: Anastasia Pavlyuchenkova defeats Tamara Zidanšek to reach maiden grand slam final - CNN,1820,291
2802,2169,news,uk,"Prince Edward discusses the Sussexes, the bereaved Queen and his father's legacy - CNN",20046,3214
2803,2170,news,uk,G7 summit: Joe Biden and Boris Johnson relish the role of global good guys. But bonhomie may be tested by hard reality - CNN,7672,1251
2804,2171,sport,sport,Copa America: Brazilian players and staff criticize tournament in a public letter - CNN,4015,603
2805,2172,news,europe,D-Day Fast Facts - CNN,3015,470
2806,2173,sport,football,"Taking a knee: Football's coming home, but gesture divides England fans - CNN",7349,1185
2807,2174,news,australia,Teenager in critical condition after breaching whale lands on fishing boat   - CNN,4855,819
2808,2175,sport,football, Premier League announces sanctions for six clubs involved in breakaway Super League - CNN,3780,594
2809,2176,news,europe,Emmanuel Macron slapped by member of public in southeast France - CNN,3387,554
2810,2177,news,uk,Lilibet: Meghan and Harry deny report they didn't ask the Queen about naming their daughter  - CNN,2124,334
2811,2178,sport,sport,Serbian volleyball player suspended after making anti-Asian racist gesture during match against Thailand - CNN,3462,527
2812,2179,sport,tennis,Coco Gauff smashes racquet as run at French Open comes to an end against Barbora Krejcikova - CNN,3883,650
2813,2180,sport,sport,"Tokyo 2020: Australian baseball team pulls out of Olympic qualifiers, citing Covid fears - CNN",1710,252
2814,2181,sport,sport,"Letesenbet Gidey breaks two-day-old 10,000m world record - CNN",1687,282
2815,2182,sport,sport,Nikola Jokic named 2021 NBA Most Valuable Player - CNN,3438,581
2816,2183,news,australia,ANoM: FBI and Australian Federal Police encrypted app trap ensnares hundreds of criminal suspects  - CNN,4489,704
2817,2184,sport,football,Debbie Hewitt set to become first female chair of England's Football Association - CNN,1811,286
2818,2185,sport,sport,Jim Fassel: Former NFL coach dies at age 71 - CNN,3564,629
2819,2186,news,uk,Keira Knightley says all the women she knows have been sexually harassed - CNN,2207,371
2820,2187,news,uk,Shackled skeleton tells grim story of slavery in Roman Britain - CNN,3815,633
2821,2188,news,europe,"Ratko Mladic, the 'butcher of Bosnia,' loses appeal against genocide conviction - CNN",3489,556
2822,2189,sport,sport,"NBA: Brooklyn Nets dominate Milwaukee Bucks, leading by 49 points despite missing one of its biggest stars - CNN",3490,596
2823,2190,sport,football,Romelu Lukaku says racism in football is at an 'all-time high' - CNN,3745,628
2824,2191,news,europe,"Bdelloid rotifers: Microscopic animals survived 24,000 years frozen in the Siberian permafrost - CNN",3558,552
2825,2192,news,australia,New dinosaur species discovered in Australia - CNN,3038,495
2826,2193,news,uk,Sarah Everard: London police officer pleads guilty to kidnap and rape - CNN,1832,302
2827,2194,news,europe,Prince Harry Fast Facts - CNN,16280,2665
2828,2195,news,australia,"US Navy christens USS Canberra, only warship named for a foreign capital - CNN",3756,628
2829,2196,news,europe,"Meghan and Harry welcome baby girl, Lilibet Diana - CNN",10592,1710
2830,2197,sport,sport,Logan Paul vs Mayweather: Time and how to watch live - CNN,2724,455
2831,2198,sport,tennis,Coco Gauff becomes youngest woman to reach grand slam quarterfinal in 15 years at French Open - CNN,2519,432
2832,2199,sport,sport,Simone Biles wins record seventh national women's all-around title  - CNN,2207,358
2833,2200,news,europe,"David Dushman, last surviving liberator of Auschwitz, dies at 98 - CNN",2484,409
2834,2201,sport,sport,"Yuka Saso wins 2021 US Women's Open, becomes first Filipino player to win a golf major tournament - CNN",3297,582
2835,2202,news,europe,"Convicted for 'advertising' abortion, German doctors are fighting to share the facts - CNN",8649,1392
2836,2203,sport,sport,Floyd Mayweather Jr. and Logan Paul box for eight rounds in exhibition pay-per-view fight - CNN,2369,372
2837,2204,sport,sport,"For handcyclist Oz Sanchez, Paralympic success is a 'testament as to the person I've become' - CNN",6358,1114
2838,2205,sport,football,Euro 2020: Ukraine's new football kit irks Russia over Crimea map - CNN,3657,584
2839,2206,news,uk,Lilibet Diana Mountbatten-Windsor meaning: The significance of Harry and Meghan's name choices - CNN,10077,1638
2840,2207,sport,sport,"Climate change and Tokyo Olympics: Extreme heat could pose health risk for athletes, report says - CNN",5705,920
2841,2208,sport,golf,Yuka Saso: The 19-year-old major winner who modeled her game on Rory McIlroy's after watching him on YouTube - CNN,4710,833
2842,2209,news,europe,Norwegian police identify body of toddler who died crossing the English Channel - CNN,3075,507
2844,2210,sport,golf,Jon Rahm forced to withdraw from Memorial Tournament after positive Covid-19 test - CNN,2323,370
2845,2211,news,uk,Archie gets royal birthday wishes as he turns 2 years old - CNN,3419,561
2847,2212,news,europe,Hungary protest: Thousands rally against planned Chinese university campus in Budapest - CNN,3731,561
2848,2213,sport,tennis,Federer withdraws from French Open over knee concerns - CNN,3446,597
2850,2214,news,uk,Boris Johnson will finally tell the world what post-Brexit Britain is for - CNN,10235,1718
2851,2215,sport,motorsport,F1 results: Sergio Perez claims win at 2021 Azerbaijan Grand Prix - CNN,2910,510
2852,2216,sport,tennis,Serena Williams stunned by Elena Rybakina at French Open - CNN,2406,390
2853,2217,sport,football,Casemiro: Brazilian soccer team captain says 'let's talk at the right time' on Brazil hosting Copa America - CNN,3470,560
2854,2218,sport,sport,Floyd Mayweather Jr. vs. Logan Paul: Boxing's bastardization continues apace - CNN,10931,1807
2855,2219,news,europe,"Putin signs law banning 'extremists' from running in elections, on Navalny's birthday - CNN",3231,493
2856,2220,sport,football,'I was only thinking of staying alive': Nadia Nadim's journey from refugee camp to PSG star ... and back - CNN,8628,1510
2857,2221,news,europe,Belarus: Roman Protasevich appears on state TV as critics decry his detention as a 'hostage'-taking - CNN,3997,603
2858,2222,sport,tennis,Serena Williams powers into French Open fourth round as she aims for history - CNN,3486,588
2859,2223,sport,tennis,Yana Sizikova: Russian tennis player arrested for sports corruption and fraud  - CNN,1872,288
2860,2224,news,europe,Top German Catholic Church official offers resignation over 'catastrophe of sexual abuse' - CNN,7312,1193
2861,2225,news,europe,"Fred and Rose West, Britain's worst serial killers, haunt a city decades after their grisly crimes - CNN",16803,2778
2862,2226,sport,football,Lionel Messi and Argentina pay tribute to Diego Maradona in first match since legend's death - CNN,2166,347
2863,2227,sport,golf,Megha Ganne: 17-year-old high school junior has day to remember at US Women's Open - CNN,3809,668
2864,2228,news,uk,'The Firm': Britain's royal institution explained - CNN,3402,545
2865,2229,sport,tennis,Roger Federer says 'misunderstanding' caused heated debate with chair umpire in French Open win  - CNN,1799,303
2866,2230,sport,sport,NBA Lakers: LeBron James' perfect record in first-round series ends with Los Angeles' elimination loss to Phoenix Suns - CNN,2052,354
2867,2231,news,uk,"Truck carrying tomato puree crashes, turning road red - CNN",2156,352
2868,2232,news,europe,"Belarus lashes out at the US, reducing embassy staff numbers - CNN",2728,426
2870,2233,news,europe,Denmark passes law to move asylum centers outside European Union - CNN,4067,637
2871,2234,sport,tennis,Ashleigh Barty: World no. 1 retires from French Open with injury - CNN,2660,465
2872,2235,sport,sport,"About 10,000 Tokyo Olympic volunteers have quit with Games closing in - CNN",5614,896
2873,2236,sport,tennis,French Open: Two players in quarantine after testing positive for Covid-19  - CNN,1699,270
2874,2237,news,uk,Britain's royals have denied being a racist family. Archived papers reveal recent racist past - CNN,6870,1151
2875,2238,news,europe,Belgium: Five arrested after 14-year-old girl gang raped  - CNN,2199,354
2876,2239,news,europe,Air France flight evacuated after anonymous threat - CNN,1093,170
2878,2240,sport,tennis,Serena Williams wants to give Naomi Osaka a hug; others label her a 'princess' - CNN,6969,1132
2879,2241,sport,tennis,"Naomi Osaka: 'It can be devastating to adjust to fame and fortune,' says tennis great Chris Evert - CNN",4761,817
2880,2242,news,europe,Belarusian activist Steffan Latypov stabs himself during a court hearing in Minsk  - CNN,4015,613
2881,2243,news,uk,Queen Elizabeth's Platinum Jubilee plans revealed - CNN,14881,2550
2882,2244,sport,sport,How boxing is changing the way society looks at women in Gaza - CNN,14369,2516
2883,2245,sport,sport,Imran Sherwani: Olympic hockey gold medalist reveals early-onset Alzheimer's diagnosis - CNN,2534,413
2884,2246,sport,football,Copa America: Brazilian senator calls on Neymar to not take to the field in 'Championship of Death' - CNN,5146,827
2885,2247,sport,sport,Lou Gehrig's disease: Why ALS is forever associated with one of America's baseball greats - CNN,6532,1110
2886,2248,sport,sport,Atlanta Braves outfielder Marcell Ozuna granted bond in domestic violence case - CNN,2261,361
2887,2249,news,australia,Australia's Somerton man died alone on a beach in 1948. Now scientists are close to solving the mystery - CNN,14479,2508
2888,2250,news,europe,Asparagus recipe found in Belgian legal database - CNN,2539,423
2889,2251,sport,golf,"'Happy Gilmore': 'Everybody loves to hate the villain,' says Shooter McGavin - CNN",5527,921
2890,2252,sport,football,Sergio Aguero to join FC Barcelona as Spanish club begins squad overhaul - CNN,3965,648
2891,2253,sport,football,Copa América: Brazil in 'negotiations' to host tournament — just 13 days before start date - CNN,3490,560
2892,2254,sport,football,Carlo Ancelotti returns to Real Madrid to become manager for second time - CNN,2864,464
2893,2255,news,europe,France and Germany 'seeking full clarity' from US and Denmark on spying report - CNN,4394,657
2894,2256,news,europe,"Giovanni Brusca, Sicilian mafia 'people-slayer,' released after 25 years in jail - CNN",2577,402
2895,2257,sport,sport,Elaine Thompson-Herah defends Olympic 100m title in all-Jamaican podium - CNN,4120,667
2896,2258,sport,sport,P. V. Sindhu: The Olympic hero who became India's most marketable female athlete - CNN,9863,1636
2897,2259,news,europe,Carrie and Boris Johnson expecting second baby after miscarriage heartbreak - CNN,1756,287
2898,2260,sport,football,Noah Gesser: 16-year-old Ajax youth player dies in car accident  - CNN,1689,266
2899,2261,sport,sport,TikTok: How one user went viral after sharing his Tinder hack to virtually connect with Olympians - CNN,3456,576
2900,2262,sport,sport,'My heart was totally broken': The agony of the Olympics and how we measure athlete success - CNN,7625,1297
2901,2263,sport,sport,Simone Biles withdraws from vault and uneven bars finals - CNN,4567,745
2902,2264,sport,sport,Connor Fields is out of ICU after sustaining brain hemorrhage in BMX crash at Tokyo 2020 - CNN,1749,283
2903,2265,sport,sport,Why Olympians bite their medals and what they do with them - CNN,4397,744
2904,2266,news,australia,Sydney readies for the army as lockdown fails to squash Australia Delta outbreak - CNN,4371,691
2905,2267,sport,sport,Simone Biles says she still has the 'twisties' and it's impacting her on all 4 individual events - CNN,2781,479
2906,2268,sport,sport,Heat and humidity make 'Tokyo Summer the worst in the history of Olympics' - CNN,5815,981
2907,2269,sport,sport,"Selemon Barega wins 10,000m gold at the Tokyo Olympics despite Uganda's tactical approach - CNN",3299,553
2908,2270,sport,sport,Doping spat: Russian Olympic Committee hits back after US swimmer questions whether gold medal winner was '100% clean' - CNN,5562,917
2909,2271,news,europe,"Malta's government must bear responsibility for journalist's assassination, inquiry finds   - CNN",4990,780
2910,2272,news,uk,Why was Lilibet left out of the British monarchy's line of succession? - CNN,8062,1333
2911,2273,sport,sport,"'I didn't think I would ever be here,' says Sunisa Lee after winning 'surreal' all-around gymnastics gold at the Tokyo Olympics - CNN",7440,1256
2912,2274,sport,sport,Novak Djokovic's search for 'Golden Slam' comes to an end at Tokyo 2020  - CNN,4328,764
2913,2275,sport,sport,San Marino is smallest country in history to win a medal at the Olympics thanks to shooter Alessandra Perilli - CNN,3939,673
2914,2276,sport,sport,Connor Fields 'is awake' after BMX semifinals crash at the Olympics as Niek Kimmann storms to historic gold - CNN,2812,488
2915,2277,sport,sport,'The twisties': How fear affects the mental health and physical safety of gymnasts like Simone Biles - CNN,8884,1579
2916,2278,sport,sport,Hmong people: Suni Lee and an epochal moment for the Hmong in America  - CNN,3886,660
2917,2279,sport,sport,Here's who won gold medals at the Tokyo Olympics on Thursday - CNN,960,128
2918,2280,sport,sport,Simone Biles says fans' support is helping her realize that she's more than her gold medals - CNN,9801,1561
2919,2281,sport,sport,German cycling coach dismissed from Olympics over racist remarks - CNN,1641,252
2920,2282,sport,sport,Simone Biles withdraws from women's team gymnastics at Tokyo Olympics as ROC wins gold - CNN,5579,939
2921,2283,sport,sport,"Suni Lee: US gymnast wins Olympic all-around after injuries, tragedies and a horrific accident - CNN",6796,1130
2922,2284,sport,sport,Caeleb Dressel wins his first individual Olympic gold medal in the 100 meter freestyle final  - CNN,1911,326
2923,2285,sport,sport,"Olympic athletes are showing us their funny, fascinating, complicated selves on TikTok and beyond - CNN",4307,704
2924,2286,sport,sport,Katie Ledecky wins 1500m freestyle for her 6th career Olympic gold medal and first at Tokyo 2020 - CNN,1405,238
2925,2287,news,europe,Wildfires scorch Spain and cause 'disaster without precedence' in Sardinia - CNN,5563,865
2926,2288,sport,sport,Fukushima laments 'unfortunate' lack of fans for Japan's Olympic baseball game - CNN,4323,705
2927,2289,sport,sport,Fiji retain rugby sevens gold medal with victory over New Zealand at Tokyo Olympics - CNN,4198,750
2928,2290,sport,sport,Daniil Medvedev asks who will take responsibility if he dies in Tokyo Olympics' heat and humidity - CNN,5528,904
2929,2291,sport,sport,"How to avoid spoilers for the Olympics, even though they feel inevitable in 2021 - CNN",4466,783
2930,2292,sport,football,"Lamar Jackson, former NFL MVP, of the Baltimore Ravens tests positive for Covid-19 - CNN",2457,391
2931,2293,sport,sport,There may be more Olympians who identify as LGBTQ than ever before. But there are limits to inclusion  - CNN,11764,1887
2932,2294,sport,sport,Ariarne Titmus: Gold medal-winning athletes swerve social media to avoid 'external pressure' - CNN,9107,1478
2933,2295,sport,sport,US Olympian Simone Biles' withdrawal from the team final reminds us that she's human -- and still very much the GOAT - CNN,15274,2526
2934,2296,sport,sport,Gymnast Simone Biles doesn't need more medals. She returned to the Olympics for something much more impactful - CNN,5598,946
2935,2297,news,australia,Australia Covid-19: Sydney lockdown extended by four weeks as cases spike - CNN,4678,745
2936,2298,sport,sport,Here's who won gold medals at the Tokyo Olympics on Wednesday - CNN,1219,144
2937,2299,news,europe,London Underground Fast Facts - CNN,6823,1088
2938,2300,sport,sport,Simone Biles withdraws from all-around final at Tokyo 2020 to focus on mental health  - CNN,7742,1218
2939,2301,sport,sport,Paula Radcliffe on Simone Biles and how she fought back against the 'quitter' label - CNN,6338,1077
2940,2302,sport,sport,Hidilyn Diaz wins Philippines' first Olympic gold medal with weightlifting - CNN,1962,320
2941,2303,sport,sport,Russian Olympic Committee wins gold in women's team gymnastics as Team USA hit by Simone Biles withdrawal - CNN,2554,423
2942,2304,sport,sport,Bermuda becomes smallest country to win Olympic gold after Flora Duffy's triathlon triumph  - CNN,3304,566
2943,2305,sport,sport,Here's who won gold medals at the Tokyo Olympics on Tuesday - CNN,1231,142
2944,2306,news,europe,"Explosion rocks German chemicals site, killing one person and severely injuring workers  - CNN",1779,278
2945,2307,news,europe,Landmark Vatican fraud trial begins as cardinal faces charges over London property deal  - CNN,3434,558
2946,2308,sport,tennis,"Naomi Osaka will leave 2020 Olympics without a medal, loses in 3rd round to Marketa Vondrousova - CNN",3006,532
2947,2309,sport,sport,Jordan Chiles stepped in for Team USA after her friend and confidante Simone Biles withdrew - CNN,3632,616
2948,2310,sport,sport,Uche Eke becomes first gymnast to compete for Nigeria at the Olympics - CNN,5838,1052
2949,2311,sport,sport,Annemiek van Vleuten crossed the line and thought she'd won cycling gold. She hadn't - CNN,4001,682
2950,2312,sport,sport,Men's triathlon false start as media boat blocks competitors - CNN,2482,438
2951,2313,sport,sport,"Germany's gymnasts wear body-covering unitards, rejecting 'sexualization' of sport - CNN",2792,437
2952,2314,news,europe,J K Rowling Fast Facts - CNN,8216,1318
2953,2315,news,uk,Family vows to resist US government attempt to keep intelligence work of woman accused of killing teen a secret - CNN,6011,1005
2954,2316,sport,sport,Athletes who've had to drop out of the Olympics because of Covid-19 - CNN,2239,321
2955,2317,sport,sport,"Momiji Nishiya, 13-year-old skateboarder, wins gold at the Olympics' first women's final - CNN",16920,2836
2956,2318,news,australia,Australia once reveled in being the 'lucky country' on Covid-19. Now weary Aussies 'feel like prisoners' - CNN,13334,2167
2957,2319,sport,sport,What is ROC? Here's what to know about Russia and the Olympics - CNN,3106,490
2958,2320,sport,sport,Here's who won gold medals at the Tokyo Olympics on Monday - CNN,1277,150
2959,2321,news,europe,Europe tried to boost Covid-19 vaccine takeup with carrots. Now some leaders are breaking out the sticks - CNN,10358,1676
2960,2322,sport,sport,Fencer Maria Belen Perez Maurice lost her Olympic match but won a proposal of marriage - CNN,2128,368
2961,2323,sport,sport,Anna Kiesenhofer is a math genius who just pulled off one of the biggest shocks in Olympics history - CNN,5821,963
2962,2324,news,europe,London floods are latest sign that big cities aren't ready for climate change  - CNN,11770,1878
2963,2325,sport,sport,Pink is offering to pay the Norwegian women's beach handball team's fine for wearing shorts - CNN,2549,401
2964,2326,sport,sport,"Tom Daley: TV star. Lover of crochet. And now after four Olympics, he has elusive gold medal - CNN",4385,780
2965,2327,sport,sport,Here's who won gold medals at the Tokyo Olympics on Saturday - CNN,911,125
2966,2328,sport,sport,USA men's basketball team defeated by France for first Olympic loss since 2004 - CNN,2838,493
2967,2329,news,uk,"Female UK military staff report: Almost two-thirds of women bullying, sexual harassment and discrimination, landmark report says - CNN",2876,446
2968,2330,sport,sport,"USA wins first Tokyo Olympics medals with gold, silver finish in men's 400-meter individual medley - CNN",1961,329
2969,2331,sport,tennis,Naomi Osaka 'refreshed and happy' as she kicks off her Olympic campaign with dominant victory against Saisai Zheng - CNN,4764,820
2970,2332,news,uk,"UK Health Secretary tweets people shouldn't ""cower"" from Covid, before deleting it and apologizing - CNN",3439,555
2971,2333,sport,sport,Kimia Alizadeh: Iranian defector from Olympic Refugee Team stuns two-time Olympic taekwondo champion  - CNN,2623,404
2972,2334,sport,sport,Here's who won gold medals at the Tokyo Olympics on Sunday - CNN,1090,139
2973,2335,news,europe,Hungary Pride: Thousands join event as LGBTQ people face growing hostility - CNN,6670,1042
2974,2336,sport,sport,Belgian basketball star Ann Wauters' Olympic dream was a long time coming - CNN,8726,1500
2975,2337,news,europe,"Bosnia's peace envoy imposes jail terms for genocide denial
 - CNN",2605,392
2976,2338,sport,sport,Tokyo 2020 isn't the first Olympic Games to battle a pandemic  - CNN,9979,1617
2977,2339,sport,sport,Olympic protests are nearly as old as the Games themselves. So why are officials so hesitant to allow them? - CNN,10607,1727
2978,2340,sport,sport,"Novak Djokovic says current weather conditions in Tokyo are ""brutal"" - CNN",4102,699
2979,2341,sport,sport,Algerian Olympian Fethi Nourine withdraws from Games due to potential matchup with Israeli competitor - CNN,2708,417
2980,2342,sport,sport,Naomi Osaka lights Olympic cauldron at Tokyo 2020 Opening Ceremony - CNN,18430,3069
2981,2343,sport,sport,"Overshadowed by Covid-19, Olympic athletes are left to bring light to troubled Tokyo 2020 - CNN",7851,1288
2982,2344,sport,sport,US women's national soccer team players appeal equal pay lawsuit decision - CNN,2786,454
2983,2345,news,uk,What can we expect from Prince Harry's book? - CNN,10262,1751
2984,2346,news,australia,Why trash-raiding cockatoos in Sydney are smarter than 'bin chickens' - CNN,5118,848
2985,2347,sport,sport,Olympic greats call on IOC to allow podium protests - CNN,3893,636
2986,2348,sport,sport,Olympic health plan for US Tokyo delegation: Treat members as if they're unvaccinated - CNN,4863,808
2987,2349,sport,sport,Brazil vs. Germany: Defending Olympic champion Brazil defeats Germany in rematch of 2016 men's football final - CNN,2241,358
2988,2350,news,uk,Aviation enthusiast potentially saves pilot's life after seeing sparks coming from his plane - CNN,3062,524
2989,2351,news,europe,"Anders Breivik killed 77 people in Norway. A decade on, 'the hatred is still out there' but his influence is seen as low - CNN",14262,2291
2990,2352,sport,sport,NFL says coronavirus outbreaks among unvaccinated players may lead to forfeits this season - CNN,4590,753
2991,2353,news,europe,"Germany floods: More than 150 people still missing unlikely to be found, officials fear - CNN",9937,1578
2992,2354,sport,sport,"Olympics opening ceremony: What we know, who's going and who's not - CNN",8501,1354
2993,2355,news,europe,Francois Hollande Fast Facts - CNN,3236,480
2994,2356,sport,sport,Mexico vs. France: Mexico thrashes France and Spain held as men's football competition kicks off at Tokyo 2020 - CNN,1354,221
2995,2357,news,uk,Prince George: New photo released ahead of his 8th birthday  - CNN,6024,1004
2996,2358,sport,sport,Bobby Bowden: Legendary college football coach diagnosed with a terminal illness - CNN,2412,415
2997,2359,sport,sport,US gymnast Kara Eaker and basketball player Katie Lou Samuelson test positive for Covid-19 ahead of Olympics - CNN,6361,1015
2998,2360,sport,sport,Beach volleyball player Markéta Sluková-Nausch left in tears as Czech star misses Olympics due to positive Covid-19 result - CNN,5151,817
2999,2361,sport,sport,"The speech that fizzled, then set the Olympic movement ablaze - CNN",6370,1030
3000,2362,sport,sport,Women's soccer teams take a knee ahead of opening Olympic Games matches  - CNN,2725,446
3001,2363,sport,sport,Greg Knapp: New York Jets assistant coach in critical condition following bicycle accident - CNN,2288,386
3002,2364,sport,sport,Olympic athletes battling long Covid: 'I'm really struggling to exercise still' - CNN,6500,1122
3003,2365,sport,sport,Tokyo Olympics officially underway despite threat of Covid-19 - CNN,4235,682
3004,2366,news,europe,Hungary plans referendum on law criticized by EU as homophobic - CNN,4114,631
3005,2367,sport,sport,Tokyo has tough task trying not to be the first 'no-fun' Olympics - CNN,6471,1033
3006,2368,sport,sport,Brisbane officially announced as host of 2032 Olympics - CNN,2955,459
3007,2369,sport,sport,Team USA volleyball player Taylor Crabb tests positive for Covid-19 and will miss Tokyo Olympics  - CNN,2501,404
3008,2370,sport,sport,USWNT hammered by Sweden in opening Tokyo 2020 match - CNN,4261,739
3009,2371,sport,sport,Giannis Antetokounmpo wants his NBA Finals heroics to inspire others to 'believe in their dreams' - CNN,4880,847
3010,2372,sport,sport,Netherlands thrashes Zambia 10-3 in women's football tournament to set new Olympics record - CNN,1733,281
3011,2373,news,europe,"Men have a bigger carbon footprint than women, thanks to their appetite for cars and meat - CNN",3835,601
3012,2374,sport,sport,Marta and Formiga: Brazil legends create Olympic history - CNN,2058,348
3013,2375,sport,sport,WNBA players Nneka Ogwumike and Elizabeth Williams won't play for Nigeria at Olympics after appeal rejected - CNN,3146,521
3014,2376,sport,sport,Olivia Breen: Paralympian angered after official said her sprint shorts were 'too short' - CNN,4593,743
3015,2377,news,uk,"Boris Johnson had to be talked out of meeting the Queen early on in the pandemic, ex-adviser claims  - CNN",4585,736
3016,2378,sport,sport,Mark Eaker: Father of US gymnast Kara Eaker says she doesn't know where she got Covid-19 before the Olympics - CNN,2939,488
3017,2379,sport,sport,Tokyo 2020 boss not ruling out last minute cancellation of Olympic Games  - CNN,5661,901
3018,2380,sport,sport,Women's beach handball team fined for choosing shorts over bikini bottoms - CNN,3810,614
3019,2381,sport,football,England's footballers lost the Euro 2020 final. But they might yet win the culture war - CNN,11687,1894
3020,2382,sport,sport,Six Polish swimmers sent back home from Tokyo following admin error - CNN,2248,354
3021,2383,sport,sport,"From not speaking the language to competing for the national team at Tokyo 2020, Belgian runner Isaac Kimeli is aiming for gold  - CNN",8730,1508
3022,2384,sport,football,Premier League soccer player suspended over alleged child sex offenses - CNN,957,156
3023,2385,news,europe,Russia unveils new 'Checkmate' fighter jet - CNN,3352,510
3024,2386,sport,sport,Why Covid 19 cases among top athletes are rising - CNN,7229,1189
3025,2387,sport,golf,Collin Morikawa makes history with Open Championship win after dramatic final round - CNN,7056,1273
3026,2388,news,uk,John Kerry warns 'time is running out' to address climate crisis - CNN,21908,3614
3027,2389,sport,sport,Keigo Oyamada: Tokyo Olympics opening and closing ceremonies composer resigns over historical bullying remarks - CNN,2237,342
3028,2390,news,uk,Freedom Day: Boris Johnson is taking another huge gamble by lifting lockdowns in England. Even he admits it could lead to more deaths from Covid - CNN,10194,1680
3029,2391,sport,motorsport,Lewis Hamilton targeted with racist abuse online after controversial British Grand Prix victory  - CNN,5624,933
3030,2392,sport,sport,Tokyo 2020: Two South African footballers test positive for Covid-19 in Olympic Village - CNN,4354,674
3031,2393,sport,sport,Irish gymnast jumps on Olympic Village cardboard bed to debunk 'anti-sex fake news - CNN,2673,416
3032,2394,sport,sport,Soul Cap: EU politicians urge Olympics to lift 'exclusionary' ban on swim cap for natural Black hair - CNN,3572,570
3033,2395,news,australia,Katie Hopkins: Australia to deport British columnist after Covid quarantine breach - CNN,2145,322
3034,2396,sport,sport,Tokyo Olympics: Six British athletes forced to self-isolate after contact with Covid case on flight to Games - CNN,3239,520
3035,2397,news,europe,Havana Syndrome reported among US diplomats in Vienna - CNN,2781,423
3036,2398,sport,sport,Mark Spitz: Seven ways to survive the Olympic Games - CNN,5211,955
3037,2399,news,europe,"Kurt Westergaard, cartoonist whose depiction of Mohammed sparked outrage, dead at 86 - CNN",2151,341
3038,2400,sport,sport,"NBA Finals: Bucks rally past Suns, take 3-2 lead - CNN",3915,671
3039,2401,news,europe,British Open Golf Tournament Fast Facts - CNN,2403,405
3040,2402,sport,football,Germany's Olympic soccer team walks off the pitch during friendly match over alleged racial abuse - CNN,2298,363
3041,2403,sport,sport,"Laurel Hubbard: IOC backs transgender weightlifter's selection for Tokyo, says to review rules later - CNN",2841,436
3042,2404,news,europe,Tour de France Fast Facts - CNN,3795,627
3043,2405,sport,motorsport,Lewis Hamilton wins British Grand Prix after high-speed collision withMax Verstappen - CNN,3051,481
3044,2406,sport,golf,Jazz Janewattananond hits bunker shot from knees -- and posts video on social media showing he'd practiced it beforehand - CNN,1631,277
3045,2407,sport,sport,Missing Ugandan Olympic hopeful left note saying he wants to work in Japan  - CNN,2387,400
3046,2408,sport,football,Qatar's Ras Abu Aboud stadium is the first built in World Cup history that was meant to be torn down - CNN,5956,952
3047,2409,sport,sport,Tadej Pogacar: Slovenian cycling sensation clinches second Tour de France victory - CNN,4693,766
3048,2410,sport,sport,"Tokyo 2020: The Japanese superfan who spent $40,000 on Olympics tickets - CNN",3841,663
3049,2411,news,europe,Europe floods: Desperate search for survivors after 'catastrophe of historic proportion' - CNN,14677,2328
3050,2412,sport,golf,"Louis Oosthuizen: Sun, sea and golf and the challenge of playing in gusty wind, unforgiving rough and blind shots - CNN",5329,923
3051,2413,news,europe,"Europe flooding: Record rainfall leaves over 120 dead in western Europe, devastating parts of Germany - CNN",15364,2407
3052,2414,sport,sport,Blue Jays will return to Toronto July 30 after getting Covid-19 exemption - CNN,1700,264
3053,2415,sport,football,Tyrone Mings calls out UK Home Secretary Priti Patel over 'gesture politics' comment on taking the knee in Euro 2020 fallout - CNN,8585,1428
3054,2416,sport,sport,First case of Covid-19 reported at Tokyo Olympic Athletes Village - CNN,2562,399
3055,2417,sport,sport,"Australian and WNBA star Liz Cambage withdraws from Olympics, citing mental health - CNN",4109,682
3056,2418,sport,sport,Mark Spitz: 'Somebody someday' can beat Michael Phelps' Olympic record - CNN,14515,2455
3057,2419,news,europe,"Germany flooding: huge rescue effort in Rhineland-Palatinate as deadly floods also hit Belgium, Netherlands, Luxembourg  - CNN",14549,2283
3058,2420,sport,football,Jason Sudeikis: Actor shows support for racially abused England soccer players  - CNN,3319,537
3059,2421,sport,sport,FINA to review use of Afro swim cap at competition level after facing criticism - CNN,3373,531
3060,2422,sport,motorsport,Max Verstappen says 'it doesn't make any difference' to be leading F1 championship - CNN,5586,985
3061,2423,sport,golf,"Bryson DeChambeau is 'living on the razor's edge,' but for now his driver 'sucks' at the Open - CNN",5629,990
3062,2424,news,uk,Meghan sets her sights on building a Netflix juggernaut - CNN,9772,1636
3063,2425,sport,golf,From 'unbelievable' to 'just brilliant': Rory McIlroy experiences the Open's lows and highs - CNN,5350,936
3064,2426,news,europe,"'Climate change has arrived,' European officials say, as deadly floods engulf entire towns - CNN",12066,1916
3065,2427,sport,sport,Team WNBA defeats Team USA 93-85 in 2021 WNBA All-Star Game - CNN,2010,341
3066,2428,news,europe,Cocaine disguised as charcoal worth up to $41 million seized by police - CNN,2993,469
3067,2429,sport,tennis,"Novak Djokovic says he will compete in Tokyo Olympics, Golden Slam still in play - CNN",1515,256
3068,2430,sport,sport,"NBA Finals: Bucks rally to defeat Suns, level series at 2-2 - CNN",2422,421
3069,2431,sport,motorsport,Charles Leclerc on why he is so protective of his brother: 'I start to think about all the bad scenarios that can happen' - CNN,8347,1448
3070,2432,sport,sport,Jewell Loyd: 'The Gold Mamba' is 'humbled and hungry' to compete at Tokyo 2020 - CNN,5778,996
3071,2433,news,europe,Climate change: EU unveils ambitious package as it cools on fossil fuels - CNN,7866,1267
3072,2434,news,europe,Northern Ireland Fast Facts - CNN,8800,1401
3073,2435,news,europe,Pope Francis leaves hospital after undergoing surgery - CNN,2244,353
3074,2436,sport,sport,Quade Cooper: Former Wallabies player denied Australian citizenship despite representing the country 70 times - CNN,2016,305
3075,2437,news,uk,Police seize record $249 million of cryptocurrency in UK - CNN,2425,371
3076,2438,sport,football,Christian Pulisic under fire from animal rights group following stunt involving vulnerable species  - CNN,3101,504
3077,2439,sport,football,"Euro 2020: Azzurri's victory over England caps Italian football's ""renaissance""  - CNN",5741,924
3078,2440,sport,motorsport,"Lando Norris: F1 star 'shaken' after watch stolen at Euro 2020 final, McLaren says - CNN",2932,482
3079,2441,sport,tennis,"Roger Federer pulls out of 2020 Olympics, citing knee injury - CNN",1766,280
3080,2442,news,europe,Unvaccinated health workers won't get paid in France - CNN,6479,1022
3081,2443,news,australia,Australian vaccine ad showing Covid patient gasping for air sparks backlash as country battles Delta variant - CNN,4149,640
3082,2444,news,europe,Georgia: Scuffles break out in Parliament over cameraman's death - CNN,5752,870
3083,2445,sport,football,English FA facing UEFA investigation over fan disorder at Euro 2020 final - CNN,3343,530
3084,2446,sport,sport,USADA wants fair cannabis rules as White House calls for meeting - CNN,1583,259
3085,2447,sport,sport,Tokyo Olympics labeled 'best ever prepared' by IOC president as athletes continue to arrive for Games - CNN,1856,302
3086,2448,news,europe,Scientists are trying to control lightning with a giant laser - CNN,6433,1088
3087,2449,news,europe,Viktor Orbán wants a Chinese university in Hungary. Opponents see a chance to turn his nationalist rhetoric against him - CNN,11208,1720
3088,2450,sport,football,Jack Grealish: England star hits back at penalty criticism: 'I wanted to take one!' - CNN,3413,565
3089,2451,sport,football,Euro 2020: England manager Gareth Southgate has shown the true value of leadership - CNN,9410,1543
3090,2452,sport,football,Euro 2020 final: Italy crowned champion after beating England on penalties - CNN,12572,2076
3091,2453,sport,sport,Bucks vs. Suns: Giannis Antetokounmpo says 'I'm no Michael Jordan after dominant Game 3 performance to keep NBA Finals hopes alive - CNN,2958,491
3092,2454,sport,football,"Bukayo Saka, Jadon Sancho, Marcus Rashford: racist abuse after Euro 2020 final condemned by Gareth Southgate - CNN",9528,1547
3093,2455,sport,sport,Conor McGregor feeling 'tremendous' after surgery on broken leg - CNN,1310,219
3094,2456,sport,football,Euro 2020: Azzurri makes triumphant return to Italy - CNN,2848,443
3095,2457,news,europe,Wimbledon Fast Facts - CNN,3505,584
3096,2458,sport,football,How to watch Euro 2020 and everything you need to know about the European tournament - CNN,4454,645
3097,2459,news,europe,Pope Francis delivers prayer from hospital window in his first public appearance after surgery - CNN,2341,368
3098,2460,sport,tennis,Tokyo Olympics: Novak Djokovic is a 'little bit divided' on playing at Games - CNN,1622,268
3099,2461,sport,football,"Copa America 2021 final: Argentina beats Brazil 1-0 
 - CNN",3612,596
3100,2462,news,europe,This is the fight Europe has needed for years  - CNN,9792,1604
3101,2463,sport,sport,Conor McGregor vs Dustin Poirier: Poirier wins by TKO after McGregor appears to suffer a broken leg or ankle - CNN,2315,391
3102,2464,sport,football,Euro 2020 final: 'Security breach' at Wembley Stadium as small group of people enters venue - CNN,3708,587
3103,2465,news,uk,"Brexit, shifting demographics and familiar tensions stoke divisions in Northern Ireland - CNN",15512,2593
3104,2466,sport,football,How to watch England vs Italy live - CNN,4403,637
3105,2467,sport,tennis,Wimbledon final: Novak Djokovic wins record-equaling 20th grand slam title - CNN,4059,697
3106,2468,sport,sport,Boxer Chris Eubank's son Sebastian dies in Dubai - CNN,2640,460
3107,2469,sport,football,Lionel Messi faces old friend Neymar in last bid for Copa America glory with Argentina - CNN,6061,979
3108,2470,sport,tennis,Ashleigh Barty becomes first Australian woman to win Wimbledon singles title in 41 years  - CNN,3432,596
3109,2471,news,europe,Pope Francis gradually resuming work and walking after his surgery - CNN,1796,272
3110,2472,sport,football,"Euro 2020: England fined over $35,000 for laser incident during semifinal win over Denmark - CNN",2940,462
3111,2473,sport,football,Queen Elizabeth sends 'good wishes' to Gareth Southgate ahead of the Euro 2020 final - CNN,1634,262
3112,2474,sport,sport,Nick Kyrgios pulls out of Tokyo Olympics citing empty stadiums and injury - CNN,2372,379
3113,2475,sport,tennis,Novak Djokovic reaches Wimbledon final after beating Denis Shapovalov - CNN,3508,598
3114,2476,sport,tennis,Matteo Berrettini beats Hubert Hurkacz to become first Italian man to reach a Wimbledon final - CNN,5219,926
3115,2477,sport,sport,Olympics memorabilia: Rare pair of track spikes handmade by Nike co-founder set to fetch up to $1.2 million at auction - CNN,2652,434
3116,2478,news,europe,Swedish plane crash kills eight skydivers and pilot - CNN,1941,316
3117,2479,news,europe,"Spanish, Lithuanian leaders press conference interrupted by jet fighter scramble - CNN",2387,372
3118,2480,sport,sport,"NBA Finals: Suns overcome Giannis Antetokounmpo's 42, grab 2-0 lead - CNN",5086,870
3119,2481,news,uk,Prince William faces a test in Sunday's European football final  - CNN,7878,1331
3120,2482,news,europe,Norway Terror Attacks Fast Facts - CNN,5366,874
3121,2483,news,europe,Sarah Everard: London officer pleads guilty to murder of marketing executive - CNN,4672,756
3122,2484,sport,sport,Mark Cavendish: British cyclist equals Eddy Merckx's Tour de France record  - CNN,1771,311
3123,2485,news,europe,A hate-filled attack made a grandson of Holocaust survivors understand their experience a little more. But he decided to buck their advice  - CNN,7437,1227
3124,2486,sport,football,England reaches first major final since 1966 after win over Denmark in Euro 2020 - CNN,6738,1127
3125,2487,news,europe,Ukraine to give female soldiers 'more comfortable' heels after sexism controversy - CNN,2625,409
3126,2488,news,europe,European Union urged to punish Hungary over law criticized as homophobic - CNN,3164,484
3127,2489,sport,sport,Tokyo venues for Olympics will have no spectators; Games will be held under a state of emergency  - CNN,4906,790
3128,2490,news,europe,Xavier Bettel: Luxembourg Prime Minister leaves hospital after Covid-19 treatment - CNN,1477,223
3129,2491,sport,golf,Georgia Oboh: Nigeria's first Ladies European Tour player - CNN,5846,1041
3130,2492,sport,tennis,Naomi Osaka says the press conference format is in 'great need of a refresh' - CNN,4283,715
3131,2493,sport,tennis,Ashleigh Barty reaches first Wimbledon final with emphatic victory over Angelique Kerber - CNN,4273,737
3132,2494,sport,tennis,Roger Federer knocked out of Wimbledon by Hubert Hurkacz at quarterfinal stage - CNN,3274,553
3133,2495,sport,sport,NBA Finals: Chris Paul puts in historic performance as the Phoenix Suns beat the Milwaukee Bucks in Game 1 - CNN,3518,611
3134,2496,news,europe,"UK's Covid lockdown is lifting, but many are scared to go back to normal life - CNN",14870,2496
3135,2497,sport,tennis,Naomi Osaka: Netflix launches trailer for new documentary series on tennis superstar - CNN,2211,370
3136,2498,sport,football,Coldstream Guards play 'Three Lions' on Prince Charles' lawn ahead of England vs Denmark game - CNN,1577,250
3137,2499,sport,football,Italy wins dramatic penalty shootout against Spain to reach Euro 2020 final - CNN,9349,1529
3138,2500,news,europe,Samuel Luiz: Spanish police arrest three over suspected homophobic killing - CNN,2335,394
3139,2501,sport,football,Copa América: Argentina defeats Colombia on penalties to reach final - CNN,2654,446
3140,2502,news,europe,Peter R. de Vries: Dutch crime reporter fighting for his life after shooting - CNN,4194,658
3141,2503,sport,sport,"Sha'Carri Richardson left off US Olympic track team though her suspension ends before relay event,  - CNN",3126,526
3142,2504,news,europe,An American lawyer went on a lunch date in Moscow. Now he's languishing in a jail cell in Belarus   - CNN,8435,1389
3143,2505,news,europe,Ukrainian army's decision to make female soldiers march in high heels sparks backlash - CNN,3603,550
3144,2506,sport,tennis,Emma Raducanu vows to 'come back stronger' after dream run at Wimbledon ends - CNN,5562,944
3145,2507,news,europe,Methamphetamine in waterways may be turning trout into addicts - CNN,3682,567
3146,2508,news,europe,Austrian man bitten by python while sitting on the toilet - CNN,1386,237
3147,2509,sport,sport,NBA Finals 2021: How to watch as the Phoenix Suns and Milwaukee Bucks face off - CNN,4224,730
3148,2510,news,europe,"Spain says non-consensual sex is rape, toughens sexual violence laws
 - CNN",2614,401
3149,2511,sport,sport,Gail Devers: Three-time Olympic gold medalist on how Graves' disease 'made me who I am' - CNN,6804,1155
3150,2512,sport,sport,Jessica Springsteen set to make Olympic debut with US equestrian jumping team - CNN,1768,301
3151,2513,sport,motorsport,2021 Australian F1 Grand Prix and MotoGP race canceled - CNN,1119,180
3152,2514,sport,football,"Copa América: 'I want Argentina,' says Neymar, as Brazil goes through to 2021 final - CNN",2948,475
3153,2515,news,europe,Russian plane crashes with 28 passengers onboard - CNN,2136,328
3154,2516,sport,tennis,Ashleigh Barty powers into Wimbledon semifinals with ease - CNN,2665,450
3155,2517,sport,sport,"Matiss Kivlenieks, NHL goaltender, dead at 24 from fireworks accident at coach's house - CNN",4497,717
3156,2518,news,europe,Xavier Bettel: Luxembourg prime minister in 'serious but stable' condition in hospital with Covid-19 - CNN,2703,408
3157,2519,news,uk,Jewish man abused twice in one evening on London public transportation - CNN,2621,421
3158,2520,sport,sport,"Terry Donahue, former UCLA football coach, dies at 77 - CNN",1860,311
3159,2521,news,uk,Boris Johnson sets out plan to scrap England's lockdown in big Covid-19 gamble - CNN,7843,1248
3160,2522,sport,football,Euro 2020: Staging semis and final in London is 'recipe for disaster.' Is football -- and Covid-19 spike -- coming home? - CNN,8586,1379
3161,2523,news,europe,Medecins Sans Frontieres says Mediterranean rescue mission blocked after ship seizure in Italy - CNN,2691,432
3162,2524,news,europe,LGBTQ campaigner 'happy to be alive' after attack on Pride march offices in Georgia - CNN,3333,510
3163,2525,news,uk,"Kate, Duchess of Cambridge, forced to self-isolate after Covid-19 contact - CNN",2431,390
3164,2526,sport,sport,Israel Folau makes shock rugby union return after signing for Japanese side Shining Arcs - CNN,1582,245
3165,2527,news,europe,"Neanderthals engraved a deer bone more than 50,000 years ago - CNN",6369,1012
3166,2528,sport,sport,"NBA: Bucks head to finals, Phoenix after slamming Hawks - CNN",3795,650
3167,2529,news,europe,Pope Francis has surgery for colon diverticulitis - CNN,1491,221
3168,2530,sport,sport,Laurel Hubbard's Olympic dream has sparked an existential debate about what it means to be female - CNN,14331,2289
3169,2531,sport,motorsport,Austrian Grand Prix: Max Verstappen cruises to third successive GP victory - CNN,3389,559
3170,2532,news,europe,Cyprus wildfires leave at least four dead in 'unprecedented tragedy' - CNN,1867,282
3171,2533,sport,sport,Sha'Carri Richardson promises on Twitter to be world champion... next year. - CNN,2964,496
3172,2534,news,uk,"Face masks will be a 'personal choice' in England, says UK minister - CNN",4477,749
3173,2535,news,uk,Prince Charles reveals songs which give him 'an irresistible urge to get up and dance' - CNN,2255,378
3174,2536,sport,sport,Tokyo 2020: Two Namibian Olympic medal contenders ruled ineligible for women's 400m due to naturally high testosterone levels - CNN,2711,405
3175,2537,sport,football,England powers past Ukraine to reach semifinals of Euros for first time in 25 years - CNN,4906,796
3176,2538,news,europe,"Vatican indicts 10 people, including a cardinal, over an international financial scandal - CNN",2762,408
3177,2539,sport,tennis,Emma Raducanu: 18-year-old Briton's remarkable run at Wimbledon gathers pace - CNN,2379,395
3178,2540,sport,motorsport,Lewis Hamilton extends Mercedes contract to 2023 - CNN,2554,417
3179,2541,news,australia,Australian state officials report biggest daily Covid-19 caseload this year - CNN,2336,373
3180,2542,news,uk,Harry and William are working together again - CNN,12245,2046
3181,2543,sport,football,Euro 2020: Spain beats Switzerland in nail-biting penalty shootout to reach semifinals  - CNN,3700,600
3182,2544,sport,football,Italy knocks out Belgium in Euro 2020 thriller to advance to semifinals - CNN,5513,916
3183,2545,news,europe,Neutral Switzerland plans to buy dozen of US F-35 fighter jets - CNN,5347,827
3184,2546,sport,sport,Sha'Carri Richardson suspended from US Olympic team after testing positive for marijuana - CNN,3883,632
3185,2547,sport,football,UK residents' tickets cancelled for Ukraine v England match at Italy's request  - CNN,3325,521
3186,2548,sport,sport,"Gwen Berry: Asked about protesting if she reaches Olympic podium, athlete says, 'We'll see' - CNN",4958,832
3187,2549,sport,sport,Karsten Warholm: Norwegian breaks men's 400m hurdles world record - CNN,2838,484
3189,2550,news,europe,US adds Turkey to list of countries implicated in use of child soldiers - CNN,4125,669
3191,2551,sport,sport,Abhimanyu Mishra: 12-year-old becomes youngest grandmaster in chess history - CNN,2325,370
3192,2552,news,europe,EU plans to end caged animal farming  - CNN,2132,335
3193,2553,sport,football,Euro 2020: Belgium vs. Italy headlines enthralling quarterfinals - CNN,8518,1375
3194,2554,sport,football,"Olivia Moultrie, 15, makes history by signing with NWSL's Portland Thorns - CNN",2710,455
3195,2555,news,europe,Eastern Europe was once a world leader on gay rights. Then it ran out of scapegoats - CNN,10300,1634
3196,2556,news,europe,July 21 2005 London Bombings Fast Facts - CNN,3906,638
3197,2557,sport,sport,Chris Paul inspires Phoenix Suns to first NBA Finals since 1993  - CNN,1764,287
3198,2558,news,uk,Cat attacks: Man found guilty of stabbing 16 pets - CNN,3017,497
3199,2559,news,europe,Turkey formally quits treaty to prevent violence against women - CNN,2921,430
3200,2560,sport,sport,Semenya's Tokyo bid ends as qualifying deadline passes - CNN,2009,333
3201,2561,news,europe,US veterans launch dig for missing World War II airmen in England - CNN,4273,741
3202,2562,sport,sport,"Paralympics: David Brown, world's fastest blind athlete, says 'possibilities are endless on how fast we can go' - CNN",6801,1205
3203,2563,sport,football,"Transfer deadline day: Spending on international transfers nearly tripled in 10 years, FIFA says - CNN",2461,391
3204,2564,sport,sport,"Paralympian says he had to be pulled through White House kitchen lift because ""they didn't have an elevator"" - CNN",4224,731
3205,2565,sport,tennis,PTPA: Players' association co-founded by Novak Djokovic has momentum but still divides opinion - CNN,8342,1392
3206,2566,news,europe,Houses of Parliament (Great Britain) Fast Facts - CNN,4502,706
3207,2567,sport,football,"Lionel Messi makes Paris Saint-Germain debut, but Kylian Mbappé is the star of the show - CNN",2523,427
3208,2568,sport,sport,"Brad Snyder: Paralympic gold medalist, who was blinded in Afghanistan, questions US' 'war on terror' - CNN",5538,957
3209,2569,sport,sport,Avani Lekhara becomes first Indian woman to win Paralympic gold - CNN,2706,465
3210,2570,sport,golf,BMW Championship: Patrick Cantlay shows nerves of steel to win on sixth sudden-death hole - CNN,2223,391
3211,2571,sport,motorsport,Belgian Grand Prix: Max Verstappen wins rainswept 'farce' - CNN,4077,693
3212,2572,sport,football,Manchester City smashes Arsenal 5-0 as Gunners drop to bottom of Premier League - CNN,5070,879
3213,2573,sport,sport,"Jacques Rogge, former IOC president, dies at 79 - CNN",2858,453
3214,2574,sport,sport,"Meet Anastasia Pagonis, the 17-year-old swimmer who won gold at the Paralympics - CNN",5342,919
3215,2575,news,europe,Europe's disunity and lack of trust imperil the continent's future  - CNN,9722,1622
3216,2576,sport,tennis,Andy Murray: Tennis star says players 'have a responsibility' to get the vaccine  - CNN,2304,388
3217,2577,sport,sport,"How to watch Jake Paul vs Tyron Woodley: Time, odds and things to know - CNN",2363,377
3218,2578,sport,sport,NBA Covid-19 vaccinations: Mandatory for referees and others who work with players - CNN,2593,410
3219,2579,sport,sport,Haley Carter: How a 'ragtag group' helped evacuate the Afghanistan national women's football team from the country - CNN,11555,1891
3220,2580,sport,tennis,Naomi Osaka says there's things she 'did wrong' during her 2021 French Open exit - CNN,2964,521
3221,2581,news,europe,"Greece: Freighter sinks after hitting Greek islets, all 16 crew rescued - CNN",830,136
3222,2582,sport,football,Meet the 16-year-old supplying Premier League stars with rare sneakers - CNN,6081,1046
3223,2583,sport,sport,"Two Afghan athletes arrive from Kabul to Tokyo, International Paralympic Committee confirms - CNN",3071,468
3224,2584,sport,sport,Tatyana McFadden: 17-time Paralympic medalist happy to be back after 'scariest moment of career'  - CNN,6466,1123
3225,2585,sport,sport,Overcoming tragedy to become Kenya's first female rower at the Tokyo Paralympics - CNN,1339,221
3226,2586,sport,football,"Juventus: Cristiano Ronaldo wants to leave, says manager Massimiliano Allegri - CNN",3460,566
3227,2587,sport,golf,"BMW Championship: Rory McIlroy, Jon Rahm and Sam Burns share three-way lead at 'brutal' BMW Championship - CNN",3968,707
3228,2588,sport,football,Benjamin Mendy: Manchester City defender remanded in custody for two weeks - CNN,1369,216
3229,2589,sport,sport,"Abbas Karimi fled Afghanistan at age 16, now he's representing the Refugee Paralympic Team at Tokyo 2020 - CNN",10216,1868
3230,2590,sport,football,Cristiano Ronaldo set for Manchester United return after agreement reached  - CNN,3486,573
3231,2591,news,europe,Man arrested after food injected with needles at supermarkets - CNN,1585,233
3232,2592,sport,football,Champions League draw: Paris Saint-Germain pitted against Manchester City in groups - CNN,3392,532
3233,2593,sport,tennis,Both Serena Williams and Venus Williams will miss the US Open - CNN,2265,389
3234,2594,news,europe,Dmitry Medvedev Fast Facts - CNN,3827,599
3235,2595,sport,football,Benjamin Mendy: Manchester City defender charged with four counts of rape and one count of sexual assault - CNN,1126,174
3236,2596,sport,football,Pep Guardiola says he plans to leave Manchester City in 2023 as Harry Kane says he's staying at Spurs - CNN,2917,489
3237,2597,sport,sport,"Beatrice de Lavalette lost her legs in a terror attack. Now, she's competing in the Paralympics  - CNN",7439,1347
3238,2598,sport,sport,Sarah Storey wins 15th Paralympic gold medal in Tokyo  - CNN,2028,357
3239,2599,news,australia,Australia reports record Covid-19 cases as Sydney hospitals set up emergency tents - CNN,3522,551
3240,2600,sport,sport,"Eliud Kipchoge: Can't move forward without embracing technology, says Olympic champion - CNN",3051,493
3241,2601,sport,football,FIFA and other football bodies awarded more than $200M following corruption investigation  - CNN,2565,378
3242,2602,sport,sport,Tokyo Paralympics: Australia's Paige Greco wins first gold as Japan battles Covid increase - CNN,3737,578
3243,2603,sport,football,Premier League clubs will not release players for international games in UK's red-list countries - CNN,4807,738
3244,2604,sport,sport,The US Open will offer mental health services to athletes this year - CNN,2648,433
3245,2605,news,europe,2020 was Europe's hottest year on record - CNN,10210,1629
3246,2606,sport,football,"Real Madrid submit $188 million bid for PSG star Kylian Mbappé, according to reports - CNN",2082,349
3247,2607,news,europe,Attempted murder probe after seven poisoned at university - CNN,1744,267
3249,2608,sport,sport,South Korea: Paralympic basketball team inspired by coach who died of cancer - CNN,6658,1136
3250,2609,sport,tennis,"U.S. Open to offer record overall purse, winners' payout down - CNN",1508,250
3251,2610,news,australia,Frisky venomous sea snakes are confusing divers for their mates - CNN,3341,544
3252,2611,sport,sport,What is RPC? Here's what to know about Russia and the Paralympics - CNN,4062,635
3253,2612,news,europe,Ramstein nurse recalls delivering baby on Afghanistan evacuation aircraft - CNN,4457,754
3254,2613,sport,sport,"Jimmy Hayes: Former NHL player dies aged 31, months after the birth of his son
 - CNN",3140,516
3255,2614,news,europe,"Germany floods were up to 9 times more likely because of climate change, study estimates - CNN",11173,1804
3256,2615,sport,sport,How does the Paralympic classification system work? - CNN,4614,699
3257,2616,sport,golf,"Tony Finau wins Northern Trust, his first victory in 1,975 days - CNN",3598,627
3258,2617,sport,sport,The Tokyo Paralympics may see a record-high number of LGBTQ athletes - CNN,3550,574
3259,2618,sport,sport,Paralympics 2020: Afghanistan flag to feature in opening ceremony as a show of 'solidarity'  - CNN,7685,1266
3260,2619,sport,sport,Paralympic Games officially begin with vibrant Opening Ceremony - CNN,5503,890
3261,2620,news,europe,US veteran reunited with Italian siblings he almost shot in World War II - CNN,3796,638
3262,2621,sport,golf,Northern Trust could run into Tuesday to ensure 72 holes played after delay from Tropical Storm Henri - CNN,2763,458
3263,2622,sport,sport,Diederick Schelfhout: Paralympian on fighting for his career after a life-changing motorcycle accident - CNN,10988,1974
3264,2623,news,australia,Australian Prime Minister hints at end to 'Covid zero' - CNN,3309,510
3265,2624,sport,football,New Zealand Football reviews 'All Whites' nickname as part of cultural inclusivity project  - CNN,2098,345
3266,2625,sport,football,Nice vs. Marseille: French top-flight league match abandoned after fans invade pitch and clash with players - CNN,5496,902
3267,2626,news,australia,Covid protests: Australia suffers its worst day of pandemic amid raging Delta variant outbreak - CNN,5370,840
3268,2627,sport,sport,Becca Meyers: US Paralympian swimmer heartbroken after pulling out of Tokyo Games because her mom can't be there as care assistant - CNN,4559,780
3269,2628,sport,sport,Elaine Thompson-Herah: Olympic champion runs second fastest women's 100m of all time - CNN,1739,261
3270,2629,sport,sport,"Rod Gilbert, also known as 'Mr. Ranger,' has died - CNN",2355,408
3271,2630,sport,football,Pele brings sporting stars together for charity auction - CNN,3418,562
3272,2631,sport,golf,Anna Nordqvist holds her nerve to win Women's Open - CNN,2309,395
3273,2632,sport,sport,Miguel Cabrera: Detroit Tigers first baseman becomes the 28th player to join the 500 home run club - CNN,1527,269
3274,2633,sport,golf,Hideki Matsuyama: Ball hit by 2021 Masters champion lands in spectator's shirt - CNN,2815,474
3275,2634,sport,sport,Afghanistan's first female Olympian says women will not give up their liberties easily - CNN,22953,3731
3276,2635,news,europe,"Greece finishes wall on border with Turkey, amid fears of Afghan migrant crisis - CNN",3754,582
3277,2636,sport,football,"Cristiano Ronaldo has 'told me that he's staying,' says Juventus coach Massimiliano Allegri - CNN",3466,565
3278,2637,sport,football,"Harvey Elliott: 'Everybody wants to talk' about the 18-year-old midfielder, says Liverpool manager Jurgen Klopp - CNN",2691,436
3279,2638,sport,football,Euro 2020 final at Wembley was a 'superspreader' event - CNN,2526,418
3280,2639,sport,sport,All Blacks cancel fixtures against Australia and South Africa due to Covid-19 travel restrictions - CNN,3682,584
3281,2640,news,europe,Beslan School Siege Fast Facts - CNN,3352,544
3282,2641,sport,tennis,Naomi Osaka exits Western & Southern Open but says she can 'sleep at night' - CNN,2134,370
3283,2642,news,europe, As Joe Biden walks America away from the world stage Europe is left exposed - CNN,9397,1550
3284,2643,sport,tennis,Stefanos Tsitsipas: Greek government pushes back on tennis star's vaccine comments - CNN,2346,387
3285,2644,sport,tennis,"Rafael Nadal pulls out of US Open with foot injury, will miss remainder of 2021 - CNN",2544,456
3286,2645,news,uk,Analysis: Princess Beatrice is refreshingly honest about her learning difficulty. Here's why it matters - CNN,11538,1904
3287,2646,sport,football,Khalida Popal: Former Afghanistan football captain speaks out on her country's fall to the Taliban - CNN,44170,7195
3288,2647,sport,sport,"Success of Suni Lee, Jay Litherland and Justine Wong-Orantes at Tokyo 2020 reflects long, hard fight for Asian-American athletes - CNN",9623,1547
3289,2648,sport,sport,Patrick Flanagan: Paralympic athlete 'gutted' after wheelchair was 'broken' on the way to Tokyo - CNN,2830,482
3290,2649,sport,football,"Zaki Anwari: Afghan youth national footballer was one of the victims that fell from US military aircraft, says Afghan Sports Director  - CNN",2009,322
3291,2650,sport,tennis,Naomi Osaka reflects on her tennis career after 'seeing the state of the world' - CNN,3361,567
3292,2651,sport,sport,Maria Andrejczyk: Polish javelin thrower auctions Tokyo 2020 silver medal to help 8-month-old get heart surgery - CNN,2517,407
3293,2652,sport,football,Cristiano Ronaldo says he 'can't allow people to keep playing around with my name' - CNN,3934,652
3294,2653,sport,sport,"Paralympics: Afghan turmoil shattering dream of trapped athletes is 'heartbreaking,' says IPC chief - CNN",2434,398
3295,2654,sport,golf,The art of caddying: What makes a good golfing companion? - CNN,9638,1685
3296,2655,sport,motorsport,Japanese GP: 2021 edition canceled amid ongoing coronavirus crisis - CNN,1122,175
3297,2656,sport,tennis,Dominic Thiem: Defending champion to miss US Open and rest of 2021 season due to wrist injury - CNN,2597,475
3298,2657,sport,sport,Las Vegas Raiders will require fans to provide proof of Covid-19 vaccination at home games - CNN,3867,645
3299,2658,sport,tennis,Naomi Osaka: Tennis player pauses press conference in tears after exchange with reporter - CNN,8398,1449
3300,2659,sport,sport,Tim Tebow released by Jacksonville Jaguars after brief experiment at tight end - CNN,1838,299
3301,2660,sport,football,"Son Heung-Min: No Harry Kane, no problem as Tottenham Hotspur stuns Manchester City in Premier League - CNN",3082,506
3302,2661,sport,tennis,Stefanos Tsitsipas refuses to take vaccine unless it becomes mandatory on tour - CNN,1383,226
3303,2662,sport,sport,Tokyo Paralympics to have no spectators as Covid-19  - CNN,2335,362
3304,2663,sport,football,Carli Lloyd: United States Women's National Team great to retire from football - CNN,4732,822
3305,2664,sport,tennis,Roger Federer will miss US Open after announcing knee surgery - CNN,1945,340
3306,2665,sport,sport,Connor Fields says he suffered brain shearing and bleeding after BMX crash - CNN,1596,271
3307,2666,news,europe,Turkey floods: Death toll rises to 58 - CNN,1550,242
3308,2667,sport,football,Barcelona starts life without Lionel Messi with a thrilling win  - CNN,3056,513
3309,2668,news,europe,Coronavirus has created the perfect conditions for a full-scale war on truth  - CNN,6878,1121
3310,2669,sport,sport,Toutai Kefu: Former Australian rugby player and family attacked in Brisbane home - CNN,3607,593
3311,2670,sport,sport,Muhammad Ali's grandson marks professional boxing debut with a win - CNN,5040,863
3312,2671,sport,sport,Tyler Gilbert: Arizona Diamondbacks pitcher throws a no-hitter in his first career big league start - CNN,1708,275
3313,2672,sport,tennis,Naomi Osaka to donate prize money to Haitian earthquake relief efforts - CNN,1273,212
3314,2673,sport,football,"Gerd Müller: Legendary Bayern Munich striker mourned after death, aged 75 - CNN",3741,620
3315,2674,sport,football,Homophobic chanting mars Liverpool's win against Norwich City in Premier League - CNN,4579,713
3316,2675,news,uk,Plymouth shooter was a misogynist whose remarks echoed the 'incel' ideology  - CNN,5186,844
3317,2676,news,europe,"Sarah Rainsford, the BBC's Moscow correspondent, says Russia told her to never return - CNN",4193,661
3318,2677,news,australia,Australia coronavirus: More military personnel deployed to Sydney as entire state locks down - CNN,3510,534
3319,2678,sport,football,Manchester United signs Raphaël Varane; thumps Leeds United as Bruno Fernandes scores hat-trick - CNN,2909,456
3320,2679,sport,football,Rwanda President Paul Kagame says 'we must not excuse or accept mediocrity' after Arsenal beaten by Brentford - CNN,6098,954
3321,2680,news,europe,"Russian plane fighting wildfires crashes in Turkey, killing all 8 crew members on board - CNN",1805,298
3322,2681,news,europe,"Belarus floods the European Union with migrants, taking a page out of Putin's playbook - CNN",9110,1472
3323,2682,news,uk,"Plymouth shooting: Attacker identified after five killed in rare mass shooting in England
 - CNN",6020,970
3324,2683,sport,football,Premier League: $138m Jack Grealish transfer shows it's business as usual for top-flight elite - CNN,7513,1255
3325,2684,sport,sport,Olympics to replace Japanese athlete's gold medal after mayor bites into it - CNN,3095,502
3326,2685,news,uk,The civil suit against Prince Andrew has wider implications for the royal family - CNN,11953,1964
3327,2686,sport,sport,Chijindu Ujah: Olympic silver medalist provisionally suspended for doping violation - CNN,2598,415
3328,2687,sport,football,Romelu Lukaku: Chelsea re-signs Belgium star in reported club-record deal - CNN,3560,598
3329,2688,sport,football,"Alphonso Davies: Bayern star talks NFTs, TikTok, early success and the future  - CNN",10044,1717
3330,2689,sport,sport,Australian Olympians forced to undergo 'double quarantine' of almost a month on return home - CNN,3582,565
3331,2690,sport,football,Brentford FC: Ditching Manchester United to support my local team. Now they're in the Premier League - CNN,8747,1426
3332,2691,sport,sport,Hansle Parchment thanks volunteer who helped him reach semifinal - CNN,2386,405
3333,2692,news,europe,Sicily heat wave: Italy may have hit Europe's hottest day on record - CNN,4357,689
3334,2693,sport,football,UEFA Super Cup: Chelsea defeat Villarreal  - CNN,3191,534
3335,2694,sport,sport,These African athletes made history at Tokyo 2020 - CNN,649,101
3336,2695,news,europe,Alexander Lukashenko - CNN,9837,1462
3337,2696,news,europe,Millionaire Russian politician shoots man he says he mistook for bear - CNN,2450,398
3338,2697,sport,golf,JR Smith: Two-time NBA champion heads to college with eyes set on playing golf - CNN,2814,495
3339,2698,sport,football,Lionel Messi tells CNN he believes PSG is the best place for him to win UCL again - CNN,5621,971
3340,2699,news,europe,"Russia helicopter crash: Eight feared dead in Kamchatka peninsula
 - CNN",2085,339
3341,2700,news,uk,Who is Prince Andrew? The 'spare heir' facing a sexual abuse lawsuit - CNN,9313,1527
3342,2701,sport,sport,Barbie condemned after releasing 'inclusive' Tokyo Olympics collection without visible Asian representation  - CNN,3586,549
3343,2702,news,europe,Facebook removes Russian network that targeted influencers to peddle anti-vax messages - CNN,4147,622
3344,2703,sport,football,Lionel Messi says PSG move is a 'possibility' as he bids tearful farewell to Barcelona - CNN,4072,724
3345,2704,news,europe,German nurse accused of swapping Covid-19 vaccines with saline solution - CNN,3087,474
3346,2705,news,europe,Germany arrests British embassy worker accused of spying for Russia - CNN,1297,191
3347,2706,sport,sport,Neeraj Chopra's javelin victory delivers India its first Olympic gold medal in track and field - CNN,1672,284
3348,2707,news,europe,Greece wildfires: Country faces 'disaster of unprecedented proportions'  - CNN,10617,1691
3349,2708,sport,football,Lionel Messi signs two-year contract with Paris Saint-Germain - CNN,3558,605
3350,2709,news,australia,Baby dies in Australia after magpie swooping attack - CNN,2871,473
3351,2710,sport,sport,India just had its best ever Olympics. Many hope its success will usher in a new era of Indian sport  - CNN,5698,925
3352,2711,sport,sport,QB Lamar Jackson noncommittal about Covid-19 vaccine after contracting virus twice - CNN,2907,510
3353,2712,news,australia,Australia expands Covid-19 lockdown as Sydney records its highest daily case count - CNN,3445,541
3354,2713,news,australia,Australia's Parliament House graffitied after release of IPCC climate change report - CNN,3362,513
3355,2714,sport,sport,Team USA wins gold in men's basketball for the fourth Olympics in a row - CNN,2785,501
3356,2715,sport,sport,Olivia Podmore: Former New Zealand Olympic cyclist dies aged 24 - CNN,2663,429
3357,2716,sport,sport,Team USA tops Olympic medal table as closing ceremony wraps Tokyo 2020  - CNN,2363,389
3358,2717,sport,golf,Kim Si Woo finds water five times on one hole to set unwanted landmark PGA Tour score - CNN,2150,385
3359,2718,news,australia,Australian soldier injured after crocodile attack in Queensland - CNN,1820,283
3360,2719,sport,sport,Colorado Rockies backtrack and say fan did not yell racial slurs at Sunday's game - CNN,1980,324
3361,2720,sport,sport,Paris 2024: French capital takes up the Olympic baton - CNN,6702,1081
3362,2721,sport,golf,"Collin Morikawa: Fresh off second major victory at the Open, US golfer relishing chance to represent Team USA at Tokyo 2020 - CNN",5443,972
3363,2722,sport,motorsport,Ana Carrasco broke her back after a 'stupid' crash. Eight months later she raced to victory - CNN,7733,1382
3364,2723,sport,sport,Anders Mol and Christian Sørum: World No. 1 men's beach volleyball duo on rising through the ranks ahead of Tokyo 2020 - CNN,11466,2059
3365,2724,news,europe,"Belarus president Alexander Lukashenko denies repression, accuses US of 'lawlessness' - CNN",3662,538
3366,2725,sport,sport,"Eliud Kipchoge is the 'greatest of all time ... in any sport,' says leading performance coach  - CNN",3132,523
3367,2726,sport,sport,Bobby Bowden: Legendary Florida State University football coach dies at 91 - CNN,4026,676
3368,2727,news,europe,Enrico Letta Fast Facts - CNN,2212,322
3369,2728,sport,sport,NBA Wizards-Pacers Summer League game postponed due to Covid-19 health and safety protocols - CNN,837,131
3370,2729,sport,sport,Athletes enter 'Faustian bargain' over track and shoe tech developments - CNN,6869,1140
3371,2730,sport,sport,What's next for gymnastics great Simone Biles? - CNN,8299,1347
3372,2731,sport,sport,Kim Raisner: Germany's modern pentathlon coach disqualified from Olympics for hitting horse - CNN,3538,588
3373,2732,news,europe,"'Trainspotting' turned a spotlight on Scotland's heroin problem. 25 years on, it's Europe's drug death capital - CNN",8146,1313
3374,2733,sport,sport,Allyson Felix becomes most decorated US track and field athlete in Olympics history - CNN,2516,421
3375,2734,sport,sport,Ponytails and smiles: Pervasive language keeps sexism in Olympic sport at play - CNN,85745,13954
3376,2735,news,europe,Snickers pulls Spanish advert after homophobia accusations - CNN,3135,511
3377,2736,news,europe,Blaze sweeps through Athens suburbs in fifth day of Greece wildfires - CNN,9202,1480
3378,2737,sport,sport,"Jessica Springsteen, Bruce Springsteen's daughter, wins silver medal in equestrian team jumping final - CNN",1828,304
3379,2738,sport,sport,Sky Brown: 13-year-old bronze medalist on empowering a new generation of skateboarders - CNN,3911,670
3380,2739,news,uk,Boris Johnson continued Scotland trip despite official testing positive for Covid-19  - CNN,3993,667
3381,2740,sport,sport,"Valentino Rossi calls time on MotoGP, looks to cars - CNN",3598,654
3382,2741,sport,football,Juventus apologize for racist post shared on their women's team Twitter feed - CNN,2567,386
3383,2742,sport,sport,Jamaica sprinters: 'I think we represent the hope of so many girls from the country' - CNN,8457,1464
3384,2743,sport,sport,Janja Garnbret becomes first woman to win a climbing gold medal at the Olympics - CNN,4243,691
3385,2744,sport,sport,Kristina Timanovskaya: Two Belarus coaches stripped of accreditation by IOC and removed from Olympic Village  - CNN,4433,708
3386,2745,news,uk,Inside Harry and Meghan's Montecito mansion - CNN,7921,1319
3387,2746,sport,sport,"Olympic weather: Heat, humidity then another tropical storm to end the Games  - CNN",4040,672
3388,2747,sport,sport,Why Olympics divers shower between dives and use tiny towels - CNN,3302,553
3389,2748,sport,sport,Quinn: First out trans Olympian isn't just thinking about medals at Tokyo 2020  - CNN,7688,1297
3390,2749,news,europe,Belarusian dissidents fear the regime will put them into detention camps. It may have already built one - CNN,6942,1092
3391,2750,sport,football,"Lionel Messi: 'Barcelona is above everything, even the best player in the world,' says club president - CNN",5074,848
3392,2751,news,australia,Australia Covid-19: Sydney suffers 5 deaths and record cases as lockdowns extended  - CNN,5182,829
3393,2752,sport,sport,"Carl Lewis: US men's 4x100m relay fail is a 'total embarrassment,' says US sprint great - CNN",2573,429
3394,2753,sport,sport,Simone Biles thanks Japanese gym where she secretly trained to regain her Olympic form - CNN,2398,396
3395,2754,sport,football,Lionel Messi: Barcelona says Argentine star is leaving the club - CNN,2619,441
3396,2755,sport,sport,Alberto Ginés wins first Olympic climbing gold in Tokyo  - CNN,4239,710
3397,2756,sport,sport,The youngest and oldest Olympic athletes ever -- and at Tokyo 2020 - CNN,4069,695
3398,2757,news,australia,"Australia to establish $280 mln reparations fund for 'Stolen Generation'
Australia to establish $280 million reparations fund for 'Stolen Generation' - CNN",3802,559
3399,2758,sport,football,Jack Grealish:  Manchester City signs England star from Aston Villa - CNN,3882,623
3400,2759,sport,football,British police arrest 11 people for online racist abuse following Euro 2020 final - CNN,3147,514
3401,2760,news,europe,Meet the 'seed detective' on a mission to save our rarest vegetables  - CNN,5188,862
3402,2761,sport,sport,Simone Biles reveals her aunt unexpectedly died during the Olympics - CNN,5795,959
3403,2762,news,europe,Mick Jagger Fast Facts - CNN,5070,820
3404,2763,sport,sport,Skateboarding in the Olympics: Why some are welcoming the sport's inclusion - CNN,8443,1323
3405,2764,news,europe,"Meghan, Duchess of Sussex Fast Facts  - CNN",9879,1601
3406,2765,sport,sport,Australian Olympians showed 'unacceptable' behavior on flight home - CNN,1810,280
3407,2766,news,europe,"Kristina Timanovskaya, Belarusian sprinter, on a life-changing week - CNN",4192,730
3408,2767,sport,sport,Damian Warner: Three-time Olympian says Tokyo 2020 is the 'hottest' Games' he's competed in - CNN,4492,775
3409,2768,sport,sport,"US Olympic fencer and bronze medalist wears X-symbol on hand on Olympic podium as a demonstration 
 - CNN",3240,547
3410,2769,news,europe,"Czech train crash: Three people dead, eight seriously injured - CNN",1661,257
3411,2770,sport,sport,Chen Qingchen: Chinese badminton player's cursing at Tokyo Olympics riles South Koreans - CNN,2985,462
3412,2771,news,europe,Greece and Turkey battle heat wave and fires in Europe's summer of extreme weather - CNN,8996,1409
3413,2772,sport,sport,Olympics medal count: Here's who took home gold today - CNN,1042,122
3414,2773,sport,sport,Olympic sprinter Kristina Timanovskaya lands in Warsaw after refusing to fly back to Belarus - CNN,7640,1226
3415,2774,sport,football,Eriksen reunited with Inter team-mates as he begins road to recovery - CNN,2298,361
3416,2775,sport,sport,Raven Saunders: IOC suspends its action on podium protest after her mother's death - CNN,2781,473
3417,2776,sport,sport,"Danish cyclist crashes into GB rider during team pursuit 
 - CNN",2448,411
3418,2777,sport,sport,Raven Saunders' X podium protest: What it means and why the IOC is investigating - CNN,4578,777
3419,2778,sport,sport,How misogynoir is oppressing Black women athletes - CNN,24112,3967
3420,2779,sport,sport,Jade Carey: Gold medal winner says Simone Biles told her to go and 'kill floor' - CNN,2678,480
3421,2780,sport,sport,Olympics medal count: Here's who took home gold today - CNN,1422,175
3422,2781,sport,sport,Karsten Warholm wins 'best race in Olympic history' as he breaks 400m hurdles world record - CNN,78461,12913
3423,2782,sport,sport,Simone Biles claims balance beam bronze as China's Guan Chenchen wins gold  - CNN,3976,667
3424,2783,sport,sport,Kristina Timanovskaya: Poland grants Belarusian Olympic sprinter humanitarian visa - CNN,11054,1772
3425,2784,news,europe,"Belarus: Vitaly Shishov, head of exile group helping Belarusians flee abroad, found dead in Kiev - CNN",6541,1046
3426,2785,sport,sport,"Gwen Berry: 'I'm just here to represent,' says US hammer thrower after raising her fist at Tokyo 2020 - CNN",5237,917
3427,2786,sport,sport,"Skateboarding, climbing and karate:  The words you'll need to know to watch new sports at the Olympics  - CNN",6081,1006
3428,2787,sport,sport,Simone Biles to take part in balance beam final at Tokyo Olympics - CNN,1858,304
3429,2788,sport,sport,Here's who won gold medals at the Tokyo Olympics on Monday - CNN,1216,153
3430,2789,sport,sport,Tom Daley says he was knitting a dog sweater during women's diving final - CNN,1684,285
3431,2790,sport,sport,Why the Refugee Olympic Team feels more relevant than ever: 'We've all lived through collective exile' - CNN,89722,14733
3432,2791,sport,sport,Katie Ledecky says she 'never would have imagined' her Olympic swimming success - CNN,3836,650
3433,2792,sport,sport,"How much are the gold, silver, bronze Olympic medals worth? - CNN",2989,520
3434,2793,sport,sport,Laurel Hubbard becomes first ​out transgender woman to compete at the Olympics - CNN,4470,718
3435,2794,sport,sport,USWNT loses to Canada in semifinals at Tokyo Olympics - CNN,2846,496
3436,2795,news,europe,Romano Prodi Fast Facts - CNN,1825,266
3437,2796,sport,sport,Gianmarco Tamberi and Mutaz Essa Barshim share Olympic gold in emotional high jump final - CNN,3030,531
3438,2797,news,europe,Berlin Wall Fast Facts - CNN,7681,1256
3439,2798,sport,sport,Japanese swimmer hopes gold medal rush can help heal divided nation - CNN,6737,1156
3440,2799,news,uk,Pizza and taxi rides used to lure UK youth into getting Covid-19 vaccination - CNN,2919,468
3441,2800,sport,sport,Kristina Timanovskaya: Belarusian sprinter says she is being forcibly removed from the Olympics and sent home - CNN,5263,886
3442,2801,sport,sport,"Caeleb Dressel, Bobby Finke are part of a winning Sunday for Team USA men's swimming at the Olympics - CNN",2083,344
3443,2802,sport,sport,Swimmer Katie Ledecky inspired to 'put a smile on someone's face' as she takes 1500m gold at the Tokyo Olympics - CNN,5928,1038
3444,2803,sport,motorsport,Esteban Ocon clinches maiden F1 victory and Hamilton retakes championship lead at eventful Hungarian Grand Prix - CNN,4293,724
3445,2804,sport,sport,Lamont Marcell Jacobs wins historic 100m gold at the Tokyo Olympics - CNN,3359,590
3446,2805,sport,football,Barcelona FC: Tragic slide continues following Benfica thrashing in Champions League - CNN,3933,677
3447,2806,news,europe,"Nicolas Sarkozy, former French President, receives 1-year sentence for illegal campaign financing - CNN",2776,430
3448,2807,news,europe,96-year-old woman who fled Nazi war crimes trial is found - CNN,2221,373
3449,2808,news,uk,Sabina Nessa death: Man charged with the 'predatory' murder of Sabina Nessa appears in London court - CNN,1961,313
3450,2809,sport,sport,Beijing 2022 Winter Olympics will be open to fans --  if they live in China - CNN,3803,601
3451,2810,news,europe,Russia to host first royal wedding in more than a century - CNN,2029,327
3452,2811,sport,sport,Australia Covid: AFL grand final parties linked to spike in Victoria cases - CNN,3097,479
3453,2812,sport,football,Cristiano Ronaldo scores dramatic last-minute winner for Manchester United in Champions League - CNN,3799,644
3454,2813,sport,golf,Dustin Johnson: How 'Grandpa' led Team US' young stars to Ryder Cup history - CNN,4800,820
3455,2814,news,uk,UK murder timeline: How events unfolded as Sarah Everard's murderer is sentenced to life without parole - CNN,3983,659
3456,2815,sport,motorsport,Qatar added to 2021 F1 calendar as Gulf state secures 10-year deal to host races in country from 2023 - CNN,3926,685
3457,2816,news,europe,"Sarah Everard: Wayne Couzens, ex-UK police officer gets life in prison with no chance of parole - CNN",8523,1384
3458,2817,sport,sport,"What happens after Olympic glory? For diver Matty Lee, a return to 'gruesome' preseason training - CNN",6372,1150
3459,2818,news,australia,Climate change: Australia's Scott Morrison under pressure as biggest state boosts targets - CNN,4601,740
3460,2819,sport,sport,LeBron James confirms he was vaccinated for Covid-19 months after being initially skeptical  - CNN,4373,716
3461,2820,sport,golf,Bryson DeChambeau hits massive 412-yard drive in long drive contest two days after Ryder Cup win - CNN,3195,547
3462,2821,news,uk,"Wayne Couzens, Sarah Everard's murderer, kidnapped her using police ID and handcuffs - CNN",7400,1226
3463,2822,sport,sport,Manny Pacquiao says he will run for Philippine presidency in 2022 - CNN,2663,397
3464,2823,sport,football,Sheriff Tiraspol stuns Real Madrid in one of the Champions League's greatest upsets - CNN,3076,502
3465,2824,sport,sport,Unvaccinated NBA players won't get paid for missed games - CNN,3028,476
3466,2825,news,europe,La Palma volcano: Residents told to lock down as lava pours into sea - CNN,2668,458
3467,2826,sport,football,Lionel Messi scores first PSG goal in Champions League win over Manchester City - CNN,4925,843
3468,2827,sport,sport,Lance Armstrong: Jan Ullrich says he was 'nearly dead' before a visit from former cycling rival helped with his recovery - CNN,3458,620
3469,2828,sport,sport,"'Every single time I lift the bar, I'm just lifting my country up': Shiva Karout's quest for powerlifting glory - CNN",12597,2194
3470,2829,news,europe,Public urination at Glastonbury Festival leaves traces of cocaine and MDMA in river - CNN,3754,581
3471,2830,sport,football,Super League: UEFA forced to drop disciplinary proceedings against remaining clubs - CNN,4177,658
3472,2831,news,europe,Dutch police arrest and release former far-right party member amid reports of possible plan to attack Prime Minister - CNN,2381,379
3473,2832,sport,sport,Kareem Abdul-Jabbar calls for unvaccinated players and staff to be removed from teams - CNN,5356,870
3474,2833,sport,sport,Kyrie Irving: NBA star the latest to withhold vaccination status - CNN,4406,729
3475,2834,news,europe,"Gothenburg: Explosion and fire with 'no natural explanation' injures 16 in Sweden, as police search for clues  - CNN",2690,434
3476,2835,sport,sport,"Tom Brady: 'I'm not going to reminisce,' says star QB ahead of Patriots reunion clash  - CNN",4296,742
3477,2836,sport,football,Roger Hunt: English football mourns death of Liverpool striker and World Cup winner - CNN,2110,353
3478,2837,sport,sport,Simone Biles says she 'should have quit way before Tokyo' - CNN,4411,747
3479,2838,news,europe,Russia reports worst single-day Covid-19 death toll since start of pandemic  - CNN,3295,526
3480,2839,news,europe,Berliners vote to expropriate big landlords in non-binding referendum - CNN,3129,483
3481,2840,sport,golf,Ryder Cup: Tearful Rory McIlroy 'should have done more' as Europe suffer record-breaking defeat - CNN,2955,534
3482,2841,sport,football,Premier League: Tottenham's fall from 2019 Champions League finalists to drubbing at the hands of Arsenal - CNN,9483,1588
3483,2842,news,europe,San Marino votes overwhelmingly to end abortion ban - CNN,2541,400
3484,2843,news,europe,La Palma volcano: authorities lock down coastal area as lava approaches sea - CNN,2752,430
3485,2844,news,europe,"SPD wins most seats in Germany's landmark election, preliminary official results show  - CNN",8274,1371
3486,2845,news,australia,Climate change: Australia's Scott Morrison may snub Glasgow climate talks - CNN,5944,957
3487,2846,news,europe,Sabina Nessa: Man charged with London teacher's murder  - CNN,3622,585
3488,2847,sport,sport,"Tyson Fury vs. Anthony Joshua bout unlikely to happen, says promoter Warren - CNN",1576,259
3489,2848,sport,sport,"Indian men's hockey team dedicates Olympic bronze medal to doctors, Covid-19 frontline 'warriors' - CNN",2816,461
3490,2849,news,australia,Rare fossil of 25-million-year-old eagle that hunted koalas found in South Australia  - CNN,3953,641
3491,2850,news,europe,Five key takeaways from Germany's historic election - CNN,5323,858
3492,2851,news,europe,Germany election results: SPD narrowly wins against Merkel's CDU but uncertainty remains over next leader - CNN,8676,1419
3493,2852,sport,sport,Justin Tucker: Ravens kicker sets NFL-record with monstrous 66-yard game-winning field goal - CNN,2588,446
3494,2853,news,europe,Angela Merkel endured as others came and went. Now world's crisis manager steps down - CNN,21489,3504
3495,2854,news,europe,French President Emmanuel Macron hit by egg thrown from crowd in Lyon - CNN,2034,346
3496,2855,news,europe,"Crete: Earthquake with 5.8 magnitude strikes Greek island, killing one - CNN",1655,264
3497,2856,news,australia,Australia's Victoria state records second-highest daily rise in virus cases - CNN,3126,495
3498,2857,news,europe,"Iceland will have a male-majority parliament after all, election recount shows - CNN",2560,393
3499,2858,news,europe,Murder of young teacher Sabina Nessa makes women in London worry it could have been them - CNN,6219,1068
3500,2859,news,europe,UK and France reheat one of the world's oldest rivalries at a risky time for both - CNN,7708,1313
3501,2860,news,uk,Sabina Nessa: London police make new arrest in case - CNN,3592,607
3502,2861,sport,motorsport,F1 results: Lewis Hamilton claims historic 100th Formula 1 victory at Russian Grand Prix - CNN,3120,539
3503,2862,news,europe,Angela Merkel successor: Germans vote in election that will lead to new chancellor - CNN,7903,1295
3504,2863,news,europe,Switzerland votes to make same-sex marriage legal by near two-thirds majority - CNN,1997,303
3505,2864,sport,golf,Ryder Cup: Team US on the brink of regaining Ryder Cup behind Dustin Johnson excellence - CNN,3849,649
3506,2865,news,uk,"Sabina Nessa: Police issue CCTV appeal, as mourners gather to remember London teacher - CNN",7812,1285
3507,2866,sport,sport,"NBA's Knicks, Nets, Warriors prepare for Covid-19 vaccine policies set by home cities - CNN",3051,492
3508,2867,sport,golf,Sergio Garcia becomes player with most matches won in Ryder Cup history - CNN,2444,423
3509,2868,news,europe,Iceland  - CNN,3061,472
3510,2869,news,uk,"Sabina Nessa: London teacher killed on a walk to the pub, police say - CNN",6087,1009
3511,2870,news,europe,"German national election too close to call, polls suggest, as key candidates hold final rallies - CNN",4656,748
3512,2871,sport,golf,Brooks Koepka and Daniel Berger argue with officials in drop controversy at Ryder Cup - CNN,2246,387
3513,2872,sport,golf,Tom Felton: Harry Potter star collapses during celebrity Ryder Cup match - CNN,1332,206
3514,2873,news,europe,Germany election: Sleeping Beauty's forest is dying. It's not the only climate crisis facing nation's next chancellor - CNN,14963,2435
3515,2874,sport,motorsport,Max Verstappen to start at back of Russian Grand Prix following engine change  - CNN,3893,651
3516,2875,news,uk,What we know about the Queen's Jubilee celebrations at Windsor - CNN,13492,2240
3517,2876,sport,golf,Team US in the driver's seat after strong opening day at Ryder Cup - CNN,6593,1138
3518,2877,sport,tennis,Tennis' newest superstar Emma Raducanu celebrates return to UK by playing with Duchess of Cambridge - CNN,2186,388
3519,2878,sport,football,Emma Hayes: Chelsea Women's manager fears social media abuse of players could lead to suicides - CNN,10442,1773
3520,2879,sport,sport,"Anthony Joshua: 'Power is in your spirit,' says challenger Usyk ahead of showdown - CNN",2693,469
3521,2880,sport,golf,Bryson DeChambeau hits extraordinary 417-yard monster drive at Ryder Cup - CNN,1948,319
3522,2881,sport,football,Romelu Lukaku: Chelsea star urges social media CEOs to sit down with players to stop online abuse - CNN,9626,1616
3523,2882,sport,golf,"Jordan Spieth plays 'insane' almost-vertical shot, nearly falls into Lake Michigan at Ryder Cup - CNN",1760,303
3524,2883,news,europe,Russia accused of 'Ghostwriter' cyberattacks ahead of German election - CNN,2027,291
3525,2884,sport,football,Ronald Koeman: Pressure mounts on frustrated Barça boss - CNN,2456,417
3526,2885,news,europe,"How France, Italy, Germany, Belgium are dealing with pockets of low Covid vaccine uptake - CNN",12261,1931
3527,2886,sport,golf,"Ryder Cup gets personal: Hey! 'Golf' fans, leave those guys alone, say wives and girlfriends - CNN",8737,1531
3528,2887,sport,sport,USOPC will require Covid-19 vaccine for all US athletes at Beijing Games - CNN,2014,311
3529,2888,sport,golf,The weird and wonderful outfits of fans at the Ryder Cup - CNN,2342,405
3530,2889,news,uk,UNGA: British PM Boris Johnson says the world needs to 'grow up' and deal with climate change - CNN,3380,550
3531,2890,news,europe,Germany election: What to know as voters decide what post-Merkel life looks like - CNN,10178,1636
3532,2891,news,europe,Angela Merkel saw Germans through crisis after crisis. Now they wonder who'll fill the void - CNN,22327,3657
3533,2892,news,europe,Canaries volcano blasts lava into the air as ash blankets area - CNN,1706,269
3534,2893,sport,football,Ronnie Brunswijk: Soccer body launches probe after locker room video of Suriname vice president raises 'integrity issues' - CNN,4156,676
3535,2894,sport,golf,Ryder Cup: How to watch golf's US vs. Europe showdown - CNN,3308,560
3536,2895,sport,sport,Cricket swaps 'batsman' for gender-neutral 'batter' in law amendment  - CNN,3124,507
3537,2896,sport,sport,"Tom Brady: NFL is ""softer than it used to be"" - CNN",3389,583
3538,2897,news,australia,Melbourne earthquake: Magnitude 5.9 temblor strikes Australia - CNN,2499,386
3539,2898,news,europe,Lucas Papademos Fast Facts - CNN,1690,243
3540,2899,sport,sport,Conor McGregor's ceremonial first pitch at the Cubs game was ... out there - CNN,1754,303
3541,2900,news,europe,Ukraine president's aide survives apparent assassination attempt - CNN,4116,676
3542,2901,sport,sport,Cristiano Ronaldo set to overtake Lionel Messi as highest-paid footballer this season  - CNN,2304,363
3543,2902,sport,motorsport,Monaco Grand Prix: F1 boss Stefano Domenicali says Monaco GP format to be cut to three days - CNN,7011,1164
3544,2903,news,europe,Theresa May Fast Facts - CNN,6402,1033
3545,2904,news,europe,Germans shocked by killing of cashier after Covid mask argument - CNN,2401,382
3546,2905,news,europe,Long-lost letter reveals heroic story of Polish farmer who saved Jewish sisters from Nazis - CNN,8386,1380
3547,2906,news,europe,UNGA: Submarine spat with France casts shadow over Biden's address - CNN,4254,690
3548,2907,sport,football,Barcelona struggles to draw against Granada as an arduous season looms - CNN,3518,584
3549,2908,sport,golf,"Ryder Cup: One year after originally scheduled, golf's biggest rivalry is ready to tee off - CNN",7664,1314
3550,2909,news,australia,Australia has lost almost a third of its koala population in three years - CNN,2354,377
3551,2910,sport,football,FIFA punishes Hungarian Football Federation following racist behavior of 'numerous' fans - CNN,2762,424
3552,2911,news,europe,La Palma volcano: Gushing lava forces more evacuations  - CNN,2865,465
3553,2912,sport,sport,Roger Federer reflects on Novak Djokovic's 'exceptional year' - CNN,2762,490
3554,2913,news,uk,Boris Johnson admits he has six children - CNN,1740,292
3555,2914,news,europe,"Alexander Litvinenko killing: Russia responsible for assassination, European court rules - CNN",5090,794
3556,2915,sport,golf,"Tiger Woods unlikely to visit Ryder Cup, says US captain - CNN",2297,400
3557,2916,news,australia,Hundreds of anti-lockdown protesters clash with police in Australia  - CNN,2258,350
3558,2917,sport,sport,Simone Biles excited for highly-anticipated Gold Over America Tour - CNN,2972,502
3559,2918,news,uk,Family of British teenager Harry Dunn reaches a 'resolution with US diplomat's wife in civil suit  - CNN,2409,416
3560,2919,sport,sport,"Megan Rapinoe, other women athletes back abortion rights at US Supreme Court - CNN",2812,435
3561,2920,news,europe,Four bodies found on Polish-Belarus border as spat over migrant crisis worsens - CNN,4757,752
3562,2921,sport,football,Jarred Gillett: Australian to become first Premier League referee from overseas - CNN,2636,407
3563,2922,news,europe,"Russia's ruling party won an election marred by dirty tricks, but the cost of securing victory has grown - CNN",4445,719
3564,2923,news,australia,Australia's nuclear-powered submarine deal is fueling anger in the country. Here's why - CNN,8382,1321
3565,2924,news,australia,"Australia had 'deep and grave' concerns about French submarines' capabilities, PM says - CNN",3683,590
3566,2925,news,europe,Volcano erupts on La Palma in Spain's Canary Islands - CNN,2213,363
3567,2926,sport,football,Erling Haaland scores stunning lob to continue incredible Borussia Dortmund scoring streak - CNN,2677,408
3568,2927,news,europe,"Poland ordered to pay $580,000 fine for each day it continues operating a controversial coal mine - CNN",3705,625
3569,2928,news,uk,Analysis: Why the cash-for-honors allegations are embarrassing for Prince Charles - CNN,10451,1666
3570,2929,news,europe,"Perm, Russia shooting: 6 people killed at university  - CNN",3035,485
3571,2930,sport,sport,Johanna Farber: Climber receives apology after inappropriate images were aired - CNN,1823,284
3572,2931,news,europe,Lech Walesa Fast Facts  - CNN,2824,443
3573,2932,news,uk,"Princess Beatrice, granddaughter of Queen Elizabeth II, gives birth to first child - CNN",2426,387
3574,2933,sport,football,'Imagine how good it could be': Northern Ireland women's footballers ready to seize their moment  - CNN,10379,1693
3575,2934,news,europe,Russia election: Russia's ruling party poised to retain majority in parliamentary elections amid allegations of voter fraud  - CNN,6181,945
3576,2935,sport,football,Lionel Messi substituted on home debut as Paris Saint-Germain score late winner - CNN,2333,395
3577,2936,sport,sport,Madi Wilson: Olympic swimmer hospitalized with Covid-19 'as a precautionary measure' - CNN,2502,430
3578,2937,news,europe,AUKUS pact: French ambassador to US says they 'absolutely weren't informed' of submarine deal  - CNN,4990,762
3579,2938,sport,sport,"NFL: Lamar Jackson shows nerves of steel with gutsy, fourth-down call to beat Patrick Mahomes, Kansas City Chiefs - CNN",4609,777
3580,2939,news,europe,The world's tallest nation is getting shorter  - CNN,3412,556
3581,2940,sport,football,"Jimmy Greaves, England World Cup winner and Tottenham legend, dies aged 81 - CNN",2337,380
3582,2941,news,europe,Italy cannabis referendum likely next year - CNN,3651,581
3583,2942,news,europe,Here's how Covid-19 is hitting hospitals in five key European countries - CNN,6580,1048
3584,2943,sport,football,Bayern Munich puts seven goals past hapless VfL Bochum - CNN,1919,321
3585,2944,news,australia,AUKUS deal: Australia's decades-long balancing act between the US and China is over - CNN,8859,1355
3586,2945,sport,football,Tottenham to host world's first net zero carbon elite football game as sports teams turn to sustainable solutions - CNN,10785,1760
3587,2946,sport,football,Carli Lloyd scores five goals as US women hammer Paraguay in farewell tour - CNN,4211,713
3588,2947,news,uk,UK Speaker: We can't let mob rule smash democracy - CNN,7456,1229
3589,2948,news,uk,Analysis: Two of Queen Elizabeth's sons are facing growing pressure - CNN,15840,2613
3590,2949,sport,sport,Muhammad Ali: New documentary shows how legend stayed true to himself in 'hero' journey - CNN,15786,2721
3591,2950,sport,sport,Tom Brady says he could play in the NFL until 50 - CNN,1983,352
3592,2951,sport,sport,Virat Kohli to step down as India's T20 captain - CNN,2274,389
3593,2952,news,australia,What are nuclear-powered submarines and how do they work? Australia's firepower ambitions explained  - CNN,5894,952
3594,2953,sport,football,Leicester City vs. Napoli: Multiple arrests made as fans clash - CNN,2071,316
3595,2954,news,europe,Russia goes to the polls amid crackdown on political dissent  - CNN,10050,1609
3596,2955,news,uk,Lyra McKee: Northern Ireland police charge two over killing of journalist  - CNN,1175,196
3597,2956,sport,football,Thomas Strakosha own goal: Lazio goalkeeper's bizarre mistake gifts Galatasaray Europa League victory - CNN,2450,386
3598,2957,news,uk,"Prince Philip's will to be kept secret for 90 years, British court rules - CNN",2450,420
3599,2958,sport,sport,New Zealand pulls out of cricket tour of Pakistan citing security alert - CNN,2613,414
3600,2959,sport,football,World Cup 2022: Qatar is ready as it strongly contests accusations of workers' rights abuses  - CNN,23125,3767
3601,2960,news,europe,"Germany averted possible attack on synagogue during Yom Kippur, minister says - CNN",2836,449
3602,2961,news,europe,Dutch Foreign Minister Sigrid Kaag resigns over Afghanistan crisis - CNN,2586,402
3603,2962,sport,football,Members of Afghan women's youth football team arrive in Pakistan  - CNN,3074,485
3604,2963,news,europe,France coronavirus: Thousands of healthcare workers suspended after failing to get vaccinated - CNN,2440,371
3605,2964,sport,football,US Women's National Team players' association calls identical contract proposal 'PR stunts'  - CNN,6646,1121
3606,2965,sport,football,PSG: Lionel Messi's Champions League debut for French giants falls flat against Club Brugge - CNN,3587,620
3607,2966,news,europe,Italy to mandate Covid-19 'Green Pass' for all workers - CNN,2831,464
3608,2967,news,australia,Fugitive hands himself in after nearly 30 years on the run in Australia - CNN,1954,319
3609,2968,news,europe,Vladimir Putin says 'several dozen' in his inner circle test positive for coronavirus - CNN,3537,565
3610,2969,sport,tennis,John McEnroe calls Emma Raducanu's US Open win 'crazy'  - CNN,3329,570
3611,2970,sport,sport,Sylvain Lefebvre: The Columbus Blue Jackets fires newly appointed assistant coach - CNN,2396,385
3612,2971,sport,sport,10 things we learned about Muhammad Ali from Ken Burns' epic documentary - CNN,9328,1600
3613,2972,sport,football,Lionel Messi: Paris Saint-Germain now has 'no excuses' in quest for Champions League domination after signing superstar - CNN,10734,1785
3614,2973,news,europe,"1,400 dolphins were killed in the Faroe Islands in one day, shocking even some pro-whalers  - CNN",6169,997
3615,2974,sport,golf,Bryson DeChambeau 'wrecked' his hands ahead of Ryder Cup preparing for long drive contest - CNN,2546,446
3616,2975,sport,sport,NHL: The 'rituals' that obsess ice hockey stars - CNN,10187,1753
3617,2976,news,europe,Ursula von der Leyen challenges US on climate and asserts Brussels' role in 'new international order' - CNN,7099,1168
3618,2977,sport,football,Barcelona: Gerard Pique admits 'We are who we are' as Barça trounced by Bayern in Champions League - CNN,4326,732
3619,2978,news,europe,Will Biden's mandates work? Macron's vaccine pass gamble may hold some clues - CNN,10523,1707
3620,2979,sport,football,"Man identified by Chelsea FC charged by Met Police after investigation into racist, anti-semitic and hateful tweets  - CNN",2094,320
3621,2980,sport,sport,"Burundi's Francine Niyonsaba, who has an intersex condition, breaks world record - CNN",2711,438
3622,2981,news,uk,Dominic Raab removed as UK foreign secretary in Johnson cabinet reshuffle - CNN,3326,524
3623,2982,news,australia,Rainbow-colored fly species named after RuPaul  - CNN,3922,650
3624,2983,sport,sport,"Navid Afkari: Executed Iranian wrestler still offers 'message of freedom,' says mother - CNN",5136,848
3625,2984,news,europe,Norway's center-left Labour begins coalition talks as anti-oil Greens sidelined - CNN,7317,1196
3626,2985,sport,football,Manchester United and Cristiano Ronaldo stunned by late Young Boys winner in Champions League - CNN,2302,379
3627,2986,news,europe,Vladimir Putin is quarantining after several Covid-19 cases in his entourage - CNN,4198,655
3628,2987,news,europe,"Queen Elizabeth sent congratulations to North Korea, palace confirms - CNN",2578,420
3629,2988,news,europe,Prince Andrew's lawyers say sex abuse case is baseless and papers weren't properly served  - CNN,3877,630
3630,2989,sport,sport,Raiders beat Ravens in thriller game as Carl Nassib makes NFL history - CNN,2991,516
3631,2990,sport,sport,Fethi Nourine: Algerian judoka receives 10-year ban for withdrawing from Olympics to avoid Israel - CNN,1824,288
3632,2991,sport,football,Karim Benzema scores a hat-trick as Real Madrid beats Celta Vigo 5-2 in La Liga - CNN,2565,457
3633,2992,sport,tennis,Diede de Groot becomes the first player to complete the golden slam in wheelchair tennis - CNN,2063,360
3634,2993,sport,tennis,US Open: Daniil Medvedev beats Novak Djokovic in men's final - CNN,3842,671
3635,2994,news,australia,Climate change: Australia is shaping up to be the villain of COP26 talks in Glasgow - CNN,11795,1870
3636,2995,sport,golf,"Billy Horschel wins BMW PGA Championship, becoming only the second American to win the famous event - CNN",2341,407
3637,2996,sport,sport,NFL: Green Bay Packers 'embarrassed' in humbling loss while Patrick Mahomes leads Kansas City Chiefs to comeback win - CNN,4097,670
3638,2997,sport,sport,Brighton Marathon organizers apologize for making course 500 meters too long - CNN,3145,509
3639,2998,sport,golf,Ryder Cup squads set as Padraig Harrington finalizes European team - CNN,2970,490
3640,2999,sport,motorsport,Hamilton Verstappen collision: After drama-filled Italian Grand Prix Hamilton felt 'fortunate to be alive'  - CNN,4840,856
3641,3000,sport,tennis,"Novak Djokovic's tears, Daniil Medvedev booed during sets and history denied: A US Open final for the ages - CNN",5290,918
3642,3001,news,europe,Scientists are potty-training cows in a bid to help save the planet - CNN,3139,525
3643,3002,sport,sport,Evander Holyfield loses comeback fight while Trump commentates - CNN,2547,421
3644,3003,sport,sport,Baseball record: 2 Milwaukee Brewers combine to throw MLB's record 9th no-hitter this season - CNN,2266,381
3646,3004,sport,sport,NFL's Maia Chaka makes history as first Black woman to officiate an NFL game - CNN,1479,250
3647,3005,sport,tennis,Emma Raducanu win: The Queen praises 'outstanding' US Open victory - CNN,4156,694
3648,3006,sport,sport,Afghan Cricket Board calls on Australia not to cancel historic match - CNN,1774,275
3649,3007,sport,tennis,US Open: Emma Raducanu beats Leylah Fernandez in women's final - CNN,6270,1054
3650,3008,sport,tennis,US Open: Novak Djokovic is one win away from a calendar grand slam and 21st major title  - CNN,4149,743
3651,3009,sport,football,Cristiano Ronaldo scores two goals on his return to Manchester United - CNN,4829,823
3652,3010,news,australia,Australia's Queensland state could go into lockdown over five coronavirus cases - CNN,2772,444
3653,3011,sport,football,Nadia Nadim: 'I'm actually the picture of everything the Taliban don't want their women to be' - CNN,31013,5133
3654,3012,sport,football,Lionel Messi surpasses Pelé to become South America's top international goal scorer in men's football - CNN,3284,536
3655,3013,sport,sport,Tom Brady and the Tampa Bay Buccaneers beat the Dallas Cowboys - CNN,3035,518
3656,3014,news,europe,Ukrainian opposition demand investigation into failed sting operation detailed by CNN   - CNN,3668,553
3657,3015,sport,tennis,Emma Raducanu and Leylah Fernandez to make US Open history in all-teen final - CNN,4407,768
3658,3016,sport,sport,'It makes me feel like possibilities are endless': Meet the Muslim women parkour athletes taking up space - CNN,14868,2612
3659,3017,news,europe,Ukrainian opposition demand investigation into failed sting operation detailed by CNN   - CNN,4574,690
3660,3018,sport,football,"Jerome Boateng: Former Germany defender guilty of bodily harm, fined $2.13 million - CNN",1228,195
3661,3019,news,europe,"Queen Elizabeth supports Black Lives Matter movement, says aide - CNN",3666,591
3662,3020,news,europe,Austrian man mummifies dead mother to keep receiving her social security - CNN,1897,323
3663,3021,sport,golf,Solheim Cup: Emily Pedersen teases boyfriend and Team USA caddie after Team Europe victory - CNN,4199,751
3664,3022,news,europe,Fire in North Macedonian Covid-19 hospital kills 14 people - CNN,1269,211
3665,3023,sport,sport,Cricket Australia: 'No alternative' but to cancel Afghanistan test match following Taliban stance on women's sport  - CNN,3088,475
3666,3024,sport,sport,Olympics 2022: North Korea barred from participating in Beijing Winter Olympics - CNN,3755,597
3667,3025,sport,football,Nice docked points after crowd trouble halted match against Marseille  - CNN,2320,374
3668,3026,sport,motorsport,Michael Schumacher's wife gives a rare insight into the family's life in new documentary - CNN,1739,292
3669,3027,sport,tennis,Emma Raducanu beats Belinda Bencic to reach US Open semifinals - CNN,5239,900
3670,3028,news,europe,How Ukraine planned to lure Russian mercenaries into a trap  - CNN,11048,1736
3671,3029,news,europe,Sophia Loren Fast Facts - CNN,3623,579
3672,3030,sport,sport,Giorgio Minisini: Male artistic swimmers redefine what 'masculinity' means - CNN,7155,1165
3673,3031,sport,tennis,Leylah Fernandez beats Elina Svitolina to reach US Open semifinals - CNN,2941,482
3674,3032,news,europe,Paris attacks: Main suspect tells trial he's 'an Islamic State soldier' - CNN,4205,688
3675,3033,news,europe,Russian politician faces two near-identical opponents in election - CNN,6054,935
3676,3034,sport,sport,Afghan cyclist's fears realized as Taliban aims to forbid women from playing sport - CNN,4296,707
3677,3035,news,europe,How floating islands can make urban waterways green and clean - CNN,6202,965
3678,3036,news,europe,Russian minister Yevgeny Zinichev dies during training exercises in the Arctic - CNN,1690,254
3679,3037,sport,football,Erling Haaland and Memphis Depay score hat-tricks as Norway and Netherlands secure emphatic World Cup qualifier victories - CNN,3094,499
3680,3038,sport,golf,Jordan Spieth and Olympic champion Xander Schauffele among Team USA's Ryder Cup captain's picks - CNN,2847,447
3681,3039,news,australia,Missing toddler AJ Elfalak found after three-day search in Australian bush - CNN,3493,568
3682,3040,sport,motorsport,"Saudi Arabia to host maiden F1 Grand Prix, but human rights abuses overshadow country's global sporting ambitions  - CNN",10421,1668
3683,3041,sport,football,Pele announces surgery to remove tumor - CNN,1899,317
3684,3042,news,uk,Prince Charles' former aide Michael Fawcett steps down over cash-for-honors scandal  - CNN,4357,682
3685,3043,sport,golf,"Solheim Cup: Europe wins historic, drama-filled competition against Team USA - CNN",5912,1015
3686,3044,news,europe,Climate change: Europe had its hottest summer on record this year - CNN,9514,1539
3687,3045,sport,tennis,Shelby Rogers: 'I'm going to have nine million death threats' - American braces for social media abuse after US Open loss - CNN,3152,539
3688,3046,news,australia,Australian musk duck mimics human sound during mating display - CNN,3667,578
3689,3047,sport,sport,NFL Preview 2021: League kicks off second season during pandemic  - CNN,12677,2122
3690,3048,sport,golf,Patrick Cantlay draws on 'self-belief' as he wins golf's $15 million FedEx Cup and Tour Championship - CNN,4214,735
3691,3049,sport,football,Former footballer Jean-Pierre Adams dies following 39-year coma - CNN,3194,534
3692,3050,sport,tennis,Carlos Alcaraz becomes youngest player to reach men's US Open quarterfinals - CNN,3342,575
3693,3051,news,europe,"Maria Kolesnikova, Belarus protest leader, sentenced to 11 years in jail - CNN",5168,758
3694,3052,sport,football,"Brazil vs Argentina World Cup qualifier: Match suspended, as four Argentinian players accused of breaking Covid travel protocols - CNN",3532,541
3695,3053,sport,tennis,"Sloane Stephens says she received more than 2,000 messages of 'abuse and anger' after US Open defeat - CNN",3282,523
3696,3054,sport,sport,How female athletes are pushing for a level playing field - CNN,7431,1252
3697,3055,news,europe,"Jan Hecker, German ambassador to China, dies just a few weeks into his posting - CNN",2082,341
3698,3056,sport,football,Jean-Pierre Adams: The 39-year coma that didn't stop love - CNN,23204,3901
3699,3057,sport,motorsport,Max Verstappen wins Dutch Grand Prix to the delight of home fans - CNN,2605,433
3700,3058,news,australia,Surfer dies in shark attack off Australian beach - CNN,1314,211
3701,3059,sport,golf,Joaquin Niemann records fastest ever Tour Championship round - CNN,4563,802
3702,3060,sport,sport,Tokyo Paralympics ends with colorful and vibrant closing ceremony - CNN,3013,469
3703,3061,sport,tennis,Top-ranked Ashleigh Barty stunned at US Open - CNN,1511,265
3704,3062,sport,sport,"Morteza Mehrzadselakjani, the tallest Paralympian in history, helps Iran win sitting volleyball gold at the Tokyo Paralympics - CNN",3799,617
3705,3063,news,australia,Australia beat the world on shutting out Covid. Now it is bitterly divided on how to reopen  - CNN,11924,1910
3706,3064,sport,sport,Oksana Masters: From hospital bed to Paralympic champion in two-and-a-half months - CNN,4973,862
3707,3065,sport,sport,"Naomi Osaka: Tennis star shocked at US Open by teen Leylah Fernandez, considers taking another break - CNN",3351,582
3708,3066,sport,sport,Baylor women's basketball team is dropping 'Lady' from its name and will be known as the Bears - CNN,1814,303
3709,3067,sport,football,Spain loses a FIFA World Cup qualifying match for the first time in 28 years - CNN,1978,331
3710,3068,sport,football,"England's players reportedly racially abused by Hungary fans during World Cup qualifier, according to FA - CNN",5042,796
3711,3069,news,uk,Analysis:  Blow to Meghan and Harry with UK watchdog ruling but war on offensive media coverage continues - CNN,10127,1665
3712,3070,sport,golf,Patrick Cantlay: Golf's man of the moment is living up to his new nickname  - CNN,4086,712
3713,3071,sport,sport,Keula Nidreia Pereira Semedo: Sprinter gets engaged minutes after Paralympics race  - CNN,2580,459
3714,3072,sport,football,Cristiano Ronaldo breaks Ali Daei's international goalscoring record - CNN,2451,394
3715,3073,sport,sport,"Rugby players' brains affected by 'chronic exposure' to collisions throughout a season, study shows - CNN",4713,744
3716,3074,sport,sport,Muhammad Ziyad Zolkefli: Paralympian is stripped of gold medal for being three minutes late - CNN,2079,334
3717,3075,sport,tennis,Stefanos Tsitsipas is booed at the US Open after taking another lengthy toilet break - CNN,2791,478
3718,3076,sport,tennis,Tennis' governing bodies continue to urge players to get vaccinated ahead of US Open - CNN,8501,1382
3719,3077,sport,tennis,Novak Djokovic thought he heard 'booing' in first round US Open win - or did he? - CNN,3668,667
3720,3078,sport,tennis,US Open match suspended amid heavy rainfall despite stadium roof - CNN,3614,599
3721,3079,sport,sport,Paralympian Haven Shepherd on surviving a family suicide and the 'gift' of being an amputee - CNN,5234,913
3722,3080,sport,football,European transfer window 2021 may be the best ever as clubs splurge on marquee signings - CNN,3529,569
3723,3081,news,australia,Australia Covid-19: Cases rise in Victoria despite lengthy lockdown - CNN,2968,479
3724,3082,sport,tennis,Andy Murray says he 'lost respect' for Stefanos Tsitsipas after first round US Open defeat - CNN,5117,882
3725,3083,news,europe,"Ramstein Air Base: The Kabul airlift has ended, but a US operation to get 14,000 people off a German base is far from over - CNN",9554,1613
3726,3084,news,uk,"Salisbury, UK train crash leaves a 'number of people' injured - CNN",1197,187
3727,3085,news,europe,One killed in Czech cable car accident - CNN,884,143
3728,3086,sport,sport,Virat Kohli: India cricket captain slams 'spineless' trolls after abuse targeted team's bowler - CNN,4153,687
3729,3087,sport,sport,"Jerry Remy, Boston Red Sox broadcaster, dies after long battle with lung cancer - CNN",3769,631
3730,3088,sport,football,Sergio Aguero: Barcelona star admitted to hospital for 'cardiac exam' after chest pain during match - CNN,1737,291
3731,3089,news,europe,2015 Paris Terror Attacks - CNN,10929,1779
3732,3090,sport,football,Wilfried Zaha: Premier League star targeted with racist abuse on social media - CNN,2115,357
3733,3091,news,europe,Man dies after being gored at Spanish bull-running festival - CNN,1508,245
3734,3092,sport,sport,Kyle Beach: Player speaks with NHL commissioner after sex abuse allegation against former Chicago Blackhawks video coach - CNN,1949,291
3735,3093,sport,sport,World Series game 4: Braves are just one win away from victory  - CNN,3325,571
3736,3094,sport,tennis,Emma Raducanu: Disappointed star still adjusting to life on tour - CNN,2303,411
3737,3095,sport,sport,Braves vs Astros: Atlanta wins to go up 2-1 over Houston in the World Series - CNN,2829,505
3738,3096,sport,sport,UFC 267: Teixeira defeats Blachowicz in title fight - CNN,2256,374
3739,3097,sport,sport,Kyrie Irving: Nets owner Tsai unsure when unvaccinated star will play again - CNN,2030,369
3740,3098,sport,sport,UFC 267: Blachowicz vs Teixeira -- what time and how to watch - CNN,3062,484
3741,3099,sport,sport,Warriors: Golden State lose unbeaten record as Ja Morant puts on a show for the Memphis Grizzlies - CNN,3034,542
3742,3100,sport,football,Cristiano Ronaldo: Superstar and partner Georgina Rodriguez are expecting twins - CNN,928,142
3743,3101,news,uk,Analysis: The duchesses stepping up in Queen's absence - CNN,9861,1648
3744,3102,news,europe,Brexit: France detains UK boat as spat over fishing rights escalates  - CNN,5728,913
3745,3103,news,europe,Queen Elizabeth II told to rest for at least two weeks - CNN,3972,661
3746,3104,sport,sport,NAACP urges athletes to avoid signing with Texas teams due to 'attacks on voting rights and reproductive care' - CNN,2461,390
3747,3105,news,europe,France calls captain of seized British boat to court; UK warns 'two can play that game' - CNN,4171,676
3748,3106,sport,football,Morten Thorsby: Why the climate crisis is a game football cannot afford to lose - CNN,10357,1668
3749,3107,sport,sport,Police arrest Kashmiri Muslims for celebrating Pakistan cricket team victory over India - CNN,5333,836
3750,3108,sport,sport,Chicago Blackhawks owner wants name of former video coach removed from Stanley Cup trophy - CNN,5171,840
3751,3109,news,uk,England could prescribe e-cigarettes on National Health Service - CNN,4526,694
3752,3110,sport,sport,Alex 'Chumpy' Pullin: Olympian widow welcomes daughter 15 months after his death - CNN,2674,434
3753,3111,news,europe,European Parliament sues Commission over 'failure' to apply rule of law powers - CNN,1357,223
3754,3112,sport,sport,Cardinals vs Packers: No more undefeated teams in NFL as Arizona loses on last-second interception - CNN,3924,659
3755,3113,sport,football,NWSL agrees to demands from players union after sexual misconduct scandal - CNN,3410,517
3756,3114,sport,sport,Braves vs Astros Game 3: Snitker relishing 'wild' Atlanta home crowd for Game 3 - CNN,4513,788
3757,3115,sport,sport,"Joel Quenneville, former Chicago Blackhawks head coach, resigns as Florida Panthers coach - CNN",4649,756
3758,3116,sport,golf,Leona Maguire: the 26-year-old who shocked the golf world as unbeaten Solheim Cup rookie - CNN,11721,2058
3759,3117,sport,sport,Kyle Beach: Hockey player who made sexual abuse allegation against former Blackhawks video coach speaks out    - CNN,9344,1525
3760,3118,sport,football,Emiliano Sala: Flight organizer convicted over in crash that caused death of soccer star  - CNN,3135,502
3761,3119,sport,sport,"Beijing Olympics: Lindsey Vonn on mental health, retirement and fashion  - CNN",3932,682
3762,3120,sport,sport,Lakers vs Thunder: LA blows 26-point lead in defeat to OKC - CNN,2240,378
3763,3121,sport,sport,Jigoro Kano: Who is today's Google doodle? - CNN,3778,624
3764,3122,sport,football,Koeman: Barcelona fires coach after woeful start to season - CNN,2001,324
3765,3123,sport,football,Bayern Munich suffer historic 5-0 cup thrashing to Gladbach - CNN,3054,499
3766,3124,news,europe,Moscow launches fresh restrictions as Covid-19 deaths hit record high in Russia - CNN,3453,541
3767,3125,sport,sport,Houston Astros dominate Atlanta Braves to even up World Series with strong Game 2 win - CNN,2197,375
3768,3126,news,uk,"Queen Elizabeth II will skip COP26 entirely, days after overnight hospital stay - CNN",2697,438
3769,3127,sport,sport,"Quinton de Kock: South African cricketer apologizes for refusing to take the knee, insists he is 'not a racist' - CNN",4022,704
3770,3128,sport,sport,Roger Goodell: NFL commissioner remains steadfast over not releasing more from WFT investigation - CNN,3520,572
3771,3129,sport,sport,World Series: Jorge Soler hits historic home run as Atlanta Braves beat Houston Astros in Game 1 - CNN,3408,610
3772,3130,sport,football,Kaide Gordon: Life after Mo Salah? 17-year-old Liverpool prodigy tipped for Premier League stardom - CNN,11374,1942
3773,3131,sport,sport,"Charlie Morton: Braves pitcher fractures bone in his leg, leaves World Series game in third inning - CNN",2573,450
3774,3132,sport,football,Josh Cavallo: Australian pro footballer announces he is gay - CNN,2190,347
3775,3133,news,europe,EU's top court fines Poland 1 million euros per day over judiciary spat - CNN,3102,504
3776,3134,news,europe,"Catania,: Flash flooding in Sicily turns roads into rivers - CNN",3333,545
3777,3135,news,europe,German dogs to sniff out wildlife at building sites to speed up work - CNN,1884,301
3778,3136,sport,tennis,"Australian Open: No unvaccinated players at tournament, says Victoria state Premier - CNN",3328,511
3779,3137,news,europe,"Catania, Sicily floods: 'Medicane' tears through southern Italy, with more rain expected - CNN",4039,644
3780,3138,news,europe,Thousands of dead sea creatures are washing up on UK beaches - CNN,2244,364
3781,3139,news,australia,Islanders sue Australia for inaction on climate change - CNN,2234,363
3782,3140,sport,golf,Tom Brady: Fan who gave historic 600th touchdown ball to quarterback asks for a round of golf in return - CNN,2604,455
3783,3141,sport,football,Ryan Reynolds and Rob McElhenney attend first Wrexham match since becoming club's co-owners - CNN,1900,301
3784,3142,sport,sport,"Quinton de Kock: South African cricketer declines to take a knee at the T20 World Cup, despite call to 'stand against racism' - CNN",4372,718
3785,3143,sport,football,Ole Gunnar Solskjaer: Manchester United manager to remain in charge of club - CNN,1708,263
3786,3144,news,europe,German ISIS bride sentenced over death of Yazidi girl left to die in sun - CNN,2476,425
3787,3145,news,australia,The Greenhouse: A zero-waste home providing a blueprint for the future  - CNN,4617,770
3788,3146,news,europe,Russia imposes hospitality curfew to tackle spread of Covid - CNN,3091,474
3789,3147,sport,sport,Marshawn Lynch stars on Manningcast coverage of NFL game - CNN,3535,632
3790,3148,sport,football,Diego Maradona: Barcelona and Boca Juniors to play tribute match in Saudi Arabia - CNN,4886,795
3791,3149,sport,golf,'Celebrity' golf coach Federico Alba reveals hidden life of Sicily - CNN,5887,1032
3792,3150,sport,sport,Braves vs Astros: 2021 World Series pits father versus son - CNN,6477,1157
3793,3151,news,australia,COP26: Australia will be the rich world's weakest link at climate summit with hollow net-zero and emissions pledges - CNN,7394,1186
3794,3152,sport,sport,Veteran NFL official Carl Madsen dies on way home from Chiefs-Titans game - CNN,1672,275
3795,3153,sport,sport,Pete Carroll: Seattle Seahawks coach admits he 'probably wouldn't have' been at helm for so long without Russell Wilson - CNN,2403,411
3796,3154,sport,sport,"World Series 2021: Tickets, schedule and other things to know - CNN",4061,686
3797,3155,sport,football,Enes Kanter says Nike is 'scared to speak up' against China and wears 'Modern Day Slavery' shoes in protest of Uyghur treatment  - CNN,4762,784
3798,3156,sport,football,Walter Smith: Former Rangers manager dies at the age of 73 - CNN,2170,357
3799,3157,sport,football,"After Liverpool dismantles Manchester United, Ole Gunnar Solskjaer laments 'darkest day'  - CNN",6663,1104
3800,3158,news,uk,Covid in Europe enters a second pandemic winter as chaos grips the East and uncertainty haunts the West  - CNN,8730,1385
3801,3159,sport,tennis,Australian Open: Unvaccinated players can compete after quarantine -- report - CNN,3201,494
3802,3160,sport,sport,T20 World Cup: Indian captain Kohli vows to rectify mistakes after loss to Pakistan - CNN,2467,412
3803,3161,sport,motorsport,"Bernie Ecclestone offered ski role, agrees with Verstappen on Netflix - CNN",2807,475
3804,3162,sport,sport,"Tyson Fury: 'He's not the greatest,' says Dillian Whyte as he reviews the state of boxing's heavyweight division - CNN",4732,820
3805,3163,news,europe,German police stop far-right vigilantes attempting to patrol Polish border - CNN,4007,628
3806,3164,sport,sport,Tom Brady becomes inaugural member of 600 touchdown club; gifts hat to young cancer surviving fan - CNN,2503,443
3807,3165,news,uk,COP26 flop? Covid looms over crucial climate talks as some key leaders snub the event - CNN,8669,1403
3808,3166,news,uk,UK 'leaning towards' mandatory Covid vaccines for health care workers - CNN,2457,417
3809,3167,news,europe,"Eitan Biran, six-year-old survivor of cable car crash, should return to Italy, court rules - CNN",2063,342
3810,3168,sport,motorsport,F1: Lewis Hamilton expects tough races ahead as Max Verstappen pulls away - CNN,2084,373
3811,3169,sport,sport,NBA: Protesters show support for Irving's vaccine stance ahead of Nets game - CNN,2095,343
3812,3170,sport,sport,Atlanta Braves advance to the World Series for the first time in 22 years - CNN,2095,368
3813,3171,news,europe,"Israel labels six Palestinian civil society groups 'terrorist,' setting challenge for international donors    - CNN",6045,911
3814,3172,sport,football,"El Clasico: Lionel Messi and Cristiano Ronaldo helped redefine bitter club rivalry, but without either star will world still be watching? - CNN",5362,881
3815,3173,sport,sport,Houston Astros advance to World Series after beating Boston Red Sox in ALCS - CNN,2593,446
3816,3174,news,europe,Austrian government proposes law to legalize assisted suicide - CNN,1398,220
3817,3175,news,europe,How the West made the most dangerous version of Putin  - CNN,8483,1366
3818,3176,news,uk,Nicole Kidman joins Daniel Craig in donating to  - CNN,2724,431
3819,3177,news,europe,Richard Gere summoned to testify against Matteo Salvini in Sicily migrant case - CNN,2401,400
3820,3178,sport,sport,Chess players withdraw from Grand Swiss amid Latvia Covid-19 lockdown - CNN,3845,620
3821,3179,sport,football,Chelsea puts seven goals past beleaguered Norwich in one-sided Premier League clash - CNN,2270,394
3822,3180,news,europe,Einar: Swedish rapper shot dead age 19 in Stockholm - CNN,1826,303
3823,3181,news,uk,Analysis: What we know about the Queen's health  - CNN,15796,2655
3824,3182,news,europe,Luxembourg to become first country in Europe to legalise cannabis - CNN,2199,346
3825,3183,news,europe,COP26: A climate solution lies right under our feet but it may not be on the agenda - CNN,8672,1370
3826,3184,sport,sport,Simone Biles opens up about her mental health post-Olympics: 'I'm still scared to do gymnastics' - CNN,2984,505
3827,3185,news,australia,Australia Covid-19: More than half of the country is now 'living with Covid.' The rest is still some way off - CNN,7212,1152
3828,3186,sport,motorsport,Max Vertstappen: F1 drivers defend Netflix series after Red Bull driver's 'fake' snub  - CNN,2784,481
3829,3187,news,uk,Manchester bombing: Man arrested in connection with 2017 Manchester Arena bombing - CNN,2524,395
3830,3188,news,europe,Italy's Covid pass: Violence at protests has ignited a national debate about fascism - CNN,9491,1532
3831,3189,news,uk,"Five UK police officers shared violent sexual images in relation to Sarah Everard's murder, police watchdog says
 - CNN",3574,572
3832,3190,news,europe,Russian gunpowder workshop explosion kills 17 -- report - CNN,2350,366
3833,3191,sport,sport,Chris Taylor's three home runs keep Los Angeles Dodgers alive against Atlanta Braves - CNN,2312,399
3834,3192,sport,sport,Enes Kanter: Boston Celtics game broadcast pulled in China after center's pro-Tibet posts  - CNN,3926,610
3835,3193,sport,sport,"D'Ernest Johnson: Three years ago, he was working on a fishing boat. Now, Cleveland Browns running back is a match-winning NFL player - CNN",4022,723
3836,3194,sport,motorsport,Lewis Hamilton on being 'the greatest you can be' and the lessons he learned from Tom Brady - CNN,7114,1239
3837,3195,sport,tennis,Maria Sakkari: Greek player qualifies for season-ending WTA Finals - CNN,1708,276
3838,3196,news,europe,Russia Covid: Moscow announces new lockdown as coronavirus crisis deepens - CNN,2919,451
3839,3197,sport,sport,NYT: Agreement reached to scrap race as a factor in NFL concussion settlements - CNN,3137,510
3840,3198,sport,sport,New York Knicks defeat Boston Celtics in double overtime despite Jaylen Brown's 46 points - CNN,2006,338
3841,3199,sport,football,"NWSL needs 'institutional change' after abuse allegations, says interim CEO - CNN",1882,281
3842,3200,news,europe,EU Parliament to file lawsuit against Commission over 'failure' to punish countries who 'violate' rule of law - CNN,5780,931
3843,3201,news,australia,Cleo Smith: Australian authorities offer A$1 million reward for missing 4-year-old  - CNN,4890,820
3844,3202,news,uk,Queen Elizabeth II spent a night at the hospital for 'preliminary investigations' - CNN,2267,353
3845,3203,sport,sport,Tom Brady congratulates Aaron Rodgers for becoming 'shareholder of the Bears' after celebration saying he 'owned' them - CNN,2840,493
3846,3204,sport,sport,Beijing 2022: Mandatory vaccinations required for Canadian Olympic athletes - CNN,1531,238
3847,3205,sport,sport,Conor McGregor: MMA fighter accused of unprovoked attack by Italian DJ - CNN,2179,351
3848,3206,news,uk,"London has more statues of animals than it does of women and people of color, a new study says - CNN",2958,477
3849,3207,news,uk,"David Amess: Man charged with murdering UK lawmaker had terrorist links, court hears - CNN",2805,457
3850,3208,news,uk,UK government accused of being 'willfully negligent' as Covid cases mount - CNN,4010,620
3851,3209,news,uk,"UK Covid: Britain has more new cases than France, Germany, Italy and Spain combined - CNN",11569,1829
3852,3210,sport,golf,Xander Schauffele reveals his father is 'hogging' his Olympic gold medal - CNN,6247,1078
3853,3211,news,europe,La Palma: Drone operator will try to rescue dogs from volcano - CNN,1929,336
3854,3212,sport,tennis,Novak Djokovic: No special deals to allow unvaccinated players to play at Australian Open - CNN,4092,629
3855,3213,sport,sport,"Milwaukee Bucks debut championship rings, destroy Brooklyn Nets while Steph Curry cooks LeBron James - CNN",3969,669
3856,3214,news,uk,"UK MPs face 'substantial' threat after fatal Amess stabbing, says Home Secretary  - CNN",2661,429
3857,3215,sport,football,Newcastle United urges fans to not wear mock Arab head coverings following Saudi takeover - CNN,3320,522
3858,3216,sport,football,Champions League: Liverpool edges 10-man Atletico Madrid in five-goal thriller - CNN,5187,843
3859,3217,news,uk,Deadly and 'very agitated' snake found in English shipping container - CNN,2603,450
3860,3218,news,europe,"Russia-Taliban talks: Taliban wins backing for aid at Moscow talks, with regional powers saying US and allies should pay - CNN",3798,597
3861,3219,news,europe,Russia Covid: Moscow orders unvaccinated over-60s to stay home for 4 months - CNN,6297,980
3862,3220,sport,football,Karim Benzema and Mathieu Valbuena: A ​blackmail ​allegation and a sex tape -- two French footballers face off in court - CNN,4021,631
3863,3221,sport,football,Cristiano Ronaldo completes stunning Manchester United comeback against Atalanta - CNN,4299,706
3864,3222,sport,football,Lionel Messi gives up chance to score first hat-trick for Paris Saint-Germain  - CNN,2370,409
3865,3223,sport,sport,Fired Washington State head football coach to file lawsuit over 'unjust and unlawful' termination - CNN,2673,411
3866,3224,news,europe,Ex-German soldiers arrested for trying to create paramilitary unit to fight in Yemen - CNN,2364,373
3867,3225,news,uk,"Queen Elizabeth II cancels trip, advised to rest for a few days - CNN",2213,352
3868,3226,sport,sport,Michael Slater: Former Australia batsman charged after domestic incident  - CNN,2198,326
3869,3227,sport,football,Newcastle United manager Steve Bruce leaves club by mutual consent after Saudi backed takeover - CNN,2972,489
3870,3228,sport,sport,Portland Trail Blazers: How CJ McCollum is using his love of wine to become a different type of trailblazer - CNN,6923,1169
3871,3229,sport,football,Former NWSL player Kaiya McCullough calls for accountability after widespread women's football abuse scandal - CNN,3773,642
3872,3230,sport,tennis,"Novak Djokovic will need to be vaccinated to play Australian Open: minister
 - CNN",3683,569
3873,3231,sport,sport,NBA commissioner Adam Silver hopes Kyrie Irving decides to get vaccinated against Covid-19 - CNN,3745,636
3874,3232,sport,sport,Evander Kane suspended by NHL after investigation into his Covid-19 vaccine card - CNN,2795,443
3875,3233,news,europe,EU warns Poland it will pay for challenging common law - CNN,3626,579
3876,3234,news,australia,Australia Covid-19: More than 40 Victoria Police staff could be fired for failing to take a vaccine - CNN,2563,403
3877,3235,news,uk,"Kate, Duchess of Cambridge says addiction can 'happen to any of us' - CNN",2560,408
3878,3236,sport,sport,Nick Rolovich: Washington State head football coach ousted after refusing Covid-19 vaccine - CNN,4235,670
3879,3237,news,uk,"UK Net Zero Strategy aims for guilt-free flying, and more electric cars and trees - CNN",4194,682
3880,3238,news,europe,Quake off Greece's Karpathos shakes eastern Mediterranean - CNN,1231,182
3881,3239,sport,football,FIFA 'deeply concerned' at social media footage of DR Congo Under-20 women's national team - CNN,2697,446
3882,3240,sport,sport,Dick Vitale says he has lymphoma and will have chemotherapy - CNN,2201,368
3883,3241,news,uk,"Heat pumps explained: UK offers homeowners almost $7,000 to buy one. But what are they? - CNN",6735,1143
3884,3242,news,europe,"Norway attack victims were killed by stabbings, not arrows, police say - CNN",2461,391
3885,3243,news,europe,96-year-old Nazi war crimes suspect who absconded last month now goes on trial - CNN,2926,497
3886,3244,sport,football,English Premier League says 68% of players are fully vaccinated - CNN,2142,341
3887,3245,sport,sport,Nathan Chen says he has grown since disappointing Pyeongchang Games - CNN,2490,441
3888,3246,news,australia,Australia is offering money to help victims leave violent partners - CNN,5786,909
3889,3247,news,uk,Boris Johnson's secret COP26 weapon may have to be shame - CNN,9459,1562
3890,3248,sport,tennis,Cameron Norrie: Britain has a new tennis star - CNN,3515,616
3891,3249,sport,sport,"Sean Wainui: Māori All Blacks player, 25, dies after car crash - CNN",2215,381
3892,3250,sport,sport,NFL: A permanent residence? Fans weigh in on potential London franchise - CNN,5302,896
3893,3251,sport,golf,Australian golfer who is 99 years old makes hole-in-one - CNN,2003,347
3894,3252,news,europe,Carmen Mola: Lauded Spanish female crime writer revealed to be 3 men - CNN,3322,554
3895,3253,news,australia,Australia to vaccinate koalas against chlamydia in clinical trial - CNN,1977,304
3896,3254,sport,football,Lucas Hernández: France and Bayern Munich defender given deadline to enter prison - CNN,1813,285
3897,3255,sport,football,FIFA fears recent abuse cases in women's football are just 'tip of the iceberg' - CNN,11819,1934
3898,3256,news,uk,Prince William's Earthshot environmental prize winners announced - CNN,5499,880
3899,3257,news,europe,"Greta Thunberg 'Rickrolls' climate concert with crazy dance moves
 - CNN",2613,420
3900,3258,sport,football,UEFA hands English FA stadium ban following Euro 2020 final trouble - CNN,1922,300
3901,3259,news,europe,Czech lawmakers may strip hospitalized president of powers to end deadlock - CNN,2849,454
3902,3260,sport,golf,Rory McIlroy says he's 'capable of being the best the player in the world' after winning 20th PGA Tour title - CNN,9245,1648
3903,3261,news,australia,"Australian police search for Cleo Smith, 4, missing from tent on campsite - CNN",2444,406
3904,3262,news,europe,Russia suspending mission to NATO in response to staff expulsions - CNN,4002,618
3905,3263,sport,sport,Beijing 2022: Human rights activists unfurl 'No Genocide Games' banner at flame-lighting ceremony - CNN,3209,497
3906,3264,sport,football,Youngster Cole Palmer scores hat-trick in youth game just hours after appearing for Manchester City - CNN,1940,345
3907,3265,sport,football,Newcastle vs. Tottenham: Premier League game briefly suspended because of medical emergency in crowd - CNN,1728,284
3908,3266,news,europe,Rome goes to the polls amid Covid pass tension - CNN,1904,306
3909,3267,sport,sport,Chicago Sky defeat Phoenix Mercury for first WNBA championship win - CNN,1252,199
3910,3268,sport,sport,The Washington Football Team is retiring NFL star Sean Taylor's jersey after he was killed 14 years ago - CNN,4267,693
3911,3269,sport,golf,Team Jessica Korda wins Aramco Team Series -- first Ladies European Tour event held in US - CNN,2171,402
3912,3270,news,europe,"A dolphin's decades-long stay made this Irish town famous. A year after he left for good, Dingle bids farewell to Fungie  - CNN",8439,1397
3913,3271,sport,sport,Olympics 2022: Protest in Athens as Beijing prepares for Olympic Games flame - CNN,2658,412
3914,3272,sport,sport,Tennessee fans throw trash onto football field in loss to Mississippi - CNN,3199,512
3915,3273,sport,sport,T20 World Cup: Oman ready to savor 'one in a million' opportunity as host - CNN,4915,832
3916,3274,sport,football,Ole Gunnar Solskjaer: Pressure mounts on manager as Manchester United unbeaten away run ended by Leicester City - CNN,3893,657
3917,3275,news,europe,Russian daily Covid-19 deaths hit record high but lawmakers rule out lockdown - CNN,3477,536
3918,3276,news,europe,Lego gun: Teenager armed with toy triggers alarm in southern Germany - CNN,921,158
3919,3277,news,uk,David Amess stabbing: Boris Johnson and Keir Starmer visit scene in Leigh-on-Sea - CNN,8628,1346
3920,3278,news,uk,Fatal stabbing of British lawmaker David Amess called terrorist incident by UK police - CNN,9537,1512
3921,3279,sport,football,Mohamed Salah scores second wonder goal in as many Premier League games to spoil Claudio Ranieri return - CNN,3585,604
3922,3280,sport,football,Marcus Rashford: Manchester United forward told to 'prioritize' football by manager Ole Gunnar Solskjaer - CNN,2795,465
3923,3281,sport,sport,Tom Brady shrugs off thumb injury to throw two touchdowns in Buccaneers win over Eagles - CNN,3508,587
3924,3282,sport,sport,Balloon World Cup: Living room acrobatics earn Peruvian inaugural title - CNN,2388,410
3925,3283,news,europe,Norway bow-and-arrow attack suspect Espen Andersen Bråthen charged with murder - CNN,6811,1104
3926,3284,news,uk,British lawmakers face risks when working with the public - CNN,2561,415
3927,3285,news,australia,Scott Morrison: Australian leader will attend COP26 climate summit - CNN,3341,528
3928,3286,news,uk,Analysis: The Queen and senior royals get punchy on climate - CNN,11426,1884
3929,3287,sport,sport,South Korean speed skater Shim Suk-hee barred from training following leaked text messages - CNN,7171,1153
3930,3288,news,europe,Poland passes legislation allowing migrant pushbacks at border - CNN,2766,419
3931,3289,sport,sport,Nets star Kyrie Irving may not play a single game. But he could still score up to $19M - CNN,4000,688
3932,3290,sport,tennis,Ons Jabeur  of Tunisia becomes first Arab tennis player to break into top 10 - CNN,1797,329
3933,3291,sport,sport,Agnes Tirop: Kenyan police arrest husband in connection with stabbing death - CNN,2314,366
3934,3292,news,uk,COP26: Queen Elizabeth says lack of action on climate change is 'irritating' - CNN,1761,292
3935,3293,sport,sport,"Tour de France: Wind, cobbles and brutal mountaintop finishes in 2022 race - CNN",3737,626
3936,3294,sport,sport,Kenyan world record holder Agnes Tirop found dead following alleged stabbing - CNN,2182,354
3937,3295,sport,sport,"Kyrie Irving: Brooklyn Nets star says he's unvaccinated, a day after his team says he won't be allowed to play - CNN",3166,547
3938,3296,sport,sport,Mary Cain: Former track prodigy sues Nike and her ex-coach Alberto Salazar for $20 million  - CNN,3412,559
3939,3297,sport,sport,Jon Gruden: EA Sports are 'taking steps' to remove former Las Vegas Raiders head coach from Madden NFL 22 - CNN,2991,491
3940,3298,news,europe,Kongsburg: Suspect in Norway attack charged after 5 people killed with bow and arrow - CNN,4686,765
3941,3299,sport,sport,Colin Kaepernick details intensive training regime as he refuses to give up on NFL return - CNN,5003,820
3942,3300,news,europe,Norway bow-and-arrow attack suspect named as police say they're treating it as terrorism - CNN,7167,1195
3943,3301,sport,football,Afghanistan women's junior football team granted UK visas - CNN,3333,526
3944,3302,news,europe,"Lava from La Palma volcano sparks cement factory fire, pushing 2,500 people into lockdown - CNN",1742,289
3945,3303,news,europe,Giulio Regeni murder: Four Egyptian officers face Italian trial  - CNN,3603,561
3946,3304,sport,sport,Agnes Tirop: Police say runner's husband is a suspect in her stabbing death - CNN,2578,427
3947,3305,news,europe,"World's tallest woman is Rumeysa Gelgi, a 24-year-old from Turkey - CNN",2942,484
3948,3306,sport,sport,The bitter irony behind Jon Gruden's resignation - CNN,8002,1306
3949,3307,news,uk,Queen Elizabeth uses walking stick to attend service at Westminster Abbey - CNN,1312,217
3950,3308,sport,sport,NFL has no plans to release more details from Washington Football Team investigation - CNN,3391,524
3951,3309,sport,football,Xabi Alonso was a player who won it all. How will he do as a coach? - CNN,6983,1221
3952,3310,sport,football,FIFA president floats Israel as possible World Cup 2030 co-hosts - CNN,1523,240
3953,3311,sport,sport,Jon Gruden removed from Tampa Bay Buccaneers' Ring of Honor following resignation - CNN,4664,777
3954,3312,news,uk,Boris Johnson painting: Bereaved relatives of Covid victims slam UK Prime Minister who was pictured painting on vacation - CNN,3457,553
3955,3313,sport,football,"David Brooks: Wales international, 24, reveals cancer diagnosis  - CNN",3261,545
3956,3314,news,europe,Poland plans to spend over $400 million on wall on Belarus border - CNN,2916,466
3957,3315,sport,football,How an investigation of the Washington Football Team led to the resignation of the Las Vegas Raiders' head coach  - CNN,7737,1262
3958,3316,sport,sport,"Jon Gruden has resigned as head coach of the Las Vegas Raiders after reports of homophobic, racist and misogynistic emails - CNN",6552,1078
3959,3317,sport,football,Cristiano Ronaldo scores yet another hat-trick in World Cup qualifier rout - CNN,2868,461
3960,3318,news,europe,"Dutch monarch could be in same-sex marriage, prime minister says - - CNN",1911,319
3961,3319,sport,football,England v Hungary: World Cup qualifier marred by crowd violence and 'racially aggravated offence' - CNN,3113,482
3962,3320,news,europe,Europe on collision course with US over Venezuela elections - CNN,5066,840
3963,3321,news,europe,UK Covid: British government's early response to virus slammed in new report - CNN,6716,1045
3964,3322,news,australia,Two teenagers charged for allegedly killing 14 kangaroos in Australia - CNN,1639,258
3965,3323,sport,golf,'I just felt really weak': Anna Nordqvist reveals mental health battle after major victory - CNN,4873,834
3966,3324,sport,sport,Ryan Russell: NFL veteran says Jon Gruden's resignation is not enough - CNN,5533,951
3967,3325,sport,football,Germany becomes first nation to qualify for 2022 FIFA World Cup after host Qatar - CNN,2130,360
3968,3326,sport,sport,Baltimore Ravens: Lamar Jackson makes history as Ravens complete huge comeback against Indianapolis Colts - CNN,3005,502
3969,3327,sport,tennis,"Australian Open: Get vaccinated if you want to play grand slam, minister tells players - CNN",2669,405
3970,3328,sport,sport,"The boxing championships aimed at 'disrupting homophobia, transphobia, hatred in sport' - CNN",6610,1083
3971,3329,news,europe,Schools are new battleground in war of disinformation over Covid-19 vaccines - CNN,10100,1574
3972,3330,news,europe,"Dismissing Catholic abuse victims' lawsuit, European Court of Human Rights rules Vatican cannot be sued in European courts - CNN",6093,1009
3973,3331,news,europe,France to ban plastic packaging for fruit and vegetables from January  - CNN,2421,381
3974,3332,sport,golf,JR Smith makes college golf debut - CNN,2428,415
3975,3333,sport,sport,Kyrie Irving 'will not play or practice' with the Brooklyn Nets due to vaccination status  - CNN,2814,482
3976,3334,news,australia,Carbon emissions: Australia's energy minister dismisses call for tougher limits on polluters - CNN,2895,436
3977,3335,sport,sport,Kyrie Irving: Brooklyn Nets head coach Steve Nash admits star will miss home games - CNN,2770,473
3978,3336,sport,sport,Evan McPherson: Cincinnati Bengals kicker celebrates game-winning overtime kick. But he actually missed - CNN,2618,458
3979,3337,news,australia,Australia Covid-19: Sydney is reopening and starting to live with coronavirus on 'Freedom Day' - CNN,10392,1675
3980,3338,sport,golf,Ko Jin-young equals golfing history with dominant Founders Cup win - CNN,2023,343
3981,3339,news,europe,Czech President in 'stable' condition after post-election hospitalization  - CNN,4542,706
3982,3340,sport,football,France wins UEFA Nations League as VAR decision leaves Spain frustrated - CNN,2938,494
3983,3341,news,europe,"Lava from La Palma volcano sparks cement factory fire, pushing 2,500 people into lockdown - CNN",2015,334
3984,3342,news,europe,Alexander Schallenberg sworn in as Austria chancellor after Sebastian Kurz quits amid corruption inquiry - CNN,4293,634
3985,3343,sport,tennis,"Iga Swiatek: Tennis star to donate $50,000 prize money to World Mental Health Day - CNN",2500,439
3986,3344,sport,football,Neymar says the 2022 FIFA World Cup is his last  - CNN,1969,341
3987,3345,news,europe,Cristiano Ronaldo Fast Facts - CNN,7066,1124
3988,3346,news,europe,"Belarus: Record number of people attempt to cross the Polish border, officials say - CNN",2809,428
3989,3347,news,uk,"Prince Andrew: London's Met Police taking ""no further action"" against the Duke of York - CNN",4109,665
3990,3348,sport,football,Premier League: Vaccination rates of players remain shrouded in mystery - CNN,7912,1332
3991,3349,news,europe,Bolshoi Theatre performer killed in accident on stage during opera - CNN,2019,318
3992,3350,news,europe,"Russian plane crash: Aircraft carrying parachutists comes down, killing 16 - CNN",1776,278
3993,3351,sport,sport,LGBT+ fan groups alliance criticises Newcastle takeover - CNN,3424,517
3994,3352,sport,football,World Mental Health Day: Canadian goalkeeper Stephanie Labbe's journey through panic attacks to Olympic gold - CNN,84652,13962
3995,3353,sport,sport,Tyson Fury knocks out Deontay Wilder to retain WBC title in heavyweight fight for the ages - CNN,2122,378
3996,3354,news,europe,Lava blocks the size of buildings falling from La Palma volcano - CNN,2130,336
3997,3355,sport,motorsport,Lewis Hamilton limits damage to F1 title defense as Valtteri Bottas wins Turkish Grand Prix - CNN,2791,475
3998,3356,sport,sport,"Atlanta Falcons vs. New York Jets: Myriad colors, a makeshift kicking net and the national anthem sung from atop the stadium: the NFL returns to London - CNN",3357,546
3999,3357,news,europe,Sebastian Kurz resigns as Austrian Chancellor amid corruption scandal - CNN,3808,569
4000,3358,sport,football,"Lionel Messi: Leaving Barcelona was a shock, but PSG starr adjusting well in Paris - CNN",3296,569
4001,3359,news,europe,Nathy Peluso: Spanish archbishop apologizes for racy music video filmed in Gothic cathedral - CNN,2836,465
4002,3360,sport,sport,Jim Kaat: Baseball broadcaster apologizes for insensitive remark during an MLB playoff game - CNN,1634,280
4003,3361,news,uk,Anti-trans rhetoric is rife in the British media. Little is being done to extinguish the flames - CNN,16076,2534
4004,3362,sport,tennis,Emma Raducanu says she needs to cut herself 'some slack' after defeat by Aliaksandra Sasnovich at Indian Wells - CNN,3202,533
4005,3363,sport,sport,Jon Gruden: Raiders coach described head of the NFL Players Association DeMaurice Smith using racially insensitive language in 2011 - CNN,3185,545
4006,3364,sport,sport,"Kyrie Irving: Brooklyn Nets star will be able to practice with his team, but won't be able to play home games due to vaccination status - CNN",2442,428
4007,3365,sport,football,Belgium vs. France: Romelu Lukaku thought he'd won it but VAR had other ideas as Theo Hernandez strike decides thriller - CNN,2957,497
4008,3366,sport,sport, Oisin Murphy: Top jockey takes 'full responsibility' after failing breathalyzer test ahead of race  - CNN,1974,327
4009,3367,sport,sport,Tyson Fury vs. Deontay Wilder: How to watch trilogy fight between heavyweight stars to settle rivalry - CNN,3742,638
4010,3368,sport,football,US judge recommends Cristiano Ronaldo rape case be dismissed - CNN,2111,308
4011,3369,news,uk,Analysis: The Countess of Wessex is getting real about menopause. Why her groundbreaking message matters - CNN,12464,2037
4012,3370,sport,football,Gavi: Teenager becomes Spain's youngest international as Italy's 37-game unbeaten streak ends - CNN,2731,464
4013,3371,sport,football,"National Women's Soccer League players pause mid-match, stand in solidarity in first match back following postponement - CNN",5771,943
4014,3372,sport,sport,NBA players fraud charges: 18 former NBA players indicted for allegedly trying to defraud league's health care plan out of millions - CNN,3509,547
4015,3373,news,europe,100-year-old goes on trial in Germany accused of Nazi war crimes  - CNN,3199,518
4016,3374,sport,sport,Tyson Fury promises to knockout Deontay Wilder in heated press conference ahead of trilogy fight - CNN,2731,458
4017,3375,sport,sport,MLB playoffs: Dynasties and bragging rights are at stake  - CNN,5581,940
4018,3376,sport,football,Footballers are playing an 'obscene' amount of games. Will a World Cup every two years make it worse? - CNN,9057,1469
4019,3377,news,europe,Mussolini's granddaughter tops polls in Rome council vote - CNN,1456,214
4020,3378,sport,football,William Ribeiro: Brazilian footballer charged with attempted murder after kicking referee in the head - CNN,2070,334
4021,3379,sport,football,Newcastle United's takeover by a Saudi Arabian-backed consortium is agreed - CNN,5288,829
4022,3380,sport,sport,"Andrew Wiggins on getting vaccinated: 'Not something I wanted to do, but kind of forced to' - CNN",3863,679
4023,3381,sport,football,How Manchester United signed Cristiano Ronaldo in Gary Lineker's back garden - CNN,4481,715
4024,3382,news,uk,"Inside Boris Johnson's post-Brexit bubble, where he's king of his party but cut off from reality - CNN",7950,1313
4025,3383,sport,golf,Brooks Koepka and Bryson DeChambeau to face off in latest edition of 'The Match' - CNN,1906,317
4026,3384,news,europe,UK high court finds Dubai's Sheikh Mohammed hacked ex-wife's phone using spyware - CNN,4386,706
4027,3385,news,europe,France Catholic Church: Pope expresses 'shame' over Church response to sexual abuse survivors following report - CNN,4050,660
4028,3386,sport,football,Does the footballing world really care about kicking homophobia out? - CNN,16243,2653
4029,3387,sport,sport,Cyclist Elinor Barker says she won silver at Tokyo Olympics while pregnant - CNN,1171,196
4030,3388,sport,sport,"Urban Meyer must 'regain our trust' after 'inexcusable' video, says Shad Khan - CNN",2436,413
4031,3389,sport,football,Former NWSL coach called 'predator' as players speak out about sexual misconduct accusations  - CNN,5434,939
4032,3390,sport,football,"UK red list: Premier League footballers offered new quarantine rules for international break, but Jurgen Klopp says it's 'not a real solution' - CNN",5094,805
4033,3391,news,europe,David Cameron Fast Facts - CNN,3664,572
4034,3392,news,europe,Gerry Adams Fast Facts - CNN,4341,687
4035,3393,sport,football,Alex Ferguson says Cristiano Ronaldo should have started against Everton - CNN,1471,232
4036,3394,news,europe,"Lars Vilks, Swedish 'Mohammed' cartoonist, killed in car crash - CNN",1806,286
4037,3395,news,europe,"France Catholic church abuse scandal: 216,000 minors sexually abused, report finds - CNN",9911,1605
4038,3396,sport,football,Asisat Oshoala: How a grandmother's belief gave birth to an African soccer superstar - CNN,7973,1307
4039,3397,sport,tennis,Alexander Zverev: ATP to investigate domestic abuse allegations - CNN,3419,538
4040,3398,news,europe,Dinky dinosaur was the smallest of its kind when it roamed Wales 200 million years ago - CNN,3525,578
4041,3399,sport,sport,Bubba Wallace becomes 2nd Black person to win NASCAR Cup Series - CNN,2073,357
4042,3400,news,europe,La Palma volcano increasingly aggressive as Spain's leader announces emergency funds - CNN,2059,320
4043,3401,sport,football,River Plate defeats Boca Juniors as ex-Manchester United star Marcos Rojo sees red - CNN,2034,324
4044,3402,news,uk,London police officer charged with rape - CNN,2387,384
4045,3403,news,europe,La Palma volcano: Lava flow thickens after volcanic crater collapses - CNN,2038,338
4046,3404,sport,football,Union Berlin apologizes over anti-Semitic incidents at match against Maccabi Haifa - CNN,2869,436
4047,3405,news,europe,"Milan: Small plane crashes into empty building in city outskirts, all 8 onboard die - CNN",859,139
4048,3406,sport,sport,Tom Brady makes triumphant return to New England Patriots with victory and all-time passing record - CNN,4630,810
4049,3407,sport,football,Park Ji-sung: Ex-Manchester United star urges fans to stop singing his chant which includes racial stereotype  - CNN,2438,410
4050,3408,news,europe,Russia test fires submarine-launched hypersonic Tsirkon missile for first time - CNN,1759,270
4051,3409,sport,football,Claudio Ranieri: Watford hire former Premier League winner as manager - CNN,2723,436
4052,3410,sport,sport,Paris-Roubaix: Italian Sonny Colbrelli wins epic race - CNN,3756,627
4053,3411,sport,sport,Tani Adewumi: How chess changed the fortunes of 11-year-old prodigy and his family - CNN,6409,1128
4054,3412,sport,football,Liverpool vs Man City: Mohamed Salah scores stunning solo goal - CNN,4063,684
4055,3413,sport,sport, London Marathon 2021: Joyciline Jepkosgei races to victory in women's race  - CNN,1945,319
4056,3414,sport,sport,The Green Bay Packers added a pocket to Aaron Jones' jersey so he can play while carrying his father's ashes - CNN,2459,423
4057,3415,news,uk,"Sarah Everard was murdered by a UK police officer. Without urgent changes to policing, campaigners fear she won't be the last - CNN",12195,2000
4058,3416,news,europe,"Up to 3,200 pedophiles in French Catholic Church since 1950, according to independent commission - CNN",4857,788
4059,3417,sport,football,Lionel Messi suffers first defeat as a PSG player as Rennes stages surprise   - CNN,1659,275
4060,3418,news,uk,Boris Johnson's reign is becoming one long crisis - CNN,10758,1775
4061,3419,news,uk,"Police failure to tackle violence against women 'infuriating,' UK PM Boris Johnson tells The Times - CNN",4695,768
4062,3420,sport,sport,"Sky Brown: Teenage skateboard sensation saddened by plight of Afghan girls, saying 'girls can do anything that boys can do but even better' - CNN",4787,802
4063,3421,sport,sport,Lizzie Deignan makes history by winning first women's Paris Roubaix - CNN,3303,546
4064,3422,sport,football,National Women's Soccer League commissioner quits as weekend matches are cancelled after sexual miscoduct allegations against fired coach - CNN,6345,1022
4065,3423,sport,football,Manchester United vs. Everton: Cristiano Ronaldo is named on the substitutes' bench as Andros Townsend goal grabs draw - CNN,3052,495
4066,3424,news,europe,John Kerry says emissions cuts are 'do-able' as ministers wrap last meeting ahead of COP26 - CNN,3863,650
4067,3425,news,europe, Alexander Lukashenko: Belarusian strongman tries to turn the tables in combative interview - CNN,8301,1357
4068,3426,news,australia,Analysis: Australia's climate policy is being dictated by a former accountant in a cowboy hat - CNN,9919,1574
4069,3427,news,europe,"Fertility treatments for lesbian and single women legalized in France. A sperm shortage could slow things down
France has legalized fertility treatments for lesbian and single women. But a sperm shortage could slow things down. 
 - CNN",5767,1001
4070,3428,news,uk,Analysis: Britain's royal family love James Bond. There's a few reasons for that - CNN,11632,1904
4071,3429,sport,sport,Tom Brady hypes Buccaneers-Patriots game with homecoming video  - CNN,2109,351
4072,3430,sport,sport,Ukrainian Hockey League criticized for 'pathetic' punishment for racist gesture - CNN,4830,803
4073,3431,sport,football,Pele: Brazil legend leaves hospital after surgery to remove tumor - CNN,2045,330
4074,3432,news,uk,"Princess Beatrice, granddaughter of Queen Elizabeth II, reveals name of her first child - CNN",3147,514
4075,3433,news,europe,"French former police officer identified as serial killer and rapist, ending 35-year hunt - CNN",3811,622
4076,3434,sport,football,Mark Clattenburg: Former Premier League referee criticized for 'outdated' comments on female referees - CNN,3444,553
4077,3435,sport,football,Europa League: Crowd trouble once again mars fixtures - CNN,3277,534
4078,3436,news,europe,Vaccine hesitancy: These EU nations are still miles behind their neighbors - CNN,8745,1377
4079,3437,sport,football,Glen Kamara: Rangers to lodge official complaint over 'racist' booing at midfielder - CNN,5241,858
4080,3438,sport,sport,"Caught in the midst of a bullying scandal, South Korean volleyball twins Lee Jae-yeong and Lee Da-yeong controversially sign for Greek club - CNN",4192,636
4081,3439,news,uk,Sarah Everard murder: London's police criticized after warning women to be wary of lone officers - CNN,5303,884
4082,3440,sport,sport,Magnus Carlsen: How to become a chess grandmaster - CNN,9984,1763
4083,3441,sport,football,National Women's Soccer League team North Carolina Courage fires head coach following accusations of sexual manipulation and misconduct - CNN,4109,651
4084,3442,news,europe,Exclusive: Belarus President Alexander Lukashenko derides reports of abuse as 'fake and fantasy' - CNN,2218,330
4085,3443,news,europe,Netherlands says Omicron variant was already in country earlier than previously thought - CNN,2597,395
4086,3444,sport,sport,Michigan football coach Jim Harbaugh says he will gift his bonus to staffers who took pay cuts - CNN,1881,297
4087,3445,sport,golf,"Tiger Woods says his days of being a full-time golfer are over: 'Never full time, ever again' - CNN",2363,415
4088,3446,news,europe,Iran nuclear talks resume with upbeat comments despite skepticism - CNN,4279,682
4089,3447,sport,sport,"Afghan women footballers: Safe and alive, but 'traumatized,' their future in the UK is still very uncertain  - CNN",9960,1695
4090,3448,sport,sport,"Monday Night Football: Seahawks fall as coach says Russell Wilson has 'to do better, we all got to do better' - CNN",4481,757
4091,3449,sport,football,FIFPro: Vincent Kompany says football boardrooms are a 'hotbed of inequality' in new anti-racism report - CNN,4640,710
4092,3450,news,europe,Russia says Zircon hypersonic missile hit target in latest test - CNN,1209,201
4093,3451,news,europe,Spain's La Palma volcano continues to wreak havoc more than 2 months on - CNN,2065,350
4094,3452,sport,football,Ballon d'Or: Cristiano Ronaldo hits back after France Football boss stokes Lionel Messi rivalry  - CNN,3725,598
4095,3453,sport,football,Mohamed Aboutrika: Former footballer calls homosexuality a 'dangerous ideology' against the backdrop of the Premier League's Rainbow Laces campaign - CNN,3006,437
4096,3454,sport,football,"Qatar 2022: Amid ongoing human rights concerns, World Cup chief promises host nation is 'tolerant' and 'welcoming' - CNN",10036,1620
4097,3455,sport,golf,Tiger Woods on playing again: 'I don't know when that is going to happen' - CNN,2444,428
4098,3456,sport,tennis,"Novak Djokovic likely to skip Australian Open over vaccine mandate, says father - CNN",1457,234
4099,3457,sport,sport,Fenway Sports Group acquires NHL's Pittsburgh Penguins  - CNN,2092,337
4100,3458,sport,sport,Mikaela Shiffrin equals Ingemar Stenmark's record with 46th World Cup slalom win - CNN,1910,321
4101,3459,sport,football,"Lionel Messi wins seventh Ballon d'Or, while Alexia Putellas wins her first women's title - CNN",3518,581
4102,3460,news,uk,"UK to offer booster shots to all adults, just 3 months after their second dose - CNN",4115,666
4103,3461,sport,sport,Enes Kanter will legally change his name to Enes Kanter Freedom - CNN,1812,297
4104,3462,sport,sport,NFL: New England defense bullies Tennessee in 36-13 victory for sixth straight win - CNN,4030,707
4105,3463,sport,football,Cristiano Ronaldo benching for Manchester United causes fierce debate between pundits - CNN,2971,493
4106,3464,sport,football,Ralf Rangnick appointed Manchester United interim manager - CNN,2462,384
4108,3465,sport,sport,"Philadelphia 76ers star Joel Embiid on bout with Covid-19: ""I really thought I wasn't going to make it"" - CNN",1509,261
4109,3466,sport,football,Ballon d'Or 2021: Who will be crowned the best players in men's and women's football? - CNN,3766,624
4110,3467,news,europe,Magdalena Andersson elected Sweden's first female Prime Minister -- again - CNN,2654,433
4111,3468,sport,golf,"Lee Elder, the first Black golfer to play at the Masters, dies at 87 - CNN",4539,805
4112,3469,sport,sport,"Mallory Weggemann: 'Swimming saved my life,' says five-time Paralympic medalist - CNN",4980,831
4113,3470,news,europe,Czech President appoints new Prime Minister from a glass box - CNN,2725,435
4114,3471,sport,sport,"LeBron James: Los Angeles Lakers forward fined $15,000 for 'obscene gesture' celebration - CNN",2043,314
4115,3472,news,europe,Switzerland votes to keep Covid restrictions as cases surge - CNN,1786,286
4116,3473,sport,football,Benfica match abandoned after Covid-hit opponents left with six players - CNN,3128,495
4117,3474,sport,football,Chelsea and Manchester United play out pulsating draw in Premier League - CNN,4845,836
4118,3475,sport,sport,George Kambosos Jr. stuns Teofimo Lopez to become unified lightweight champion - CNN,2690,468
4119,3476,sport,sport, NFL Pro Football Hall of Famer Curley Culp dies at age 75 - CNN,3084,525
4120,3477,sport,motorsport,"Frank Williams, Williams F1 team founder, dies at 79 - CNN",3684,644
4122,3478,sport,tennis,Peng Shuai: Human Rights Watch accuses IOC of sportswashing in case of Chinese tennis star - CNN,5562,875
4123,3479,sport,sport,NHL postpones upcoming New York Islanders games due to Covid-19 outbreak - CNN,1985,318
4124,3480,sport,sport,"World Chess Championship: Chess is sexy again. But for Magnus Carlsen, it's business as usual - CNN",5313,897
4125,3481,sport,tennis,Peng Shuai: WTA remains 'deeply concerned' about Chinese tennis star - CNN,4009,640
4126,3482,sport,football,Newcastle United: The football fans that don't want their club owned by nation states and billionaires - CNN,24424,4126
4127,3483,sport,football,Arsenal win piles pressure on Newcastle United and new head coach Eddie Howe - CNN,2162,337
4128,3484,sport,golf,Brooks Koepka says he 'just wanted to spank' Bryson DeChambeau after soundly beating rival in fifth edition of 'The Match - CNN,2909,487
4129,3485,sport,sport,Cowboys vs Raiders: Dallas suffers heartbreaking Thanksgiving overtime loss to Las Vegas - CNN,5063,887
4130,3486,sport,golf,"Pigs go hog wild on golf course, injure two and force club closure - CNN",2799,504
4131,3487,sport,sport,World Athletics finds female athletes target of 87 percent of online abuse at Tokyo Olympics  - CNN,2272,363
4132,3488,sport,football,Ralf Rangnick: Manchester United set to appoint German as interim manager -- reports - CNN,1921,304
4133,3489,news,europe,Ukraine Volodymyr Zelensky: President says group of Russians and Ukrainians planning coup against him - CNN,3714,579
4134,3490,sport,football,Belgium hammer Armenia 19-0 in Women's World Cup qualifying to set team record - CNN,2312,369
4135,3491,news,europe,Ava White: Liverpool police launch murder inquiry after 12-year-old girl is killed - CNN,3458,587
4136,3492,sport,sport,Pat Cummins tasked with healing Australia after time of Paine - CNN,4133,682
4137,3493,news,europe,Russia mining accident: Death toll in Siberian coal mine tragedy rises to more than 50 - CNN,2138,345
4138,3494,news,uk,"Priti Patel, Britain's hardline home secretary, exposes the fault lines of a divided country - CNN",12653,2010
4139,3495,sport,sport,Tom DeBlass: How MMA fighter overcame childhood abuse and father's addiction to become a champion - CNN,11758,2053
4140,3496,sport,tennis,Peng Shuai: IOC member Dick Pound 'puzzled' by reaction to tennis player's video call - CNN,5632,905
4141,3497,news,uk,Prince William's overpopulation remarks will do women no favors - CNN,7525,1229
4142,3498,news,europe,"French fishermen threaten to block Channel Tunnel, ports in protest over fishing licenses - CNN",2529,401
4143,3499,news,europe,English Channel tragedy: At least 27 people dead after migrant boat sinks off French coast - CNN,8129,1293
4144,3500,news,europe,"English Channel tragedy: After dozens drown, England and France ramp up war of words - CNN",8378,1318
4145,3501,sport,football,Manchester City defeat Paris Saint-Germain as both teams qualify for Champions League knockout stages - CNN,3911,675
4146,3502,sport,football,Karim Benzema: French court says Real Madrid star used 'subterfuge and lies' in sex tape case - CNN,5584,892
4147,3503,news,europe,Russia's Putin tests experimental intranasal Covid-19 vaccine - CNN,3315,501
4148,3504,sport,sport,"Marko Grilc: Snowboarder dies in accident, according to sponsors - CNN",2940,481
4149,3505,news,europe,Ancient case of disease spillover discovered in Neanderthal man who got sick butchering raw meat - CNN,5041,815
4150,3506,sport,sport,Golden State Warriors: Tracy McGrady backs Dubs to outgun the Lakers in championship race - CNN,7696,1336
4151,3507,sport,sport,Zac Stacy's ex-girlfriend testifies she fears for her safety after violent assault caught on camera - CNN,3933,658
4152,3508,sport,golf,Bryson DeChambeau vs. Brooks Koepka: How an internet meme helped fuel sport's biggest rivalry - CNN,5309,886
4153,3509,sport,football,Qatar World Cup: Norwegian broadcaster slams treatment of its journalists but Qatar says they were trespassing illegally - CNN,6287,1011
4154,3510,sport,football,Diego Maradona: How the 'Hand of God' and the 'Goal of the Century' redefined football - CNN,16029,2761
4155,3511,sport,sport,LeBron James: Superstar gets fans ejected from game on return and hits clutch 3 in Lakers OT win - CNN,4303,720
4156,3512,news,uk,UK lawmaker Stella Creasy reprimanded for bringing baby to work - CNN,4969,839
4157,3513,news,europe,Magdalena Andersson: Sweden's first female prime minister resigns - CNN,3295,508
4158,3514,news,uk,"Windrush scandal: Just 5% of victims have received compensation, report says - CNN",5184,813
4159,3515,sport,football,Karim Benzema: Real Madrid star found guilty of complicity in attempted blackmail in sex tape case - CNN,2367,366
4160,3516,sport,football,"Barcelona vs Benfica: Barça's Champions League hopes on knife edge, but club may have found its new star - CNN",2345,382
4161,3517,news,uk,"Climate change: British people are more concerned about the crisis than Covid and Brexit, poll shows - CNN",4356,705
4162,3518,sport,sport,'IronGran': There's just no stopping this 78-year-old triathlete - CNN,6124,1036
4163,3519,sport,football,Bayern Munich stars Joshua Kimmich and Eric Maxim Choupo-Moting test positive for Covid-19 as club grapples with virus - CNN,2935,435
4164,3520,news,europe,Germany's incoming government unveils plans to legalize cannabis and phase out coal - CNN,5883,906
4165,3521,sport,tennis,"WTA's stance on Peng has made it human rights champion, says former U.S. official - CNN",3031,487
4166,3522,news,europe,Olaf Scholz: the man set to replace Angela Merkel as Germany's next chancellor  - CNN,5002,821
4167,3523,sport,sport,"Dick Vitale: Famous basketball announcer, who is battling cancer, emotional upon return - CNN",2582,433
4168,3524,news,europe,"Fearing new Russian threat, Ukraine races to upgrade its navy - CNN",5834,919
4169,3525,news,europe,"Lobsters and crabs are sentient beings and shouldn't be boiled alive, UK report says - CNN",3640,558
4170,3526,news,europe,As Romania struggles with Covid fourth wave bodies pile up outside hospital morgue  - CNN,9051,1502
4171,3527,news,europe,Bulgaria bus fire: 12 children among 45 killed in accident - CNN,5863,966
4172,3528,news,europe,Portugal's power production goes coal-free long before deadline - CNN,1877,294
4173,3529,sport,sport,Monday Night Football: Brady and Bucs back to winning ways with victory over Giants - CNN,3357,551
4174,3530,sport,sport,LeBron James suspended for one game after a strike to an opposing player's face leads to scuffle - CNN,2851,493
4175,3531,sport,sport,"Rory Dames: Coach of Chicago Red Stars women's soccer team resigns, a day before report alleges verbal and emotional abuse of players - CNN",3803,621
4176,3532,news,europe,"Rudy Guede, convicted over the murder of Meredith Kercher, a free man - CNN",1694,265
4177,3533,sport,football,FIFA President Gianni Infantino sees 'great evolution' in Qatar amidst worker death reports  - CNN,2496,415
4178,3534,sport,football,Felix Afena-Gyan: AS Roma star says there was 'no racist intent' in banana comment captured in video - CNN,2670,468
4179,3535,sport,golf,Bubba Watson: 'I was fearing death' -- Two-time Masters champion shares mental health struggles - CNN,4566,866
4180,3536,sport,football,Manchester United qualifies for Champions League knockout stages with 2-0 victory against Villarreal - CNN,2741,462
4181,3537,sport,sport,Kevin Sinfield runs 101 miles in 24 hours for motor neurone disease charity - CNN,2364,405
4182,3538,news,europe,"French Prime Minister Jean Castex tests positive for Covid-19, forcing Belgium's leader to isolate  - CNN",6045,909
4183,3539,news,europe,"Belarus migrant crisis: The West's leaders agree that democracy is under attack, but how they can defend it is less obvious - CNN",12374,1941
4184,3540,news,europe,Violent clashes erupt during anti-lockdown demonstrations in Europe  - CNN,3414,507
4185,3541,sport,tennis,"Alexander Zverev: After victory at the ATP Finals, is 2022 the year German tennis star can finally claim his first grand slam title? - CNN",4867,842
4186,3542,sport,football,Lyon vs Marseille: French league game abandoned after player hit in head by water bottle thrown from crowd - CNN,4818,804
4187,3543,sport,golf,Tiger Woods posts first video taking practice swings since car accident in February - CNN,1084,179
4188,3544,sport,tennis,Who is Chinese tennis player Peng Shuai and what is happening with the Zhang Gaoli allegations? - CNN,9563,1547
4189,3545,sport,tennis,WTA chief Steve Simon says new video of Chinese tennis star Peng Shuai 'insufficient' to assure her safety - CNN,7722,1234
4190,3546,sport,sport,Peng Shuai says is safe in video call with International Olympic Committee - CNN,6278,1006
4191,3547,sport,motorsport,Lewis Hamilton wins Qatar Grand Prix to cut Max Verstappen's championship lead to  - CNN,2220,374
4192,3548,news,europe,"The victims of the Belarus border crisis were obvious. For Poland's government, it was a useful distraction - CNN",18493,2904
4193,3549,sport,sport,Jonathan Taylor thrusts himself into the race for this season's MVP in NFL after five touchdown performance   - CNN,3060,512
4194,3550,sport,football,Manchester United went viral again but for all the wrong reasons  - CNN,5659,938
4195,3551,sport,football,Ole Gunnar Solskjaer sacked as Manchester United manager after string of poor results - CNN,3016,505
4196,3552,news,europe,Italian island Vulcano evacuates residents over carbon dioxide levels - CNN,3025,478
4197,3553,news,europe,"What's happening in Belarus? The border migrant crisis, explained - CNN",9734,1484
4198,3554,sport,sport,"Baker Mayfield: QB's future with the Cleveland Browns seems uncertain, but advocacy for man on death row wins plaudits - CNN",4628,781
4199,3555,sport,football,Arsenal boss Mikel Arteta explains fiery clash with Jurgen Klopp during defeat to Liverpool - CNN,1735,286
4200,3556,news,europe,France bear attack: 70-year-old hunter suffers 'serious' injury after encounter - CNN,1964,309
4201,3557,news,europe,Russian rescue dog Monika has a new leash on life after prosthetics operation - CNN,2889,484
4202,3558,news,uk,Queen marks first wedding anniversary without Prince Philip - CNN,9906,1589
4203,3559,sport,tennis,Australian Open: Tennis Australia CEO says players must be vaccinated to play in grand slam - CNN,3227,533
4204,3560,sport,sport,How Azeem Rafiq's testimony on racist abuse shines light on the sport's deep-rooted problems  - CNN,7503,1270
4205,3561,news,europe,"Europe is learning a crucial lesson -- vaccines work, but they alone won't stop Covid now - CNN",14543,2258
4206,3562,sport,football,Copa Libertadores: South American football hopes to emerge from the pandemic with 3 club finals in 8 days - CNN,6502,1065
4207,3563,sport,sport,Usain Bolt: 'I try to stay away as much as possible' from social media - CNN,2126,387
4208,3564,news,europe,Paris fire: Blaze near Place de L'Opera in French capital - CNN,606,103
4209,3565,sport,sport,Pillow fighting enters combat sports arena: 'Don't get caught napping' - CNN,1787,290
4210,3566,news,europe,Rotterdam Covid-19 protests: Injuries reported after Dutch police fire warning shots at anti-lockdown demonstrators - CNN,3531,554
4211,3567,sport,motorsport,Kyle Larson says he's thankful for second chance - CNN,4062,658
4212,3568,news,europe,The EU realizes it can't rely on America for protection. Now it has a blueprint for a new joint military force - CNN,10255,1698
4213,3569,sport,motorsport,Lewis Hamilton praised for defending LGBTI rights during F1 Qatar Grand Prix - CNN,4654,742
4214,3570,sport,football,"Kim Kardashian, Leeds owner Radrizzani help 130 Afghan female players fly to Britain - CNN",2340,351
4215,3571,sport,motorsport,Valtteri Bottas backs teammate Lewis Hamilton to triumph in F1 championship fight - CNN,2104,359
4216,3572,news,uk,Analysis: A court battle is brewing over Prince Philip's will - CNN,11733,1954
4217,3573,sport,sport,Tim Paine: Australia Test cricket captain steps down over ​2017 texts sent to female colleague  - CNN,3219,538
4218,3574,sport,football,Ghana launches scathing attack on South Africa with FIFA set to review controversial penalty - CNN,2908,458
4219,3575,sport,sport,New England Patriots shut out Atlanta Falcons in Thursday Night Football thrashing as Mac Jones shines - CNN,3257,567
4220,3576,news,europe,"Austria Covid: Nationwide vaccine mandate announced, lockdown reimposed - CNN",6686,1034
4221,3577,sport,sport,Bryan Habana: Springboks great says he would have taken the knee as a player if he had the opportunity - CNN,6573,1110
4222,3578,sport,football,"World Cup 2022: Qatar inadequately investigating workplace deaths, says ILO - CNN",3669,570
4223,3579,sport,sport,Shohei Ohtani: Sensational two-way baseball star named the unanimous choice for MVP of the American League - CNN,2772,467
4224,3580,news,europe,Belarus-Poland border: Migrant camps cleared at border as first repatriation flight leaves for Iraq - CNN,9441,1506
4225,3581,sport,tennis,Peng Shuai: Chinese state media release alleged email from tennis star amid worry over whereabouts - CNN,8735,1388
4226,3582,sport,sport,Former cricketer Azeem Rafiq apologizes for antisemitic comments he says he made in 2011 - CNN,2664,451
4227,3583,news,europe,British F-35 fighter jet crashes while flying off aircraft carrier HMS Queen Elizabeth - CNN,4166,671
4228,3584,news,europe,Covid: Germany cases hit record high with Merkel warning of 'dramatic' situation - CNN,7057,1127
4229,3585,sport,tennis,WTA Finals: Garbiñe Muguruza becomes first Spanish player to win year ender - CNN,2098,363
4230,3586,news,europe,Meet the DogPhone -- the device that lets dogs video call their humans - CNN,3714,624
4231,3587,news,europe,Aid workers face trial in Greece for spying after refugee rescues - CNN,2920,467
4232,3588,news,europe,"French dictionary adds non-binary pronoun, sparking anger - CNN",3259,514
4233,3589,sport,sport,Bucks vs Lakers: Giannis Antetokounmpo powers Milwaukee to win over LA - CNN,3560,586
4234,3590,sport,sport,Ebony Rainford-Brent: Former England cricketer shares racist letter she received  - CNN,2457,409
4235,3591,sport,sport,Azeem Rafiq doesn't want his kids to play cricket and 'be in pain' from racism - CNN,3530,580
4236,3592,sport,football,Lilian Thuram: World Cup winner urges players to walk off pitch if racially abused  - CNN,6944,1144
4237,3593,sport,sport,Chris Moneymaker: Meet the man who helped change the fortunes of poker overnight - CNN,7515,1294
4238,3594,sport,football,World Cup qualifiers: Canada in wintery wonderland after beating Mexico - CNN,2221,387
4239,3595,news,europe,Dying to be green: Are mushroom coffins the secret to an eco-friendly death? - CNN,6403,1018
4240,3596,sport,golf,Charlie Sifford Award created for honoring 'spirit in advancing diversity in golf' - CNN,3766,605
4241,3597,news,europe,"Armenia and Azerbaijan agree ceasefire after border clash, Armenian Defense Ministry says - CNN",2235,337
4242,3598,sport,sport,Canelo Alvarez to fight Ilunga Makabu in bid to become a five-division titleholder - CNN,2717,423
4243,3599,sport,sport,International Olympic Committee announces new framework on transgender athletes  - CNN,3665,572
4244,3600,news,uk,The Queen holds first engagement since missing Remembrance Sunday Service - CNN,4148,697
4245,3601,sport,sport,"Michael Savarino and Paolo Banchero, Duke basketball players, face DWI-related charges - CNN",2121,321
4246,3602,news,europe,Austria: What a suspected neo-Nazi's gun cache says about far-right extremism in Europe - CNN,10713,1721
4247,3603,sport,sport,"Golden State Warriors: Curry says 'We have championship DNA,' after domination of Brooklyn Nets - CNN",2559,450
4248,3604,news,europe,"Yunior Garcia Aguilera, Cuban activist, arrives in Spain - CNN",2528,403
4249,3605,news,europe,Poland-Belarus border: Violence erupts as Polish guards fire water cannon on migrants  - CNN,7970,1235
4250,3606,news,europe,EU court rules against Poland over judicial appointments - CNN,1495,235
4251,3607,sport,motorsport,"Guanyu Zhou: First Chinese driver is huge for Alfa and F1, says Vasseur - CNN",3275,574
4252,3608,news,uk,Jewel thieves jailed for $35 million celebrity burglaries  - CNN,4732,777
4253,3609,news,australia,Australian family rescued after days stranded in Simpson Desert - CNN,1577,253
4254,3610,sport,football,Benjamin Mendy: Manchester City defender facing two additional rape charges - CNN,1242,189
4255,3611,sport,sport,"Julio Lugo, former MLB player, dies at age 45 - CNN",1690,293
4256,3612,sport,sport,Ottawa Senators: NHL pauses team's season due to Covid-19 outbreak - CNN,1189,198
4257,3613,news,europe,Europe Covid: Leaders turns the screws on the unvaccinated - CNN,5240,828
4258,3614,news,europe,"Monaco's Princess Charlene to avoid public duties, as palace cites ill health - CNN",2627,407
4259,3615,sport,tennis,'King Richard' portrays the power behind the Williams sisters' throne - CNN,2591,433
4260,3616,news,europe,Why chaos in eastern Europe is never bad news for Vladimir Putin - CNN,7352,1186
4261,3617,sport,tennis,Nick Kyrgios rows back on support for unvaccinated players - CNN,3002,477
4262,3618,sport,sport,Monday Night Football: 49ers crush new-look Rams in 'humbling' second straight loss for LA - CNN,4721,803
4263,3619,sport,sport,"Azeem Rafiq: 'You lot sit over there near the toilets,' says former cricketer as he details racial harassment and bullying - CNN",10720,1748
4264,3620,sport,football,England scores double digits to thrash world's lowest-ranked team San Marino  - CNN,4115,681
4265,3621,sport,sport,All Blacks: How New Zealand handles 'huge public expectation'  - CNN,5332,943
4266,3622,news,australia,"'Megaspider' is biggest of its kind we've ever seen, Australian reptile park says - CNN",2899,481
4267,3623,sport,sport,US President Joe Biden called Irish rugby union team to congratulate them on their win over New Zealand - CNN,2537,427
4268,3624,news,uk,"Liverpool bomb incident: Man brought explosive device into taxi, police say - CNN",3520,581
4269,3625,news,europe,Austria to impose Covid lockdown for the unvaccinated aged 12 and older - CNN,4735,722
4270,3626,sport,tennis,Novak Djokovic battles past Casper Ruud in opening ATP Finals match - CNN,2811,481
4271,3627,sport,golf,Nelly Korda wins dramatic four-way playoff to continue dominant season - CNN,3572,646
4272,3628,sport,tennis,"Roger Federer unlikely to play Australian Open, says coach - CNN",2462,413
4273,3629,news,europe,EU slaps new sanctions on Belarus as NATO warns Russia over military buildup - CNN,5567,872
4274,3630,sport,sport,Cam Newton: QB shines in return to Carolina Panthers with two touchdowns in first two touches - CNN,4333,753
4275,3631,sport,motorsport,"Valentino Rossi: In a sea of yellow, a final farewell to a legend - CNN",8894,1578
4276,3632,sport,football,Serbia stuns Portugal to qualify for 2022 World Cup - CNN,2050,346
4277,3633,news,uk,Liverpool Women's Hospital: Police arrest three after deadly car explosion - CNN,1742,268
4278,3634,sport,motorsport,Lewis Hamilton keeps title hopes alive with thrilling victory in Sao Paulo Grand Prix - CNN,2563,435
4279,3635,news,uk,Queen pulls out of Remembrance Sunday service after spraining her back - CNN,3065,491
4280,3636,sport,football,Kylian Mbappe scores four as reigning World Cup champions France qualify for 2022 in Qatar - CNN,2599,445
4281,3637,news,europe,Belarus-Poland border crisis: Families face bitter nights without shelter - CNN,14168,2239
4282,3638,news,uk,Cocaine worth $44 million found in onion rings cargo at UK border - CNN,1195,192
4283,3639,sport,sport,Packers vs Seahawks: Aaron Rodgers and Russell Wilson to both return - CNN,4422,736
4284,3640,sport,sport,Cam Newton: QB returns to Carolina Panthers. Is it a dream reunion come true? - CNN,3712,621
4285,3641,sport,sport,T20 World Cup final: Australia wins first title with emphatic victory over New Zealand - CNN,4485,788
4287,3642,news,europe,Britain's army chief warns risk of accidental war with Russia is greater than during Cold War - CNN,3132,535
4288,3643,sport,sport,"Pittsburgh Steelers QB Ben Roethlisberger placed on the reserve/Covid-19 list, ruled out for Sunday's game  - CNN",1640,257
4289,3644,sport,sport,"Steph Curry makes NBA history, passing Ray Allen for most three-pointers made - CNN",2164,379
4290,3645,sport,football,Dani Alves: Barcelona legend set to be reunited with new manager Xavi after 'agreement in principle' to return - CNN,3004,514
4291,3646,news,europe,"Russia has 'nothing to do with' Poland-Belarus border crisis, Putin insists - CNN",7385,1137
4292,3647,sport,golf,"Tiger Woods won't return 'if he can't play well,' according to Justin Thomas - CNN",2898,516
4293,3648,sport,football,US claims vital World Cup qualifying victory against rival Mexico - CNN,2731,464
4294,3649,news,europe,Pope thanks journalists for helping expose Church sex scandals - CNN,2237,374
4295,3650,news,europe,Belarus-Poland border crisis: Russia and Belarus hold military drills  - CNN,7613,1149
4296,3651,sport,sport,"Jon Gruden sues NFL, commissioner Roger Goodell - CNN",5384,824
4297,3652,sport,sport,Green Bay Packers star quarterback Aaron Rodgers expected to play Sunday - CNN,3683,594
4298,3653,news,australia,Australia's last two flamingos get new lease of life at South Australia Museum - CNN,2089,360
4299,3654,sport,sport,Dolphins vs Ravens: Miami stuns Baltimore in upset victory on Thursday Night Football - CNN,3052,519
4300,3655,sport,football,Germany thrashes Liechtenstein 9-0 in FIFA World Cup qualifier - CNN,2502,431
4301,3656,news,europe,Austria on verge of Covid lockdown for millions of unvaccinated people - CNN,5689,878
4302,3657,sport,football,"PSG player Aminata Diallo released from police custody without charge, but investigation into attack is ongoing - CNN",2951,461
4303,3658,sport,football,Emiliano Sala: Flight organizer sentenced over crash that killed football star - CNN,2133,335
4304,3659,sport,sport,Devon Conway: Injured New Zealand batsman will miss T20 World Cup final - CNN,1665,277
4305,3660,news,europe,Meghan's privacy case went back to court. Here's what you need to know - CNN,11565,1844
4306,3661,sport,sport,Virat Kohli: Man in India arrested over alleged rape threats to cricket star's daughter following T20 World Cup dfeat to Pakistan - CNN,3251,503
4307,3662,sport,sport,"Clippers vs Heat: LA beats Miami, extends win streak to six - CNN",2157,395
4308,3663,sport,sport,Pedro Feliciano: Former New York Mets reliever dead at 45 - CNN,2095,355
4309,3664,news,uk,Prince Charles' closest aide Michael Fawcett resigns over cash-for-honors scandal - CNN,3522,548
4310,3665,sport,sport,Dalvin Cook's former girlfriend filed a lawsuit accusing the Vikings running back of assault and other allegations  - CNN,4816,792
4311,3666,sport,sport,"Minnesota Vikings vaccinated player was rushed to ER with Covid-19 symptoms, coach says - CNN",1489,233
4312,3667,news,europe,Poland-Belarus: Migrants face hypothermia and broken bones in freezing forests as crisis deepens - CNN,14174,2216
4313,3668,sport,tennis,Andy Murray reaches Stockholm Open quarterfinal - CNN,1855,337
4314,3669,news,europe,"Germany Covid: Berlin bans unvaccinated from entertainment venues, as country battles record-breaking cases - CNN",3283,487
4315,3670,sport,golf,"Golfers get paid enough, says leading executive Keith Pelley after announcement of landmark sponsorship deal - CNN",5116,872
4316,3671,sport,sport,Warriors vs Timberwolves: Golden State improve to 10-1 with win over Minnesota - CNN,2058,332
4317,3672,sport,football,Aminata Diallo: PSG player arrested in connection with an alleged attack on teammate - CNN,1859,291
4318,3673,news,uk,"Meghan, Duchess of Sussex, apologizes to UK court, denies any intention to mislead - CNN",3445,578
4319,3674,news,europe,'We drank from puddles': Migrants describe brutal journey through forests on Belarus-Poland border - CNN,6293,1034
4320,3675,sport,sport,Thursday Night Football: Baltimore Ravens look to keep momentum at struggling Miami Dolphins  - CNN,4937,827
4321,3676,sport,tennis,Aryna Sabalenka says she got vaccinated after contracting Covid-19 - CNN,1624,261
4322,3677,news,europe,"Ukraine detains alleged head of illegal ""Isolation"" prison in Donetsk - CNN",3142,484
4323,3678,sport,sport,"Nikola Jokic suspended for one game, Markieff Morris fined $50,000 after on-court altercation  - CNN",2951,502
4324,3679,sport,sport,Allyson Felix: Athletics superstar on using her platform to fight for change   - CNN,5529,952
4325,3680,sport,sport,NFL fines Aaron Rodgers and Allen Lazard for not following Covid-19 protocols  - CNN,2775,424
4326,3681,sport,tennis,Emma Raducanu loses in Austria as she announces Torben Beltz as new head coach - CNN,2642,457
4327,3682,sport,sport,Enes Kanter felt encouraged to speak out against China after NBA supported players fighting other injustices  - CNN,5300,868
4328,3683,news,europe,"The US and Europe have finally reconnected, but they're moving in different directions on Covid-19 - CNN",8627,1385
4329,3684,sport,sport,Cleveland Browns: Star Nick Chubb and two other running backs out due to Covid-19 protocols - CNN,2204,357
4330,3685,news,europe,Denmark ditched its Covid rules two months ago. Now it's joined other EU nations in mulling new restrictions  - CNN,5145,793
4331,3686,news,australia,Australia shark attack: Search for man who went missing called off - CNN,2330,392
4332,3687,sport,sport,Damon Arnette: Las Vegas Raiders waive cornerback after gun-wielding video emerges - CNN,2426,401
4333,3688,sport,sport,Packers vs Chiefs: Kansas City beats Green Bay without Aaron Rodgers - CNN,3917,656
4334,3689,sport,sport,Oscar Pistorius' parole process could start in South Africa - CNN,3572,548
4335,3690,sport,sport,Beijing 2022: Polish luger says Beijing barrier crash could have been a 'tragedy' - CNN,2746,473
4336,3691,news,europe,Crisis worsens on Poland-Belarus border as migrants congregate and troops are mobilized - CNN,7596,1158
4337,3692,sport,sport, Irfan Amjad: Yorkshire County Cricket Club investigating new allegations of racism - CNN,2082,345
4338,3693,sport,sport,Steph Curry makes NBA history with 50 points and 10 assists in Golden State's win over the Atlanta Hawks - CNN,2407,402
4339,3694,sport,golf,Lydia Ko romps to Saudi Ladies International victory while 18-year-old makes history - CNN,2982,529
4340,3695,news,europe,France will require Covid-19 booster shots for older citizens' health passes - CNN,2614,416
4341,3696,news,europe,Princess Charlene returns to Monaco after months-long absence - CNN,1341,219
4343,3697,sport,sport,Monday Night Football: Steelers edge Bears in controversial contest to continue winning streak - CNN,4921,849
4344,3698,news,europe,EU accuses Belarus of acting like 'gangster regime' as thousands of freezing migrants camp on Polish border - CNN,10273,1582
4345,3699,news,europe,French police officer survives stabbing attack in Cannes - CNN,2318,361
4346,3700,news,europe,Communists missing from Czech parliament for the first time in 76 years - CNN,4932,816
4347,3701,sport,football,Gay footballer Josh Cavallo says he would be 'scared' to play at the 2022 World Cup in Qatar - CNN,3770,643
4348,3702,news,australia,Koalas are dying from chlamydia and climate change is making it worse - CNN,10134,1580
4349,3703,sport,football,Eddie Howe appointed new Newcastle United Head Coach - CNN,2859,480
4350,3704,sport,football,WSL: Arsenal dominate again to maintain flawless start  - CNN,1573,269
4351,3705,sport,motorsport,Mexican Grand Prix: Max Verstappen wins ahead of Lewis Hamilton as he edges towards F1 title - CNN,3043,525
4352,3706,news,uk,Scotland wants to rewild its famous wilderness - CNN,9176,1466
4353,3707,sport,football,West Ham topple Liverpool's unbeaten run in five-goal thriller - CNN,4780,809
4354,3708,sport,sport,"Brooklyn Nets win fifth straight, take down Toronto Raptors - CNN",2308,396
4355,3709,sport,sport,Bee swarm invades New Zealand cricket pitch during match - CNN,1462,236
4356,3710,sport,motorsport,Kyle Larson wins NASCAR Cup Series championship at Phoenix Raceway - CNN,2379,391
4357,3711,sport,football,Barcelona throws away three-goal lead in thrilling 3-3 draw with Celta Vigo - CNN,2521,426
4358,3712,news,europe,Death of pregnant woman ignites debate about abortion ban in Poland - CNN,4813,792
4359,3713,sport,motorsport,NASCAR Cup Series Championship 2021: What to know - CNN,1623,280
4360,3714,sport,sport,"Usman, Namajunas win UFC 268 title fights - CNN",1780,283
4361,3715,sport,tennis,"Novak Djokovic secures year-end No. 1 spot for record seventh time, surpassing Pete Sampras - CNN",1955,337
4362,3716,sport,sport,"NYC marathon: Time, route, what to know - CNN",3498,558
4363,3717,sport,sport,NFL Week 9: Five things to watch out for - CNN,3943,675
4364,3718,sport,sport,Albert Korir and Peres Jepchirchir win 2021 New York City Marathon - CNN,2125,363
4365,3719,sport,sport,Aaron Rodgers: What's next for star quarterback and the Green Bay Packers? - CNN,6452,1093
4366,3720,sport,sport,New York CIty Marathon: Abdi Nageeye reflects on his 'emotional' act of Olympic sportsmanship  - CNN,4882,818
4367,3721,sport,sport,Barcelona appoints club legend Xavi as new coach - CNN,2250,376
4368,3722,news,europe,Bosnia: A dangerous crisis is brewing in the Balkans - CNN,9549,1546
4369,3723,sport,sport,"UFC 268: fight card, start time and what to know - CNN",4635,775
4370,3724,news,europe,Madrid: Camels escape from circus and venture out to explore city - CNN,1517,245
4371,3725,news,uk,Wales paddleboarding incident: Woman arrested after fourth death - CNN,2434,400
4372,3726,sport,football,Manchester United suffers 2-0 defeat against rival Manchester City as pressure grows on manager Ole Gunnar Solskjaer - CNN,2893,488
4373,3727,sport,sport,NYC Marathon: Kenenisa Bekele ready to 'make more history' as the New York City Marathon returns - CNN,4889,850
4374,3728,news,europe,"Europe facing 500,000 more Covid deaths by February, WHO warns - CNN",4691,751
4375,3729,sport,sport,Australia postpones first-ever Test match against Afghanistan until 'situation is clearer' - CNN,2005,306
4376,3730,news,europe,Greta Thunberg draws thousands to Glasgow for COP26 youth protest  - CNN,4975,798
4377,3731,sport,sport,Modern Pentathlon opts to remove horse riding from competition - CNN,2906,454
4378,3732,sport,sport,Yorkshire County Cricket Club chairman resigns and apologizes 'unreservedly' to Azeem Rafiq following racism allegations - CNN,5843,945
4379,3733,news,australia,"Australia's Great Barrier Reef will survive if warming kept to 1.5 degrees, study finds - CNN",2674,435
4380,3734,sport,football,Antonio Conte: Spurs win first match under new manager - CNN,2057,359
4381,3735,news,europe,Macron's ex-bodyguard handed jail sentence over May Day assaults - CNN,2233,348
4382,3736,sport,sport,"Robert Sarver, owner of Phoenix's NBA and WNBA teams, to be investigated after ESPN report - CNN",5926,943
4383,3737,sport,sport,"Aaron Rodgers tells radio show he is unvaccinated, getting Covid advice from Joe Rogan - CNN",7897,1270
4384,3738,sport,motorsport,"Red Bull Imagination: Dirt, danger and big, big air - CNN",8700,1557
4385,3739,news,europe,Germany offers booster shots to everyone amid 'very worrying' surge in cases - CNN,4444,714
4386,3740,news,uk,Analysis: What happened when the royal ecowarriors descended on COP26 - CNN,14235,2348
4387,3741,news,europe,Russian diplomat found dead on street outside Berlin embassy - CNN,3149,509
4388,3742,sport,sport,Name of former Blackhawks video coach removed from Stanley Cup trophy - CNN,3760,616
4389,3743,news,europe,Satellite photos raise concerns of Russian military build-up near Ukraine - CNN,7199,1098
4390,3744,news,australia,Suspect in Cleo Smith kidnapping sent to hospital after self-harming in police custody - CNN,2009,317
4391,3745,sport,tennis,"Billie Jean King Cup: Russia and US set up semifinal clash
 - CNN",3128,512
4392,3746,news,uk,Boris Johnson's government in fresh swirl of murk and sleaze accusations - CNN,6240,1002
4393,3747,news,europe,Italian couple find endangered bear on their balcony - CNN,2737,468
4394,3748,sport,sport,Gary Ballance: Cricketer admits using racial slur towards former Yorkshire teammate Azeem Rafiq - CNN,3387,559
4395,3749,sport,sport,Eliud Kipchoge: Marathon world record holder has 'the qualities of an ascetic monk' - CNN,6627,1074
4397,3750,sport,sport,"Brooklyn Nets: Kevin Durant dazzles in win, Kyrie Irving would be ""welcomed back"" if NYC vaccine mandate lifted - CNN",3326,566
4398,3751,sport,sport,Atlanta Braves win World Series for the first time since 1995 - CNN,15394,2636
4399,3752,sport,football,Thierry Henry says social media companies make 'money through hate' as he launches online campaign - CNN,4214,712
4400,3753,sport,football,Liverpool dominate Atlético Madrid in feisty Champions League clash - CNN,4773,803
4401,3754,news,europe,"Two dead, one injured ahead of ABBA tribute concert in Sweden - CNN",1357,233
4402,3755,news,europe,"Germany is experiencing a 'massive' pandemic of the unvaccinated, says health minister - CNN",4196,669
4403,3756,sport,golf,Saudi Ladies International: Stars return to Saudi Arabia as women's golf battles for equality - CNN,2869,478
4404,3757,sport,sport,Aaron Rodgers: Packers QB out for Chiefs game due to Covid-19 protocols - CNN,3301,512
4405,3758,news,australia,Cleo Smith's mother says: 'Our family is whole again'  - CNN,2323,379
4406,3759,sport,sport,"Rana Reider, prominent track and field coach, under investigation over sexual misconduct complaints - CNN",2548,384
4407,3760,sport,football,"Real Madrid becomes first team to score 1,000 Champions League goals - CNN",1782,292
4409,3761,sport,sport,Carl Hayman: Former All Black diagnosed with early onset dementia - CNN,2477,397
4410,3762,sport,football,Barcelona: Barça scrapes to win while Robert Lewandowski scores hat-trick - CNN,3200,524
4411,3763,sport,sport,Yorkshire cricket board faces pressure over the racism row with Azeem Rafiq - CNN,3811,616
4412,3764,sport,sport,"Lakers vs Rockets: Big Three shine as the LA beats Houston, Chris Paul moves to third in all-time assist list - CNN",3262,571
4413,3765,sport,football,Cristiano Ronaldo saves Manchester United point with dramatic goal - CNN,4668,788
4414,3766,news,uk,Greta Thunberg says she's going 'net-zero' on cussing after COP26 sing-along  - CNN,2880,447
4415,3767,sport,sport,This is what Aaron Rodgers has said about his Covid-19 vaccine status - CNN,1794,292
4416,3768,news,australia,"Cleo Smith, 4, who vanished from Australian campsite, found alive in locked house  - CNN",9862,1653
4417,3769,sport,sport,World Series Game 6: 'No pressure' for the Atlanta Braves as Astros threaten fightback - CNN,3601,651
4418,3770,sport,football,Sepp Blatter and Michel Platini indicted for fraud in Switzerland - CNN,4821,781
4419,3771,news,uk,Boris Johnson talks up COP26 climate deals but stumbles on Attenborough mask controversy  - CNN,5285,885
4420,3772,sport,sport,Raptors vs Knicks: Toronto beats New York as the NBA celebrates its 75th anniversary - CNN,2501,424
4421,3773,sport,sport,Melbourne Cup 2021: Verry Elleegant wins Australia's horse race - CNN,1938,317
4422,3774,sport,sport,Von Miller: Former Bronco reflects on 'amazing run' with Denver as he joins the Los Angeles Rams - CNN,2220,407
4423,3775,sport,football,Antonio Conte named new Tottenham Hotspur coach - CNN,2868,482
4424,3776,news,europe,"Bosnia's peace deal is at risk of unraveling, warns envoy - CNN",2482,387
4425,3777,news,uk,Two London police officers admit sharing photos of murdered sisters - CNN,2282,376
4426,3778,sport,sport,Miguel Mena: Jockey killed in pedestrian accident - CNN,2543,405
4427,3779,news,europe,Alexey Navalny Fast Facts - CNN,10746,1655
4428,3780,sport,sport,Chiefs vs Giants: Kansas City edges New York but 'everything's not beautiful' - CNN,3378,569
4429,3781,sport,football,Sergio Aguero: Barcelona star ruled out for three months following 'cardiological evaluation' - CNN,3542,546
4430,3782,sport,football,Nuno Espírito Santo sacked by Tottenham Hotspur - CNN,2831,460
4431,3783,sport,sport,Buccaneers vs Saints: Tom Brady's Tampa Bay stunned by New Orleans - CNN,2628,468
4432,3784,news,australia,Macron says Morrison lied to him about AUKUS submarine deal - CNN,3019,493
4434,3785,sport,sport,NFL player Malik Harrison suffers non-life-threatening wound from stray bullet - CNN,1326,221
4435,3786,sport,sport,Astros vs Braves Game 5: Houston keeps World Series alive after beating Atlanta - CNN,13332,2288
4436,3787,sport,sport,Calvin Ridley: Atlanta Falcons star to 'step away from football' to focus on mental health - CNN,2155,373
4437,3788,sport,football,Zlatan Ibrahimovic scores 400th career league goal in AC Milan's win over AS Roma - CNN,1524,255
4438,3789,news,uk,Queen Elizabeth II seen driving on Windsor estate after canceling engagements on medical advice - CNN,2267,380
4439,3790,sport,sport,International Handball Federation changes 'sexist' uniform regulations following criticism - CNN,3204,499
4440,3791,news,europe,Prince Andrew in the spotlight after Ghislaine Maxwell conviction - CNN,10910,1756
4441,3792,news,europe,"Russia lists Pussy Riot member, art collector and satirist as 'foreign agents' - CNN",2356,357
4442,3793,sport,tennis,Rafa Nadal reaches Melbourne ahead of Australian Open - CNN,2434,403
4443,3794,sport,sport,"Ben Roethlisberger: 'This could be it,' says quarterback as prepares for likely last dance in Pittsburgh  - CNN",3263,551
4444,3795,news,uk,Analysis: Royals hope for jubilee reset after tumultuous 12 months  - CNN,12769,2100
4445,3796,sport,football,Romelu Lukaku: Thomas Tuchel surprised by striker's 'unhelpful' comments on dissatisfaction and Inter return - CNN,4750,810
4446,3797,sport,sport,"Winter Olympics: Diplomatic boycott of Beijing Games is 'meaningless', says Coe - CNN",1334,198
4447,3798,sport,football,João Cancelo: Manchester City defender assaulted during burglary at his home - CNN,2000,317
4448,3799,sport,sport,Boston Celtics great Sam Jones has died at 88 - CNN,2066,360
4449,3800,news,uk,"Diana, Princess of Wales funeral: Plea to Buckingham Palace for Elton John performance revealed - CNN",2399,403
4450,3801,sport,football,Manchester City juggernaut looks destined to make another procession of Premier League title race - CNN,6087,1024
4451,3802,sport,football,China bans footballers from getting tattoos - CNN,2125,323
4452,3803,sport,football,Cristiano Ronaldo: Not for the first time a statue of soccer superstar is dividing opinion. This time it's in India - CNN,4250,677
4453,3804,sport,sport,Kyrie Irving:  Brooklyn Nets star says he 'respected' team's decision to ban him from playing due to vaccination status - CNN,5362,922
4454,3805,sport,football,Ian Wright attacks 'disrespect' of Africa Cup of Nations - CNN,2867,461
4455,3806,sport,sport,John Madden: Legendary NFL coach and broadcaster has died at age 85 - CNN,5430,939
4456,3807,news,europe,Memorial International rights group shut down by Russian court - CNN,6594,995
4457,3808,sport,football,'Not good enough': Klopp perplexed as misfiring Liverpool suffer damaging defeat at Leicester - CNN,4015,671
4458,3809,sport,golf,Jessica and Nelly Korda: The 'built-in best buddies' taking the golfing world by storm  - CNN,6261,1099
4459,3810,news,europe,"Russian court shuts down Memorial Human Rights Center, day after sister group ordered closed - CNN",4276,629
4460,3811,sport,sport,Monday Night Football: Miami Dolphins defeat the hapless New Orleans Saints  - CNN,3503,584
4461,3812,news,europe,"Marseille violence: Drugs, violence and racism create 'cocktail of neglect' in France's second city - CNN",14456,2399
4462,3813,news,europe,Europe Covid-19: Protests against Germany's restrictions turn violent - CNN,5515,829
4463,3814,sport,sport,Scott Boland: Debutant becomes instant cult hero with six-wicket Ashes haul - CNN,2635,439
4464,3815,sport,football,Edinson Cavani salvages point for Man United at Newcastle - CNN,2215,355
4465,3816,sport,football,Kylian Mbappé on the 'pleasure' of playing alongside Leo Messi at PSG and what's in store for his future - CNN,5796,1014
4466,3817,sport,football,Anthony Martial: Rangnick says French forward keen to leave Man Utd but no offers yet - CNN,1631,290
4467,3818,sport,sport,"Joe Burrow says he wasn't offended by gold jacket comment, but Bengals QB hints they were on his mind in stunning performance - CNN",2775,456
4468,3819,sport,football,English Premier League hit by record 103 Covid-19 cases between Dec 20-26 - CNN,2499,402
4469,3820,news,europe,Greek shipwreck: At least 16 migrants killed - CNN,2094,326
4470,3821,news,europe,The Pope reflects on relationships in pandemic times in his traditional Christmas address - CNN,3497,564
4471,3822,news,uk,Queen Elizabeth pays tribute to Prince Philip in Christmas broadcast - CNN,6095,977
4472,3823,news,europe,'The world's best place to be a woman' is being sued for misogyny - CNN,15382,2507
4473,3824,news,uk,Armed intruder arrested in the grounds of Windsor Castle where the Queen is celebrating Christmas - CNN,2761,437
4474,3825,sport,football,Premier League's Covid crisis: Fans left in the lurch - CNN,10868,1757
4475,3826,news,europe,Analysis: What Putin's rewriting of history says about the future of Russia  - CNN,18873,3100
4476,3827,sport,sport,Thursday Night Football: 'We're not dead yet' -- late field goal gives A.J. Brown-inspired Titans crucial victory over 49ers - CNN,3995,659
4477,3828,sport,football,Pelé: Brazilian soccer legend out of hospital in time for Christmas - CNN,2052,333
4478,3829,sport,sport,"Vincent Jackson: Former NFL player died of 'chronic alcohol use,' autopsy shows - CNN",1872,287
4479,3830,news,europe,Putin blames the West for growing tensions during end-of-year news conference - CNN,4190,687
4480,3831,sport,football,Deshazor Everett: Washington Football Team player involved in fatal crash - CNN,1283,186
4481,3832,sport,football,Mauro Icardi salvages a point for 10-man PSG at Lorient - CNN,2779,443
4482,3833,news,europe,Russia says it hopes to begin talks with US and NATO in January - CNN,2579,401
4483,3834,sport,football,Premier League: Two more fixtures postponed due to Covid cases - CNN,2096,332
4484,3835,news,uk,Harry and Meghan share first picture of daughter Lilibet in holiday card - CNN,1984,327
4485,3836,sport,sport,Winter Olympics: China admits Beijing 2022 could bring Covid-19 cases  - CNN,4301,655
4486,3837,news,europe,Energy: The world is addicted to natural gas. Fossil fuel companies are fighting to keep it that way - CNN,11199,1894
4487,3838,sport,sport,Friba Rezayee: Afghan sportswomen are still fearing for their lives after Taliban takeover - CNN,6652,1053
4488,3839,sport,football,Chelsea FC: An inside look at Premier League club's fight against discrimination - CNN,3239,504
4489,3840,news,uk,World's oldest family tree uncovered in Stone Age tomb - CNN,3641,569
4490,3841,news,europe,Shelf-climbing robots are helping warehouses meet the holiday rush - CNN,1996,331
4491,3842,sport,sport,Beijing Winter Olympics: NHL players won't participate in 2022 Games - CNN,2681,421
4492,3843,sport,motorsport,Nicholas Latifi speaks out after death threats following Abu Dhabi crash - CNN,2601,437
4493,3844,news,australia,Alleged 'koala massacre' prompts hundreds of animal cruelty charges - CNN,3014,453
4494,3845,news,uk,Downing Street Christmas party: London's Met Police refers itself to watchdog over handling of allegations - CNN,2131,335
4495,3846,news,europe,"As Ukraine tensions mount, Putin says Russia has 'every right' to 'react harshly to unfriendly steps' - CNN",4287,652
4496,3847,sport,football,"Arsenal FC: 'Irresponsible' crypto fan token ads broke advertising standards, regulator rules - CNN",4911,757
4497,3848,sport,sport,Ryan Kelly: Indianapolis Colts player and wife Emma mourn the loss of daughter - CNN,2899,516
4498,3849,sport,sport,"Quidditch leagues to change name, citing J.K. Rowling's 'anti-trans' stance - CNN",2499,401
4499,3850,news,europe,King Juan Carlos I Fast Facts - CNN,5675,925
4500,3851,sport,sport,Las Vegas Raiders snatch last-gasp victory over Covid-depleted Browns to preserve playoff hopes - CNN,4219,687
4501,3852,sport,football,Premier League witnesses surge in Covid-19 cases with 77% of players double jabbed  - CNN,3959,635
4502,3853,news,europe,Fossil of a giant millipede reveals 'the biggest bug that ever lived' - CNN,3211,536
4504,3854,sport,sport,NHL to pause season Wednesday and resume after Christmas - CNN,2680,404
4505,3855,sport,tennis,Nata Vikhlyantseva: Vaccine rules Russian out of Australian Open bid - CNN,1470,238
4506,3856,sport,football,"World Cup every two years would generate extra $4.4 billion in revenue over four years, FIFA says - CNN",2303,364
4507,3857,news,australia,Australia Covid-19: Scott Morrison rules out new lockdowns despite rising cases and Omicron fears - CNN,6702,1051
4508,3858,sport,sport,Sports postponements and cancellations over Covid-19 - CNN,6375,990
4509,3859,news,uk,Princess Haya: Court orders Dubai ruler to pay ex-wife $728m -- one of the UK's largest ever divorce settlements - CNN,3219,526
4510,3860,sport,tennis,"Peng Shuai: Chinese tennis star denies making sexual assault allegation against Zhang Gaoli, but WTA concerns persist - CNN",5138,804
4511,3861,news,uk,Boris Johnson: Photo appears to show British PM drinking wine with Downing Street staff during coronavirus lockdown - CNN,3272,530
4512,3862,sport,tennis,Rafael Nadal tests positive for Covid-19 following Abu Dhabi comeback - CNN,1418,237
4513,3863,sport,sport,Teddy Bridgewater now in NFL concussion protocol - CNN,1797,296
4514,3864,sport,sport,"Amir Assadollahzadeh: Fearing torture and possible execution, Iranian powerlifter quit team in Norway and ran for his life - CNN",12404,2110
4515,3865,sport,golf,Tiger Woods and his son Charlie finish 2nd at PNC Championship - CNN,2939,517
4516,3866,news,uk,"Queen Elizabeth will not travel to Sandringham for Christmas, palace source says - CNN",2537,407
4517,3867,sport,football,Jurgen Klopp fumes over refereeing decisions after Liverpool's entertaining draw against Tottenham  - CNN,6217,1036
4518,3868,sport,sport,"NBA to allow teams with Covid-19 issues to sign replacement players, memo says - CNN",1925,321
4519,3869,sport,sport,The Ashes: Australia beat England by 275 runs in Adelaide test - CNN,769,129
4520,3870,sport,tennis,Emma Raducanu voted BBC Sports Personality of the Year - CNN,1759,285
4521,3871,sport,sport,Jake Paul defeats Tyron Woodley with a knockout in the 6th round - CNN,3575,591
4522,3872,sport,sport,SNF: New Orleans Saints stymie Tom Brady and Tampa Bay Buccaneers - CNN,1676,275
4523,3873,sport,sport,"Covid leads to NFL, NHL postponements, NCAA delays and cancellations - CNN",7331,1153
4524,3874,news,europe,Netherlands reimposes strict lockdown and UK won't rule out new measures over Omicron - CNN,4720,754
4525,3875,sport,football,Premier League: Manchester City extends lead at the top as Chelsea loses ground in title race - CNN,2312,372
4526,3876,sport,sport,"Wisconsin basketball player raises more than $150,000 for hometown after deadly tornadoes - CNN",2704,451
4527,3877,sport,football,Robert Lewandowski breaks Gerd Muller's 49-year goalscoring record in Bayern Munich win - CNN,1543,247
4528,3878,news,uk,Boris Johnson was once a political magician. Now his party fears he's run out of tricks - CNN,6041,1009
4529,3879,sport,sport,The NFL has updated its Covid protocols as the virus disrupts game schedules - CNN,4166,671
4530,3880,sport,football,Premier League match between Aston Villa and Burnley postponed hours before kickoff due to Covid-19 issues - CNN,1369,216
4531,3881,sport,motorsport,F1: Red Bull boss Christian Horner says right decision was made in title decider - CNN,3096,497
4532,3882,news,uk,"House fire in Sutton, London: Two sets of twin boys die after being left home alone  - CNN",1882,319
4533,3883,sport,football,"Women's Champions League: Covid-19 fears behind shock exit, says Chelsea's Emma Hayes  - CNN",1496,246
4534,3884,sport,sport,The NFL and NBA are changing their Covid-19 protocols as cases rise - CNN,6765,1086
4535,3885,sport,football,Cristiano Ronaldo and Georgina Rodriguez reveal sex of unborn twins in video - CNN,2274,378
4536,3886,sport,motorsport,Mercedes withdraws its appeal into chaotic F1 finale  - CNN,4938,825
4537,3887,news,australia,Tasmania: Bouncy castle lifted into the air by wind leaves five children dead and four injured at school event - CNN,3311,532
4538,3888,sport,sport,Vincent Jackson: NFL star who died at age 38 diagnosed with Stage 2 CTE - CNN,2603,423
4539,3889,sport,sport,Thursday Night Football: Patrick Mahomes throws walkoff overtime touchdown in thrilling Kansas City Chiefs win over Los Angeles Chargers - CNN,3776,634
4540,3890,sport,sport,Donald Parham Jr.: Los Angeles Chargers tight end in 'stable condition' having been carted off after head injury - CNN,1956,345
4541,3891,news,uk,Boris Johnson: Voters give scandal-hit UK Prime Minister 'a kicking' with by-election loss - CNN,4150,636
4542,3892,sport,sport,﻿Sebastián Álvarez: Wingsuit pilot becomes first person to fly in and out of an active volcano - CNN,7900,1399
4543,3893,sport,tennis,Australian Open organisers confirm medical exemption process - CNN,2172,319
4544,3894,news,europe,"Czech center-right government takes office amid price rises, COVID wave - CNN",3413,531
4545,3895,news,uk,What Christmas looks like at the Queen's house - CNN,13966,2329
4546,3896,sport,sport,Taniela Moa: Former Tonga rugby international dies aged 36 - CNN,2356,410
4547,3897,sport,sport,Kyle Beach: Chicago Blackhawks reach settlement with former player who said he was sexually assaulted by a coach in 2010 - CNN,3312,520
4548,3898,sport,sport,Cleveland Browns set to play through Covid absences  - CNN,5023,825
4549,3899,sport,football,Premier League: Fifth game postponed due to Covid-19 outbreak - CNN,2448,393
4550,3900,news,europe,Germany anti-vaxxer murder plots and threats pose challenge for new chancellor - CNN,4739,714
4551,3901,sport,sport,Urban Meyer fired as head coach of Jacksonville Jaguars - CNN,5112,854
4552,3902,news,australia,Birdsong album beats Christmas classics to reach top five chart in Australia - CNN,2524,372
4553,3903,sport,football,France to ban plastic bottles in stadiums to protect players and staff - CNN,2150,360
4554,3904,news,europe,Hundreds of dinosaur footprints uncovered in Poland - CNN,1507,229
4555,3905,news,uk,Queen Elizabeth II cancels pre-Christmas family lunch - CNN,2676,429
4556,3906,news,europe,Dutch princess' 18th birthday party broke Covid-19 rules - CNN,2367,367
4557,3907,sport,motorsport,Max Verstappen: New F1 world champion 'not disappointed at all' with controversial way he won title - CNN,6699,1135
4558,3908,news,europe,German health minister says there are not enough vaccines for start of 2022  - CNN,1956,299
4559,3909,sport,football,Sergio Aguero announces retirement from football following heart problems - CNN,3283,559
4560,3910,sport,football,Robert Lewandowski equals Gerd Muller's Bundesliga scoring record - CNN,1804,287
4561,3911,sport,sport,Kevin Stefanski: Cleveland Browns head coach tests positive for Covid-19 - CNN,2257,367
4562,3912,sport,motorsport,Lewis Hamilton knighted following F1 heartbreak - CNN,2982,467
4563,3913,news,uk,Analysis: Boris Johnson is in deep trouble -- even his own party is turning on him - CNN,5675,959
4564,3914,news,europe,Emmanuel Macron Fast Facts - CNN,10788,1728
4565,3915,sport,sport,Steph Curry: How Warriors star 'revolutionized' the NBA - CNN,9512,1653
4566,3916,news,europe,Germany expels two Russian diplomats after murder conviction - CNN,2355,361
4567,3917,sport,sport,Covid protocols put sports stars on the sidelines - CNN,7939,1293
4568,3918,sport,football,Cesar Azpilicueta: Players ready for another social media boycott if companies don't prevent abuse - CNN,5241,884
4569,3919,news,australia,Australia moves to lift Covid-19 restrictions amid surge in Omicron infections  - CNN,3708,590
4571,3920,news,europe,European court tells Russia 'urgent changes' needed to curb domestic violence - CNN,1511,229
4572,3921,sport,golf,Climate crisis: Golf courses on borrowed time as Earth's weather patterns become more wild - CNN,11197,1901
4573,3922,news,europe,Belarusian opposition figure sentenced to 18 years at high-security penal colony - CNN,3238,478
4574,3923,sport,tennis,"Emma Raducanu tests positive for COVID-19, out of exhibition event in Abu Dhabi - CNN",1407,220
4575,3924,sport,sport,Covid outbreaks in 3 leagues postponing games and forcing key players to miss games - CNN,4560,733
4576,3925,news,europe,Hungary: 7 killed as car with carrying migrants crashes  - CNN,1452,237
4577,3926,sport,football,Manchester United vs Brentford postponed as Premier League announces record-high positive Covid tests - CNN,6317,1003
4579,3927,sport,sport,Monday Night Football: Los Angeles Rams hold off Arizona Cardinals for key playoff hunt win - CNN,4018,686
4580,3928,sport,sport,"Paris Olympics 2024 organizers expect 600,000 at Seine opening ceremony - CNN",3151,519
4581,3929,news,uk,UK scrambles for booster shots and tests amid fears of Omicron 'tidal wave' - CNN,7070,1161
4582,3930,sport,sport,"Las Vegas' Allegiant Stadium expected to host Super Bowl LVIII in 2024, per reports - CNN",1587,270
4583,3931,news,europe,Malta to become first country in Europe to legalize cannabis for recreational use - CNN,1996,312
4584,3932,sport,sport,Buccaneers vs Bills: Tom Brady creates even more history in dramatic 33-27 overtime victory - CNN,3216,553
4585,3933,news,uk,Britain's GCHQ spy agency releases Christmas puzzle for kids - CNN,2035,325
4586,3934,sport,football,Real Madrid breezes past fierce rival Atlético Madrid 2-0 to extend winning run  - CNN,2273,370
4587,3935,sport,motorsport,Red Bull's Max Verstappen wins maiden F1 world title after dramatic Abu Dhabi Grand Prix ending - CNN,4358,735
4588,3936,sport,motorsport,F1: Why was this weekend's title finale so controversial? - CNN,5120,827
4589,3937,sport,sport,Kevin Durant drops NBA-high 51 points in Brooklyn Nets win over Detroit Pistons - CNN,2020,350
4590,3938,news,europe,New Caledonia rejects independence in final vote amid boycott - CNN,2814,428
4591,3939,news,uk,UK battles Omicron 'tidal wave' with booster jabs as infections rise and first death from variant recorded - CNN,4381,737
4592,3940,sport,football,Champions League Draw: PSG to play Real Madrid after re-draw  - CNN,2448,382
4593,3941,sport,football,"Joshua Kimmich: After suffering lung problem due to Covid, Bayern star says he should have been vaccinated - CNN",3355,551
4594,3942,news,europe,Baltic Sea: Coast Guard investigating role of alcohol in cargo ship crash - CNN,2883,463
4595,3943,sport,motorsport,Max Verstappen: Questionable calls at Abu Dhabi Grand Prix do little to stifle the celebrations of Dutchman's orange army - CNN,7024,1182
4596,3944,news,uk,"Harry Dunn: US citizen Anne Sacoolas to face UK court over death of teen, say UK officials - CNN",5990,975
4597,3945,news,europe,"Putin rues Soviet collapse, says he moonlit as a taxi driver to survive economic crisis - CNN",3137,508
4598,3946,news,europe,Russia's Vladimir Putin told Biden he would 'really like' to meet - CNN,4391,714
4599,3947,news,europe,"Italy building collapse: At least 3 dead, 6 missing in Ravanusa - CNN",1529,239
4600,3948,sport,football,Samuel Eto'o: Soccer legend elected president of Cameroon FA - CNN,3575,567
4601,3949,sport,sport,Broncos honor Demaryius Thomas  - CNN,2764,475
4602,3950,news,uk,Boris Johnson pictured hosting Downing Street virtual Christmas quiz last year - CNN,5863,954
4603,3951,sport,football,"Diego Maradona's stolen watch recovered in Assam, India - CNN",1985,314
4604,3952,news,europe,Spanish bishop loses church powers after marriage to erotica author - CNN,2634,420
4605,3953,sport,sport,Can the Washington Football Team catch the Dallas Cowboys in the NFC East? - CNN,4879,835
4606,3954,sport,sport,Heisman Trophy winner: Bryce Young - CNN,2825,449
4607,3955,sport,sport,Heisman Trophy winner awaits the nation's spotlight Saturday night - CNN,4711,750
4608,3956,news,europe,Fugitive Portuguese banker arrested by South African authorities - CNN,3206,501
4609,3957,sport,motorsport,Formula One: An important year comes to its thrilling conclusion  - CNN,4331,735
4610,3958,sport,motorsport,Max Verstappen to start crucial Abu Dhabi Grand Prix in pole position over Lewis Hamilton  - CNN,1752,300
4611,3959,news,europe,Italian bishop apologizes after telling children Santa doesn't exist - CNN,2670,431
4612,3960,sport,sport,Magnus Carlsen: Chess is now a money game - CNN,7227,1159
4613,3961,news,uk,Boris Johnson's many Christmas crises are threatening his grip on power - CNN,12739,2021
4614,3962,sport,sport,Demaryius Thomas: Former NFL star wide receiver dies at age 33 - CNN,4296,730
4615,3963,sport,sport,Magnus Carlsen defends World Chess Championship crown - CNN,2245,366
4616,3964,news,uk,Analysis: The clues in Kate's big concert - CNN,10178,1657
4617,3965,sport,sport,"LeBron James becomes fifth NBA player to reach 100 triple-doubles, but Lakers lose to Grizzlies - CNN",2418,403
4618,3966,news,uk,"Prince William and Catherine, Duchess of Cambridge release family Christmas card - CNN",2178,343
4619,3967,sport,sport,Thursday Night Football: Minnesota Vikings narrowly survive Pittsburgh Steelers fightback - CNN,4473,723
4620,3968,news,europe,Julian Assange: US authorities win their latest bid to extradite WikiLeaks founder - CNN,4662,739
4621,3969,sport,motorsport,F1: Title rivals Lewis Hamilton and Max Verstappen wary of being on collision course in Abu Dhabi showdown - CNN,10646,1767
4622,3970,sport,sport,Indy 500 legend Al Unser Sr. dies aged 82 - CNN,1438,244
4623,3971,sport,football,Llaneros FC: Colombian football player receiving death threats over controversial match - CNN,5884,941
4624,3972,news,uk,"Boris Johnson's Press Chief gave out play awards at 18th December Christmas party, say reports  - CNN",4220,660
4625,3973,news,europe,"Sanna Marin, Finland Prime Minister apologizes for not isolating after nightclub photo surfaces - CNN",2276,346
4626,3974,sport,sport,Steph Curry closes in on three-point record as Warriors ease past Trail Blazers - CNN,3684,618
4627,3975,sport,sport,Speed skydiving: Rocketing 300mph through the sky with nothing but a parachute - CNN,8109,1388
4628,3976,sport,football,Barcelona: What next for Barça after Champions League group stage exit? - CNN,4738,792
4629,3977,news,australia,"Beijing 2022 Winter Olympics: Australia, UK and Canada join US in diplomatic boycott  - CNN",4649,717
4630,3978,news,europe,"Ukraine: Military report says Russia boosted troops to 120,000 near border - CNN",3651,563
4631,3979,news,uk,Boris and Carrie Johnson announce birth of baby daughter - CNN,3308,536
4632,3980,sport,sport,Gila River Arena: NHL's Arizona Coyotes could be locked out of their home arena starting December 20 if bills aren't paid - CNN,3159,518
4633,3981,sport,football,Pele: Brazilian soccer legend will stay in hospital for 'a few days' after chemotherapy - CNN,2231,367
4634,3982,sport,sport,Mark Cavendish: Cyclist and family 'extremely distressed' following aggravated burglary - CNN,3126,508
4635,3983,sport,motorsport,Mercedes ends partnership with firm whose insulation was used in Grenfell Tower - CNN,4320,691
4636,3984,news,uk,Boris Johnson's aides joked about Christmas party in Downing Street while London was in lockdown - CNN,12385,2038
4637,3985,news,uk,Analysis: Boris Johnson engulfed in turmoil as scandals mount at Downing Street's door - CNN,6911,1164
4638,3986,sport,football,"Sam Kerr: Chelsea star barges pitch invader to the ground, gets yellow card in Women's Champions League game - CNN",2137,376
4639,3987,sport,sport,Headsets instead of head injuries: How VR tech could make football safer - CNN,4179,667
4640,3988,news,europe,Angela Merkel Fast Facts - CNN,15088,2416
4641,3989,sport,golf,Tiger Woods to return to competitive golf at 2021 PNC Championship - CNN,2271,384
4642,3990,sport,tennis,Australian Open: Novak Djokovic on entry list but Serena Williams will miss season's first grand slam due to medical reasons - CNN,2185,367
4643,3991,news,europe,German politics: Why millions of residents can't vote - CNN,10182,1636
4644,3992,news,europe,Germany records highest number of Covid-19 deaths since February - CNN,3975,610
4645,3993,sport,football,Kylian Mbappé and Lionel Messi inspire PSG to Champions League rout  - CNN,3744,638
4646,3994,sport,sport,IOC defends 'silent diplomacy' in Peng Shuai case  - CNN,4591,745
4647,3995,sport,football,Barcelona dumped out of Champions League group stage after Bayern Munich defeat  - CNN,2912,485
4648,3996,news,europe,"Olaf Scholz becomes Germany's new chancellor, replacing Angela Merkel after 16 years - CNN",4112,648
4649,3997,sport,sport, The Ashes: Australia and England look to put off-field problems to one side as fierce rivalry reignites - CNN,5221,877
4650,3998,news,europe,Keith Richards Fast Facts - CNN,4308,695
4651,3999,sport,sport,The Ashes: England bowled out for just 147 at the 'Gabbatoir' on thrilling opening day - CNN,3350,586
4652,4000,sport,football,Champions League: Atlético Madrid beats Porto in bad-tempered clash to qualify for last 16 - CNN,3732,637
4653,4001,sport,sport,Lakers vs Celtics: LeBron James leads LA to 117-102 victory over Boston  - CNN,3841,658
4655,4002,news,uk,Scottish oysters were on the rocks. Now a whisky distillery is throwing them a lifeline - CNN,4545,744
4656,4003,sport,sport,Letesenbet Gidey and Joshua Cheptegei break world records  - CNN,5124,875
4657,4004,sport,football,"Jude Bellingham fined $45,000 for comments about referee Felix Zwayer  - CNN",1415,224
4658,4005,sport,sport,Monday Night Football: Patriots edge Bills in 'crazy game' to win seventh straight - CNN,3792,665
4659,4006,news,uk,"'Chaotic' British response left thousands of Afghans unable to flee the Taliban, whistleblower claims - CNN",5540,866
4660,4007,sport,sport,Karenjeet Kaur Bains: Powerlifter 'found a love for being strong' and wants to inspire more women to take up strength sports - CNN,7099,1230
4661,4008,sport,sport,Medina Spirit: Kentucky Derby winner to undergo necropsy following sudden workout death - CNN,3861,616
4662,4009,news,europe,"Oleksiy Reznikov, Ukraine's defense minister warns there will be a 'bloody massacre' if Russia invades - CNN",4188,677
4663,4010,sport,tennis,Novak Djokovic named in Serbia team for 2022 ATP Cup in Sydney - CNN,2911,464
4664,4011,news,europe,Nearly 70 ICU medics at Spanish hospital test positive for Covid after Christmas party - CNN,1817,271
4665,4012,sport,sport,"Heisman Trophy finalists announced, winner to be awarded Saturday  - CNN",2549,418
4666,4013,sport,sport,Medina Spirit: Kentucky Derby winner dies at Santa Anita - CNN,2880,460
4667,4014,sport,football,Tromsø releases 'first kit in history with a QR code' to highlight issues surrounding 2022 World Cup in Qatar - CNN,5463,878
4668,4015,sport,golf,Jordan Spieth and Henrik Stenson get two-shot penalties after tee shots from wrong hole - CNN,4515,801
4669,4016,sport,sport,Detroit Lions end 15-game winless run and pay tribute to Michigan school shooting victims - CNN,3312,578
4670,4017,sport,tennis,Peng Shuai: ITF 'does not want to punish a billion people' by suspending China tournaments - CNN,5353,860
4671,4018,news,europe,"Eric Zemmour, far-right French presidential hopeful, grabbed by neck at heated political rally - CNN",3606,539
4672,4019,sport,sport,Grizzlies vs Thunder: Memphis sets new NBA margin of victory record in 73-point demolition of OKC - CNN,3674,618
4673,4020,sport,sport,Judit Polgár became a chess grandmaster at 15 and beat the best just like the Queen's Gambit protagonist    - CNN,5258,896
4674,4021,sport,sport,"From Simone Biles to skateboarding, these are the notable moments of the Tokyo Olympics - CNN",8162,1357
4675,4022,sport,motorsport,Lewis Hamilton accuses Max Verstappen of 'being over the limit' after thrilling Saudi Arabian GP - CNN,3569,621
4676,4023,news,europe,"Pope Francis visits refugees on Greek island of Lesbos, decries 'shipwreck of civilization' - CNN",2468,411
4677,4024,news,europe,Police clash with protesters in Brussels at demonstration over Covid-19 measures - CNN,1904,277
4678,4025,sport,football,College Football Playoff: Alabama will play Cincinnati and Michigan takes on Georgia - CNN,2139,339
4679,4026,sport,sport,Pro Football Hall of Famer Claude Humphrey dies at 77 - CNN,2220,383
4680,4027,sport,football,Manchester United defeats Crystal Palace in Ralf Rangnick's first game in charge - CNN,2119,354
4681,4028,sport,football,"Real Madrid extends La Liga lead with victory against Real Soceidad, Bayern wins eventful Der Klassiker - CNN",4202,723
4682,4029,news,uk,"Prince William reveals 'cringing' moment with Taylor Swift, some of his favorite tunes and car rides with his mom and Harry - CNN",7601,1282
4683,4030,sport,sport,"Margaux Pinot: 'I thought I was dead,' says French judoka as partner released over domestic violence accusations  - CNN",4295,737
4684,4031,sport,sport,SEC Championship: What's at stake for Georgia as they face Alabama - CNN,8023,1394
4685,4032,news,uk,Storm Arwen: A rare sea turtle and seal pups have washed up on UK beaches - CNN,5261,924
4686,4033,sport,football,Adnan Januzaj: Manchester Untied's former star on life after leaving the Premier League  - CNN,4788,843
4687,4034,sport,motorsport,Lewis Hamilton says he's 'not comfortable' racing in Saudi Arabia - CNN,4868,792
4688,4035,sport,sport,"Ajaz Patel, New Zealand spinner, takes all 10 wickets against India - CNN",2174,366
4689,4036,sport,sport,LeBron James cleared from NBA's Covid-19 health and safety protocols - CNN,2568,422
4690,4037,sport,sport,"NFL suspends three players, including Bucs' Antonio Brown, for violating Covid-19 protocols - CNN",2888,433
4691,4038,news,europe,Angela Merkel honored by German military with punk rock sendoff - CNN,3117,499
4692,4039,news,europe,Italy Covid: Man uses fake silicone arm to try to get vaccine certificate - CNN,3515,565
4693,4040,news,europe,"Germany locks down unvaccinated people, as leaders plan to make shots compulsory - CNN",4628,703
4694,4041,news,europe,"Norway Christmas party Omicron outbreak is biggest outside S. Africa, authorities say - CNN",2582,400
4695,4042,news,europe,Sword-wielding man dressed as a ninja shot by French police - CNN,1572,258
4696,4043,sport,tennis,"Peng Shuai 'reconfirms' she is safe and well in second call with IOC, says Olympic organization - CNN",8794,1437
4697,4044,sport,sport,Peng Shuai: Human rights activist Peter Dahlin says IOC is putting tennis star at 'greater risk' - CNN,7149,1139
4698,4045,news,uk,What it's like to hitch a ride with Prince Charles - CNN,8957,1489
4699,4046,news,europe,Norway's 'threadbare' Christmas tree present underwhelms some in Britain - CNN,2764,450
4700,4047,sport,sport,Neil Olshey: NBA executive fired following review of workplace environment complaints - CNN,1921,277
4701,4048,sport,football,"Axel Witsel on staying 'in the football world' after retiring, his time in China, and the 'amazing' Erling Haaland - CNN",8710,1504
4702,4049,sport,sport,"Yorkshire County Cricket Club: Amid racism scandal fallout, first-team coach and director of cricket among staff to leave  - CNN",2803,449
4703,4050,news,europe,Making Covid-19 vaccines mandatory was once unthinkable. But European countries are showing it can work - CNN,16765,2686
4704,4051,sport,sport,Lamine Diack: Former head of World Athletics dies aged 88 - CNN,2161,343
4705,4052,sport,football,Manchester United vs Arsenal: Bizarre goal caps thrilling Premier League clash - CNN,2705,435
4706,4053,sport,motorsport,F1: How Red Bull caught up with the Mercedes 'juggernaut' - CNN,7194,1206
4707,4054,news,uk,"Abuse directed at London Hanukkah party bus investigated as a hate crime, police say - CNN",3089,516
4708,4055,sport,football,Mo Salah and Karim Benzema make mockery of Ballon d'Or rankings - CNN,4188,690
4709,4056,news,europe,"Sebastian Kurz, former Austrian Chancellor, says he's leaving politics - CNN",2359,371
4710,4057,sport,sport,LSU hires former Notre Dame head football coach Brian Kelly  - CNN,1839,297
4711,4058,news,europe,Pope Francis urges Europe to shed its 'walls of fear' on visit to divided Cyprus - CNN,2845,467
4713,4059,sport,sport,Major League Baseball lockout begins as players and owners fail to reach a new bargaining agreement - CNN,2722,449
4714,4060,sport,tennis,Peng Shuai: WTA announces immediate suspension of tournaments in China amid concern for tennis player - CNN,9214,1495
4715,4061,sport,golf,Rory McIlroy defends players' right to play in Saudi Arabia tournament  - CNN,1716,308
4716,4062,sport,football,Christian Eriksen training at Danish club Odense Boldklub as he continues recovery from cardiac arrest - CNN,2452,393
4717,4063,news,europe,Paris Archbishop allegedly involved in 'intimate relationship' with woman resigns - CNN,2647,419
4718,4064,news,europe,Munich explosion: Old bomb causes blast near train station in German city - CNN,1785,299
4719,4065,sport,sport,LeBron James misses game after entering NBA's Covid-19 protocols  - CNN,2029,336
4720,4066,news,australia,"Sexual harassment rife inside Australian parliament, report finds - CNN",1798,262
4721,4067,sport,sport,Scottish rugby international Siobhan Cattigan dies aged 26 - CNN,2012,315
4722,4068,sport,sport,Logan 'Logistx' Edra: Meet the breaking sensation setting her sights on Olympic glory - CNN,10079,1717
4723,4069,sport,football,England hammers Latvia 20-0 in record-breaking World Cup qualifier - CNN,2088,321
4724,4070,sport,football,"Suk Hyun-jun: South Korean footballer racially abused during Ligue 1 game, Troyes alleges  - CNN",2180,338
4725,4071,sport,tennis,Australian Open: Australia's vaccine mandate is not to 'blackmail' Djokovic says Victoria sports minister - CNN,1796,263
4726,4072,sport,golf,Four golfers test positive ahead of South African Open - CNN,1332,207
4727,4073,sport,tennis,"Peng Shuai: 'Unanimous conclusion' that tennis star is 'fine,' says IOC member Dick Pound - CNN",4611,721
4728,4074,news,europe,"This company is ""zapping"" cow dung with lightning to trap climate-warming methane - CNN",3415,557
4729,4075,sport,golf,Tiger Woods: Is this the end of his era? - CNN,3410,583
