Index,embedding_row,Category,Section,Headline,enhanced_text_characters,enhanced_text_words
2149,0,sport,golf,Barack and Michelle Obama: Valentino Dixon was convicted for a crime he didn't commit; now he's selling art to the Obamas - CNN,10739,1861
4313,1,sport,tennis,Andy Murray reaches Stockholm Open quarterfinal - CNN,1855,337
3071,2,news,europe,Climate change: EU unveils ambitious package as it cools on fossil fuels - CNN,7866,1267
1462,3,sport,sport,"Inauguration cool: Forget the outfits, everyone is talking about the kicks - CNN",2430,397
1665,4,news,europe,"Caught in a vaccine no man's land, these European countries are scrambling for Chinese and Russian shots - CNN",10515,1701
3174,5,sport,sport,Tokyo 2020: Two Namibian Olympic medal contenders ruled ineligible for women's 400m due to naturally high testosterone levels - CNN,2711,405
2060,6,news,europe,Meghan accuses royal family of 'perpetuating falsehoods' against her and Harry - CNN,3354,547
4156,7,news,uk,UK lawmaker Stella Creasy reprimanded for bringing baby to work - CNN,4969,839
1756,8,sport,sport,Lewis Hamilton and Mercedes agree one-year deal with joint commitment for 'greater diversity and inclusion' - CNN,2882,461
1955,9,sport,sport,"Primoz Roglic: Cyclist crashes twice, suffers a dislocated shoulder, loses race lead, but still finishes - CNN",2449,410
208,10,news,china,China's promotion of Russian disinformation indicates where its loyalties lie - CNN,17945,2801
4159,11,sport,football,Karim Benzema: Real Madrid star found guilty of complicity in attempted blackmail in sex tape case - CNN,2367,366
351,12,business,perspectives,Opinion: How we can solve the nation's affordable housing crisis - CNN,7972,1215
2682,13,news,uk,Britain has an education problem. Some lawmakers are reducing it to a debate on 'White Privilege' - CNN,6031,945
1587,14,news,europe,Norway landslide: rescuers continue their search for survivors days after tragedy struck - CNN,2531,421
3466,15,news,europe,La Palma volcano: Residents told to lock down as lava pours into sea - CNN,2668,458
3347,16,sport,sport,Neeraj Chopra's javelin victory delivers India its first Olympic gold medal in track and field - CNN,1672,284
881,17,news,opinions,COP21: Paris climate change deal is end of fossil fuels - CNN,6417,1066
4638,18,sport,football,"Sam Kerr: Chelsea star barges pitch invader to the ground, gets yellow card in Women's Champions League game - CNN",2137,376
4031,19,sport,football,Former NWSL coach called 'predator' as players speak out about sexual misconduct accusations  - CNN,5434,939
1552,20,sport,football,"Schalke vs. Hoffenheim: After 30 league games without a win, Bundesliga team stops the rot with 4-0 victory as Matthew Hoppe scores hat-trick - CNN",2529,403
3845,21,sport,sport,Tom Brady congratulates Aaron Rodgers for becoming 'shareholder of the Bears' after celebration saying he 'owned' them - CNN,2840,493
2168,22,news,europe,Ukraine's Zelensky invites Russia's Vladimir Putin to meet - CNN,3622,561
3975,23,sport,sport,Kyrie Irving 'will not play or practice' with the Brooklyn Nets due to vaccination status  - CNN,2814,482
1750,24,news,europe,European Space Agency hiring astronauts for first time in 11 years - CNN,2502,402
735,25,news,living,Deaf culture in an American deaf family - CNN,8111,1366
2977,26,sport,sport,Olympic protests are nearly as old as the Games themselves. So why are officials so hesitant to allow them? - CNN,10607,1727
133,27,sport,sport,Eileen Gu and Kamila Valieva became the teenage faces of Beijing 2022 under wildly contrasting circumstances - CNN,6531,1072
1145,28,health,health,"Raped and wed by 11, woman fights to end child marriage - CNN",21239,3713
108,29,sport,football,Roman Abramovich: Death and destruction in Ukraine overshadows Russian oligarch's legacy at Chelsea - CNN,12440,1987
2467,30,sport,football,Women's Champions League: Chelsea boss Emma Hayes says inspiring next generation is as important as trophy - CNN,4926,843
1215,31,health,health,The forgotten victims of gun violence - CNN,29732,5263
1746,32,news,europe,"Europe's oldest person, a 116-year-old French nun, survives Covid-19 - CNN",2550,420
2754,33,sport,sport,Shelby Houlihan believes burrito led to false positive steroid test that caused ban from running - CNN,5044,849
3114,34,sport,tennis,Matteo Berrettini beats Hubert Hurkacz to become first Italian man to reach a Wimbledon final - CNN,5219,926
1613,35,sport,sport,Caster Semenya appeals to European Court of Human Rights over 'discriminatory' testosterone limit - CNN,3724,578
2742,36,news,uk,"Boris Johnson described his health secretary as 'hopeless,' Dominic Cummings says - CNN",5341,836
1073,37,news,europe,Why Francis and Benedict won't answer the accusations dividing their church - CNN,14748,2348
2798,38,sport,football,"Viktor Orban: Taking knee is 'provocation', 'has no place on pitch' - CNN",2670,421
2539,39,sport,football,Arsenal's Europa League exit an 'embarrassment' as club lurches towards yet another crisis  - CNN,3174,543
1466,40,news,europe,European countries mandate medical-grade masks over cloth face coverings - CNN,6858,1060
1755,41,news,europe,Adam Traoré: New medical report may shed light on Frenchman's death in police custody - CNN,2704,433
3180,42,news,uk,Harry and William are working together again - CNN,12245,2046
3929,43,sport,sport,South Korean speed skater Shim Suk-hee barred from training following leaked text messages - CNN,7171,1153
1317,44,news,us,Report found Surfside condo association was deeply underfunded as repair bills piled up - CNN,6875,1087
431,45,entertainment,entertainment,Pete Davidson in talks to head to space on Jeff Bezos' Blue Origin - CNN,1099,185
2132,46,sport,football,"Manchester City beats Tottenham Hotspur, clinches fourth consecutive League Cup title in front of fans  - CNN",4135,692
1530,47,news,europe,"Ireland's mother and baby homes: 9,000 babies and children died in 18 mother and baby homes, report says - CNN",14868,2396
12,48,business,energy,Oil briefly tumbles below $100 a barrel. That's good news for gas prices - CNN,3966,655
236,49,politics,politics,The biggest 2022 upset no one is talking about  - CNNPolitics,3348,525
3791,50,sport,golf,'Celebrity' golf coach Federico Alba reveals hidden life of Sicily - CNN,5887,1032
2835,51,news,europe,"Convicted for 'advertising' abortion, German doctors are fighting to share the facts - CNN",8649,1392
4532,52,news,uk,"House fire in Sutton, London: Two sets of twin boys die after being left home alone  - CNN",1882,319
4696,53,sport,tennis,"Peng Shuai 'reconfirms' she is safe and well in second call with IOC, says Olympic organization - CNN",8794,1437
1439,54,sport,tennis,Rafael Nadal calls for 'wider perspective' from players in quarantine ahead of the Australian Open - CNN,6956,1168
2757,55,news,europe,Hungary's parliament passes anti-LGBT law ahead of 2022 election - CNN,2767,394
2019,56,news,uk,The racism Meghan says she experienced in the British royal family is reflective of wider society.  - CNN,7245,1240
4250,57,news,europe,EU court rules against Poland over judicial appointments - CNN,1495,235
1767,58,sport,tennis,"Australian Open: Serena Williams, Rafael Nadal target grand slam records  - CNN",6403,1068
3340,59,news,europe,"Russia helicopter crash: Eight feared dead in Kamchatka peninsula
 - CNN",2085,339
3547,60,news,europe,UNGA: Submarine spat with France casts shadow over Biden's address - CNN,4254,690
2613,61,news,australia,Australia Covid-19: Perth and Brisbane lock down in fight against Delta variant - CNN,3656,562
4184,62,news,europe,Violent clashes erupt during anti-lockdown demonstrations in Europe  - CNN,3414,507
2341,63,news,uk,British police officer convicted of membership of neo-Nazi organization - CNN,2308,373
4311,64,sport,sport,"Minnesota Vikings vaccinated player was rushed to ER with Covid-19 symptoms, coach says - CNN",1489,233
1401,65,news,europe,Analysis: The EU and UK's fight reveals the ugly truth about vaccine nationalism - CNN,13568,2224
2438,66,sport,golf,Sebastián Muñoz hits golf ball into trash can during PGA Championship - CNN,1523,274
4236,67,sport,football,Lilian Thuram: World Cup winner urges players to walk off pitch if racially abused  - CNN,6944,1144
1448,68,sport,sport,UFC 257 results: Dustin Poirier defeats Conor McGregor with a knockout in the 2nd round  - CNN,2456,417
3293,69,sport,football,Cristiano Ronaldo says he 'can't allow people to keep playing around with my name' - CNN,3934,652
3687,70,sport,tennis,Shelby Rogers: 'I'm going to have nine million death threats' - American braces for social media abuse after US Open loss - CNN,3152,539
3,71,news,asia,This swarm of robots gets smarter the more it works - CNN,3637,585
660,72,sport,sport,Sasha DiGiulian: US climber wants more women in climbing after being told 'little girls don't belong'  - CNN,10188,1717
2164,73,news,europe,The UK's space agency is hunting for 'moon trees' grown from seeds that went on the Apollo 14 lunar mission - CNN,5845,1006
693,74,sport,motorsport,Brad Binder: Cheating death and creating MotoGP history - CNN,6884,1195
20,75,business,tech,Why internet backbone services Cogent and Lumen are cutting off Russia  - CNN,4254,651
2772,76,sport,football,"Christian Eriksen suffered cardiac arrest during Euros match and 'was gone' before resuscitation, doctor says - CNN",5645,910
3586,77,sport,football,Tottenham to host world's first net zero carbon elite football game as sports teams turn to sustainable solutions - CNN,10785,1760
556,78,sport,football,Champions League: Tyler Adams helps fire RB Leipzig into semifinals  - CNN,2769,450
3045,79,sport,sport,Missing Ugandan Olympic hopeful left note saying he wants to work in Japan  - CNN,2387,400
4259,80,sport,tennis,'King Richard' portrays the power behind the Williams sisters' throne - CNN,2591,433
3094,81,sport,football,Euro 2020: Azzurri makes triumphant return to Italy - CNN,2848,443
220,82,politics,politics,Key dates for the 2022 midterm election - CNNPolitics,38939,6175
2842,83,news,europe,Norwegian police identify body of toddler who died crossing the English Channel - CNN,3075,507
3686,84,news,europe,Climate change: Europe had its hottest summer on record this year - CNN,9514,1539
4209,85,sport,sport,Pillow fighting enters combat sports arena: 'Don't get caught napping' - CNN,1787,290
935,86,news,world,"They fled their house in Ukraine, but a CNN Hero helped make Poland their new home - CNN",3567,586
1947,87,sport,sport,Usain Bolt: Olympic legend reveals his greatest achievement and life after athletics - CNN,7059,1241
554,88,sport,football,Lyon stun Manchester City to reach Champions League semifinals - CNN,5452,870
1135,89,news,us,A gunman killed his brother. Now Farris Barakat is on an American journey. - CNN,43503,7461
4187,90,sport,golf,Tiger Woods posts first video taking practice swings since car accident in February - CNN,1084,179
340,91,business,success,Why this tax season is extra frustrating - CNN,5818,981
13,92,business,energy,Russia may have found a buyer for its cheap oil: India - CNN,4021,653
2434,93,sport,sport,Teenage long jump sensation Larissa Iapichino on the Olympics and matching her mother's record - CNN,6285,1084
3658,94,sport,sport,'It makes me feel like possibilities are endless': Meet the Muslim women parkour athletes taking up space - CNN,14868,2612
256,95,politics,politics,Rep. Brenda Lawrence adds to growing number of House Democrats to announce retirement - CNNPolitics,3034,493
4237,96,sport,sport,Chris Moneymaker: Meet the man who helped change the fortunes of poker overnight - CNN,7515,1294
1495,97,sport,sport,Tom Brady guides the Tampa Bay Buccaneers to victory over the New Orleans Saints - CNN,3502,611
3902,98,sport,golf,Rory McIlroy says he's 'capable of being the best the player in the world' after winning 20th PGA Tour title - CNN,9245,1648
2986,99,sport,sport,Olympic health plan for US Tokyo delegation: Treat members as if they're unvaccinated - CNN,4863,808
4658,100,sport,sport,Monday Night Football: Patriots edge Bills in 'crazy game' to win seventh straight - CNN,3792,665
1193,101,news,world,How the Syrian crisis came home to small town Canada - CNN,29317,5057
3158,102,sport,sport,"Terry Donahue, former UCLA football coach, dies at 77 - CNN",1860,311
81,103,entertainment,entertainment,"Jussie Smollett's return to acting 'up in the air,' says representative - CNN",3561,588
702,104,sport,motorsport,"Sophia Floersch: If I watched the video, I still don't believe it's me flying' -- Female driver relives horror crash - CNN",7771,1357
3689,105,sport,sport,NFL Preview 2021: League kicks off second season during pandemic  - CNN,12677,2122
2677,106,sport,sport,NBA: Deandre Ayton's last-gasp alley-oop seals dramatic Game Two win for Phoenix Suns - CNN,1871,336
4116,107,sport,football,Benfica match abandoned after Covid-hit opponents left with six players - CNN,3128,495
2764,108,sport,sport,NBA MVP Nikola Jokic's playoff ejection splits opinion as Phoenix Suns dump out Denver Nuggets - CNN,3161,545
2881,109,news,uk,Queen Elizabeth's Platinum Jubilee plans revealed - CNN,14881,2550
2890,110,sport,football,Sergio Aguero to join FC Barcelona as Spanish club begins squad overhaul - CNN,3965,648
3585,111,news,australia,AUKUS deal: Australia's decades-long balancing act between the US and China is over - CNN,8859,1355
3578,112,news,europe,AUKUS pact: French ambassador to US says they 'absolutely weren't informed' of submarine deal  - CNN,4990,762
1882,113,sport,football,UEFA Women's Champions League: European powerhouse Lyon's grip on title is facing its biggest challenge - CNN,7378,1216
4139,114,sport,sport,Tom DeBlass: How MMA fighter overcame childhood abuse and father's addiction to become a champion - CNN,11758,2053
3742,115,sport,football,Cristiano Ronaldo: Superstar and partner Georgina Rodriguez are expecting twins - CNN,928,142
2532,116,sport,football,Nine of 12 Super League clubs recommit to UEFA and admit project was a mistake - CNN,2613,401
1949,117,news,europe,Russian Wagner mercenaries accused in landmark legal case - CNN,6396,990
1109,118,health,health,A dying mother's plea for her life - CNN,27100,4641
3656,119,news,europe,Ukrainian opposition demand investigation into failed sting operation detailed by CNN   - CNN,3668,553
3580,120,news,europe,The world's tallest nation is getting shorter  - CNN,3412,556
1008,121,health,health,Needy families slept on hospital floors until one doctor started a shelter - CNN,4605,808
4134,122,sport,football,Belgium hammer Armenia 19-0 in Women's World Cup qualifying to set team record - CNN,2312,369
4631,123,news,uk,Boris and Carrie Johnson announce birth of baby daughter - CNN,3308,536
3655,124,sport,sport,Tom Brady and the Tampa Bay Buccaneers beat the Dallas Cowboys - CNN,3035,518
2624,125,sport,football,Spain overcomes extraordinary own goal to beat Croatia and reach Euro 2020 quarterfinals - CNN,4772,769
4625,126,news,europe,"Sanna Marin, Finland Prime Minister apologizes for not isolating after nightclub photo surfaces - CNN",2276,346
1325,127,news,us,Another lawsuit has been filed against the condo association after deadly collapse in Surfside - CNN,6984,1104
148,128,sport,sport,University of Michigan students say they were sexually abused by Robert Anderson. An ex-NFL player wants their stories to be heard.  - CNN,21613,3508
2298,129,sport,football,Juan Cala denies racially abusing Mouctar Diakhaby; Valencia respond in statement - CNN,3809,599
2321,130,news,uk,Covid-19 passport pilots proposed by UK government as way out of lockdown - CNN,4694,747
794,131,news,americas,Gangs in El Salvador use women's bodies for 'revenge and control' - CNN,6435,1125
2735,132,sport,tennis,Rafael Nadal pulls out of Wimbledon and Tokyo Olympics - CNN,1428,249
1842,133,sport,football,Lou Macari: Former Manchester United player turns his attention to helping the homeless  - CNN,6430,1113
3132,134,sport,tennis,Roger Federer knocked out of Wimbledon by Hubert Hurkacz at quarterfinal stage - CNN,3274,553
3724,135,sport,tennis,Andy Murray says he 'lost respect' for Stefanos Tsitsipas after first round US Open defeat - CNN,5117,882
2073,136,sport,sport,Diego Maradona's Porsche is up for sale - CNN,2115,346
2692,137,sport,golf,US Open winner: Jon Rahm claims victory at Torrey Pines - CNN,5182,919
1743,138,sport,golf,Annika Sorenstam: 10-time major winner to make LPGA return after 13 years away - CNN,2932,517
2427,139,sport,golf,PGA Championship: Conners waves Canadian flag from top of gusty PGA leaderboard - CNN,8833,1487
867,140,news,us,New Orleans after Katrina: This non-profit is still helping the city rebuild 15 years later - CNN,5401,837
4438,141,news,uk,Queen Elizabeth II seen driving on Windsor estate after canceling engagements on medical advice - CNN,2267,380
1456,142,sport,sport,"Conor McGregor is one of the best UFC fighters at 'getting under your skin,' says rival Dustin Poirier - CNN",5226,921
1502,143,sport,sport,NFL cheerleaders: New documentary explores exposes the underbelly of a seemingly glamorous pursuit  - CNN,10518,1753
2922,144,sport,sport,Caeleb Dressel wins his first individual Olympic gold medal in the 100 meter freestyle final  - CNN,1911,326
4251,145,sport,motorsport,"Guanyu Zhou: First Chinese driver is huge for Alfa and F1, says Vasseur - CNN",3275,574
3980,146,sport,golf,Ko Jin-young equals golfing history with dominant Founders Cup win - CNN,2023,343
1686,147,news,europe,UK's Covid vaccine rollout is a much-needed win after bungled pandemic response - CNN,10002,1632
4606,148,sport,sport,Heisman Trophy winner: Bryce Young - CNN,2825,449
3946,149,sport,sport,Agnes Tirop: Police say runner's husband is a suspect in her stabbing death - CNN,2578,427
3873,150,sport,sport,NBA commissioner Adam Silver hopes Kyrie Irving decides to get vaccinated against Covid-19 - CNN,3745,636
2072,151,sport,sport,"Iran's only female Olympic medalist, Kimia Alizadeh, to compete under white flag in Tokyo - CNN",1536,254
1291,152,politics,politics,Fears of unlikely federal gun-control measures lead to raft of state laws - CNNPolitics,12907,2044
2052,153,news,australia, Box jellyfish: Australian teenager dies a week after being stung  - CNN,2408,389
3626,154,sport,football,Manchester United and Cristiano Ronaldo stunned by late Young Boys winner in Champions League - CNN,2302,379
3111,155,sport,football,Queen Elizabeth sends 'good wishes' to Gareth Southgate ahead of the Euro 2020 final - CNN,1634,262
3191,156,sport,sport,Abhimanyu Mishra: 12-year-old becomes youngest grandmaster in chess history - CNN,2325,370
1430,157,sport,sport,Sydney Test: India cricket fan details allegations of racial abuse by staff and supporters - CNN,7763,1312
2216,158,news,europe,David Beckham Fast Facts - CNN,5360,870
2878,159,sport,tennis,Serena Williams wants to give Naomi Osaka a hug; others label her a 'princess' - CNN,6969,1132
601,160,sport,sport,Norway tops Beijing 2022 medal table after record-breaking performance  - CNN,4431,742
1561,161,sport,sport,"LeBron James 'in that same genre' as Muhammad Ali for sport, according to legendary NBA coach Gregg Popovich - CNN",5331,888
4216,162,news,uk,Analysis: A court battle is brewing over Prince Philip's will - CNN,11733,1954
2056,163,news,europe," Italy blocks export of Covid-19 vaccine doses to Australia, using EU powers for the first time - CNN",3819,585
4351,164,sport,motorsport,Mexican Grand Prix: Max Verstappen wins ahead of Lewis Hamilton as he edges towards F1 title - CNN,3043,525
2937,165,news,europe,London Underground Fast Facts - CNN,6823,1088
3450,166,sport,sport,Beijing 2022 Winter Olympics will be open to fans --  if they live in China - CNN,3803,601
1884,167,news,europe,Vladimir Putin vaccinated: Russian President gets Covid-19 shot behind closed doors - CNN,4519,710
3426,168,sport,sport,"Gwen Berry: 'I'm just here to represent,' says US hammer thrower after raising her fist at Tokyo 2020 - CNN",5237,917
1000,169,news,living,A glimpse of life on the reservation - CNN,3674,600
3250,170,sport,tennis,"U.S. Open to offer record overall purse, winners' payout down - CNN",1508,250
3025,171,sport,golf,Collin Morikawa makes history with Open Championship win after dramatic final round - CNN,7056,1273
3408,172,sport,sport,Damian Warner: Three-time Olympian says Tokyo 2020 is the 'hottest' Games' he's competed in - CNN,4492,775
1269,173,news,us,On patrol with Skid Row's 'angel cop'  - CNN,27534,4807
2629,174,sport,tennis,2020 Tokyo Olympics: Serena Williams confirms she will not play at summer Games - CNN,1753,293
1948,175,news,europe,"Vatican says it will not bless same-sex unions, calling them a 'sin' - CNN",3357,549
3468,176,sport,sport,Lance Armstrong: Jan Ullrich says he was 'nearly dead' before a visit from former cycling rival helped with his recovery - CNN,3458,620
2899,177,sport,sport,TikTok: How one user went viral after sharing his Tinder hack to virtually connect with Olympians - CNN,3456,576
360,178,business,perspectives,Opinion: The next front in fighting climate change: your home - CNN,6148,1011
1909,179,sport,football,Champions League quarterfinal draw: Bayern Munich to face PSG in repeat of 2020 final - CNN,4873,777
1938,180,news,europe,AstraZeneca vaccine: European regulator 'convinced' benefits of shot outweigh risks as suspensions continue - CNN,8941,1371
1847,181,news,europe,Russian socialite TV host under fire for interview with serial rapist  - CNN,4349,696
2790,182,news,europe,"Norway to proceed with sound experiment on whales, despite protests - CNN",4266,653
3825,183,news,europe,COP26: A climate solution lies right under our feet but it may not be on the agenda - CNN,8672,1370
3692,184,sport,tennis,Carlos Alcaraz becomes youngest player to reach men's US Open quarterfinals - CNN,3342,575
3411,185,sport,sport,Chen Qingchen: Chinese badminton player's cursing at Tokyo Olympics riles South Koreans - CNN,2985,462
1725,186,sport,sport,Jacksonville Jaguars head coach defends hire of controversial coach - CNN,2418,395
2844,187,sport,golf,Jon Rahm forced to withdraw from Memorial Tournament after positive Covid-19 test - CNN,2323,370
4524,188,news,europe,Netherlands reimposes strict lockdown and UK won't rule out new measures over Omicron - CNN,4720,754
2668,189,sport,football,Germany vs. Hungary: UEFA facing criticism over its position on rainbow colors  - CNN,4414,699
1281,190,news,us,The politics of feminism: An unlikely partnership - CNN,19271,3273
2604,191,news,europe,"Russia says people can decline its vaccine. But for many, they'll get fired if they do - CNN",9441,1549
233,192,politics,politics,The 10 Senate seats most likely to flip in 2022 - CNNPolitics,20771,3361
4354,193,sport,sport,"Brooklyn Nets win fifth straight, take down Toronto Raptors - CNN",2308,396
2614,194,sport,tennis,Roger Federer says he 'got a bit lucky' as Swiss star survives Wimbledon first-round scare - CNN,1960,358
981,195,news,world,"Antarctica's ice is degrading faster than we thought, and there may be no way to stop the consequences  - CNN",2992,489
3512,196,sport,golf,Brooks Koepka and Daniel Berger argue with officials in drop controversy at Ryder Cup - CNN,2246,387
56,197,health,health,Only 2% of Americans now live in counties with high Covid-19 levels - CNN,2088,345
3441,198,sport,sport,Kristina Timanovskaya: Belarusian sprinter says she is being forcibly removed from the Olympics and sent home - CNN,5263,886
1757,199,sport,football,"Bayern Munich vs. Al Ahly: Pitso Mosimane, draws strength from Nelson Mandela as coach showcases talents at Club World Cup - CNN",11653,1973
4451,200,sport,football,China bans footballers from getting tattoos - CNN,2125,323
2326,201,sport,football,Premier League: West Bromwich Albion scores five goals against 10-man Chelsea - CNN,4922,820
2225,202,sport,sport,Tokyo Olympics: With 100 days to go Japan has vaccinated less than 1% of its population. That's a problem. - CNN,10602,1698
3321,203,news,europe,"Russian plane fighting wildfires crashes in Turkey, killing all 8 crew members on board - CNN",1805,298
4499,204,news,europe,King Juan Carlos I Fast Facts - CNN,5675,925
2834,205,sport,sport,"Yuka Saso wins 2021 US Women's Open, becomes first Filipino player to win a golf major tournament - CNN",3297,582
1659,206,sport,sport,Jasmine Harrison: She's 21 and just became the youngest female to row solo across the Atlantic Ocean - CNN,2047,338
3105,207,sport,tennis,Wimbledon final: Novak Djokovic wins record-equaling 20th grand slam title - CNN,4059,697
3142,208,news,europe,An American lawyer went on a lunch date in Moscow. Now he's languishing in a jail cell in Belarus   - CNN,8435,1389
1571,209,sport,sport,"LeBron James looks for WNBA win over Kelly Loeffler after leading Lakers to victory,  - CNN",3496,559
4350,210,sport,football,WSL: Arsenal dominate again to maintain flawless start  - CNN,1573,269
721,211,sport,football,RB Leipzig: Trailblazing footballer Lena Güldenpfennig balancing her on-pitch duties with an esports career - CNN,7580,1253
1633,212,news,uk,Boris Johnson lays out go-slow plan to take England out of lockdown by summer - CNN,7203,1193
731,213,sport,sport,League of Legends: G2 Esports stars' journey to Worlds   - CNN,6753,1188
4557,214,sport,motorsport,Max Verstappen: New F1 world champion 'not disappointed at all' with controversial way he won title - CNN,6699,1135
4529,215,sport,sport,The NFL has updated its Covid protocols as the virus disrupts game schedules - CNN,4166,671
2003,216,sport,golf,Rory McIlroy says Tiger Woods is 'doing better' and hopeful to be home in the 'next week or so' - CNN,2478,430
4415,217,sport,sport,This is what Aaron Rodgers has said about his Covid-19 vaccine status - CNN,1794,292
2316,218,news,uk,UK race report: culture wars may be a sugar hit for Boris Johnson. But experts say they only paper over Britain's problems - CNN,10643,1682
4455,219,sport,sport,John Madden: Legendary NFL coach and broadcaster has died at age 85 - CNN,5430,939
3588,220,news,uk,UK Speaker: We can't let mob rule smash democracy - CNN,7456,1229
777,221,news,world,They wanted a son so much they made their daughter live as a boy - CNN,12922,2193
118,222,sport,golf,Players Championship: Powerful storm wreaks havoc as golf tournament suffers further delays - CNN,3132,518
3677,223,news,europe,How floating islands can make urban waterways green and clean - CNN,6202,965
3145,224,news,europe,Methamphetamine in waterways may be turning trout into addicts - CNN,3682,567
1711,225,news,europe,"Catalonia's separatists increase majority, dialogue with Madrid in sight - CNN",3431,524
2831,226,sport,tennis,Coco Gauff becomes youngest woman to reach grand slam quarterfinal in 15 years at French Open - CNN,2519,432
3153,227,news,europe,Russian plane crashes with 28 passengers onboard - CNN,2136,328
2210,228,sport,sport,2021 Wisden Almanack: England cricket criticized for stopping kneeling in midst of fight against racism - CNN,5216,842
4277,229,news,uk,Liverpool Women's Hospital: Police arrest three after deadly car explosion - CNN,1742,268
1605,230,news,europe,Russia launches satellite to monitor climate in Arctic - CNN,2223,353
2697,231,sport,sport,Damascus to Tokyo 2020: Syrian refugees' remarkable journeys to the Olympic Games - CNN,7117,1251
2724,232,sport,golf,U.S. Open: Bryson DeChambeau videobombs Brooks Koepka interview - CNN,3361,563
2493,233,sport,sport,"Russell Westbrook breaks the NBA record for triple-doubles, surpassing Oscar Robertson - CNN",3111,517
1094,234,news,us,The Bible backs up Trump's idea to arm houses of worship - CNN,9474,1665
1972,235,sport,tennis,Serena Williams says she understood the 'pain and cruelty' suffered by Meghan - CNN,4594,750
1494,236,sport,sport,Sofia Bekatorou: Olympic medalist's decision to speak out over alleged 1998 sexual assault sparks public outcry in Greece - CNN,6616,1045
3714,237,sport,football,Cristiano Ronaldo breaks Ali Daei's international goalscoring record - CNN,2451,394
3307,238,news,europe,Turkey floods: Death toll rises to 58 - CNN,1550,242
2967,239,news,uk,"Female UK military staff report: Almost two-thirds of women bullying, sexual harassment and discrimination, landmark report says - CNN",2876,446
2770,240,sport,tennis,Djokovic comes from two sets down to beat Tsitsipas in thrilling 2021 French Open final - CNN,7453,1309
2821,241,news,europe,"Ratko Mladic, the 'butcher of Bosnia,' loses appeal against genocide conviction - CNN",3489,556
3841,242,sport,football,"NWSL needs 'institutional change' after abuse allegations, says interim CEO - CNN",1882,281
3989,243,news,uk,"Prince Andrew: London's Met Police taking ""no further action"" against the Duke of York - CNN",4109,665
826,244,news,world,How to help on International Women's Day - CNN,3368,534
1181,245,news,us,Understanding why a visa can be so coveted and reviled  - CNN,27073,4569
3054,246,sport,sport,First case of Covid-19 reported at Tokyo Olympic Athletes Village - CNN,2562,399
4648,247,news,europe,"Olaf Scholz becomes Germany's new chancellor, replacing Angela Merkel after 16 years - CNN",4112,648
2348,248,sport,tennis,"Naomi Osaka withdraws from French Open, citing her mental health - CNN",5889,992
318,249,business,success,Joining a company remotely? Here's how to bond with your colleagues - CNN,5591,964
2410,250,sport,motorsport,Former motor racing boss Max Mosley dies aged 81 - CNN,2786,458
3022,251,sport,football,Premier League soccer player suspended over alleged child sex offenses - CNN,957,156
2051,252,sport,football,Liverpool slumps to fifth straight home defeat as Jurgen Klopp defends 'rare' Mohamed Salah substitution - CNN,3435,577
4245,253,sport,sport,"Michael Savarino and Paolo Banchero, Duke basketball players, face DWI-related charges - CNN",2121,321
1406,254,sport,football,Liverpool FC vs. Tottenham Hotspur FC: Harry Kane injured again; Jose Mourinho frustrated - CNN,5036,806
212,255,news,europe,Why Europe's fight against the pandemic is about to get much more dangerous - CNN,8622,1343
3794,256,sport,sport,Veteran NFL official Carl Madsen dies on way home from Chiefs-Titans game - CNN,1672,275
2080,257,sport,sport,England rugby player Ellis Genge says he received death threats following Six Nations defeat by Wales - CNN,3439,558
1621,258,sport,golf,"We should be grateful that Tiger Woods is alive, 'that his kids haven't lost their dad,' says an emotional Rory McIlroy - CNN",3563,622
1622,259,sport,sport,"Olympics 2032: Brisbane is 'preferred host' for Summer Games, IOC announces - CNN",4066,654
651,260,sport,sport,Nathan Chen breaks short program record at US figure Skating Championships - CNN,2062,335
2726,261,sport,football,Euro 2020 semifinals and final present Boris Johnson with new 'public health' issue  - CNN,3933,642
24,262,business,economy,"Economic growth in 2022: China had a surprisingly good start, but it may not last - CNN",6475,1009
241,263,politics,politics,"New York completes congressional redistricting, likely netting Democrats several seats - CNNPolitics",1569,238
2827,264,news,europe,Prince Harry Fast Facts - CNN,16280,2665
1101,265,news,us,A WWII hero returns to Germany to meet his enemy - CNN,16435,2947
4256,266,sport,sport,Ottawa Senators: NHL pauses team's season due to Covid-19 outbreak - CNN,1189,198
3504,267,news,europe,Switzerland votes to make same-sex marriage legal by near two-thirds majority - CNN,1997,303
3066,268,news,europe,Cocaine disguised as charcoal worth up to $41 million seized by police - CNN,2993,469
3223,269,sport,sport,"Two Afghan athletes arrive from Kabul to Tokyo, International Paralympic Committee confirms - CNN",3071,468
1612,270,news,europe,China Uyghurs: Dutch parliament becomes second in a week to accuse Beijing of genocide in Xinjiang - CNN,3278,497
3974,271,sport,golf,JR Smith makes college golf debut - CNN,2428,415
2855,272,news,europe,"Putin signs law banning 'extremists' from running in elections, on Navalny's birthday - CNN",3231,493
657,273,sport,sport,Black Ice film aiming to boost diversity in climbing  - CNN,9850,1655
3291,274,sport,tennis,Naomi Osaka reflects on her tennis career after 'seeing the state of the world' - CNN,3361,567
465,275,entertainment,entertainment,'The Dropout' review: Amanda Seyfried stars in Hulu's eye-opening take on Elizabeth Holmes and Theranos - CNN,3824,587
4424,276,news,europe,"Bosnia's peace deal is at risk of unraveling, warns envoy - CNN",2482,387
3566,277,news,europe,Volcano erupts on La Palma in Spain's Canary Islands - CNN,2213,363
4189,278,sport,tennis,WTA chief Steve Simon says new video of Chinese tennis star Peng Shuai 'insufficient' to assure her safety - CNN,7722,1234
787,279,news,africa,Diane Rwigara: Trial of Rwandan imprisoned opposition leader to begin - CNN,9376,1486
3957,280,sport,football,How an investigation of the Washington Football Team led to the resignation of the Las Vegas Raiders' head coach  - CNN,7737,1262
1910,281,news,europe,AstraZeneca vaccine: EU regulator declares shot safe for use after clotting concerns  - CNN,10128,1614
2992,282,sport,sport,"Olympics opening ceremony: What we know, who's going and who's not - CNN",8501,1354
2537,283,sport,sport,"Jarryd Hayne, former Australian rugby league star, jailed for sexual assault - CNN",2355,392
2196,284,sport,motorsport,Imola GP:  Lewis Hamilton sees off the Red Bulls to seize his 99th pole - CNN,4161,685
2718,285,sport,sport,Milkha Singh: India's legendary sprinter dies of Covid-19 complications at 91  - CNN,3474,578
4033,286,news,europe,David Cameron Fast Facts - CNN,3664,572
4043,287,sport,football,River Plate defeats Boca Juniors as ex-Manchester United star Marcos Rojo sees red - CNN,2034,324
2646,288,sport,golf,Lizette Salas: US golfer opens up about mental health battle after taking Women's PGA Championship lead - CNN,2705,474
1572,289,sport,football,Jose Mourinho one match away from ending Tottenham Hotspur's 13-year trophy drought - CNN,4255,739
3028,290,news,uk,Freedom Day: Boris Johnson is taking another huge gamble by lifting lockdowns in England. Even he admits it could lead to more deaths from Covid - CNN,10194,1680
3590,291,sport,sport,Muhammad Ali: New documentary shows how legend stayed true to himself in 'hero' journey - CNN,15786,2721
1810,292,sport,golf,Patrick Reed breezes to victory on PGA Tour despite drop controversy - CNN,6196,1087
2826,293,news,uk,Sarah Everard: London police officer pleads guilty to kidnap and rape - CNN,1832,302
4339,294,sport,golf,Lydia Ko romps to Saudi Ladies International victory while 18-year-old makes history - CNN,2982,529
3405,295,news,europe,"Meghan, Duchess of Sussex Fast Facts  - CNN",9879,1601
1915,296,sport,football,"After Glen Kamara accuses Slavia's Ondrej Kudela of racist abuse, Steven Gerrard calls for action - CNN",3455,588
3784,297,sport,sport,"Quinton de Kock: South African cricketer declines to take a knee at the T20 World Cup, despite call to 'stand against racism' - CNN",4372,718
3087,298,news,europe,Viktor Orbán wants a Chinese university in Hungary. Opponents see a chance to turn his nationalist rhetoric against him - CNN,11208,1720
1387,299,news,us,DC police made far more arrests at height of Black Lives Matter protests than during Capitol clash - CNN,9811,1566
169,300,news,europe,Indian and African students fleeing Ukraine say they face racism at border - CNN,10865,1766
1796,301,sport,football,Debate over greatest goalscorer of all time continues as Cristiano Ronaldo nets 762nd goal - CNN,3364,517
2946,302,sport,tennis,"Naomi Osaka will leave 2020 Olympics without a medal, loses in 3rd round to Marketa Vondrousova - CNN",3006,532
2644,303,sport,sport,Abdalelah Haroun: Qatari sprinter dies aged 24 - CNN,1751,289
3308,304,sport,football,Barcelona starts life without Lionel Messi with a thrilling win  - CNN,3056,513
3801,305,sport,tennis,Australian Open: Unvaccinated players can compete after quarantine -- report - CNN,3201,494
1745,306,sport,football,Maradona's psychologist and two nurses under investigation over death - CNN,3326,526
4124,307,sport,sport,"World Chess Championship: Chess is sexy again. But for Magnus Carlsen, it's business as usual - CNN",5313,897
9,308,business,media,Benjamin Hall: Fox News correspondent hospitalized after being injured in Ukraine - CNN,3270,511
320,309,business,success,Why resume gaps aren't a big deal anymore - CNN,5275,893
3421,310,sport,sport,Olympics medal count: Here's who took home gold today - CNN,1422,175
3546,311,news,europe,Long-lost letter reveals heroic story of Polish farmer who saved Jewish sisters from Nazis - CNN,8386,1380
2405,312,sport,golf,PGA Championship 2021: Phil Mickelson becomes oldest major winner  - CNN,6030,1027
3007,313,sport,sport,Team USA volleyball player Taylor Crabb tests positive for Covid-19 and will miss Tokyo Olympics  - CNN,2501,404
2163,314,sport,football,"Liverpool, Arsenal, Tottenham Hotspur, Manchester United and Manchester City say they will withdraw from Super League - CNN",4894,766
4035,315,sport,football,Alex Ferguson says Cristiano Ronaldo should have started against Everton - CNN,1471,232
797,316,news,middleeast,"Threatened with 'acid, rape, abuse': Protesting Iran's compulsory hijab law - CNN",7705,1287
3323,317,news,uk,"Plymouth shooting: Attacker identified after five killed in rare mass shooting in England
 - CNN",6020,970
1373,318,news,us,"Proud Boys, right-wing extremists and their supporters use Christian website GiveSendGo to raise funds - CNN",9949,1599
1979,319,sport,sport,Michele Roberts: Meet the woman keeping NBA stars in line - CNN,8709,1500
473,320,entertainment,entertainment,'The Andy Warhol Diaries' review: Netflix's Ryan Murphy-produced docuseries gives the artist another 395 minutes of fame - CNN,4084,634
3528,321,sport,sport,USOPC will require Covid-19 vaccine for all US athletes at Beijing Games - CNN,2014,311
2921,322,sport,sport,"Suni Lee: US gymnast wins Olympic all-around after injuries, tragedies and a horrific accident - CNN",6796,1130
4253,323,news,australia,Australian family rescued after days stranded in Simpson Desert - CNN,1577,253
1604,324,sport,football,US Soccer scraps anthem-kneeling policy - CNN,1771,287
4617,325,sport,sport,"LeBron James becomes fifth NBA player to reach 100 triple-doubles, but Lakers lose to Grizzlies - CNN",2418,403
1285,326,news,us,A young ballclub barnstorms the Deep South   - CNN,18708,3232
4144,327,news,europe,"English Channel tragedy: After dozens drown, England and France ramp up war of words - CNN",8378,1318
34,328,business,tech,Pete Davidson and five paying customers to fly on Jeff Bezos' suborbital rocket - CNN,5211,844
3634,329,sport,tennis,US Open: Daniil Medvedev beats Novak Djokovic in men's final - CNN,3842,671
2435,330,news,uk,Cecil Rhodes statue will remain at Oxford University - CNN,4472,718
257,331,politics,politics,Democratic retirements: Low morale and redistricting hand the party a growing problem - CNNPolitics,11164,1817
1877,332,sport,football,World Cup: Netherlands hope to highlight Qatar migrant workers' situation - CNN,2501,412
2484,333,sport,sport,"Kareem Abdul-Jabbar is proud of NBA's new social justice champion award, but worries US still faces 'the same issues' - CNN",7065,1161
2809,334,news,europe,Emmanuel Macron slapped by member of public in southeast France - CNN,3387,554
1472,335,news,europe,"Madrid explosion: 3 dead, several injured as explosion rocks Spanish capital  - CNN",2417,389
1896,336,news,uk,Bristol crime bill protesters injure police and set vehicles ablaze  - CNN,5457,860
1347,337,politics,politics,Gaetz probe includes scrutiny of potential public corruption tied to medical marijuana industry  - CNNPolitics,12745,2007
1928,338,sport,sport,LeBron James becomes part owner of Boston Red Sox - CNN,2190,397
4372,339,sport,football,Manchester United suffers 2-0 defeat against rival Manchester City as pressure grows on manager Ole Gunnar Solskjaer - CNN,2893,488
3086,340,news,europe,Scientists are trying to control lightning with a giant laser - CNN,6433,1088
4523,341,sport,sport,"Covid leads to NFL, NHL postponements, NCAA delays and cancellations - CNN",7331,1153
3079,342,sport,tennis,"Roger Federer pulls out of 2020 Olympics, citing knee injury - CNN",1766,280
2081,343,news,uk,Brazil variant: UK hunts for person infected with Covid-19 variant first identified in Manaus - CNN,3501,593
88,344,entertainment,entertainment,"As Robert Pattinson takes over, why 'The Batman's' long history casts a long shadow among fans - CNN",4473,713
1917,345,sport,football,Champions League: Bayern Munich cruises into record-breaking 19th quarterfinal - CNN,3234,542
2750,346,sport,sport,Russia vs. Finland: Russian and Finnish players show their solidarity for Christian Eriksen at Euro 2020 - CNN,5077,827
1582,347,sport,football,"Two Barcelona first-team staff test positive for Covid-19, club says - CNN",1636,258
232,348,politics,politics,2022 midterm election calendar - CNNPolitics,3516,465
3119,349,news,uk,Prince William faces a test in Sunday's European football final  - CNN,7878,1331
1026,350,news,world,Yemen crisis: How you can help - CNN,9458,1550
4312,351,news,europe,Poland-Belarus: Migrants face hypothermia and broken bones in freezing forests as crisis deepens - CNN,14174,2216
2531,352,news,europe,Liechtenstein prince accused of killing one of Europe's biggest bears - CNN,2290,354
2150,353,sport,football,"Barcelona remains committed to Super League, saying it would be 'historical error' to pull out - CNN",3877,604
2294,354,sport,football,"Champions League: Real Madrid overpowers Liverpool, Dortmund angered by disallowed goal against Man City - CNN",4463,727
4096,355,sport,football,"Qatar 2022: Amid ongoing human rights concerns, World Cup chief promises host nation is 'tolerant' and 'welcoming' - CNN",10036,1620
2345,356,news,europe,'Exceptionally high' number of decapitated bodies found at Roman burial site - CNN,3779,591
4285,357,sport,sport,T20 World Cup final: Australia wins first title with emphatic victory over New Zealand - CNN,4485,788
1916,358,news,uk,Meghan and Harry interview: The royals have always stayed out of politics. Now they've waded into Britain's culture wars - CNN,13211,2163
2155,359,sport,football,Seán McCabe: Football's first Climate Justice Officer - CNN,10834,1697
3204,360,sport,sport,"Paralympian says he had to be pulled through White House kitchen lift because ""they didn't have an elevator"" - CNN",4224,731
1980,361,sport,sport,NFL: Tom Brady signs new deal with the Tampa Bay Buccaneers - CNN,1629,278
3778,362,sport,tennis,"Australian Open: No unvaccinated players at tournament, says Victoria state Premier - CNN",3328,511
2094,363,news,europe,"Navalny appears in court for first time since ending hunger strike, saying 'I'm just an awful skeleton' - CNN",5487,900
4208,364,news,europe,Paris fire: Blaze near Place de L'Opera in French capital - CNN,606,103
2064,365,news,europe,"Europe's unified vaccination strategy is splintering as nations turn to Israel, China and Russia for help - CNN",7089,1122
2203,366,news,europe,France outlaws sex with children aged under 15 - CNN,2425,394
1006,367,news,living,Show animals and their proud handlers - CNN,4884,797
2984,368,news,australia,Why trash-raiding cockatoos in Sydney are smarter than 'bin chickens' - CNN,5118,848
4290,369,sport,football,Dani Alves: Barcelona legend set to be reunited with new manager Xavi after 'agreement in principle' to return - CNN,3004,514
2543,370,news,europe,"French woman shot and burned by her partner, officials say, as anger builds over femicides - CNN",3496,553
2567,371,news,uk,Meghan to publish children's book inspired by Harry and Archie - CNN,2164,355
1629,372,sport,golf,Michelle Wie West: Golf world rallies following Rudy Giuliani's 'highly inappropriate' comments on Steve Bannon podcast  - CNN,3402,569
2370,373,sport,football,Barack Obama and Marcus Rashford talk about the power of the next generation - CNN,5694,1009
3261,374,news,europe,US veteran reunited with Italian siblings he almost shot in World War II - CNN,3796,638
2421,375,sport,golf,"Phil Mickelson sets early lead at PGA Championship, and a chance at history - CNN",2604,469
224,376,politics,politics,Madison Cawthorn: Judge rejects January 6-based challenge to congressman's candidacy - CNNPolitics,6690,1049
4000,377,sport,football,"Lionel Messi: Leaving Barcelona was a shock, but PSG starr adjusting well in Paris - CNN",3296,569
2396,378,news,europe,Archaeologists recover victims of the Spanish Civil War - CNN,4224,660
1859,379,sport,sport,Champion snowboarder Julie Pomagalski dies in avalanche - CNN,2386,364
3037,380,news,europe,"Kurt Westergaard, cartoonist whose depiction of Mohammed sparked outrage, dead at 86 - CNN",2151,341
689,381,sport,motorsport,Lewis Hamilton pays tribute to Chadwick Boseman after F1 Belgian GP win - CNN,4082,665
1692,382,news,uk,"Prince Philip, Duke of Edinburgh, taken to hospital after feeling unwell - CNN",10452,1681
2227,383,news,uk,Prince Philip death: Britain looked like it was in national mourning. Not all of it was. - CNN,8134,1376
1490,384,news,europe,Alexey Navalny detained on return to Moscow five months after being poisoned - CNN,9204,1430
4275,385,sport,motorsport,"Valentino Rossi: In a sea of yellow, a final farewell to a legend - CNN",8894,1578
2253,386,sport,football,Premier League leader Manchester City stunned by 10-man Leeds United - CNN,4217,709
1586,387,sport,sport,Steph Curry scores career-high 62 points in Golden State Warriors victory - CNN,2308,373
96,388,entertainment,entertainment,Where to stream the best picture Oscar-nominated movies  - CNN,2311,349
3837,389,sport,tennis,Maria Sakkari: Greek player qualifies for season-ending WTA Finals - CNN,1708,276
2499,390,sport,football,Manchester City wins English Premier League title after Manchester United lose  - CNN,2666,448
4039,391,sport,tennis,Alexander Zverev: ATP to investigate domestic abuse allegations - CNN,3419,538
3829,392,news,uk,Manchester bombing: Man arrested in connection with 2017 Manchester Arena bombing - CNN,2524,395
2222,393,sport,football,Iranian Mehdi Taremi scores an extraordinary goal to create history for Iran - CNN,3120,524
2732,394,sport,golf,U.S. Open: Brooks Koepka vs. Bryson DeChambeau -- Why everyone is talking about golf's new rivalry - CNN,5735,971
250,395,politics,politics,The Supreme Court may completely hollow out the Voting Rights Act by 2024 - CNNPolitics,9152,1405
2048,396,news,uk,Meghan and Harry steal the show before Oprah interview is even aired - CNN,5100,866
2363,397,sport,golf,Phil Mickelson's 'simply amazing' win and a victory against his doubters - CNN,4861,838
3864,398,sport,football,Lionel Messi gives up chance to score first hat-trick for Paris Saint-Germain  - CNN,2370,409
2862,399,sport,football,Lionel Messi and Argentina pay tribute to Diego Maradona in first match since legend's death - CNN,2166,347
1573,400,news,uk,"Martin Kenyon: British man, 91, gets second dose of Covid-19 vaccine  - CNN",2321,379
2047,401,news,europe,France could block Covid-19 vaccine shipments as Italy did on Thursday - CNN,4817,765
4405,402,news,australia,Cleo Smith's mother says: 'Our family is whole again'  - CNN,2323,379
4657,403,sport,football,"Jude Bellingham fined $45,000 for comments about referee Felix Zwayer  - CNN",1415,224
3541,404,news,europe,Ukraine president's aide survives apparent assassination attempt - CNN,4116,676
30,405,business,energy,Gravity could solve renewable energy's biggest problem - CNN,6071,958
3423,406,sport,sport,Simone Biles claims balance beam bronze as China's Guan Chenchen wins gold  - CNN,3976,667
3629,407,news,europe,Prince Andrew's lawyers say sex abuse case is baseless and papers weren't properly served  - CNN,3877,630
4091,408,sport,football,FIFPro: Vincent Kompany says football boardrooms are a 'hotbed of inequality' in new anti-racism report - CNN,4640,710
4495,409,news,europe,"As Ukraine tensions mount, Putin says Russia has 'every right' to 'react harshly to unfriendly steps' - CNN",4287,652
961,410,news,us,What a hurricane means when you live in Louisiana's 'Cancer Alley' - CNN,12661,2010
3734,411,sport,sport,Kyle Beach: Player speaks with NHL commissioner after sex abuse allegation against former Chicago Blackhawks video coach - CNN,1949,291
3663,412,sport,golf,Solheim Cup: Emily Pedersen teases boyfriend and Team USA caddie after Team Europe victory - CNN,4199,751
3603,413,sport,football,Members of Afghan women's youth football team arrive in Pakistan  - CNN,3074,485
3212,414,sport,football,Manchester City smashes Arsenal 5-0 as Gunners drop to bottom of Premier League - CNN,5070,879
1451,415,sport,football,Mesut Ozil joins Fenerbahce from Arsenal as he vows to be a 'Gunner for life' - CNN,3084,525
4488,416,sport,football,Chelsea FC: An inside look at Premier League club's fight against discrimination - CNN,3239,504
2958,417,sport,sport,Here's who won gold medals at the Tokyo Olympics on Monday - CNN,1277,150
3704,418,sport,sport,"Morteza Mehrzadselakjani, the tallest Paralympian in history, helps Iran win sitting volleyball gold at the Tokyo Paralympics - CNN",3799,617
3326,419,news,uk,The civil suit against Prince Andrew has wider implications for the royal family - CNN,11953,1964
3044,420,sport,golf,Jazz Janewattananond hits bunker shot from knees -- and posts video on social media showing he'd practiced it beforehand - CNN,1631,277
2909,421,news,europe,"Malta's government must bear responsibility for journalist's assassination, inquiry finds   - CNN",4990,780
2980,422,sport,sport,Naomi Osaka lights Olympic cauldron at Tokyo 2020 Opening Ceremony - CNN,18430,3069
3015,423,news,uk,"Boris Johnson had to be talked out of meeting the Queen early on in the pandemic, ex-adviser claims  - CNN",4585,736
370,424,business,perspectives,Opinion: The economy is recovering fast. But we need to ensure it works for everyone - CNN,6164,994
3928,425,news,uk,Analysis: The Queen and senior royals get punchy on climate - CNN,11426,1884
2557,426,sport,sport,"IPL: Australian cricketers scramble to leave India amid Covid-19 crisis 
 - CNN",6275,1011
4248,427,news,europe,"Yunior Garcia Aguilera, Cuban activist, arrives in Spain - CNN",2528,403
3602,428,news,europe,Dutch Foreign Minister Sigrid Kaag resigns over Afghanistan crisis - CNN,2586,402
719,429,sport,sport,Football stars go head-to-head over video games as coronavirus suspends play - CNN,4445,716
3436,430,news,europe,Romano Prodi Fast Facts - CNN,1825,266
3497,431,news,australia,Australia's Victoria state records second-highest daily rise in virus cases - CNN,3126,495
1493,432,news,europe,Alexey Navalny to be held in custody for a month following his return to Russia  - CNN,6398,1025
2771,433,news,europe,Radovan Karadzic Fast Facts - CNN,3995,623
2704,434,sport,football,Euro 2020: Italy records third victory of tournament as Wales also reaches knockout stages - CNN,2702,452
2455,435,sport,sport,Tokyo 2020: The Japanese city that's rooting for South Sudan at the Olympics - CNN,6954,1165
2893,436,news,europe,France and Germany 'seeking full clarity' from US and Denmark on spying report - CNN,4394,657
3376,437,news,europe,Snickers pulls Spanish advert after homophobia accusations - CNN,3135,511
2361,438,news,uk,Sasha Johnson: Man charged with conspiracy to murder after shooting of BLM activist - CNN,2600,409
1404,439,sport,sport,Australian Open: Maskless crowds pack tennis exhibition in Covid-free Adelaide - CNN,2652,430
1969,440,news,uk,Sarah Everard: Fury as London police officers break up vigil to murdered woman - CNN,8369,1343
4546,441,sport,sport,Taniela Moa: Former Tonga rugby international dies aged 36 - CNN,2356,410
2789,442,sport,sport,Brisbane set to host 2032 Olympics after IOC endorsement  - CNN,1390,219
1944,443,news,uk,Sarah Everard: Police officer removed from duties over 'inappropriate graphic' - CNN,2448,381
3164,444,sport,sport,Israel Folau makes shock rugby union return after signing for Japanese side Shining Arcs - CNN,1582,245
1837,445,sport,sport,Sam Bennett: Cycling star throws up during race; blames overeating - CNN,2809,499
3350,446,news,australia,Baby dies in Australia after magpie swooping attack - CNN,2871,473
4167,447,sport,sport,"Dick Vitale: Famous basketball announcer, who is battling cancer, emotional upon return - CNN",2582,433
4387,448,news,europe,Russian diplomat found dead on street outside Berlin embassy - CNN,3149,509
4133,449,news,europe,Ukraine Volodymyr Zelensky: President says group of Russians and Ukrainians planning coup against him - CNN,3714,579
1672,450,sport,sport,NCAA will allow up to 25% capacity at all rounds of men's basketball tournament - CNN,1807,293
92,451,entertainment,entertainment,'Winning Time: The Rise of the Lakers Dynasty' review: HBO's nostalgic miniseries doesn't conjure much magic - CNN,4695,739
3913,452,sport,sport,Olympics 2022: Protest in Athens as Beijing prepares for Olympic Games flame - CNN,2658,412
3700,453,news,australia,Surfer dies in shark attack off Australian beach - CNN,1314,211
2431,454,news,uk,Analysis: A reporter lied to score an interview with Princess Diana 25 years ago. Here's why it matters now - CNN,12545,2081
3177,455,sport,tennis,Emma Raducanu: 18-year-old Briton's remarkable run at Wimbledon gathers pace - CNN,2379,395
3923,456,sport,sport,Tom Brady shrugs off thumb injury to throw two touchdowns in Buccaneers win over Eagles - CNN,3508,587
1932,457,news,uk,Boris Johnson's boast of a 'Global Britain' is taking a pounding amid series of crises - CNN,5763,938
1958,458,news,europe,Charlie Hebdo cartoon of Meghan Markle and Queen sparks outrage - CNN,2844,442
2507,459,news,europe,Russia school shooting: At least 7 children killed in city of Kazan - CNN,2943,470
2837,460,sport,sport,"For handcyclist Oz Sanchez, Paralympic success is a 'testament as to the person I've become' - CNN",6358,1114
3768,461,news,uk,"Queen Elizabeth II will skip COP26 entirely, days after overnight hospital stay - CNN",2697,438
3919,462,news,uk,David Amess stabbing: Boris Johnson and Keir Starmer visit scene in Leigh-on-Sea - CNN,8628,1346
369,463,business,perspectives,Opinion: Why protecting the planet is essential to preventing future pandemics - CNN,5514,823
4338,464,sport,sport,Steph Curry makes NBA history with 50 points and 10 assists in Golden State's win over the Atlanta Hawks - CNN,2407,402
4119,465,sport,sport, NFL Pro Football Hall of Famer Curley Culp dies at age 75 - CNN,3084,525
2670,466,sport,football,Dalian Atkinson: Police officer guilty of killing ex-Aston Villa star  - CNN,3342,539
3922,467,sport,football,Marcus Rashford: Manchester United forward told to 'prioritize' football by manager Ole Gunnar Solskjaer - CNN,2795,465
2829,468,news,europe,"Meghan and Harry welcome baby girl, Lilibet Diana - CNN",10592,1710
1535,469,news,uk,David Attenborough receives Covid-19 vaccine - CNN,1898,295
1444,470,news,europe,Russia protests: Hundreds detained as rallies in support of Navalny sweep across Russia - CNN,6330,995
786,471,news,africa,Diane Rwigara: Trial of Rwandan imprisoned opposition leader postponed - CNN,2972,449
1738,472,sport,sport,Dallas Mavericks: NBA team to resume playing the National Anthem - CNN,4317,739
2652,473,news,europe,"Hungary 'has no place in the EU anymore,' Dutch leader says - CNN",4662,760
4492,474,sport,motorsport,Nicholas Latifi speaks out after death threats following Abu Dhabi crash - CNN,2601,437
2596,475,sport,sport,"Mark Cavendish rolls back clock to win Tour stage again, five years since last one - CNN",3079,526
879,476,news,world,A lab in a remote Namibian city is saving the cheetah from extinction - CNN,4542,712
1085,477,news,us,Outraged online? We all are. Here's what one Christian says about how to deal - CNN,7137,1285
1763,478,sport,golf,"Brooks Koepka claims his first win since 2019, world No. 1 Dustin Johnson sends ominous message - CNN",3400,610
1656,479,news,europe,Pablo Hasel protests rock Catalonia for fifth day - CNN,6932,1092
1483,480,news,europe,Spanish police seize more than 2 tons of cocaine hidden in charcoal - CNN,2620,410
4588,481,sport,motorsport,F1: Why was this weekend's title finale so controversial? - CNN,5120,827
249,482,politics,politics,Clyburn: 2022 elections are 'going to be chaotic' in wake of new state voting laws - CNNPolitics,3012,499
3069,483,sport,motorsport,Charles Leclerc on why he is so protective of his brother: 'I start to think about all the bad scenarios that can happen' - CNN,8347,1448
4016,484,sport,sport,Tyson Fury promises to knockout Deontay Wilder in heated press conference ahead of trilogy fight - CNN,2731,458
106,485,sport,sport,Pete Alonso: Mets star says he is thankful to be alive following rollover accident - CNN,1812,299
2550,486,sport,football,Champions League: Real Madrid goalkeeper Thibaut Courtois in 'happy place' ahead of crucial semifinal with former club - CNN,2945,502
1855,487,news,uk,Analysis: This week was a turning point for Harry and Meghan - CNN,10861,1847
808,488,news,middleeast,Child marriage in Yemen - As Equals - CNN,8943,1524
380,489,news,opinions,"Opinion: If you think that glass of wine is good for you, it's time to reconsider - CNN",4596,740
4375,490,sport,sport,Australia postpones first-ever Test match against Afghanistan until 'situation is clearer' - CNN,2005,306
4594,491,news,europe,Baltic Sea: Coast Guard investigating role of alcohol in cargo ship crash - CNN,2883,463
2767,492,sport,tennis,Stefanos Tsitsipas says his grandmother passed away five minutes before French Open final - CNN,2169,368
4384,493,sport,motorsport,"Red Bull Imagination: Dirt, danger and big, big air - CNN",8700,1557
355,494,business,perspectives,Opinion: The big reason the US and UK are facing such a massive labor shortage - CNN,7197,1112
801,495,news,africa,These women got married. But it wasn't for love  - CNN,6661,1128
1385,496,politics,politics,Robert Keith Packer: Man in 'Camp Auschwitz' sweatshirt during Capitol riot identified - CNNPolitics,2112,329
3434,497,sport,sport,Laurel Hubbard becomes first ​out transgender woman to compete at the Olympics - CNN,4470,718
2400,498,sport,sport,Derek Chauvin: Guilty verdict is why sports stars won't 'shut up and dribble'   - CNN,13055,2252
168,499,news,europe,"'Help us, we're stranded': International students say they're trapped in northeast Ukraine - CNN",5208,862
3236,500,sport,football,Pep Guardiola says he plans to leave Manchester City in 2023 as Harry Kane says he's staying at Spurs - CNN,2917,489
1773,501,news,uk,"Brexit is just weeks old, and it's already threatening fragile political stability in Northern Ireland - CNN",7352,1156
163,502,news,africa,Burkina Faso: About 60 killed in blast at informal gold mine - CNN,1839,301
2960,503,sport,sport,Fencer Maria Belen Perez Maurice lost her Olympic match but won a proposal of marriage - CNN,2128,368
3216,504,sport,tennis,Andy Murray: Tennis star says players 'have a responsibility' to get the vaccine  - CNN,2304,388
1840,505,sport,motorsport,Lewis Hamilton holds off Max Verstappen to win thrilling F1 season opener - CNN,3410,567
4329,506,sport,sport,Cleveland Browns: Star Nick Chubb and two other running backs out due to Covid-19 protocols - CNN,2204,357
1900,507,news,europe,Turkey withdraws from Istanbul convention to combat violence against women - CNN,2915,437
4584,508,sport,sport,Buccaneers vs Bills: Tom Brady creates even more history in dramatic 33-27 overtime victory - CNN,3216,553
4558,509,news,europe,German health minister says there are not enough vaccines for start of 2022  - CNN,1956,299
2916,510,sport,sport,Hmong people: Suni Lee and an epochal moment for the Hmong in America  - CNN,3886,660
1850,511,sport,motorsport,Formula One: Lewis Hamilton 'spoken to Bahrain officials' about human rights issues ahead of race in country  - CNN,6102,984
2071,512,sport,sport,Winter Olympics 2022: Mikaela Shiffrin doesn't want to have to choose between 'morality versus being able to do your job' - CNN,2079,354
1967,513,sport,sport,"Marvin Hagler, former boxing champion, dies at 66 - CNN",1768,293
110,514,sport,sport,Oleksandr Usyk: Heavyweight champion speaks exclusively to CNN after joining Ukrainian defense battalion - CNN,5626,949
3097,515,news,europe,Pope Francis delivers prayer from hospital window in his first public appearance after surgery - CNN,2341,368
4459,516,news,europe,"Russian court shuts down Memorial Human Rights Center, day after sister group ordered closed - CNN",4276,629
1765,517,sport,football,"Premier League: Manchester City beat Liverpool as Ilkay Gundogan misses penalty, scores twice - CNN",6091,1015
1617,518,news,europe,"Shamima Begum: UK teen who joined ISIS not allowed to return home to fight for citizenship, court rules - CNN",2276,387
1584,519,news,uk,Oxford/Astra Zeneca vaccine: UK becomes first to roll out shots as Covid-19 cases surge - CNN,3918,632
1327,520,news,us,Surfside condo owners in Florida building were facing assessments for $15 million worth of repairs - CNN,17041,2739
3367,521,sport,sport,Bobby Bowden: Legendary Florida State University football coach dies at 91 - CNN,4026,676
1714,522,news,europe,The EU is facing the most serious crises in its history. Many are wondering if anyone's  in charge - CNN,11266,1834
2994,523,sport,sport,Mexico vs. France: Mexico thrashes France and Spain held as men's football competition kicks off at Tokyo 2020 - CNN,1354,221
35,524,business,investing,India's young investors prefer crypto to gold and 'boring' stocks - CNN,7949,1299
3491,525,news,europe,Five key takeaways from Germany's historic election - CNN,5323,858
1860,526,news,europe,2008 Georgia Russia Conflict Fast Facts - CNN,6291,975
2745,527,sport,football,Marko Arnautovic: Austria forward banned for one game after 'insulting' opposition at Euro 2020 - CNN,2116,328
262,528,politics,politics,6 takeaways from the Texas primaries - CNNPolitics,7383,1177
1566,529,news,europe,John Dillermand: New Danish children's TV show features a man with a massive penis - CNN,3034,510
3628,530,news,europe,"Queen Elizabeth sent congratulations to North Korea, palace confirms - CNN",2578,420
210,531,news,china,Hong Kong's outbreak shows the limits of zero-Covid -- but the government isn't budging - CNN,7535,1216
439,532,entertainment,entertainment,'The Jennifer Hudson Show' to debut in fall 2022 - CNN,1683,296
4605,533,sport,sport,Can the Washington Football Team catch the Dallas Cowboys in the NFC East? - CNN,4879,835
4528,534,news,uk,Boris Johnson was once a political magician. Now his party fears he's run out of tricks - CNN,6041,1009
4513,535,sport,sport,Teddy Bridgewater now in NFL concussion protocol - CNN,1797,296
3525,536,sport,football,Ronald Koeman: Pressure mounts on frustrated Barça boss - CNN,2456,417
3337,537,news,europe,Millionaire Russian politician shoots man he says he mistook for bear - CNN,2450,398
1794,538,sport,sport,Vendée Globe: Clarisse Cremer makes history in round-the-world race  - CNN,2479,433
3890,539,sport,tennis,Cameron Norrie: Britain has a new tennis star - CNN,3515,616
3527,540,sport,golf,"Ryder Cup gets personal: Hey! 'Golf' fans, leave those guys alone, say wives and girlfriends - CNN",8737,1531
80,541,entertainment,entertainment,'The Adam Project' review: Ryan Reynolds comes back from the future in a 'Free Guy' reunion for Netflix  - CNN,3757,579
3538,542,news,australia,Melbourne earthquake: Magnitude 5.9 temblor strikes Australia - CNN,2499,386
789,543,news,africa,"Noura Hussein: Facing public threats of revenge, Sudanese teen continues her fight for freedom - CNN",4090,657
2961,544,sport,sport,Anna Kiesenhofer is a math genius who just pulled off one of the biggest shocks in Olympics history - CNN,5821,963
4491,545,sport,sport,Beijing Winter Olympics: NHL players won't participate in 2022 Games - CNN,2681,421
2559,546,sport,sport,"'It's like having a concussion,' says Boston Celtics' Evan Fournier of lingering Covid-19 side effects - CNN",2481,414
4190,547,sport,sport,Peng Shuai says is safe in video call with International Olympic Committee - CNN,6278,1006
1630,548,sport,football,Thierry Henry steps down as coach of CF Montreal due to family reasons - CNN,2096,364
1355,549,news,us,"Ahmad Al Aliwi Alissa: What we know about the Boulder, Colorado, mass shooting suspect - CNN",8814,1473
3943,550,sport,football,Afghanistan women's junior football team granted UK visas - CNN,3333,526
3338,551,sport,golf,JR Smith: Two-time NBA champion heads to college with eyes set on playing golf - CNN,2814,495
4283,552,sport,sport,Packers vs Seahawks: Aaron Rodgers and Russell Wilson to both return - CNN,4422,736
3854,553,sport,tennis,Novak Djokovic: No special deals to allow unvaccinated players to play at Australian Open - CNN,4092,629
2820,554,news,uk,Shackled skeleton tells grim story of slavery in Roman Britain - CNN,3815,633
3107,555,sport,football,Lionel Messi faces old friend Neymar in last bid for Copa America glory with Argentina - CNN,6061,979
1953,556,news,europe,"AstraZeneca vaccine: Ireland halts use of Covid-19 vaccine following blood clot reports in Norway
  - CNN",3269,511
2755,557,sport,football,Germany vs. France: 'Kick out oil' protester parachutes into Allianz Arena stadium ahead of Euro 2020 match - CNN,2402,371
1111,558,health,health,"Decades after their own sexual assaults, women put themselves in shoes of Kavanaugh's accusers - CNN",9854,1727
4434,559,sport,sport,NFL player Malik Harrison suffers non-life-threatening wound from stray bullet - CNN,1326,221
1450,560,sport,sport,Australian Open organizers schedule new warm-up event to benefit quarantining players - CNN,3182,497
833,561,news,us,Former NFL star Warrick Dunn helps single parents realize dream of homeownership - CNN,4872,796
2943,562,sport,sport,Here's who won gold medals at the Tokyo Olympics on Tuesday - CNN,1231,142
2468,563,sport,football,Robert Lewandowski scores 40th Bundesliga goal of the season to equal Gerd Müller's record - CNN,1932,315
3241,564,sport,football,FIFA and other football bodies awarded more than $200M following corruption investigation  - CNN,2565,378
3461,565,sport,golf,Bryson DeChambeau hits massive 412-yard drive in long drive contest two days after Ryder Cup win - CNN,3195,547
4012,566,sport,football,Gavi: Teenager becomes Spain's youngest international as Italy's 37-game unbeaten streak ends - CNN,2731,464
4185,567,sport,tennis,"Alexander Zverev: After victory at the ATP Finals, is 2022 the year German tennis star can finally claim his first grand slam title? - CNN",4867,842
87,568,entertainment,entertainment,Kim Kardashian said 'It seems nobody wants to work' about women and people are angry - - CNN,1135,184
489,569,news,europe,Luka Košir is blazing a trail for sustainable gastronomy  - CNN,2028,347
3616,570,sport,sport,NHL: The 'rituals' that obsess ice hockey stars - CNN,10187,1753
2511,571,news,europe,French pilot files legal complaint alleging being tied up on firing range during explosions as hazing ritual   - CNN,6796,1148
4659,572,news,uk,"'Chaotic' British response left thousands of Afghans unable to flee the Taliban, whistleblower claims - CNN",5540,866
45,573,business,business,"Wheat futures are soaring, and food prices could be next - CNN",4878,798
3141,574,sport,sport,"Sha'Carri Richardson left off US Olympic track team though her suspension ends before relay event,  - CNN",3126,526
57,575,entertainment,entertainment,'The Gilded Age' reminds us that the Black elite existed and thrived - CNN,3424,573
3570,576,news,europe,"Perm, Russia shooting: 6 people killed at university  - CNN",3035,485
3636,577,sport,golf,"Billy Horschel wins BMW PGA Championship, becoming only the second American to win the famous event - CNN",2341,407
4598,578,news,europe,Russia's Vladimir Putin told Biden he would 'really like' to meet - CNN,4391,714
3446,579,sport,football,Barcelona FC: Tragic slide continues following Benfica thrashing in Champions League - CNN,3933,677
3576,580,sport,football,Lionel Messi substituted on home debut as Paris Saint-Germain score late winner - CNN,2333,395
4292,581,sport,golf,"Tiger Woods won't return 'if he can't play well,' according to Justin Thomas - CNN",2898,516
1396,582,news,europe,Austrian man leaves fortune in will to French village that hid his family from Nazis - CNN,2914,492
1994,583,sport,sport,Dak Prescott eyes Super Bowl parade for Cowboys after signing mega deal - CNN,2172,380
4105,584,sport,football,Cristiano Ronaldo benching for Manchester United causes fierce debate between pundits - CNN,2971,493
1562,585,sport,sport,Bruce Maxwell: MLB star took a knee and then his life unraveled in Donald Trump's America - CNN,11334,1977
2226,586,news,europe,Ukraine border: As Russia masses its troops President Zelensky heads to the trenches  - CNN,6182,1015
4034,587,news,europe,Gerry Adams Fast Facts - CNN,4341,687
3208,588,sport,sport,"Brad Snyder: Paralympic gold medalist, who was blinded in Afghanistan, questions US' 'war on terror' - CNN",5538,957
2258,589,news,uk,The plan for Prince Philip's mourning period and funeral - CNN,5002,828
3535,590,sport,golf,Ryder Cup: How to watch golf's US vs. Europe showdown - CNN,3308,560
4020,591,sport,football,William Ribeiro: Brazilian footballer charged with attempted murder after kicking referee in the head - CNN,2070,334
3725,592,news,europe,"Ramstein Air Base: The Kabul airlift has ended, but a US operation to get 14,000 people off a German base is far from over - CNN",9554,1613
4360,593,sport,sport,"Usman, Namajunas win UFC 268 title fights - CNN",1780,283
1643,594,news,europe,Spain: More child migrants are arriving alone to the Canary Islands than ever before. This is what happens to them. - CNN,9611,1651
2057,595,news,uk,Prince Philip undergoes procedure for heart condition - CNN,1983,295
1004,596,news,world,Giving a face to Sudan's refugee crisis - CNN,5648,961
1838,597,sport,football,Thierry Henry: Conversation around taking a knee means people are 'forgetting' the true cause - CNN,4302,757
4604,598,news,europe,Spanish bishop loses church powers after marriage to erotica author - CNN,2634,420
927,599,news,opinions,Climate change: 48-page document could save the planet - CNN,8525,1373
2506,600,news,europe,Annalena Baerbock: Trampolinist gives Germany's Greens a bounce in race to succeed Merkel - CNN,9037,1415
946,601,news,weather,"While the Northeast is digging out of last week's blizzard, the next storm is taking aim at the South  - CNN",7645,1297
1030,602,business,business,Family ties mix with fresh fruit on an island paradise - CNN,4152,666
3430,603,sport,sport,Tom Daley says he was knitting a dog sweater during women's diving final - CNN,1684,285
3572,604,news,europe,Lech Walesa Fast Facts  - CNN,2824,443
2029,605,sport,motorsport,Formula 1: Stephanie Travers on the 'surreal' moment she became the first Black woman on an F1 podium - CNN,6968,1219
4145,606,sport,football,Manchester City defeat Paris Saint-Germain as both teams qualify for Champions League knockout stages - CNN,3911,675
3862,607,sport,football,Karim Benzema and Mathieu Valbuena: A ​blackmail ​allegation and a sex tape -- two French footballers face off in court - CNN,4021,631
2929,608,sport,sport,"How to avoid spoilers for the Olympics, even though they feel inevitable in 2021 - CNN",4466,783
2521,609,sport,sport,"Canelo Alvarez stops Billy Joe Saunders in front of record 73,126 fans in Texas - CNN",2409,397
2173,610,sport,football,"Analysis: Super League has got Boris Johnson all fired up, but path to victory looks risky - CNN",8535,1357
3335,611,sport,sport,These African athletes made history at Tokyo 2020 - CNN,649,101
2703,612,news,europe,France elections: Macron and Le Pen dealt setback in regional poll marred by low turnout - CNN,1939,306
3278,613,sport,football,"Harvey Elliott: 'Everybody wants to talk' about the 18-year-old midfielder, says Liverpool manager Jurgen Klopp - CNN",2691,436
3481,614,sport,golf,Ryder Cup: Tearful Rory McIlroy 'should have done more' as Europe suffer record-breaking defeat - CNN,2955,534
616,615,sport,sport,Why is Norway so good at the Winter Olympics? - CNN,3283,578
3349,616,sport,football,Lionel Messi signs two-year contract with Paris Saint-Germain - CNN,3558,605
3078,617,sport,motorsport,"Lando Norris: F1 star 'shaken' after watch stolen at Euro 2020 final, McLaren says - CNN",2932,482
1273,618,news,us,The FLDS bodyguard who turned on his 'prophet' - CNN,28015,4798
1999,619,news,uk,Sarah Everard case sparks outpouring from women sharing stories of abuse on UK streets - CNN,9685,1603
18,620,business,investing,Citi expands its exit from Russia - CNN,1645,264
3393,621,sport,sport,"Carl Lewis: US men's 4x100m relay fail is a 'total embarrassment,' says US sprint great - CNN",2573,429
1626,622,sport,golf,Danielle Kang: Grief over her father's death helped drive golfer to major success  - CNN,5735,1026
627,623,sport,sport,Snowboarder Jeremy Jones is fighting for climate action to protect winter sports  - CNN,7260,1200
51,624,health,health,What rising Covid-19 infections in the UK and Europe could mean for the US - CNN,7988,1331
2025,625,news,europe,Was the Diana scandal a bigger crisis for the monarchy than Meghan and Harry's interview? - CNN,11262,1897
1569,626,news,uk,Julian Assange bail: UK judge denies bail for WikiLeaks founder - CNN,13149,2065
1957,627,sport,football,Cristiano Ronaldo: Pele congratulates Juventus star for surpassing Brazilian's 'record of goals in official matches' - CNN,3796,598
3148,628,news,europe,"Spain says non-consensual sex is rape, toughens sexual violence laws
 - CNN",2614,401
3006,629,sport,sport,Brisbane officially announced as host of 2032 Olympics - CNN,2955,459
2266,630,news,uk,The obituary of Prince Philip - CNN,21078,3499
4218,631,sport,football,Ghana launches scathing attack on South Africa with FIFA set to review controversial penalty - CNN,2908,458
2059,632,news,europe,Germany's far-right AfD becomes first party to be put under government surveillance since Nazi era - CNN,3505,547
761,633,news,world,"They've been beaten, trolled, threatened with sexual violence but refuse to be silenced - CNN",9089,1426
3685,634,sport,golf,"Solheim Cup: Europe wins historic, drama-filled competition against Team USA - CNN",5912,1015
4279,635,news,uk,Queen pulls out of Remembrance Sunday service after spraining her back - CNN,3065,491
2171,636,sport,football,What is the new European Super League and how will it work? - CNN,8460,1332
3879,637,news,uk,"UK Net Zero Strategy aims for guilt-free flying, and more electric cars and trees - CNN",4194,682
3274,638,sport,golf,Hideki Matsuyama: Ball hit by 2021 Masters champion lands in spectator's shirt - CNN,2815,474
3606,639,sport,football,PSG: Lionel Messi's Champions League debut for French giants falls flat against Club Brugge - CNN,3587,620
1578,640,news,uk,UK lockdown: Boris Johnson imposes harsh new measures as new Covid-19 variant spreads - CNN,6758,1087
4713,641,sport,sport,Major League Baseball lockout begins as players and owners fail to reach a new bargaining agreement - CNN,2722,449
3710,642,sport,football,"England's players reportedly racially abused by Hungary fans during World Cup qualifier, according to FA - CNN",5042,796
2525,643,news,europe,Pope Francis backs vaccine patents waiver in 'Vax Live' video message - CNN,4342,668
1045,644,news,us,Boston Celtics legend Bob Cousy makes his 'last pass'  - CNN,14041,2404
635,645,sport,sport,Su Yiming: Former child actor grabs Beijing 2022 limelight - CNN,4473,790
4055,646,sport,sport, London Marathon 2021: Joyciline Jepkosgei races to victory in women's race  - CNN,1945,319
4497,647,sport,sport,Ryan Kelly: Indianapolis Colts player and wife Emma mourn the loss of daughter - CNN,2899,516
2297,648,sport,football,FC Barcelona: Ousmane Dembele's late winner moves Barca to within touching distance of La Liga summit ahead of El Clasico - CNN,2768,463
857,649,news,us,Giving Tuesday: How to help nonprofits - CNN,4425,702
4211,650,sport,motorsport,Kyle Larson says he's thankful for second chance - CNN,4062,658
4537,651,news,australia,Tasmania: Bouncy castle lifted into the air by wind leaves five children dead and four injured at school event - CNN,3311,532
2556,652,sport,football,Manchester City reaches first Champions League final after beating PSG  - CNN,4492,751
3295,653,sport,golf,The art of caddying: What makes a good golfing companion? - CNN,9638,1685
1365,654,politics,politics,Man in far-right militant group joined Capitol mob after appearing with Trump ally Roger Stone - CNNPolitics,5304,862
2887,655,news,australia,Australia's Somerton man died alone on a beach in 1948. Now scientists are close to solving the mystery - CNN,14479,2508
2949,656,sport,sport,Annemiek van Vleuten crossed the line and thought she'd won cycling gold. She hadn't - CNN,4001,682
2713,657,news,europe,"Far-right extremist who threatened top Belgian doctor appears to have killed himself, prosecutor says - CNN",2562,400
1975,658,news,uk,"Sarah Everard: Metropolitan Police officer charged with the kidnap and murder of Sarah Everard, who went missing in London - CNN",7152,1154
4165,659,sport,tennis,"WTA's stance on Peng has made it human rights champion, says former U.S. official - CNN",3031,487
3520,660,sport,sport,"Anthony Joshua: 'Power is in your spirit,' says challenger Usyk ahead of showdown - CNN",2693,469
3631,661,sport,sport,Fethi Nourine: Algerian judoka receives 10-year ban for withdrawing from Olympics to avoid Israel - CNN,1824,288
2289,662,news,europe,Navalny continues hunger strike despite a high temperature and bad cough  - CNN,4813,778
2443,663,sport,sport,What could happen if the Tokyo Olympics get canceled?  - CNN,5847,945
41,664,business,business,Key supply of diamonds caught up in Russia sanctions - CNN,6890,1076
1043,665,news,us,"Howard Thurman: The overlooked civil rights hero
 - CNN",9687,1612
2797,666,sport,tennis,Novak Djokovic lets out guttural scream after setting up French Open semifinal against Rafael Nadal  - CNN,2679,447
3855,667,sport,sport,"Milwaukee Bucks debut championship rings, destroy Brooklyn Nets while Steph Curry cooks LeBron James - CNN",3969,669
346,668,business,perspectives,Opinion: Athleta CEO: Women are driving the economy. It's time for businesses to prioritize them - CNN,7250,1135
3227,669,sport,golf,"BMW Championship: Rory McIlroy, Jon Rahm and Sam Burns share three-way lead at 'brutal' BMW Championship - CNN",3968,707
566,670,sport,football,Jadon Sancho: Borussia Dortmund digs heel to stop Manchester United signing star - CNN,2230,362
3277,671,sport,football,"Cristiano Ronaldo has 'told me that he's staying,' says Juventus coach Massimiliano Allegri - CNN",3466,565
3186,672,sport,sport,"Gwen Berry: Asked about protesting if she reaches Olympic podium, athlete says, 'We'll see' - CNN",4958,832
2602,673,sport,sport,"Gwen Berry turns away from flag on US Olympic trials podium, says she was 'set up' - CNN",3981,674
3312,674,sport,sport,Tyler Gilbert: Arizona Diamondbacks pitcher throws a no-hitter in his first career big league start - CNN,1708,275
2161,675,sport,football,John W. Henry: Liverpool FC owner apologises as proposed Super League crumbles - CNN,7254,1196
2049,676,sport,sport,Tom Brady: NFL star says he dodged wife's retirement request - CNN,1598,269
2598,677,sport,sport,Tour de France crash: Woman who allegedly caused crash arrested - CNN,2431,402
2933,678,sport,sport,US Olympian Simone Biles' withdrawal from the team final reminds us that she's human -- and still very much the GOAT - CNN,15274,2526
3128,679,news,europe,Xavier Bettel: Luxembourg Prime Minister leaves hospital after Covid-19 treatment - CNN,1477,223
774,680,news,africa,An alleged child abuser died before his trial. His accusers are now being blamed - CNN,6110,1037
2221,681,sport,football,"UEFA Champions League: Erling Haaland destined to 'smash a lot of records,' says Norwegian great Erik Thorstvedt - CNN",4675,768
1231,682,news,world,"Inside the Bataclan: A night of terror, a tale of love - CNN",21051,3607
2707,683,news,europe,Catherine Serou: Suspect charged with murder in death of missing American student in Russia - CNN,3192,535
2560,684,sport,tennis,Novak Djokovic hopes Covid-19 vaccine will not be made compulsory for players  - CNN,2047,336
765,685,news,americas,Chile's government distributed faulty birth control pills. Now more than 150 people are pregnant. - CNN,20465,3339
2884,686,sport,football,Copa America: Brazilian senator calls on Neymar to not take to the field in 'Championship of Death' - CNN,5146,827
1674,687,sport,sport,"LeBron James becomes the third NBA player to reach 35,000 career points - CNN",1807,307
3371,688,sport,sport,What's next for gymnastics great Simone Biles? - CNN,8299,1347
3995,689,sport,sport,Tyson Fury knocks out Deontay Wilder to retain WBC title in heavyweight fight for the ages - CNN,2122,378
3723,690,news,australia,Australia Covid-19: Cases rise in Victoria despite lengthy lockdown - CNN,2968,479
3386,691,news,uk,Inside Harry and Meghan's Montecito mansion - CNN,7921,1319
2017,692,sport,tennis,'Dreams do really come true': Novak Djokovic reflects on his career and historic new record - CNN,3605,651
4478,693,sport,sport,"Vincent Jackson: Former NFL player died of 'chronic alcohol use,' autopsy shows - CNN",1872,287
1550,694,sport,football,Louie Barry: 17-year-old lights up English football with goal for Aston Villa against Liverpool in FA Cup - CNN,3823,639
1477,695,news,europe,"Butterflies clap their wings in flight, propelling themselves forward  - CNN",2748,430
3290,696,sport,football,"Zaki Anwari: Afghan youth national footballer was one of the victims that fell from US military aircraft, says Afghan Sports Director  - CNN",2009,322
2076,697,sport,sport,Tokyo Olympics: How Sandi Morris and Tyrone Smith navigated the 'purgatory' of a postponed Games - CNN,8002,1380
2676,698,sport,sport,Sun Yang has doping ban reduced but will still miss Tokyo Olympics - CNN,3180,521
3562,699,sport,football,Jarred Gillett: Australian to become first Premier League referee from overseas - CNN,2636,407
1614,700,news,europe,Elephant kills Spanish zookeeper with one strike from trunk  - CNN,1883,308
1606,701,sport,sport,Anna Hursey: Table tennis prodigy is helping US President Biden tackle the climate crisis - CNN,5205,887
2291,702,sport,sport,'I felt my body was still capable': Meet the moms hoping to shine at the Olympics - CNN,8957,1552
3214,703,sport,sport,"Meet Anastasia Pagonis, the 17-year-old swimmer who won gold at the Paralympics - CNN",5342,919
4457,704,sport,football,'Not good enough': Klopp perplexed as misfiring Liverpool suffer damaging defeat at Leicester - CNN,4015,671
3892,705,sport,sport,NFL: A permanent residence? Fans weigh in on potential London franchise - CNN,5302,896
664,706,sport,sport,Blind climber Jesse Dufton pushing boundaries after leading 449-foot climb - CNN,7829,1342
3131,707,sport,tennis,Ashleigh Barty reaches first Wimbledon final with emphatic victory over Angelique Kerber - CNN,4273,737
3477,708,sport,football,Roger Hunt: English football mourns death of Liverpool striker and World Cup winner - CNN,2110,353
3354,709,news,australia,Australia's Parliament House graffitied after release of IPCC climate change report - CNN,3362,513
2089,710,news,uk,Analysis: How Kate's role in the British royal family has changed in the last 10 years - CNN,12076,2034
1066,711,health,health,Caregiver convicted of rape in nursing home  - CNN,8246,1432
4484,712,news,uk,Harry and Meghan share first picture of daughter Lilibet in holiday card - CNN,1984,327
4477,713,sport,football,Pelé: Brazilian soccer legend out of hospital in time for Christmas - CNN,2052,333
2084,714,sport,sport,"Gordon Elliott, top racing trainer, apologizes over dead horse photo - CNN",3697,621
4421,715,sport,sport,Melbourne Cup 2021: Verry Elleegant wins Australia's horse race - CNN,1938,317
2548,716,sport,tennis,Naomi Osaka celebrated at 'Oscars of Sport' as Lewis Hamilton's social justice work is recognized - CNN,5025,852
1434,717,sport,sport,"Kobe Bryant: 'I still have trouble with it' -- One year on, Lakers stars struggle to come to terms with NBA great's death - CNN",5981,1031
3661,718,news,europe,"Queen Elizabeth supports Black Lives Matter movement, says aide - CNN",3666,591
2938,719,sport,sport,Simone Biles withdraws from all-around final at Tokyo 2020 to focus on mental health  - CNN,7742,1218
2572,720,news,europe,DNA from cave dirt reveals details of Neanderthals and other ancient humans - CNN,8836,1444
3534,721,sport,football,Ronnie Brunswijk: Soccer body launches probe after locker room video of Suriname vice president raises 'integrity issues' - CNN,4156,676
2120,722,news,uk,The Queen is seen smiling in official royal engagement - CNN,1719,272
1868,723,news,europe,"Merkel says confusion over Easter restrictions were ""singularly and alone my mistake"" - CNN",2555,407
2329,724,news,uk,UK's elite schools face a reckoning on rape culture - CNN,10946,1739
2660,725,news,europe,Russian forces confront British warship HMS Defender in Black Sea military encounter - CNN,5821,926
3036,726,sport,sport,Mark Spitz: Seven ways to survive the Olympic Games - CNN,5211,955
3494,727,news,europe,Angela Merkel endured as others came and went. Now world's crisis manager steps down - CNN,21489,3504
3031,728,sport,sport,Irish gymnast jumps on Olympic Village cardboard bed to debunk 'anti-sex fake news - CNN,2673,416
1407,729,news,uk,"Royal family documentary, 'banned' for decades, is leaked onto YouTube - CNN",3039,489
1762,730,sport,football,"Lionel Messi: After report reveals star forward's record $672 million contract, Barcelona denies responsibility for leak  - CNN",3255,502
4077,731,sport,football,Europa League: Crowd trouble once again mars fixtures - CNN,3277,534
2299,732,news,europe,"Russian military presence in the Arctic 'absolutely necessary,' says Kremlin - CNN",3259,507
2661,733,sport,football,Christian Eriksen: Denmark provides feel good story of Euro 2020 with unlikely qualification for knockout stages - CNN,7192,1184
2917,734,sport,sport,Here's who won gold medals at the Tokyo Olympics on Thursday - CNN,960,128
1580,735,sport,sport,NBA: Luka Doncic creates another piece of history as he outbattles James Harden  - CNN,4534,754
1063,736,news,us,Beyond the border: Life in limbo - CNN,39621,6810
1952,737,news,europe,EU takes legal action against UK over Northern Ireland protocol - CNN,4574,733
4568,738,sport,football,Cesar Azpilicueta: Players ready for another social media boycott if companies don't prevent abuse - CNN,5241,884
2296,739,news,uk,Oxford-AstraZeneca pause pediatric trial pending review by UK regulator - CNN,3507,564
3624,740,sport,sport,"Navid Afkari: Executed Iranian wrestler still offers 'message of freedom,' says mother - CNN",5136,848
814,741,news,middleeast,This all-female TV station is bringing women's issues to Afghanistan's attention - CNN,2239,362
2162,742,sport,football,Clubs to amend plans for elite European Super League after UK teams say they won't participate - CNN,2797,430
3948,743,sport,sport,The bitter irony behind Jon Gruden's resignation - CNN,8002,1306
2799,744,news,europe,Operation Barkhane: France declares end to anti-terror military mission in Sahel - CNN,3848,600
3032,745,sport,sport,Soul Cap: EU politicians urge Olympics to lift 'exclusionary' ban on swim cap for natural Black hair - CNN,3572,570
696,746,sport,sport,Alex Zanardi transferred to specialist neuro-rehabilitation center after crash - CNN,1751,258
2621,747,sport,football,Switzerland stuns France in Euro 2020 as Kylian Mbappe misses in penalty shootout - CNN,5275,823
3599,748,sport,sport,New Zealand pulls out of cricket tour of Pakistan citing security alert - CNN,2613,414
4332,749,sport,sport,Damon Arnette: Las Vegas Raiders waive cornerback after gun-wielding video emerges - CNN,2426,401
4180,750,sport,football,Manchester United qualifies for Champions League knockout stages with 2-0 victory against Villarreal - CNN,2741,462
1163,751,news,us,'Folks don't feel safe' - CNN,24666,4044
4335,752,sport,sport,Beijing 2022: Polish luger says Beijing barrier crash could have been a 'tragedy' - CNN,2746,473
3881,753,sport,football,FIFA 'deeply concerned' at social media footage of DR Congo Under-20 women's national team - CNN,2697,446
573,754,sport,tennis,Novak Djokovic arrives back in Belgrade after deportation from Australia - CNN,4266,670
2975,755,news,europe,"Bosnia's peace envoy imposes jail terms for genocide denial
 - CNN",2605,392
2078,756,news,europe,Russia shows off new Covid-19 vaccine factory even as its people hesitate to get the shot - CNN,6868,1120
2036,757,sport,football,Manchester United brings Manchester City's 21-match winning streak to an end  - CNN,4597,784
3327,758,sport,sport,Chijindu Ujah: Olympic silver medalist provisionally suspended for doping violation - CNN,2598,415
2940,759,sport,sport,Hidilyn Diaz wins Philippines' first Olympic gold medal with weightlifting - CNN,1962,320
2332,760,sport,sport,Nathan Baggaley: Olympian and his brother found guilty in $152 million cocaine plot  - CNN,2213,343
3352,761,sport,sport,QB Lamar Jackson noncommittal about Covid-19 vaccine after contracting virus twice - CNN,2907,510
1759,762,sport,tennis,"Australian Open 2021: After weeks of quarantine drama and Covid setbacks, tennis tournament kicks off - CNN",7632,1227
4353,763,sport,football,West Ham topple Liverpool's unbeaten run in five-goal thriller - CNN,4780,809
3716,764,sport,sport,Muhammad Ziyad Zolkefli: Paralympian is stripped of gold medal for being three minutes late - CNN,2079,334
4530,765,sport,football,Premier League match between Aston Villa and Burnley postponed hours before kickoff due to Covid-19 issues - CNN,1369,216
822,766,news,us,How to provide aid to those in Ukraine - CNN,802,124
3511,767,news,europe,"German national election too close to call, polls suggest, as key candidates hold final rallies - CNN",4656,748
3029,768,sport,motorsport,Lewis Hamilton targeted with racist abuse online after controversial British Grand Prix victory  - CNN,5624,933
2728,769,sport,football,Christian Eriksen discharged from hospital after 'successful operation'  - CNN,2349,364
43,770,business,tech,"Ukraine halts half of world's neon output for chips, clouding outlook - CNN",4790,739
221,771,politics,politics,Why independents have cooled on Biden -- and what that means for Democrats - CNNPolitics,16777,2656
4059,772,sport,football,Lionel Messi suffers first defeat as a PSG player as Rennes stages surprise   - CNN,1659,275
2112,773,sport,football,Christian Pulisic becomes first US men's international to score in a Champions League semifinal - CNN,3089,506
32,774,business,cars,Tesla's cruise control woes put damper on 'full self-driving' hopes  - CNN,7336,1202
2593,775,sport,sport,"Starting Thursday, college athletes can profit from endorsements, social media and other sources of income  - CNN",1729,261
3218,776,sport,sport,NBA Covid-19 vaccinations: Mandatory for referees and others who work with players - CNN,2593,410
4461,777,news,europe,"Marseille violence: Drugs, violence and racism create 'cocktail of neglect' in France's second city - CNN",14456,2399
2601,778,news,uk,Matt Hancock's affair caught on camera prompts questions about surveillance among Britain's political elite - CNN,6228,993
2892,779,sport,football,Carlo Ancelotti returns to Real Madrid to become manager for second time - CNN,2864,464
3281,780,news,europe,Beslan School Siege Fast Facts - CNN,3352,544
4178,781,sport,football,Felix Afena-Gyan: AS Roma star says there was 'no racist intent' in banana comment captured in video - CNN,2670,468
3364,782,sport,sport,Anders Mol and Christian Sørum: World No. 1 men's beach volleyball duo on rising through the ranks ahead of Tokyo 2020 - CNN,11466,2059
4064,783,sport,football,National Women's Soccer League commissioner quits as weekend matches are cancelled after sexual miscoduct allegations against fired coach - CNN,6345,1022
458,784,entertainment,entertainment,'The Power of the Dog' and its Globes win show that the awards power is in streaming - CNN,4364,686
3769,785,sport,sport,"Quinton de Kock: South African cricketer apologizes for refusing to take the knee, insists he is 'not a racist' - CNN",4022,704
4615,786,sport,sport,Magnus Carlsen defends World Chess Championship crown - CNN,2245,366
1088,787,news,europe,Seeing the Pope help strangers made me tear up. Later I learned why.  - CNN,15386,2551
3063,788,sport,golf,From 'unbelievable' to 'just brilliant': Rory McIlroy experiences the Open's lows and highs - CNN,5350,936
3561,789,news,europe,Four bodies found on Polish-Belarus border as spat over migrant crisis worsens - CNN,4757,752
2068,790,sport,sport,Jeremy Lin: Former NBA star says Covid-19 has sparked anti-Asian violence in the US  - CNN,3277,525
2628,791,news,europe,France regional elections: Marine Le Pen's far-right party falls short ahead of presidential vote - CNN,3951,632
3296,792,sport,motorsport,Japanese GP: 2021 edition canceled amid ongoing coronavirus crisis - CNN,1122,175
1720,793,sport,motorsport,Fernando Alonso has undergone a successful operation after cycling crash in Switzerland  - CNN,2126,352
3425,794,news,europe,"Belarus: Vitaly Shishov, head of exile group helping Belarusians flee abroad, found dead in Kiev - CNN",6541,1046
2154,795,sport,football,"Florentino Perez insists Super League isn't canceled, only on 'standby' - CNN",5169,833
1349,796,politics,politics,Minneapolis police still use force on Black people at disproportionate rate - CNNPolitics,3953,654
85,797,entertainment,entertainment,Alec Baldwin says in legal filing that Halyna Hutchins told him to cock the gun before it fired - CNN,3768,623
2545,798,news,uk,Harry and Meghan call for vaccine equity on son Archie's second birthday - CNN,2581,420
3422,799,sport,sport,Karsten Warholm wins 'best race in Olympic history' as he breaks 400m hurdles world record - CNN,78461,12913
2662,800,news,europe,Greek orthodox priest arrested after attacking group of bishops with acid - CNN,2331,357
1447,801,sport,sport,Tom Brady vs. Patrick Mahomes in the Super Bowl is 'like LeBron and Jordan playing in the Finals' - CNN,2852,470
2870,802,news,europe,Denmark passes law to move asylum centers outside European Union - CNN,4067,637
798,803,health,health,16 and trying not to get pregnant - CNN,7022,1145
2337,804,sport,sport,Sachin Tendulkar: Indian cricket legend hospitalized after testing positive for Covid-19 - CNN,1431,226
4052,805,sport,sport,Paris-Roubaix: Italian Sonny Colbrelli wins epic race - CNN,3756,627
1697,806,sport,sport,Maxence Muzaton recalls miracle save from crash at skiing world championships - CNN,2699,456
2898,807,sport,football,Noah Gesser: 16-year-old Ajax youth player dies in car accident  - CNN,1689,266
2503,808,sport,football,"Social media companies are doing 'bare minimum,' to protect players, says ex-Premier League star - CNN",2352,385
4551,809,sport,sport,Urban Meyer fired as head coach of Jacksonville Jaguars - CNN,5112,854
3493,810,sport,sport,Justin Tucker: Ravens kicker sets NFL-record with monstrous 66-yard game-winning field goal - CNN,2588,446
4102,811,news,uk,"UK to offer booster shots to all adults, just 3 months after their second dose - CNN",4115,666
1822,812,news,europe,Macron: New Covid-19 rules in France as hospitalizations soar - CNN,4327,686
3911,813,sport,golf,Team Jessica Korda wins Aramco Team Series -- first Ladies European Tour event held in US - CNN,2171,402
3410,814,news,europe,"Czech train crash: Three people dead, eight seriously injured - CNN",1661,257
2248,815,sport,golf,Matsuyama races into lead ahead of final day of the Masters Tournament - CNN,3377,589
1455,816,sport,sport,LeBron James says 'it would be great' for LA Lakers to visit the White House - CNN,2419,413
4318,817,news,uk,"Meghan, Duchess of Sussex, apologizes to UK court, denies any intention to mislead - CNN",3445,578
2471,818,sport,sport,"Sabrina Ionescu hits game-winning 3 to start the WNBA season, honors Kobe Bryant - CNN",2887,528
1237,819,news,us,Going for broke at Bonneville with Speed King's son - CNN,21993,3969
3075,820,news,uk,Police seize record $249 million of cryptocurrency in UK - CNN,2425,371
4357,821,sport,football,Barcelona throws away three-goal lead in thrilling 3-3 draw with Celta Vigo - CNN,2521,426
2250,822,sport,golf,"Billy Horschel: A day after playing a shot from the water, he is back at it again - CNN",7367,1235
2186,823,news,uk,Analysis: The monarchy will look different now Philip has gone - CNN,8468,1416
4018,824,sport,football,Footballers are playing an 'obscene' amount of games. Will a World Cup every two years make it worse? - CNN,9057,1469
1803,825,sport,football,Stuart Baxter sacked by Indian football club Odisha over comments about rape - CNN,1831,290
3598,826,news,uk,"Prince Philip's will to be kept secret for 90 years, British court rules - CNN",2450,420
1241,827,health,health,"Back to the beginning: The sweat lodge ceremony, as intended - CNN",17450,2981
3435,828,sport,sport,USWNT loses to Canada in semifinals at Tokyo Olympics - CNN,2846,496
2408,829,sport,football,Rio Ferdinand: Manchester United legend racially abused at Premier League match  - CNN,1812,296
2702,830,news,uk,"Alaa Al-Siddiq, Emirati rights activist, dies in UK car accident - CNN",2843,448
2083,831,sport,sport,Golfers wore red and black in honor of Tiger Woods during Sunday's play - CNN,2343,389
2334,832,news,europe,"Hungary records the deadliest day of the pandemic, despite its leading vaccine rollout - CNN",4586,733
4512,833,sport,tennis,Rafael Nadal tests positive for Covid-19 following Abu Dhabi comeback - CNN,1418,237
1579,834,sport,football,Jurgen Klopp: Liverpool boss takes a swipe at Manchester United after frustrating defeat  - CNN,3232,538
2781,835,news,europe,Dog rescued after wandering through Arctic ice for more than a week - CNN,1921,331
2667,836,sport,sport,NCAA plans to have temporary student athlete compensation measures in place by July 1 - CNN,2586,408
1059,837,news,us,The US border is bigger than you think - CNN,9085,1418
942,838,news,weather,Winter storm preparedness checklist - CNN,2406,392
1662,839,news,europe,"Boris Johnson's government is 'gaslighting' Britain about the realities of Brexit, critics say - CNN",10307,1695
4599,840,news,europe,"Italy building collapse: At least 3 dead, 6 missing in Ravanusa - CNN",1529,239
2185,841,sport,football,Ander Herrera and Mesut Ozil: Shock and outrage as world reacts to European Super League breakaway plans - CNN,6401,998
4027,842,news,europe,France Catholic Church: Pope expresses 'shame' over Church response to sexual abuse survivors following report - CNN,4050,660
3479,843,news,europe,Russia reports worst single-day Covid-19 death toll since start of pandemic  - CNN,3295,526
4247,844,sport,sport,"Golden State Warriors: Curry says 'We have championship DNA,' after domination of Brooklyn Nets - CNN",2559,450
83,845,entertainment,entertainment,Alicia Keys on the inspiration for her graphic novel and her approach to motherhood - CNN,1903,344
1499,846,sport,sport,America's Cup: Patriot 'flying yacht' capsizes in gusty conditions - CNN,2047,313
986,847,news,world,#trashtag: Viral challenge sends internet on garbage hunt - CNN,4400,701
938,848,news,opinions,2016 CNN Hero of the Year: Dreaming is worth it - CNN,8894,1456
1830,849,sport,football,Sergio Aguero: Manchester City's all-time top scorer will leave the club - CNN,3869,644
781,850,news,africa,She grew up in a village where women rule and men are banned  - CNN,8349,1430
829,851,news,us,Attacks against Asian Americans are on the rise. Here's what you can do - CNN,9704,1528
159,852,news,opinions,Opinion: Media coverage of Ukraine shows it's time to rethink what we know about Africa - CNN,8704,1403
4108,853,sport,sport,"Philadelphia 76ers star Joel Embiid on bout with Covid-19: ""I really thought I wasn't going to make it"" - CNN",1509,261
973,854,business,business,"Climate change is increasing flood risk around the country. Insurance rates are not keeping pace, report finds - CNN",8085,1313
216,855,politics,politics,Fact check: 5 enduring lies about Capitol insurrection - CNNPolitics,15011,2464
1779,856,news,europe,"What is Novichok, the rare nerve agent used in Russian spy attack  - CNN",6283,972
1229,857,news,world,A tale of two Brussels - CNN,17465,3026
4260,858,news,europe,Why chaos in eastern Europe is never bad news for Vladimir Putin - CNN,7352,1186
2002,859,sport,football,Pele: Rio votes to put legend's name on famous Maracana stadium - CNN,1768,305
2354,860,sport,football,Manchester City duo receive racist abuse online after Champions League defeat  - CNN,1809,285
433,861,entertainment,entertainment,Courteney Cox still doesn't remember 'Friends' - CNN,1275,210
3878,862,sport,sport,Nick Rolovich: Washington State head football coach ousted after refusing Covid-19 vaccine - CNN,4235,670
3872,863,sport,tennis,"Novak Djokovic will need to be vaccinated to play Australian Open: minister
 - CNN",3683,569
1441,864,sport,golf,Jessica Korda: Sisters have a weekend on LPGA Tour they'll never forget - CNN,3121,522
4341,865,news,europe,Princess Charlene returns to Monaco after months-long absence - CNN,1341,219
4553,866,sport,football,France to ban plastic bottles in stadiums to protect players and staff - CNN,2150,360
3912,867,news,europe,"A dolphin's decades-long stay made this Irish town famous. A year after he left for good, Dingle bids farewell to Fungie  - CNN",8439,1397
2097,868,sport,golf,Patty Tavatanakit: The golfer who admits it's 'odd' to think she's a major winner  - CNN,5934,1040
3587,869,sport,football,Carli Lloyd scores five goals as US women hammer Paraguay in farewell tour - CNN,4211,713
2708,870,news,europe,Duchess Catherine Fast Facts - CNN,22795,3724
2615,871,news,europe,Climate change: European Union enshrines net zero and emissions targets into law - CNN,3579,582
138,872,sport,sport,Lor Sabourin: How feeling 'vulnerable' helped climber explore their identity  - CNN,7143,1217
4686,873,sport,football,Adnan Januzaj: Manchester Untied's former star on life after leaving the Premier League  - CNN,4788,843
3859,874,news,uk,Deadly and 'very agitated' snake found in English shipping container - CNN,2603,450
2631,875,news,uk,UK defense documents 'found at bus stop' - CNN,3001,474
3398,876,news,australia,"Australia to establish $280 mln reparations fund for 'Stolen Generation'
Australia to establish $280 million reparations fund for 'Stolen Generation' - CNN",3802,559
4238,877,sport,football,World Cup qualifiers: Canada in wintery wonderland after beating Mexico - CNN,2221,387
3160,878,sport,football,Euro 2020: Staging semis and final in London is 'recipe for disaster.' Is football -- and Covid-19 spike -- coming home? - CNN,8586,1379
2966,879,sport,sport,USA men's basketball team defeated by France for first Olympic loss since 2004 - CNN,2838,493
1527,880,news,uk,"Marcus Rashford shares 'unacceptable' food parcels, prompting UK government investigation - CNN",4729,704
2117,881,sport,football,Julian Nagelsmann to become new Bayern Munich coach - CNN,2704,434
3062,882,news,uk,Meghan sets her sights on building a Netflix juggernaut - CNN,9772,1636
1516,883,news,europe,Pope Francis gets first dose of Covid-19 vaccine - CNN,2627,427
107,884,sport,golf,Shane Lowry hits hole-in-one on 'one of the most iconic holes in golf' at the Players Championship - CNN,2299,405
1631,885,news,uk,"Boris Johnson's vaccine strategy gets another boost, while Europe's scramble for shots continues - CNN",9041,1497
1895,886,news,australia,Australia floods: Thousands evacuated in New South Wales as 'life-threatening' rains inundate the state - CNN,6136,977
3370,887,sport,sport,Athletes enter 'Faustian bargain' over track and shoe tech developments - CNN,6869,1140
2488,888,sport,football,Manchester City wins Premier League title in an 'insane' season for Pep Guardiola's team - CNN,10717,1807
3051,889,news,europe,"Europe flooding: Record rainfall leaves over 120 dead in western Europe, devastating parts of Germany - CNN",15364,2407
1902,890,news,australia,Entire house floats away as flash floods batter Australia's east coast - CNN,2852,447
3993,891,sport,sport,LGBT+ fan groups alliance criticises Newcastle takeover - CNN,3424,517
3287,892,sport,football,Khalida Popal: Former Afghanistan football captain speaks out on her country's fall to the Taliban - CNN,44170,7195
1405,893,news,europe,Some dogs can learn new words after hearing them only four times - CNN,3408,563
2327,894,sport,football,Neymar sees red as Lille stuns Paris Saint-Germain in Ligue 1 showdown - CNN,2582,437
3387,895,sport,sport,"Olympic weather: Heat, humidity then another tropical storm to end the Games  - CNN",4040,672
4667,896,sport,football,Tromsø releases 'first kit in history with a QR code' to highlight issues surrounding 2022 World Cup in Qatar - CNN,5463,878
4255,897,sport,sport,"Julio Lugo, former MLB player, dies at age 45 - CNN",1690,293
361,898,business,perspectives,Opinion: The reason 'SNL' is so hilarious again? Less Trump - CNN,6191,1020
4719,899,sport,sport,LeBron James misses game after entering NBA's Covid-19 protocols  - CNN,2029,336
2239,900,sport,football,Colombian football team Águilas Doradas fields only seven players due to Covid outbreak - CNN,1801,286
76,901,entertainment,entertainment,BAFTAS 2022: See the full list of winners - CNN,4440,604
2563,902,sport,football,Jose Mourinho named new AS Roma coach - CNN,2919,491
3419,903,sport,sport,How misogynoir is oppressing Black women athletes - CNN,24112,3967
4267,904,sport,sport,US President Joe Biden called Irish rugby union team to congratulate them on their win over New Zealand - CNN,2537,427
3019,905,sport,football,England's footballers lost the Euro 2020 final. But they might yet win the culture war - CNN,11687,1894
4400,906,sport,football,Liverpool dominate Atlético Madrid in feisty Champions League clash - CNN,4773,803
3500,907,news,europe,UK and France reheat one of the world's oldest rivalries at a risky time for both - CNN,7708,1313
3906,908,sport,football,Youngster Cole Palmer scores hat-trick in youth game just hours after appearing for Manchester City - CNN,1940,345
645,909,sport,sport,Mikaela Shiffrin clinches record-breaking 47th World Cup slalom win - CNN,2291,368
3011,910,news,europe,"Men have a bigger carbon footprint than women, thanks to their appetite for cars and meat - CNN",3835,601
1055,911,news,us,Where Billy Graham 'missed the mark' - CNN,26588,4229
2194,912,sport,sport,What you need to know about the Jake Paul vs Ben Askren boxing match - CNN,1557,254
2219,913,sport,football,PSG shows 'fight' to stun Bayern Munich in the Champions League quarterfinal   - CNN,4000,660
907,914,news,opinions,"Climate change: Vanishing stories, vanishing country - CNN",4176,702
4100,915,sport,sport,Mikaela Shiffrin equals Ingemar Stenmark's record with 46th World Cup slalom win - CNN,1910,321
3559,916,news,uk,Family of British teenager Harry Dunn reaches a 'resolution with US diplomat's wife in civil suit  - CNN,2409,416
3420,917,sport,sport,Jade Carey: Gold medal winner says Simone Biles told her to go and 'kill floor' - CNN,2678,480
1625,918,sport,sport,Vaccines 'encouraged' but not compulsory for athletes at Tokyo: Coates - CNN,2176,351
1432,919,sport,tennis,Australian Open 2021: Nick Kyrgios feels 'safe' ahead of tournament as he credits the country for its Covid-19 response - CNN,6237,1032
3711,920,news,uk,Analysis:  Blow to Meghan and Harry with UK watchdog ruling but war on offensive media coverage continues - CNN,10127,1665
1654,921,news,europe,"Netherlands: Plane's engine catches fire, dropping debris that injures two people in a Dutch town - CNN",3784,596
3709,922,sport,football,Spain loses a FIFA World Cup qualifying match for the first time in 28 years - CNN,1978,331
1369,923,news,us,They stormed the Capitol to overturn the results of an election they didn't vote in - CNN,12046,1989
2508,924,sport,sport,"2020 Olympics: NFL star DK Metcalf runs 10.36 seconds for 100 meters, but fails to qualify for Tokyo Games - CNN",2065,350
3409,925,sport,sport,"US Olympic fencer and bronze medalist wears X-symbol on hand on Olympic podium as a demonstration 
 - CNN",3240,547
1886,926,sport,football,Bono: Sevilla goalkeeper makes himself the unlikely hero with last-minute equalizer - CNN,1830,308
1853,927,sport,golf,Bryson DeChambeau becomes first golfer to release NFT trading cards - CNN,2253,372
2864,928,news,uk,'The Firm': Britain's royal institution explained - CNN,3402,545
3472,929,news,europe,Dutch police arrest and release former far-right party member amid reports of possible plan to attack Prime Minister - CNN,2381,379
4075,930,news,europe,"French former police officer identified as serial killer and rapist, ending 35-year hunt - CNN",3811,622
552,931,sport,football,Jair Bolsonaro: How a yellow jersey is dividing Brazil - CNN,10694,1714
2366,932,sport,football,Barack Obama praises Marcus Rashford for child food poverty campaign - CNN,1759,278
1611,933,sport,sport,WNBA team Atlanta Dream sold to new owners -- including a former player - CNN,3338,557
2104,934,sport,sport,Tokyo Olympics 2020: Protests and demonstrations banned at games as Rule 50 upheld - CNN,3801,595
4431,935,sport,sport,Buccaneers vs Saints: Tom Brady's Tampa Bay stunned by New Orleans - CNN,2628,468
4296,936,sport,sport,"Jon Gruden sues NFL, commissioner Roger Goodell - CNN",5384,824
2483,937,sport,football,UEFA Champions League final moved from Istanbul to Porto amid travel restrictions  - CNN,2536,413
1423,938,news,europe,Yulia Navalnaya's husband Alexey Navalny was poisoned and detained. Now she is piling pressure on Vladimir Putin - CNN,11289,1822
3211,939,sport,motorsport,Belgian Grand Prix: Max Verstappen wins rainswept 'farce' - CNN,4077,693
4051,940,sport,football,Claudio Ranieri: Watford hire former Premier League winner as manager - CNN,2723,436
3112,941,sport,sport,Nick Kyrgios pulls out of Tokyo Olympics citing empty stadiums and injury - CNN,2372,379
2663,942,sport,sport,Trae Young scores 48 points as Atlanta Hawks beat Milwaukee Bucks in Eastern Conference finals opener - CNN,1899,331
767,943,news,asia,"Daulatdia: She was tricked as a teen into prostitution. A decade on, she has no work and faces starvation - CNN",10503,1816
769,944,news,africa,A transport ban in Uganda means women are trapped at home with their abusers - CNN,9546,1512
4493,945,news,australia,Alleged 'koala massacre' prompts hundreds of animal cruelty charges - CNN,3014,453
199,946,news,asia,Analysis: Japan's tough talk on Russia is really about China - CNN,9854,1579
2204,947,news,uk,Prince Philip funeral: How the Queen will say goodbye - CNN,11743,1990
3953,948,sport,sport,Jon Gruden removed from Tampa Bay Buccaneers' Ring of Honor following resignation - CNN,4664,777
2093,949,sport,football,Former Germany defender Christoph Metzelder found guilty of sharing child pornography pictures - CNN,1413,224
3579,950,sport,sport,"NFL: Lamar Jackson shows nerves of steel with gutsy, fourth-down call to beat Patrick Mahomes, Kansas City Chiefs - CNN",4609,777
1195,951,news,us,The first time I discovered I was white - CNN,22580,3895
2151,952,news,europe,Russia orders troops back to base after massive buildup near Ukraine border - CNN,7603,1164
3760,953,sport,football,Emiliano Sala: Flight organizer convicted over in crash that caused death of soccer star  - CNN,3135,502
49,954,business,tech,"Electric robots are mapping the seafloor, Earth's last frontier - CNN",4880,787
3163,955,news,uk,"Kate, Duchess of Cambridge, forced to self-isolate after Covid-19 contact - CNN",2431,390
4331,956,news,australia,Australia shark attack: Search for man who went missing called off - CNN,2330,392
3098,957,sport,tennis,Tokyo Olympics: Novak Djokovic is a 'little bit divided' on playing at Games - CNN,1622,268
1959,958,news,uk,Women's groups lose legal battle over UK's falling rape prosecutions - CNN,4718,756
4702,959,sport,sport,"Yorkshire County Cricket Club: Amid racism scandal fallout, first-team coach and director of cricket among staff to leave  - CNN",2803,449
2202,960,sport,football,Martin Braithwaite spent time in a wheelchair as a child; now he's Lionel Messi's wingman at Barcelona - CNN,8626,1452
2848,961,sport,tennis,Federer withdraws from French Open over knee concerns - CNN,3446,597
4417,962,sport,sport,World Series Game 6: 'No pressure' for the Atlanta Braves as Astros threaten fightback - CNN,3601,651
3033,963,news,australia,Katie Hopkins: Australia to deport British columnist after Covid quarantine breach - CNN,2145,322
3515,964,sport,motorsport,Max Verstappen to start at back of Russian Grand Prix following engine change  - CNN,3893,651
2461,965,sport,sport,"Tokyo Olympics can be delivered 'safely and securely,' says World Athletics president Seb Coe - CNN",4123,705
1183,966,news,world,From Gandhi to guns: An Indian woman at the NRA  - CNN,13073,2281
1487,967,sport,sport,Jared Porter: New York Mets fire general manager after reportedly sending explicit pictures to female reporter - CNN,2554,404
3987,968,news,europe,Cristiano Ronaldo Fast Facts - CNN,7066,1124
3774,969,sport,football,Josh Cavallo: Australian pro footballer announces he is gay - CNN,2190,347
4002,970,sport,sport,Jim Kaat: Baseball broadcaster apologizes for insensitive remark during an MLB playoff game - CNN,1634,280
2674,971,news,europe,Drones are helping to clean up the world's plastic pollution - CNN,6177,1007
1734,972,sport,tennis,Sofia Kenin: Defending champion moved to tears after Australian Open defeat  - CNN,2968,494
203,973,business,tech,Self-driving robotaxis are taking off in China - CNN,5561,893
4635,974,sport,motorsport,Mercedes ends partnership with firm whose insulation was used in Grenfell Tower - CNN,4320,691
2055,975,sport,sport,Katie Ledecky wins by 21 seconds in her first race for a year - CNN,2119,352
2333,976,news,europe,Italy makes vaccines compulsory for health workers. But some are unconvinced - CNN,7972,1286
2315,977,sport,football,Valencia vs Cádiz: La Liga match suspended following incident of alleged racist abuse - CNN,5555,933
2558,978,sport,sport,IPL: Indian Premier League indefinitely suspended due to Covid-19 crisis - CNN,4857,773
4564,979,news,europe,Emmanuel Macron Fast Facts - CNN,10788,1728
3115,980,sport,sport,Olympics memorabilia: Rare pair of track spikes handmade by Nike co-founder set to fetch up to $1.2 million at auction - CNN,2652,434
123,981,sport,tennis,"Nick Kyrgios: 'I've come of age,' says smitten Aussie tennis star as he turns up heat at Indian Wells - CNN",2629,474
4123,982,sport,sport,NHL postpones upcoming New York Islanders games due to Covid-19 outbreak - CNN,1985,318
1303,983,news,us,Compassionate release became a life-or-death lottery for thousands of federal inmates during the pandemic  - CNN,21541,3395
2278,984,sport,golf,Tommy Fleetwood hits memorable hole-in-one at The Masters - CNN,6471,1070
790,985,news,africa,Sudan overturns death sentence for teen who killed her husband after he raped her - CNN,4023,700
4003,986,news,uk,Anti-trans rhetoric is rife in the British media. Little is being done to extinguish the flames - CNN,16076,2534
443,987,entertainment,entertainment,Janet Jackson's documentary: The revelations we can't wait for - CNN,3307,537
2965,988,sport,sport,Here's who won gold medals at the Tokyo Olympics on Saturday - CNN,911,125
1769,989,news,uk,"Britain is under lockdown. But one year into the Covid crisis, many are unable to keep to the rules. - CNN",9215,1521
1541,990,sport,sport,Virat Kohli and wife Anushka Sharma announce arrival of baby girl - CNN,1783,291
3316,991,news,uk,Plymouth shooter was a misogynist whose remarks echoed the 'incel' ideology  - CNN,5186,844
1037,992,news,us,How 911 calls on blacks are a new twist on something old: white flight - CNN,14877,2568
3891,993,sport,sport,"Sean Wainui: Māori All Blacks player, 25, dies after car crash - CNN",2215,381
3156,994,news,europe,Xavier Bettel: Luxembourg prime minister in 'serious but stable' condition in hospital with Covid-19 - CNN,2703,408
3678,995,news,europe,Russian minister Yevgeny Zinichev dies during training exercises in the Arctic - CNN,1690,254
3255,996,news,europe,"Germany floods were up to 9 times more likely because of climate change, study estimates - CNN",11173,1804
4645,997,sport,football,Kylian Mbappé and Lionel Messi inspire PSG to Champions League rout  - CNN,3744,638
2860,998,news,europe,Top German Catholic Church official offers resignation over 'catastrophe of sexual abuse' - CNN,7312,1193
4170,999,news,europe,As Romania struggles with Covid fourth wave bodies pile up outside hospital morgue  - CNN,9051,1502
1207,1000,news,world,Finding peace in a world of terror - CNN,14742,2550
1864,1001,sport,sport,Tokyo Olympics torch relay starts its final leg as some suggest this day should never have come - CNN,11658,1843
4148,1002,sport,sport,"Marko Grilc: Snowboarder dies in accident, according to sponsors - CNN",2940,481
2308,1003,news,uk,Northern Ireland sees three nights of violence as tensions build - CNN,3114,491
3265,1004,sport,football,New Zealand Football reviews 'All Whites' nickname as part of cultural inclusivity project  - CNN,2098,345
1454,1005,sport,motorsport,Maya Weug becomes first female driver to earn a spot in the Ferrari Driver Academy - CNN,2489,421
2699,1006,news,europe,Valerie Bacot: Trial begins for French woman who killed her abusive 'stepfather'-turned-husband  - CNN,3490,582
2655,1007,sport,tennis,Zhang Zhizhen becomes first Chinese man to qualify for Wimbledon in Open Era - CNN,974,175
3206,1008,news,europe,Houses of Parliament (Great Britain) Fast Facts - CNN,4502,706
2765,1009,news,europe,Germany Covid-19: The stars of absurd vaccination publicity campaign - CNN,6516,1000
3695,1010,sport,tennis,"Sloane Stephens says she received more than 2,000 messages of 'abuse and anger' after US Open defeat - CNN",3282,523
2746,1011,sport,tennis,Emotional Andy Murray breaks down following winning return to Queen's Club - CNN,1675,291
2769,1012,sport,football,Grenfell Tower: The club providing solace four years after the fire  - CNN,8292,1457
4590,1013,news,europe,New Caledonia rejects independence in final vote amid boycott - CNN,2814,428
3694,1014,sport,football,"Brazil vs Argentina World Cup qualifier: Match suspended, as four Argentinian players accused of breaking Covid travel protocols - CNN",3532,541
572,1015,sport,sport,Yao Ming: Chinese basketball legend says Peng Shuai in 'pretty good condition' during December meeting - CNN,5277,871
2139,1016,news,europe,Armenia mass killings: What to know  - CNN,6916,1119
3875,1017,news,europe,EU warns Poland it will pay for challenging common law - CNN,3626,579
1722,1018,sport,tennis,Australian Open to go without fans as 'new kind of enemy' forces Victoria to lock down - CNN,7280,1201
1766,1019,news,europe,Pope appoints first woman Under-Secretary with right to vote in Synod of Bishops - CNN,1746,279
4414,1020,news,uk,Greta Thunberg says she's going 'net-zero' on cussing after COP26 sing-along  - CNN,2880,447
609,1021,sport,sport,Mikaela Shiffrin left reeling after third Beijing crash: 'I just feel like a joke' - CNN,4708,790
1486,1022,news,europe,Russian President Vladimir Putin takes an icy dip to mark Epiphany - CNN,2037,329
2501,1023,sport,sport,Olympics: Japanese government adviser sparks ire with tweet laughing off calls for cancellation - CNN,2106,347
2127,1024,sport,sport,IPL: Lucrative cricket tournament continues amid India's alarming Covid-19 surge  - CNN,6116,1008
3157,1025,news,uk,Jewish man abused twice in one evening on London public transportation - CNN,2621,421
2639,1026,news,australia,Sydney lockdown: Australia's biggest city heading into two-week hard lockdown to contain Delta coronavirus outbreak - CNN,1269,193
4482,1027,news,europe,Russia says it hopes to begin talks with US and NATO in January - CNN,2579,401
1414,1028,news,europe,"Poland abortion law: New restrictions go into effect, resulting in a near-total ban on terminations - CNN",4378,677
3964,1029,news,australia,Two teenagers charged for allegedly killing 14 kangaroos in Australia - CNN,1639,258
3632,1030,sport,football,Karim Benzema scores a hat-trick as Real Madrid beats Celta Vigo 5-2 in La Liga - CNN,2565,457
3322,1031,news,europe,"Belarus floods the European Union with migrants, taking a page out of Putin's playbook - CNN",9110,1472
4151,1032,sport,sport,Zac Stacy's ex-girlfriend testifies she fears for her safety after violent assault caught on camera - CNN,3933,658
1323,1033,news,us,"Florida condo was 'shaking all the time' during luxury tower construction next door, according to residents - CNN",9078,1463
4229,1034,sport,tennis,WTA Finals: Garbiñe Muguruza becomes first Spanish player to win year ender - CNN,2098,363
184,1035,news,africa,ColdHubs: How solar-powered cold storage is keeping food fresh in Nigeria - CNN,7541,1210
2141,1036,sport,football,Zlatan Ibrahimović's new AC Milan contract will allow him to join fabled club of Serie A's quadragenarians - CNN,3899,642
2407,1037,news,europe,Roman Protasevich: The young dissident who Belarus diverted a Ryanair flight to arrest - CNN,7494,1203
2542,1038,news,uk,"Four months into Brexit, the UK and France have resorted to gunboat diplomacy over fish - CNN",6932,1162
3745,1039,news,europe,Queen Elizabeth II told to rest for at least two weeks - CNN,3972,661
4616,1040,news,uk,Analysis: The clues in Kate's big concert - CNN,10178,1657
2144,1041,sport,football,Ryan Giggs charged with assault of two women and 'coercive and controlling behaviour' - CNN,2466,398
4538,1042,sport,sport,Vincent Jackson: NFL star who died at age 38 diagnosed with Stage 2 CTE - CNN,2603,423
1801,1043,news,europe,Analysis: Putin dismissed Navalny for years. Outrage over his jailing is now a big problem for the Kremlin - CNN,5741,902
4446,1044,sport,sport,"Winter Olympics: Diplomatic boycott of Beijing Games is 'meaningless', says Coe - CNN",1334,198
859,1045,news,weather,Help Central America hurricane victims - CNN,1080,173
2669,1046,news,europe,July 7 2005 London Bombings Fast Facts - CNN,2134,342
3917,1047,news,europe,Russian daily Covid-19 deaths hit record high but lawmakers rule out lockdown - CNN,3477,536
4444,1048,news,uk,Analysis: Royals hope for jubilee reset after tumultuous 12 months  - CNN,12769,2100
59,1049,entertainment,entertainment,Bob Saget's family granted permanent injunction to block the release of records - CNN,3051,466
4348,1050,news,australia,Koalas are dying from chlamydia and climate change is making it worse - CNN,10134,1580
2041,1051,sport,sport,NBA All-Star Game: The league's best players duke it out - CNN,5897,966
605,1052,sport,sport,China's Sui Wenjing and Han Cong win gold in pairs figure skating  - CNN,2368,403
1739,1053,sport,football,Ryan Reynolds and Rob McElhenney complete takeover of Wrexham AFC - CNN,2863,460
3178,1054,sport,motorsport,Lewis Hamilton extends Mercedes contract to 2023 - CNN,2554,417
1549,1055,news,europe,Pope Francis says he is in line to take Covid-19 vaccine - CNN,2503,412
3737,1056,sport,sport,Braves vs Astros: Atlanta wins to go up 2-1 over Houston in the World Series - CNN,2829,505
2920,1057,sport,sport,Simone Biles withdraws from women's team gymnastics at Tokyo Olympics as ROC wins gold - CNN,5579,939
3569,1058,news,uk,Analysis: Why the cash-for-honors allegations are embarrassing for Prince Charles - CNN,10451,1666
1169,1059,politics,politics,What are Donald Trump's religious beliefs?  - CNNPolitics,19024,3131
3400,1060,sport,football,British police arrest 11 people for online racist abuse following Euro 2020 final - CNN,3147,514
3965,1061,sport,golf,'I just felt really weak': Anna Nordqvist reveals mental health battle after major victory - CNN,4873,834
4586,1062,sport,football,Real Madrid breezes past fierce rival Atlético Madrid 2-0 to extend winning run  - CNN,2273,370
1688,1063,news,uk,Brexit: A majority of Britons aren't satisfied with how trade agreement turned out - CNN,5502,899
4195,1064,sport,football,Ole Gunnar Solskjaer sacked as Manchester United manager after string of poor results - CNN,3016,505
2840,1065,sport,sport,"Climate change and Tokyo Olympics: Extreme heat could pose health risk for athletes, report says - CNN",5705,920
2138,1066,news,australia,'Big Bird Bandits:' Police hunting thieves who allegedly stole 'Sesame Street' costume make arrests - CNN,1361,232
331,1067,business,business-money,Ready to start saving? Do it in this order - CNN,5996,1002
2279,1068,news,uk,Myanmar London embassy: Ambassador to the UK says he's locked out of building in 'coup' - CNN,4367,703
1002,1069,news,us,Girls behind bars tell their stories - CNN,4888,859
2875,1070,news,europe,Belgium: Five arrested after 14-year-old girl gang raped  - CNN,2199,354
2058,1071,news,uk,"Inside the grounds of Europe's biggest Hindu temple, volunteers debunk myths and administer coronavirus vaccines - CNN",5735,895
2587,1072,sport,sport,Kentucky Derby: Kendrick Carmouche looks to become the first Black jockey to win in over a century - CNN,3067,540
1843,1073,sport,golf,Tommy Fleetwood and Sergio Garcia hit holes-in-one at the WGC Matchplay - CNN,4005,721
3775,1074,news,europe,EU's top court fines Poland 1 million euros per day over judiciary spat - CNN,3102,504
4383,1075,sport,sport,"Aaron Rodgers tells radio show he is unvaccinated, getting Covid advice from Joe Rogan - CNN",7897,1270
834,1076,news,us,Black History Month Black Health & Wellness - CNN,7199,1161
1748,1077,sport,sport,Tom Brady: BFF Gronk says QB would sign 50-year contract if he could - CNN,2986,543
3488,1078,sport,sport,"Tyson Fury vs. Anthony Joshua bout unlikely to happen, says promoter Warren - CNN",1576,259
3230,1079,sport,football,Cristiano Ronaldo set for Manchester United return after agreement reached  - CNN,3486,573
4449,1080,news,uk,"Diana, Princess of Wales funeral: Plea to Buckingham Palace for Elton John performance revealed - CNN",2399,403
3963,1081,news,europe,UK Covid: British government's early response to virus slammed in new report - CNN,6716,1045
4183,1082,news,europe,"Belarus migrant crisis: The West's leaders agree that democracy is under attack, but how they can defend it is less obvious - CNN",12374,1941
729,1083,sport,sport,League of Legends is growing. Traditional sports better watch out.  - CNN,6460,1075
1676,1084,news,uk,Handforth Parish Council's latest Zoom meeting was even worse than the viral original - CNN,6381,1035
1053,1085,politics,politics,Analysis: Trump is making racism boring again - CNNPolitics,4257,708
2038,1086,sport,golf,LPGA: There's a dearth of Black players in US women's golf. This woman wants that to change - CNN,10744,1840
3940,1087,news,europe,Kongsburg: Suspect in Norway attack charged after 5 people killed with bow and arrow - CNN,4686,765
727,1088,news,europe,How video games saved Ryan Hart from the streets  - CNN,4189,721
625,1089,news,china,China human rights: Beijing clamps down on dissent as Olympics heat up - CNN,7076,1161
1816,1090,news,australia,Perth: Single Covid case in Western Australia leads to 5-day lockdown for 2 million - CNN,3790,613
4707,1091,news,uk,"Abuse directed at London Hanukkah party bus investigated as a hate crime, police say - CNN",3089,516
2990,1092,sport,sport,NFL says coronavirus outbreaks among unvaccinated players may lead to forfeits this season - CNN,4590,753
4692,1093,news,europe,Italy Covid: Man uses fake silicone arm to try to get vaccine certificate - CNN,3515,565
2888,1094,news,europe,Asparagus recipe found in Belgian legal database - CNN,2539,423
3155,1095,sport,sport,"Matiss Kivlenieks, NHL goaltender, dead at 24 from fireworks accident at coach's house - CNN",4497,717
3992,1096,news,europe,"Russian plane crash: Aircraft carrying parachutists comes down, killing 16 - CNN",1776,278
3428,1097,sport,sport,Simone Biles to take part in balance beam final at Tokyo Olympics - CNN,1858,304
1287,1098,business,business,Epik is a refuge for the deplatformed far right. Here's why its CEO insists on doing it - CNN,30147,5020
1875,1099,sport,golf,"Iceland: Volcanoes, lava and crashing waves -- A golfer's paradise - CNN",3689,609
3506,1100,news,uk,"Sabina Nessa: Police issue CCTV appeal, as mourners gather to remember London teacher - CNN",7812,1285
2981,1101,sport,sport,"Overshadowed by Covid-19, Olympic athletes are left to bring light to troubled Tokyo 2020 - CNN",7851,1288
1760,1102,sport,tennis,Serena and Venus Williams make dream start to Australian Open  - CNN,3967,673
4480,1103,sport,football,Deshazor Everett: Washington Football Team player involved in fatal crash - CNN,1283,186
2514,1104,sport,sport,Michael Jordan's game-worn North Carolina jersey sold for record $1.38 million - CNN,1122,176
4701,1105,sport,football,"Axel Witsel on staying 'in the football world' after retiring, his time in China, and the 'amazing' Erling Haaland - CNN",8710,1504
3268,1106,sport,sport,Becca Meyers: US Paralympian swimmer heartbroken after pulling out of Tokyo Games because her mom can't be there as care assistant - CNN,4559,780
2498,1107,news,uk,Scottish National Party promise independence referendum after election win - CNN,3895,627
1197,1108,news,us,"Go ahead, admit you're a racist - CNN",21538,3557
2645,1109,sport,sport,"Cubs no-hit the Dodgers: The 7th no-hitter has been thrown this season, tying the modern era record in one season - CNN",2548,451
4112,1110,sport,sport,"Mallory Weggemann: 'Swimming saved my life,' says five-time Paralympic medalist - CNN",4980,831
3956,1111,news,europe,Poland plans to spend over $400 million on wall on Belarus border - CNN,2916,466
3866,1112,news,europe,Ex-German soldiers arrested for trying to create paramilitary unit to fight in Yemen - CNN,2364,373
2806,1113,sport,football,"Taking a knee: Football's coming home, but gesture divides England fans - CNN",7349,1185
2873,1114,sport,tennis,French Open: Two players in quarantine after testing positive for Covid-19  - CNN,1699,270
3762,1115,sport,sport,Lakers vs Thunder: LA blows 26-point lead in defeat to OKC - CNN,2240,378
3317,1116,news,europe,"Sarah Rainsford, the BBC's Moscow correspondent, says Russia told her to never return - CNN",4193,661
158,1117,news,africa,Amazon's going to Nollywood -- and its deals with studios could shake up one of the world's most prolific filmmaking hubs - CNN,6140,949
2069,1118,news,europe,"Alexey Navalny, Putin critic, held at detention center in Vladimir region, east of Moscow - CNN",4848,794
3009,1119,sport,sport,Giannis Antetokounmpo wants his NBA Finals heroics to inspire others to 'believe in their dreams' - CNN,4880,847
53,1120,health,health,Here's what could lie ahead for the US in the third year of the pandemic  - CNN,14810,2429
186,1121,sport,sport,Masai Ujiri: 'It's fine being the first; I have a problem with being the only one' - CNN,3862,691
2828,1122,news,australia,"US Navy christens USS Canberra, only warship named for a foreign capital - CNN",3756,628
813,1123,news,opinions,"International Women's Day: The people have awoken, we need to make the most of this moment  - CNN",5704,977
1937,1124,sport,football,Rui Patricio 'okay' and 'totally conscious' after suffering head injury - CNN,2203,345
2009,1125,news,europe,"France to declassify Algeria war files sooner, Elysee Palace says - CNN",2257,346
2496,1126,news,australia,Australia immigration detainees dig tunnel in failed escape plot - CNN,3537,573
3766,1127,news,europe,Moscow launches fresh restrictions as Covid-19 deaths hit record high in Russia - CNN,3453,541
3539,1128,news,europe,Lucas Papademos Fast Facts - CNN,1690,243
1293,1129,news,us,Roger Golubski: Federal grand jury investigating Kansas City cop who allegedly 'exploited and terrorized' Black residents for decades - CNN,16156,2658
618,1130,sport,sport,"Lost sports of the Winter Olympics: Skijoring, the wild blend of horses and skis - CNN",8347,1370
1964,1131,news,uk,11 things we learned from Meghan and Harry's interview - CNN,14777,2482
209,1132,business,economy,China can't do much to help Russia's sanction-hit economy - CNN,8724,1343
2991,1133,news,europe,"Germany floods: More than 150 people still missing unlikely to be found, officials fear - CNN",9937,1578
830,1134,entertainment,entertainment,"He threw a Super Bowl party for homeless New Yorkers. Now, his 'Super Soul Parties' are being held nationwide - CNN",5209,911
1534,1135,news,australia,"Climate change is making baby sharks smaller, undernourished and exhausted  - CNN",4014,625
94,1136,entertainment,entertainment,'Lucy and Desi' review: Amy Poehler's Amazon documentary puts a heart around Lucille Ball and Desi Arnaz - CNN,3837,619
4485,1137,sport,sport,Winter Olympics: China admits Beijing 2022 could bring Covid-19 cases  - CNN,4301,655
3207,1138,sport,football,"Lionel Messi makes Paris Saint-Germain debut, but Kylian Mbappé is the star of the show - CNN",2523,427
2925,1139,news,europe,Wildfires scorch Spain and cause 'disaster without precedence' in Sardinia - CNN,5563,865
4006,1140,sport,sport,"Kyrie Irving: Brooklyn Nets star will be able to practice with his team, but won't be able to play home games due to vaccination status - CNN",2442,428
1835,1141,sport,golf,India's slum golf: A whole new ball game on Mumbai's streets - CNN,5832,1021
4013,1142,sport,football,"National Women's Soccer League players pause mid-match, stand in solidarity in first match back following postponement - CNN",5771,943
150,1143,sport,sport,Tokyo 2020: International Olympic Committee is coming under pressure over the alleged torture and arrest of Iranian athletes - CNN,22512,3870
1092,1144,news,us,Pittsburgh shooting: Rabbi Jeffrey Myers counsels a grieving synagogue -- and nation  - CNN,7248,1238
1661,1145,news,europe,"Alexey Navalny remains in jail as court rejects his appeal. Then he's fined $11,500 in defamation case - CNN",2971,459
3445,1146,sport,sport,Lamont Marcell Jacobs wins historic 100m gold at the Tokyo Olympics - CNN,3359,590
4544,1147,news,europe,"Czech center-right government takes office amid price rises, COVID wave - CNN",3413,531
2571,1148,sport,football,Lionel Messi double against Valencia keeps Barcelona's title hopes alive - CNN,2833,462
691,1149,sport,motorsport,Max Verstappen plays down Michael Schumacher comparisons - CNN,5265,910
2698,1150,sport,sport,Money talks: Michael Jordan and the impact of not being an athlete activist - CNN,14764,2440
2340,1151,sport,football,World Cup: North Macedonia stun Germany - CNN,2671,435
2015,1152,sport,sport,America's Cup yachts close on speeds of 100 kph - CNN,2503,450
4547,1153,sport,sport,Kyle Beach: Chicago Blackhawks reach settlement with former player who said he was sexually assaulted by a coach in 2010 - CNN,3312,520
1536,1154,sport,football,Kazuyoshi Miura: 53-year-old signs contract extension to play in his 36th professional season - CNN,2772,465
3877,1155,news,uk,"Kate, Duchess of Cambridge says addiction can 'happen to any of us' - CNN",2560,408
1524,1156,sport,football,Chapecoense earns promotion back to Brazil's top division - CNN,2135,330
2040,1157,sport,sport,Iditarod: The legendary sled dog race going ahead amid the pandemic  - CNN,2123,345
2134,1158,news,europe,"France not doing enough to tackle climate change, court rules  - CNN",4269,669
3273,1159,sport,sport,Miguel Cabrera: Detroit Tigers first baseman becomes the 28th player to join the 500 home run club - CNN,1527,269
234,1160,politics,politics,How Democrats are winning congressional redistricting fights - CNNPolitics,12074,1948
4025,1161,sport,golf,Brooks Koepka and Bryson DeChambeau to face off in latest edition of 'The Match' - CNN,1906,317
3465,1162,sport,sport,Unvaccinated NBA players won't get paid for missed games - CNN,3028,476
4109,1163,sport,football,Ballon d'Or 2021: Who will be crowned the best players in men's and women's football? - CNN,3766,624
841,1164,news,us,How to support animal lover Betty White's favorite cause - CNN,5786,964
475,1165,entertainment,entertainment,'The Gilded Age' review: Julian Fellowes' sprawling new drama shines as an American version of 'Downton Abbey' - CNN,4706,739
1514,1166,news,europe,Dutch government resigns over child welfare fraud scandal - CNN,1778,272
2749,1167,sport,sport,Kevin Durant puts in historic performance as Brooklyn Nets beat Milwaukee Bucks - CNN,3359,575
2013,1168,sport,sport,Muhammad Ali vs. Joe Frazier: 'The Fight of the Century': a divided US nation 50 years on - CNN,17459,2987
3977,1169,sport,sport,Kyrie Irving: Brooklyn Nets head coach Steve Nash admits star will miss home games - CNN,2770,473
2813,1170,sport,sport,"Tokyo 2020: Australian baseball team pulls out of Olympic qualifiers, citing Covid fears - CNN",1710,252
3487,1171,news,europe,Sabina Nessa: Man charged with London teacher's murder  - CNN,3622,585
1581,1172,news,europe,"As coronavirus cases spiral, Europe starts 2021 by extending lockdowns  - CNN",5309,847
3882,1173,sport,sport,Dick Vitale says he has lymphoma and will have chemotherapy - CNN,2201,368
4593,1174,sport,football,"Joshua Kimmich: After suffering lung problem due to Covid, Bayern star says he should have been vaccinated - CNN",3355,551
1433,1175,sport,tennis,Margaret Court: Tennis great says she wasn't invited to Australian Open - CNN,4291,724
893,1176,news,opinions,Climate change: Denmark's 'fairy tale' energy island - CNN,10553,1788
3812,1177,sport,sport,Atlanta Braves advance to the World Series for the first time in 22 years - CNN,2095,368
3103,1178,news,uk,"Brexit, shifting demographics and familiar tensions stoke divisions in Northern Ireland - CNN",15512,2593
77,1179,entertainment,entertainment,Hailey Bieber says she is home after being hospitalized for a blood clot in her brain  - CNN,1331,231
1888,1180,sport,football,Belize football team bus held up by 'insurgents on motorcycles' in Haiti ahead of 2022 World Cup qualifier - CNN,2112,330
1907,1181,news,europe,"Nacho Vidal, Spanish porn star, charged with reckless homicide after toad venom death - CNN",2877,460
2147,1182,news,europe,Alexey Navalny ends hunger strike - CNN,4277,691
3052,1183,sport,sport,Blue Jays will return to Toronto July 30 after getting Covid-19 exemption - CNN,1700,264
1897,1184,sport,sport,LeBron James 'out indefinitely' with ankle injury - CNN,1658,276
2610,1185,sport,football,Euro 2020: The historic rivalry between England and Germany that changed football forever  - CNN,6295,1076
2213,1186,news,europe,France cuts two nuclear-powered submarines in half to make one new one - CNN,5699,923
2928,1187,sport,sport,Daniil Medvedev asks who will take responsibility if he dies in Tokyo Olympics' heat and humidity - CNN,5528,904
3935,1188,sport,sport,"Tour de France: Wind, cobbles and brutal mountaintop finishes in 2022 race - CNN",3737,626
1658,1189,sport,football,Swansea City footballer Yan Dhanda 'angry and hurt' by racist abuse as he labels social media companies 'selfish' - CNN,5916,959
113,1190,sport,sport,Obituary: Shane Warne was cricket's great showman and entertainer - CNN,6302,1054
4623,1191,sport,football,Llaneros FC: Colombian football player receiving death threats over controversial match - CNN,5884,941
3609,1192,news,europe,Vladimir Putin says 'several dozen' in his inner circle test positive for coronavirus - CNN,3537,565
2288,1193,news,uk,UK's BNO fund to support Hong Kongers as protest leader Nathan Law granted asylum - CNN,5364,883
4401,1194,news,europe,"Two dead, one injured ahead of ABBA tribute concert in Sweden - CNN",1357,233
1428,1195,news,uk,"UK Covid-19 deaths have hit 100,000. Experts say the government is still getting it wrong - CNN",12589,2087
812,1196,news,africa,The feminist DJs in Uganda taking back the night  - CNN,6713,1106
3949,1197,news,uk,Queen Elizabeth uses walking stick to attend service at Westminster Abbey - CNN,1312,217
1813,1198,sport,sport,Mina Stess: 14-year-old skateboarder chases Olympic dream - CNN,8695,1552
1834,1199,news,europe,"These children escaped Xinjiang, but their parents are in China and cut off from the world - CNN",9373,1565
2217,1200,news,europe,Tony Blair Fast Facts - CNN,8129,1303
146,1201,sport,sport,Women sport stars' fight for body acceptance - CNN,12598,2068
4711,1202,news,europe,Pope Francis urges Europe to shed its 'walls of fear' on visit to divided Cyprus - CNN,2845,467
3453,1203,sport,football,Cristiano Ronaldo scores dramatic last-minute winner for Manchester United in Champions League - CNN,3799,644
1565,1204,sport,golf,"Collin Morikawa: After 'life-changing' major win, US star says fame won't change him - CNN",3387,606
1820,1205,news,europe,Russia registers world's first Covid-19 vaccine for animals - CNN,2484,360
3950,1206,sport,sport,NFL has no plans to release more details from Washington Football Team investigation - CNN,3391,524
3304,1207,sport,football,Carli Lloyd: United States Women's National Team great to retire from football - CNN,4732,822
3669,1208,sport,tennis,Emma Raducanu beats Belinda Bencic to reach US Open semifinals - CNN,5239,900
4583,1209,news,europe,Malta to become first country in Europe to legalize cannabis for recreational use - CNN,1996,312
1035,1210,news,us,When the dreaded 'other' is an angry white man - CNN,11542,1909
2810,1211,news,uk,Lilibet: Meghan and Harry deny report they didn't ask the Queen about naming their daughter  - CNN,2124,334
4363,1212,sport,sport,NFL Week 9: Five things to watch out for - CNN,3943,675
3439,1213,sport,sport,Japanese swimmer hopes gold medal rush can help heal divided nation - CNN,6737,1156
2953,1214,news,uk,Family vows to resist US government attempt to keep intelligence work of woman accused of killing teen a secret - CNN,6011,1005
681,1215,sport,motorsport,Lewis Hamilton 'won't stop' his fight against racism as FIA rules out investigation into Breonna Taylor T-shirt - CNN,3612,611
3549,1216,sport,golf,"Ryder Cup: One year after originally scheduled, golf's biggest rivalry is ready to tee off - CNN",7664,1314
614,1217,sport,sport,Women's figure skating: How scoring works and why stamina often leads to more points - CNN,5093,811
4540,1218,sport,sport,Donald Parham Jr.: Los Angeles Chargers tight end in 'stable condition' having been carted off after head injury - CNN,1956,345
2591,1219,sport,football,England stuns Germany with two late goals to book place in Euro 2020 quarterfinals - CNN,8206,1333
4573,1220,news,europe,Belarusian opposition figure sentenced to 18 years at high-security penal colony - CNN,3238,478
2189,1221,news,europe,"In its latest lurch to the far right, Denmark plans to send refugees back to Syria - CNN",13812,2206
2907,1222,sport,sport,"Selemon Barega wins 10,000m gold at the Tokyo Olympics despite Uganda's tactical approach - CNN",3299,553
2262,1223,news,uk,Northern Ireland riots: What's behind the recent violence in Northern Ireland? - CNN,11146,1779
3517,1224,sport,golf,Team US in the driver's seat after strong opening day at Ryder Cup - CNN,6593,1138
2311,1225,sport,sport,Swimming: Leukemia survivor Rikako Ikee defies odds by securing Olympics berth - CNN,1615,265
4549,1226,sport,football,Premier League: Fifth game postponed due to Covid-19 outbreak - CNN,2448,393
4111,1227,sport,golf,"Lee Elder, the first Black golfer to play at the Masters, dies at 87 - CNN",4539,805
3219,1228,sport,sport,Haley Carter: How a 'ragtag group' helped evacuate the Afghanistan national women's football team from the country - CNN,11555,1891
3595,1229,news,europe,Russia goes to the polls amid crackdown on political dissent  - CNN,10050,1609
4343,1230,sport,sport,Monday Night Football: Steelers edge Bears in controversial contest to continue winning streak - CNN,4921,849
1993,1231,sport,football,Cristiano Ronaldo and Juventus stunned by 10-man Porto - CNN,6480,1037
1079,1232,news,us,The 'coup' against Pope Francis  - CNN,12317,1954
2246,1233,news,uk,Queen Elizabeth said Prince Philip's death has 'left a huge void in her life' - CNN,6234,1025
3542,1234,sport,sport,Cristiano Ronaldo set to overtake Lionel Messi as highest-paid footballer this season  - CNN,2304,363
4227,1235,news,europe,British F-35 fighter jet crashes while flying off aircraft carrier HMS Queen Elizabeth - CNN,4166,671
188,1236,sport,sport,Chess coaches in Africa are building the next generation of grandmasters - CNN,4431,729
1589,1237,sport,sport,NFL legend Floyd Little dies at 78 - CNN,4110,699
1543,1238,sport,sport,Cleveland Browns overcome history and adversity to win first playoff game for 25 years - CNN,4246,686
4110,1239,news,europe,Magdalena Andersson elected Sweden's first female Prime Minister -- again - CNN,2654,433
2971,1240,sport,sport,Kimia Alizadeh: Iranian defector from Olympic Refugee Team stuns two-time Olympic taekwondo champion  - CNN,2623,404
4614,1241,sport,sport,Demaryius Thomas: Former NFL star wide receiver dies at age 33 - CNN,4296,730
1245,1242,politics,politics,The public and private faith of Hillary Clinton - CNNPolitics,25552,4135
2642,1243,sport,sport,Tour de France: Fan holding sign causes huge crash - CNN,1723,295
4666,1244,sport,sport,Medina Spirit: Kentucky Derby winner dies at Santa Anita - CNN,2880,460
2805,1245,news,europe,D-Day Fast Facts - CNN,3015,470
4062,1246,sport,sport,"Sky Brown: Teenage skateboard sensation saddened by plight of Afghan girls, saying 'girls can do anything that boys can do but even better' - CNN",4787,802
105,1247,sport,football,Messi and Neymar booed by PSG fans after another Champions League meltdown: What next for the French club? - CNN,6530,1075
4023,1248,sport,football,How Manchester United signed Cristiano Ronaldo in Gary Lineker's back garden - CNN,4481,715
2376,1249,sport,sport,"Kamaru Usman, Israel Adesanya and Francis Ngannou: African-born UFC champions the stars of a new era of fighters from continent - CNN",6150,1061
1990,1250,news,uk,"Meghan said racism drove her out of the UK. Black Britons ask, 'are we still here in 2021?' - CNN",6555,1128
39,1251,business,tech,"India's got SaaS, the next big thing in tech, and it could be worth $1 trillion - CNN",7202,1162
1685,1252,sport,golf,Happy Gilmore and Shooter McGavin are at it again! Twitter contest celebrates 25-year anniversary of movie - CNN,2125,334
3303,1253,sport,sport,Tokyo Paralympics to have no spectators as Covid-19  - CNN,2335,362
1869,1254,news,europe,"'The Resident', his wife and piles of cash: How a Russian spy ring stole NATO and EU secrets from Bulgaria
 - CNN",7837,1219
362,1255,business,perspectives,Opinion: The biggest news story of 2021? Our imperiled democracy - CNN,5262,877
2845,1256,news,uk,Archie gets royal birthday wishes as he turns 2 years old - CNN,3419,561
3041,1257,sport,sport,"Laurel Hubbard: IOC backs transgender weightlifter's selection for Tokyo, says to review rules later - CNN",2841,436
2616,1258,sport,tennis,Novak Djokovic comes from behind to win Wimbledon opener as he bids for record-equaling 20th grand slam title - CNN,3098,519
17,1259,business,tech,Meta says it doesn't allow calls for assassinating heads of state - CNN,2780,430
2412,1260,sport,sport,Pittsburgh Steelers star JuJu Smith-Schuster on dealing with haters: 'Use as fuel to build more fire to the flame' - CNN,4571,760
3550,1261,news,australia,Australia has lost almost a third of its koala population in three years - CNN,2354,377
2033,1262,sport,football,Robert Lewandowski edges closer to legendary scoring record  - CNN,3272,549
4371,1263,news,uk,Wales paddleboarding incident: Woman arrested after fourth death - CNN,2434,400
2383,1264,sport,football,UEFA opens disciplinary proceedings against three European giants after Super League venture - CNN,2024,294
4280,1265,sport,football,Kylian Mbappe scores four as reigning World Cup champions France qualify for 2022 in Qatar - CNN,2599,445
4531,1266,sport,motorsport,F1: Red Bull boss Christian Horner says right decision was made in title decider - CNN,3096,497
4419,1267,news,uk,Boris Johnson talks up COP26 climate deals but stumbles on Attenborough mask controversy  - CNN,5285,885
449,1268,entertainment,entertainment,'Sing 2' review: Bono joins in as the sequel serves up another round of animated karaoke for kids - CNN,2733,447
2092,1269,sport,sport,Sheikh Mohammed: Calls for owner's horse to be banned from Kentucky Derby  - CNN,3284,512
1731,1270,sport,football,Bayern Munich wins sixth title in a year with Club World Cup victory over Tigres - CNN,2630,436
1333,1271,news,us,Four of the five victims killed in Florida building collapse were identified. 156 people remain unaccounted for - CNN,20576,3229
4010,1272,sport,football,US judge recommends Cristiano Ronaldo rape case be dismissed - CNN,2111,308
4542,1273,sport,sport,﻿Sebastián Álvarez: Wingsuit pilot becomes first person to fly in and out of an active volcano - CNN,7900,1399
3179,1274,news,australia,Australian state officials report biggest daily Covid-19 caseload this year - CNN,2336,373
37,1275,business,investing,India budget 2022: Digital rupee and crypto tax announced - CNN,3792,580
1799,1276,sport,sport,NBA: The West has a new best as Utah Jazz win and Los Angeles Clippers fall - CNN,4513,785
1381,1277,politics,politics,Some GOP lawmakers' speeches helped set the tone for Capitol riot. Now that rhetoric is drawing blowback from colleagues.  - CNNPolitics,10467,1712
2264,1278,news,europe,Northern Ireland riots: Bus torched in more Belfast violence as British and Irish leaders call for calm - CNN,6788,1060
4193,1279,sport,sport,Jonathan Taylor thrusts himself into the race for this season's MVP in NFL after five touchdown performance   - CNN,3060,512
4510,1280,sport,tennis,"Peng Shuai: Chinese tennis star denies making sexual assault allegation against Zhang Gaoli, but WTA concerns persist - CNN",5138,804
126,1281,sport,sport,"Tom Brady's 'final' career touchdown ball sells for over $518,000 at auction  - CNN",1980,324
2897,1282,news,europe,Carrie and Boris Johnson expecting second baby after miscarriage heartbreak - CNN,1756,287
796,1283,news,middleeast,'I never told anyone': 5 women's stories of sexual abuse at the Hajj - CNN,10410,1893
2721,1284,sport,golf,"Matthew Wolff, in contention at the US Open, opens up on mental health - CNN",3650,682
3276,1285,news,europe,"Greece finishes wall on border with Turkey, amid fears of Afghan migrant crisis - CNN",3754,582
3901,1286,news,europe,Czech lawmakers may strip hospitalized president of powers to end deadlock - CNN,2849,454
1075,1287,news,us,US Catholic bishops announce new policies to police bishops - CNN,5164,796
2729,1288,sport,sport,Tokyo Olympics: Top Covid-19 adviser says holding Games without spectators is 'desirable' - CNN,4049,631
4520,1289,sport,tennis,Emma Raducanu voted BBC Sports Personality of the Year - CNN,1759,285
901,1290,news,opinions,Climate change: Why beef is the new SUV (Opinion) - CNN,31669,5321
3954,1291,news,uk,Boris Johnson painting: Bereaved relatives of Covid victims slam UK Prime Minister who was pictured painting on vacation - CNN,3457,553
944,1292,news,weather,Weather news: Preparing for Category 6 hurricanes - CNN,20016,3239
587,1293,sport,golf,Moe Norman: The 'Rain Man of golf' who amazed even the greats of the sport  - CNN,10015,1696
2830,1294,sport,sport,Logan Paul vs Mayweather: Time and how to watch live - CNN,2724,455
3101,1295,sport,sport,Conor McGregor vs Dustin Poirier: Poirier wins by TKO after McGregor appears to suffer a broken leg or ankle - CNN,2315,391
1811,1296,sport,sport,NBA: Washington Wizards hit two three-pointers in final ten seconds to snatch victory from star-studded Brooklyn Nets - CNN,3370,571
3688,1297,news,australia,Australian musk duck mimics human sound during mating display - CNN,3667,578
1457,1298,news,europe,"Vatican bank's former chief found guilty of money laundering, sentenced to nearly 9 years in prison - CNN",2277,366
4458,1299,sport,golf,Jessica and Nelly Korda: The 'built-in best buddies' taking the golfing world by storm  - CNN,6261,1099
127,1300,sport,sport,Tom Brady returning from retirement to Tampa Bay Buccaneers next season - CNN,2518,426
845,1301,health,health,"Do you have a cold, the flu or Covid-19? How to tell the difference - CNN",6540,1118
2999,1302,sport,sport,"The speech that fizzled, then set the Olympic movement ablaze - CNN",6370,1030
2109,1303,news,australia,Richard Pewsey jailed for 10 months after filming and taunting dying police officers - CNN,4522,731
2208,1304,sport,football,Real Madrid team bus damaged ahead of Champions League tie in Liverpool  - CNN,2649,414
171,1305,news,europe,Kenya's UN ambassador slams Russia and compares Ukraine crisis to Africa's colonial past - CNN,37278,5915
3154,1306,sport,tennis,Ashleigh Barty powers into Wimbledon semifinals with ease - CNN,2665,450
3750,1307,sport,sport,Chicago Blackhawks owner wants name of former video coach removed from Stanley Cup trophy - CNN,5171,840
780,1308,news,africa,They tried to use rape to silence women protesters. It didn't work - CNN,9901,1647
4361,1309,sport,tennis,"Novak Djokovic secures year-end No. 1 spot for record seventh time, surpassing Pete Sampras - CNN",1955,337
593,1310,sport,golf,Babe Didrikson Zaharias: The 'greatest all-sport athlete' who helped revolutionize women's golf - CNN,12054,2008
3110,1311,sport,football,"Euro 2020: England fined over $35,000 for laser incident during semifinal win over Denmark - CNN",2940,462
791,1312,news,opinions,Sudan: How the #JusticeForNoura Instagram campaign gave a voice to the voiceless - CNN,4204,688
1437,1313,news,europe,Giuseppe Conte resigns as Italian Prime Minister in calculated move amid pandemic crisis - CNN,2605,403
3065,1314,sport,sport,Team WNBA defeats Team USA 93-85 in 2021 WNBA All-Star Game - CNN,2010,341
4472,1315,news,europe,'The world's best place to be a woman' is being sued for misogyny - CNN,15382,2507
2286,1316,news,europe,Ursula von der Leyen is left standing by her male counterparts in Turkey - CNN,4137,666
2053,1317,news,uk,"Buckingham Palace to investigate allegations that Meghan, Duchess of Sussex, bullied UK staff - CNN",4947,815
1532,1318,news,europe,Alexey Navalny says he will return to Russia on Sunday after being poisoned - CNN,4150,649
1069,1319,news,us,Abuse survivors angry over Pope's praise for fallen cardinal - CNN,6552,1061
3813,1320,news,europe,"Israel labels six Palestinian civil society groups 'terrorist,' setting challenge for international donors    - CNN",6045,911
1435,1321,sport,football,Thomas Tuchel appointed Chelsea manager  - CNN,2164,359
4425,1322,news,uk,Two London police officers admit sharing photos of murdered sisters - CNN,2282,376
3385,1323,sport,sport,Kristina Timanovskaya: Two Belarus coaches stripped of accreditation by IOC and removed from Olympic Village  - CNN,4433,708
4577,1324,sport,football,Manchester United vs Brentford postponed as Premier League announces record-high positive Covid tests - CNN,6317,1003
1648,1325,sport,golf,Tiger Woods is hopeful but uncertain he'll be fit for the Masters - CNN,2170,385
2206,1326,sport,tennis,Novak Djokovic's clay-court campaign is up and running -- but not in the way he wanted - CNN,3394,590
2573,1327,sport,sport,Triathlon: 'Iron Cowboy' pushes the limits of human endurance - CNN,9238,1535
2362,1328,news,uk,London cash raid: Police seize $7 million - CNN,2588,406
1105,1329,health,health,"Two dads, an egg donor and a surrogate: How a freezer failure changed everything - CNN",20503,3597
2491,1330,sport,football,Sporting Lisbon's bittersweet title win after 19 years of hurt - CNN,8943,1507
4030,1331,sport,sport,"Urban Meyer must 'regain our trust' after 'inexcusable' video, says Shad Khan - CNN",2436,413
1359,1332,business,business,Fake tax preparer gets six Covid-19 bailout loans worth more than $1 million  - CNN,14672,2442
3413,1333,sport,sport,Olympics medal count: Here's who took home gold today - CNN,1042,122
2857,1334,news,europe,Belarus: Roman Protasevich appears on state TV as critics decry his detention as a 'hostage'-taking - CNN,3997,603
2283,1335,sport,football,Zsolt Petry: Hungarian FM questions EU's 'freedom of expression' after coach is sacked - CNN,5147,784
2037,1336,news,europe,Italian prosecutor asks for life sentence for two Americans charged with police murder - CNN,2840,461
4651,1337,sport,sport,The Ashes: England bowled out for just 147 at the 'Gabbatoir' on thrilling opening day - CNN,3350,586
3523,1338,sport,golf,"Jordan Spieth plays 'insane' almost-vertical shot, nearly falls into Lake Michigan at Ryder Cup - CNN",1760,303
3416,1339,sport,sport,Raven Saunders: IOC suspends its action on podium protest after her mother's death - CNN,2781,473
3505,1340,sport,golf,Ryder Cup: Team US on the brink of regaining Ryder Cup behind Dustin Johnson excellence - CNN,3849,649
3302,1341,sport,tennis,Stefanos Tsitsipas refuses to take vaccine unless it becomes mandatory on tour - CNN,1383,226
4074,1342,news,uk,"Princess Beatrice, granddaughter of Queen Elizabeth II, reveals name of her first child - CNN",3147,514
2485,1343,sport,football,Mo Salah's 'killing of innocent people' tweet prompts comments on what he doesn't say - CNN,3284,502
4389,1344,news,europe,Satellite photos raise concerns of Russian military build-up near Ukraine - CNN,7199,1098
2569,1345,sport,sport,"LeBron James reinjures ankle, uncertain for Denver Nuggets on Monday - CNN",1573,263
4047,1346,news,europe,"Milan: Small plane crashes into empty building in city outskirts, all 8 onboard die - CNN",859,139
913,1347,news,world,Climate change: Did it contribute to conflict in Syria? - CNN,4862,779
201,1348,news,asia,"Sri Lanka's leopards are under threat, but this woman is determined to save them - CNN",4776,779
1924,1349,news,europe,Russia reacts angrily after Biden calls Putin a 'killer' - CNN,6373,1022
1012,1350,news,world,"At 17, this sexual abuse survivor set out to fix a broken system - CNN",5697,1024
467,1351,entertainment,entertainment,'Bel-Air' review: 'The Fresh Prince' goes down a dark path in a Peacock drama that's better than it has any right to be - CNN,3600,589
4345,1352,news,europe,French police officer survives stabbing attack in Cannes - CNN,2318,361
883,1353,news,opinions,COP21: We have a Paris climate agreement. Now what?  - CNN,10789,1753
1911,1354,sport,sport,"Khabib Nurmagomedov officially retired, says UFC boss Dana White - CNN",2263,347
4181,1355,sport,sport,Kevin Sinfield runs 101 miles in 24 hours for motor neurone disease charity - CNN,2364,405
582,1356,sport,golf,"Lydia Ko: 'Sometimes results are so overrated,' says former world No. 1 - CNN",6380,1161
265,1357,politics,politics,South Texas emerges as 2022 battleground as Democrats look to win back Latino voters after Trump's inroads  - CNNPolitics,17156,2772
2473,1358,sport,sport,NY Yankees Covid-19: How vaccinated members tested positive for coronavirus - CNN,3672,582
3719,1359,sport,tennis,Novak Djokovic thought he heard 'booing' in first round US Open win - or did he? - CNN,3668,667
3976,1360,news,australia,Carbon emissions: Australia's energy minister dismisses call for tougher limits on polluters - CNN,2895,436
3253,1361,news,europe,Ramstein nurse recalls delivering baby on Afghanistan evacuation aircraft - CNN,4457,754
3731,1362,news,europe,2015 Paris Terror Attacks - CNN,10929,1779
2927,1363,sport,sport,Fiji retain rugby sevens gold medal with victory over New Zealand at Tokyo Olympics - CNN,4198,750
4715,1364,sport,golf,Rory McIlroy defends players' right to play in Saudi Arabia tournament  - CNN,1716,308
1395,1365,sport,football,Copa Libertadores: Palmeiras fans gather to celebrate dramatic win  - CNN,2205,342
134,1366,sport,sport,Cookbook: Secrets behind what fuels Olympic athletes are helping raise awareness of domestic abuse in the US - CNN,4779,828
1922,1367,news,uk,Sarah Everard: Police in England and Wales to record misogyny as a hate crime in wake of woman's murder  - CNN,3526,599
4327,1368,sport,sport,Enes Kanter felt encouraged to speak out against China after NBA supported players fighting other injustices  - CNN,5300,868
799,1369,news,world,'An homage to resilience': Portraits of Haiti's rape survivors - CNN,3881,687
3675,1370,news,europe,Russian politician faces two near-identical opponents in election - CNN,6054,935
4008,1371,sport,sport, Oisin Murphy: Top jockey takes 'full responsibility' after failing breathalyzer test ahead of race  - CNN,1974,327
1464,1372,sport,motorsport,Sam Bird: Formula E driver on the race of his life - CNN,3454,620
1431,1373,news,europe,Covid vaccine: Sanofi to help produce 100 million Pfizer/BioNTech vaccine doses - CNN,1611,256
3482,1374,sport,football,Premier League: Tottenham's fall from 2019 Champions League finalists to drubbing at the hands of Arsenal - CNN,9483,1588
4015,1375,news,europe,100-year-old goes on trial in Germany accused of Nazi war crimes  - CNN,3199,518
4619,1376,sport,sport,Thursday Night Football: Minnesota Vikings narrowly survive Pittsburgh Steelers fightback - CNN,4473,723
709,1377,sport,sport,Team Liquid: How esports has helped its fans get through lockdown - CNN,5145,898
4084,1378,news,europe,Exclusive: Belarus President Alexander Lukashenko derides reports of abuse as 'fake and fantasy' - CNN,2218,330
2440,1379,news,europe,French court orders damages for victims of breast implant scandal - CNN,3521,550
1836,1380,news,europe,London records zero Covid-19 daily deaths for first time in six months as cases soar elsewhere in Europe - CNN,8500,1375
2617,1381,sport,sport,Khris Middleton scores 20 in the fourth as the Milwaukee Bucks win Game Three over the Atlanta Hawks  - CNN,2557,442
698,1382,sport,motorsport,Bubba Wallace: NASCAR driver learning to 'embrace' activism  - CNN,5740,963
3871,1383,sport,football,Former NWSL player Kaiya McCullough calls for accountability after widespread women's football abuse scandal - CNN,3773,642
3573,1384,news,uk,"Princess Beatrice, granddaughter of Queen Elizabeth II, gives birth to first child - CNN",2426,387
3699,1385,sport,motorsport,Max Verstappen wins Dutch Grand Prix to the delight of home fans - CNN,2605,433
4001,1386,news,europe,Nathy Peluso: Spanish archbishop apologizes for racy music video filmed in Gothic cathedral - CNN,2836,465
3787,1387,news,australia,The Greenhouse: A zero-waste home providing a blueprint for the future  - CNN,4617,770
2118,1388,news,europe,Hungary's Orban extends dominance through university reform - CNN,4128,595
1409,1389,news,europe,Putin signs law extending New START nuclear arms treaty between US and Russia - CNN,2660,418
3683,1390,sport,football,Pele announces surgery to remove tumor - CNN,1899,317
4200,1391,news,europe,France bear attack: 70-year-old hunter suffers 'serious' injury after encounter - CNN,1964,309
4125,1392,sport,tennis,Peng Shuai: WTA remains 'deeply concerned' about Chinese tennis star - CNN,4009,640
1131,1393,news,world,Baha'i woman survived a decade in Iranian jail by writing poetry - CNN,18265,3103
3717,1394,sport,tennis,Stefanos Tsitsipas is booed at the US Open after taking another lengthy toilet break - CNN,2791,478
1795,1395,news,europe,"The next dangerous Covid variant is likely already out there, British scientists say. We just don't know it yet - CNN",11340,1857
4591,1396,news,uk,UK battles Omicron 'tidal wave' with booster jabs as infections rise and first death from variant recorded - CNN,4381,737
2942,1397,sport,sport,Bermuda becomes smallest country to win Olympic gold after Flora Duffy's triathlon triumph  - CNN,3304,566
4390,1398,news,australia,Suspect in Cleo Smith kidnapping sent to hospital after self-harming in police custody - CNN,2009,317
1267,1399,news,world,Paris survivor stories: Friday night interrupted - CNN,51734,9359
778,1400,news,africa,She wants women to have good sex. So she started a website where they can talk about it (safely)  - CNN,9385,1544
792,1401,news,africa,Sudan child marriage: The 11-year-old girl divorcing her 38-year-old husband - CNN,5647,940
3120,1402,news,europe,Norway Terror Attacks Fast Facts - CNN,5366,874
2367,1403,news,europe,Lukashenko says documents about Ryanair flight will reveal 'what's going on' as Putin underlines his support for Belarus - CNN,6419,957
1976,1404,news,uk,Meghan and Harry feel wronged by the palace. But they can only seek justice in the court of public opinion - CNN,7421,1253
4649,1405,sport,sport, The Ashes: Australia and England look to put off-field problems to one side as fierce rivalry reignites - CNN,5221,877
1275,1406,news,us,Driven to death by phone scammers - CNN,30145,5071
4406,1407,sport,sport,"Rana Reider, prominent track and field coach, under investigation over sexual misconduct complaints - CNN",2548,384
1141,1408,news,us,What's wrong with too many white men in one place? - CNN,13470,2229
3537,1409,sport,sport,"Tom Brady: NFL is ""softer than it used to be"" - CNN",3389,583
1774,1410,news,europe, Posh Spice the cow sells for record amount - CNN,1880,318
2852,1411,sport,tennis,Serena Williams stunned by Elena Rybakina at French Open - CNN,2406,390
1680,1412,sport,sport,"Chloe Kim: 'Oh my gosh, are you that snowboarder?' Olympic gold medallst goes to Princeton - CNN",8085,1419
2343,1413,sport,sport,Olympics: Could North and South Korea joint host the 2032 Games? - CNN,2437,381
334,1414,business,homes,Mortgage rates jump to nearly 4% - CNN,2208,346
263,1415,politics,politics,"Ken Paxton and George P. Bush will advance to May runoff in Texas attorney general primary, CNN projects  - CNNPolitics",11514,1823
3650,1416,sport,tennis,US Open: Novak Djokovic is one win away from a calendar grand slam and 21st major title  - CNN,4149,743
3852,1417,sport,golf,Xander Schauffele reveals his father is 'hogging' his Olympic gold medal - CNN,6247,1078
1693,1418,sport,football,Champions League: Borussia Dortmund beats Sevilla as Erling Haaland nets brace - CNN,3157,529
2516,1419,news,europe,"Queen Elizabeth's first cousin Prince Michael of Kent allegedly trading on links to Putin and monarchy, UK media report - CNN",4339,696
2480,1420,sport,sport,Tokyo Olympics: Olympic sponsor Toyota 'concerned' by growing public frustration over hosting Games  - CNN,3151,501
1018,1421,news,world,Guatemala: Gender-based violence at epidemic levels - CNN,9487,1494
585,1422,sport,golf,"How Arnold Palmer, Gary Player and Jack Nicklaus revolutionized golf - CNN",9133,1582
844,1423,news,us,Here are some of Alex Trebek's favorite causes that he supported - CNN,5250,850
2510,1424,news,uk,Young whale trapped in London's River Thames euthanized - CNN,4123,688
140,1425,sport,sport,Janja Garnbret: Olympic hopeful on her Tokyo dream and hopes for climbing in the future  - CNN,6794,1166
3047,1426,sport,sport,Tadej Pogacar: Slovenian cycling sensation clinches second Tour de France victory - CNN,4693,766
1814,1427,news,europe,Europe talks the talk in criticizing Putin. Russia's opposition is waiting for it to walk the walk - CNN,9469,1504
1841,1428,news,europe,"France Covid-19 surge could overwhelm Paris hospital ICUs, warn doctors - CNN",4584,745
1727,1429,news,europe,"Mario Draghi is named Italy's new prime minister, announces a political rainbow of cabinet picks   - CNN",2602,404
2885,1430,sport,sport,Lou Gehrig's disease: Why ALS is forever associated with one of America's baseball greats - CNN,6532,1110
1873,1431,sport,sport,Ryo Miyake: Olympic silver medalist delivers food for Uber Eats to fund Tokyo 2020 dream - CNN,6734,1114
3531,1432,news,europe,Germany election: What to know as voters decide what post-Merkel life looks like - CNN,10178,1636
4498,1433,sport,sport,"Quidditch leagues to change name, citing J.K. Rowling's 'anti-trans' stance - CNN",2499,401
4270,1434,sport,tennis,Novak Djokovic battles past Casper Ruud in opening ATP Finals match - CNN,2811,481
815,1435,news,africa,The #MeToo stories you haven't heard: Meet the women speaking out in Nigeria - CNN,8758,1539
3581,1436,sport,football,"Jimmy Greaves, England World Cup winner and Tottenham legend, dies aged 81 - CNN",2337,380
1413,1437,news,europe,"Alexey Navalny to remain in detention ahead of hearing next month, Russian court rules - CNN",7107,1139
1422,1438,sport,golf,"With his mother hospitalized, Kamaiu Johnson unable to make PGA Tour debut after positive Covid-19 test - CNN",3931,702
715,1439,business,tech,"Twitch gaming stars jump ship to Mixer, Facebook Gaming and YouTube - CNN",13598,2227
3790,1440,sport,football,Diego Maradona: Barcelona and Boca Juniors to play tribute match in Saudi Arabia - CNN,4886,795
4443,1441,sport,sport,"Ben Roethlisberger: 'This could be it,' says quarterback as prepares for likely last dance in Pittsburgh  - CNN",3263,551
2230,1442,news,uk,Brexit has played a part in threatening Northern Ireland's fragile peace. But the NI protocol is not the only factor at play - CNN,9052,1491
2969,1443,sport,tennis,Naomi Osaka 'refreshed and happy' as she kicks off her Olympic campaign with dominant victory against Saisai Zheng - CNN,4764,820
456,1444,entertainment,entertainment,"'Scream' review: Courteney Cox, David Arquette, and Neve Campbell reunite with a new cast to refresh the formula - CNN",3384,541
1394,1445,news,uk,100-year-old UK fundraising hero Tom Moore hospitalized with Covid-19 - CNN,2424,394
4230,1446,news,europe,Meet the DogPhone -- the device that lets dogs video call their humans - CNN,3714,624
3870,1447,sport,sport,Portland Trail Blazers: How CJ McCollum is using his love of wine to become a different type of trailblazer - CNN,6923,1169
4642,1448,sport,tennis,Australian Open: Novak Djokovic on entry list but Serena Williams will miss season's first grand slam due to medical reasons - CNN,2185,367
2850,1449,news,uk,Boris Johnson will finally tell the world what post-Brexit Britain is for - CNN,10235,1718
228,1450,business,economy,Don't expect the Fed to slow rate hikes just because of the midterms   - CNN,4667,810
4314,1451,news,europe,"Germany Covid: Berlin bans unvaccinated from entertainment venues, as country battles record-breaking cases - CNN",3283,487
2741,1452,news,europe,Jeffrey Epstein and Ghislaine Maxwell allegations to be 'reviewed' by Britain's Metropolitan Police - CNN,3640,555
2158,1453,news,europe,"Hospital employee made nearly $650,000 despite skipping work for 15 years, police say - CNN",1804,282
2103,1454,sport,sport,NFL Draft 2021 explainer: Everything you need to know  - CNN,4586,718
3926,1455,news,uk,British lawmakers face risks when working with the public - CNN,2561,415
2824,1456,news,europe,"Bdelloid rotifers: Microscopic animals survived 24,000 years frozen in the Siberian permafrost - CNN",3558,552
2105,1457,news,uk,Boris Johnson's apartment renovations have landed him in the political doghouse - CNN,9568,1484
2982,1458,sport,sport,US women's national soccer team players appeal equal pay lawsuit decision - CNN,2786,454
591,1459,sport,golf,Charlie Sifford: golf's first Black professional who paved the way for Tiger Woods - CNN,11438,2019
3310,1460,sport,sport,Toutai Kefu: Former Australian rugby player and family attacked in Brisbane home - CNN,3607,593
4474,1461,sport,football,Premier League's Covid crisis: Fans left in the lurch - CNN,10868,1757
1632,1462,news,europe,Germany's Merkel warns of third wave if lockdown is lifted too quickly - CNN,4170,668
2747,1463,sport,football,Sergio Ramos: Real Madrid great to leave club after 16 years  - CNN,1398,231
2939,1464,sport,sport,Paula Radcliffe on Simone Biles and how she fought back against the 'quitter' label - CNN,6338,1077
4534,1465,sport,sport,The NFL and NBA are changing their Covid-19 protocols as cases rise - CNN,6765,1086
1793,1466,sport,football,Liverpool's shock loss to Brighton leaves it far behind league leaders - CNN,4025,677
3918,1467,news,europe,Lego gun: Teenager armed with toy triggers alarm in southern Germany - CNN,921,158
3198,1468,news,uk,Cat attacks: Man found guilty of stabbing 16 pets - CNN,3017,497
1730,1469,sport,sport,"Lindsey Vonn discuss challenges facing Olympians, her 'struggles' after retirement and athlete activism - CNN",7412,1292
4346,1470,news,europe,Communists missing from Czech parliament for the first time in 76 years - CNN,4932,816
4113,1471,news,europe,Czech President appoints new Prime Minister from a glass box - CNN,2725,435
3189,1472,news,europe,US adds Turkey to list of countries implicated in use of child soldiers - CNN,4125,669
2956,1473,news,australia,Australia once reveled in being the 'lucky country' on Covid-19. Now weary Aussies 'feel like prisoners' - CNN,13334,2167
1295,1474,news,us,Texas abortion ban is an early glimpse of what post-Roe America would look like for women  - CNN,20487,3436
1710,1475,sport,sport,Olympics 2021: An earthquake at torch relay start point is just the Tokyo 2020 Games' latest crisis - CNN,6175,1018
3458,1476,sport,sport,"What happens after Olympic glory? For diver Matty Lee, a return to 'gruesome' preseason training - CNN",6372,1150
4305,1477,news,europe,Meghan's privacy case went back to court. Here's what you need to know - CNN,11565,1844
2090,1478,news,uk,Former British police officer convicted for being member of banned neo-Nazi group is jailed - CNN,2806,446
4086,1479,sport,sport,Michigan football coach Jim Harbaugh says he will gift his bonus to staffers who took pay cuts - CNN,1881,297
2619,1480,sport,golf,Nelly Korda 'glad to have joined' former pro tennis player dad as major champion after Women's PGA Championship victory - CNN,3437,591
2259,1481,news,australia,"Australia Indigenous deaths in custody: She died alone in a police cell, the victim of a problem Australia has had 30 years to fix - CNN",17985,2939
4506,1482,sport,football,"World Cup every two years would generate extra $4.4 billion in revenue over four years, FIFA says - CNN",2303,364
3967,1483,sport,football,Germany becomes first nation to qualify for 2022 FIFA World Cup after host Qatar - CNN,2130,360
3853,1484,news,europe,La Palma: Drone operator will try to rescue dogs from volcano - CNN,1929,336
1789,1485,sport,tennis,Australian Open players and staff go into quarantine after a hotel worker tests positive for Covid-19 - CNN,3363,553
2021,1486,news,europe,Meteorite that fell on UK driveway is 'extremely rare' and may contain 'ingredients for life' - CNN,4091,680
3138,1487,news,europe,Samuel Luiz: Spanish police arrest three over suspected homophobic killing - CNN,2335,394
2725,1488,sport,football,"Pelé 'rooting' for Neymar, who scores 68th goal for Brazil to edge closer to legend's all-time scoring record  - CNN",2189,369
891,1489,news,opinions,Bill Gates: Your question (and his response) - CNN,6923,1179
1426,1490,news,europe,Dethroned Italian prince criticized over Holocaust Remembrance Day apology - CNN,5116,837
2247,1491,sport,football,"Trinity Rodman, daughter of former NBA star, scores on NWSL debut - CNN",1748,291
869,1492,news,africa,"Book Bunk: In Kenya, these women are restoring and reclaiming Nairobi's dilapidated, colonial-era libraries - CNN",5770,914
474,1493,entertainment,entertainment,'The Marvelous Mrs. Maisel' season 4 review - CNN,2813,472
33,1494,business,tech,NASA says American aboard International Space Station will come back on Russian rocket 'for sure' - CNN,3920,612
3109,1495,news,europe,Pope Francis gradually resuming work and walking after his surgery - CNN,1796,272
214,1496,politics,politics,Fact check: A look at Biden's first year in false claims - CNNPolitics,11591,1920
1307,1497,politics,politics,"As Herschel Walker eyes a Georgia Senate seat, a newly revealed stalking claim brings his troubled history under new scrutiny  - CNNPolitics",8204,1359
3536,1498,sport,sport,Cricket swaps 'batsman' for gender-neutral 'batter' in law amendment  - CNN,3124,507
3048,1499,sport,sport,"Tokyo 2020: The Japanese superfan who spent $40,000 on Olympics tickets - CNN",3841,663
3374,1500,sport,sport,Allyson Felix becomes most decorated US track and field athlete in Olympics history - CNN,2516,421
4374,1501,news,europe,"Europe facing 500,000 more Covid deaths by February, WHO warns - CNN",4691,751
3589,1502,news,uk,Analysis: Two of Queen Elizabeth's sons are facing growing pressure - CNN,15840,2613
1179,1503,news,us,The Bishop Eddie Long I knew - CNN,19218,3330
2787,1504,sport,football,Italy cruises to victory with dominant performance against Turkey in Euro 2020 opener - CNN,3865,638
4186,1505,sport,football,Lyon vs Marseille: French league game abandoned after player hit in head by water bottle thrown from crowd - CNN,4818,804
1872,1506,news,europe,German Catholic clergy rebel against Vatican over same-sex unions - CNN,4359,657
793,1507,news,africa,Noura Hussein in her own words: Teen who killed rapist husband shares her story - CNN,4075,754
4565,1508,sport,sport,Steph Curry: How Warriors star 'revolutionized' the NBA - CNN,9512,1653
222,1509,politics,politics,Democrats' problem with Hispanic voters isn't going away as GOP gains seem to be solidifying - CNNPolitics,5895,947
3518,1510,sport,tennis,Tennis' newest superstar Emma Raducanu celebrates return to UK by playing with Duchess of Cambridge - CNN,2186,388
3172,1511,news,uk,"Face masks will be a 'personal choice' in England, says UK minister - CNN",4477,749
855,1512,health,health,Outdoor classroom reenergizes kids during the pandemic - CNN,8238,1422
4440,1513,news,europe,Prince Andrew in the spotlight after Ghislaine Maxwell conviction - CNN,10910,1756
2665,1514,sport,sport,"Carli Lloyd, Megan Rapinoe headline US women's Olympic roster - CNN",2155,365
197,1515,business,business,Nigeria is oil rich and energy poor. It can't wait around for cheaper batteries  - CNN,14489,2252
322,1516,business,success,Working remotely in a different state than your employer? Here's what that means for your taxes - CNN,4722,818
763,1517,news,opinions,Shola Mos-Shogbamimu: Lessons learned from a lifetime of activism - CNN,7154,1238
4053,1518,sport,sport,Tani Adewumi: How chess changed the fortunes of 11-year-old prodigy and his family - CNN,6409,1128
2114,1519,news,uk,"Tony Blair has a mullet now, and it's disturbing Britain - CNN",3290,508
4567,1520,sport,sport,Covid protocols put sports stars on the sidelines - CNN,7939,1293
1780,1521,sport,tennis,Australian Open: All players test negative for Covid-19 - CNN,2896,462
1353,1522,politics,politics,CNN analysis: Georgia's proposed weekend voting restrictions would strike at Black voters - CNNPolitics,10915,1751
25,1523,business,business,Hong Kong Covid divide: Expats get more perks while domestic workers lose their homes - CNN,13067,2131
2625,1524,sport,sport,Simone Biles secures spot on United States Gymnastics team for next month's Tokyo Olympics - CNN,1407,234
2479,1525,news,uk,Yat-Sen Chang: Ballet dancer found guilty of sexual assaults - CNN,3607,574
3831,1526,news,uk,"Five UK police officers shared violent sexual images in relation to Sarah Everard's murder, police watchdog says
 - CNN",3574,572
102,1527,sport,sport,"Kyrie Irving: NBA fines Brooklyn Nets $50,000 for allowing player to enter team locker room - CNN",3790,630
952,1528,news,weather,Northeast: Major US cities will feel like they're below zero this week. Find out where - CNN,9448,1549
1908,1529,news,europe,Coronavirus: Europe has missed its chance to stop the third wave. The US could be next - CNN,8036,1333
2851,1530,sport,motorsport,F1 results: Sergio Perez claims win at 2021 Azerbaijan Grand Prix - CNN,2910,510
3021,1531,sport,sport,"From not speaking the language to competing for the national team at Tokyo 2020, Belgian runner Isaac Kimeli is aiming for gold  - CNN",8730,1508
1436,1532,news,uk,Medieval bones tell a stark tale of hard work and physical trauma - CNN,3235,511
1508,1533,sport,tennis,47 Australian Open players in quarantine after positive Covid-19 tests on two charter flights - CNN,4864,791
2215,1534,sport,football,Manchester United change seat covering colors to improve home form - CNN,2364,397
1022,1535,news,world,Syria's lost generation: Education and dreams deferred - CNN,4754,864
1513,1536,sport,sport,James Naismith: Google doodle celebrates basketball inventor - CNN,3609,592
3318,1537,news,australia,Australia coronavirus: More military personnel deployed to Sydney as entire state locks down - CNN,3510,534
3262,1538,sport,golf,Northern Trust could run into Tuesday to ensure 72 holes played after delay from Tropical Storm Henri - CNN,2763,458
4071,1539,sport,sport,Tom Brady hypes Buccaneers-Patriots game with homecoming video  - CNN,2109,351
3753,1540,news,europe,European Parliament sues Commission over 'failure' to apply rule of law powers - CNN,1357,223
3673,1541,sport,tennis,Leylah Fernandez beats Elina Svitolina to reach US Open semifinals - CNN,2941,482
885,1542,news,opinions,COP21: The moral case for climate action (Opinion) - CNN,7023,1215
3653,1543,sport,football,Nadia Nadim: 'I'm actually the picture of everything the Taliban don't want their women to be' - CNN,31013,5133
3013,1544,sport,sport,WNBA players Nneka Ogwumike and Elizabeth Williams won't play for Nigeria at Olympics after appeal rejected - CNN,3146,521
1878,1545,sport,motorsport,Ugo Ugochukwu: McLaren signs deal with karting star  - CNN,1930,316
2825,1546,news,australia,New dinosaur species discovered in Australia - CNN,3038,495
3819,1547,news,europe,Richard Gere summoned to testify against Matteo Salvini in Sicily migrant case - CNN,2401,400
3966,1548,sport,sport,Ryan Russell: NFL veteran says Jon Gruden's resignation is not enough - CNN,5533,951
1887,1549,news,europe,Germany to go into hard Easter lockdown as Covid-19 infections soar - CNN,3171,525
2776,1550,news,uk,"Anne Sacoolas: Prosecutors can seek 'virtual trial' of US diplomat's wife accused of killing a British teenager, UK says - CNN",4040,676
3560,1551,sport,sport,"Megan Rapinoe, other women athletes back abortion rights at US Supreme Court - CNN",2812,435
3463,1552,sport,sport,Manny Pacquiao says he will run for Philippine presidency in 2022 - CNN,2663,397
3621,1553,sport,sport,"Burundi's Francine Niyonsaba, who has an intersex condition, breaks world record - CNN",2711,438
2269,1554,news,europe,"Russian forces are massing on Ukraine's border. Bluff or not, Putin is playing with fire - CNN",7078,1167
3194,1555,sport,football,"Olivia Moultrie, 15, makes history by signing with NWSL's Portland Thorns - CNN",2710,455
2839,1556,news,uk,Lilibet Diana Mountbatten-Windsor meaning: The significance of Harry and Meghan's name choices - CNN,10077,1638
4082,1557,sport,sport,Magnus Carlsen: How to become a chess grandmaster - CNN,9984,1763
4473,1558,news,uk,Armed intruder arrested in the grounds of Windsor Castle where the Queen is celebrating Christmas - CNN,2761,437
2115,1559,sport,football,"Champions League: Paris Saint-Germain vs. Manchester City and why Qatar and UAE, soccer investment has been 'potentially worth its weight in gold' - CNN",7279,1206
2528,1560,news,uk,William and Kate are YouTubers now - CNN,11355,1886
2212,1561,news,europe,"Russian magazine DOXA raided, journalists charged by authorities - CNN",4062,618
2950,1562,sport,sport,Men's triathlon false start as media boat blocks competitors - CNN,2482,438
3637,1563,sport,sport,NFL: Green Bay Packers 'embarrassed' in humbling loss while Patrick Mahomes leads Kansas City Chiefs to comeback win - CNN,4097,670
2527,1564,sport,sport,"Wade Miley: Cincinnati Reds pitcher throws his first no-hitter, and the fourth this season - CNN",1181,200
4324,1565,sport,sport,Allyson Felix: Athletics superstar on using her platform to fight for change   - CNN,5529,952
2314,1566,news,europe,Russia is amassing unprecedented military might in the Arctic - CNN,14080,2237
3696,1567,sport,sport,How female athletes are pushing for a level playing field - CNN,7431,1252
1670,1568,sport,sport,Saeid Mollaei: Iranian judoka says he'll never forget the kindness of the Israeli team  - CNN,4357,711
3796,1569,sport,sport,"World Series 2021: Tickets, schedule and other things to know - CNN",4061,686
1040,1570,news,us,What it means to be 'unapologetically black'  - CNN,13767,2251
3793,1571,news,australia,COP26: Australia will be the rich world's weakest link at climate summit with hollow net-zero and emissions pledges - CNN,7394,1186
1331,1572,news,us,Champlain Towers South: Mystery of what caused the Florida condo collapse deepens - CNN,6283,1023
2714,1573,news,europe,This cargo ship's captain died aboard. Then the crew was stuck at sea for weeks - CNN,13591,2261
2113,1574,news,uk,Boris Johnson will face formal investigation into apartment renovation costs - CNN,5622,888
3026,1575,news,uk,John Kerry warns 'time is running out' to address climate crisis - CNN,21908,3614
2715,1576,sport,football,Euro 2020: Germany secures impressive victory against Portugal - CNN,3029,501
4076,1577,sport,football,Mark Clattenburg: Former Premier League referee criticized for 'outdated' comments on female referees - CNN,3444,553
2973,1578,news,europe,Hungary Pride: Thousands join event as LGBTQ people face growing hostility - CNN,6670,1042
3133,1579,sport,sport,NBA Finals: Chris Paul puts in historic performance as the Phoenix Suns beat the Milwaukee Bucks in Game 1 - CNN,3518,611
2659,1580,sport,football,Copa America: Referee controversy overshadows Brazil's win over Colombia - CNN,2144,341
2031,1581,sport,football,Lionel Messi: Barcelona stars past and present come out to vote as Joan Laporta wins pivotal presidential election - CNN,3009,503
2309,1582,sport,golf,Jordan Spieth claims first win in nearly four years with victory at the Valero Texas Open - CNN,2869,513
1155,1583,news,us,"After ICE raid, more than 500 kids miss school - CNN",7302,1227
90,1584,entertainment,entertainment,'Turning Red' review: Pixar's coming-of-age movie shows it hasn't lost its golden touch - CNN,2977,479
2417,1585,news,uk,Martin Bashir denies his Diana interview harmed her - CNN,7015,1141
1715,1586,sport,sport,Doddie Weir: Scotland rugby legend battling MND with a smile  - CNN,7525,1332
2808,1587,sport,football, Premier League announces sanctions for six clubs involved in breakaway Super League - CNN,3780,594
1707,1588,news,australia,"Human remains found inside crocodile, amid hunt for missing fisherman Andrew Heard - CNN",3279,510
4213,1589,sport,motorsport,Lewis Hamilton praised for defending LGBTI rights during F1 Qatar Grand Prix - CNN,4654,742
3271,1590,sport,football,Pele brings sporting stars together for charity auction - CNN,3418,562
785,1591,health,health,Women are dying from backstreet abortions. But reforms to Malawi's 157-year-old laws are stuck - CNN,7498,1220
2796,1592,news,australia,New Zealand study shows Maori connections to Antarctica date as far back as the 7th century - CNN,2933,443
4526,1593,sport,sport,"Wisconsin basketball player raises more than $150,000 for hometown after deadly tornadoes - CNN",2704,451
1849,1594,news,uk,Bristol protest: Boris Johnson condemns 'disgraceful' attacks on police - CNN,3870,631
1361,1595,news,us,How White nationalists evade the law and continue profiting off hate  - CNN,18110,2980
1804,1596,news,uk,"Captain Sir Tom Moore, who raised millions for the NHS, dies aged 100 - CNN",7653,1270
1087,1597,news,us,How Billy Graham became the most famous preacher in America - CNN,17358,2729
4409,1598,sport,sport,Carl Hayman: Former All Black diagnosed with early onset dementia - CNN,2477,397
4575,1599,sport,sport,Covid outbreaks in 3 leagues postponing games and forcing key players to miss games - CNN,4560,733
4347,1600,sport,football,Gay footballer Josh Cavallo says he would be 'scared' to play at the 2022 World Cup in Qatar - CNN,3770,643
2952,1601,news,europe,J K Rowling Fast Facts - CNN,8216,1318
4307,1602,sport,sport,"Clippers vs Heat: LA beats Miami, extends win streak to six - CNN",2157,395
230,1603,politics,politics,Why polls may be underestimating Republicans - CNNPolitics,5901,985
743,1604,news,asia,Child marriage annulment in India and the woman who dedicates her life to helping girls leave - CNN,14159,2482
1867,1605,news,uk,"Zara Tindall, Queen's granddaughter, gives birth at home - CNN",2584,432
2481,1606,sport,football,"Copa Libertadores match affected by tear gas outside the stadium 
 - CNN",1717,262
4106,1607,sport,football,Ralf Rangnick appointed Manchester United interim manager - CNN,2462,384
1852,1608,sport,football,"Thierry Henry quits social media, hoping to inspire others to stand up to online abuse as he urges tech companies to do more - CNN",6786,1158
2014,1609,news,uk," US woman who killed teen biker Harry Dunn wouldn't face prosecution in America, lawyer claims - CNN",4138,701
3129,1610,sport,golf,Georgia Oboh: Nigeria's first Ladies European Tour player - CNN,5846,1041
3681,1611,news,australia,Missing toddler AJ Elfalak found after three-day search in Australian bush - CNN,3493,568
1977,1612,news,europe,Russian opposition activists detained at a democratic forum in Moscow. The Kremlin says they were breaking Covid-19 protocol - CNN,3830,576
623,1613,sport,sport,The Tokyo Olympics set the record for LGBTQ+ visibility. The Beijing Games aren't likely to break it - CNN,15932,2582
3756,1614,sport,sport,Braves vs Astros Game 3: Snitker relishing 'wild' Atlanta home crowd for Game 3 - CNN,4513,788
1950,1615,sport,sport,PSG's Angel Di Maria and Marquinhos victims of burglary during match - CNN,2775,448
1034,1616,news,us,Analysis: It's time to give some bigots a break - CNN,11915,2074
2425,1617,news,uk,Whipsnade Zoo: Bears killed at UK zoo after they escape from enclosure - CNN,2297,373
4644,1618,news,europe,Germany records highest number of Covid-19 deaths since February - CNN,3975,610
4720,1619,news,australia,"Sexual harassment rife inside Australian parliament, report finds - CNN",1798,262
2599,1620,sport,sport,Giannis Antetokounmpo limps off injured as Atlanta Hawks stun Milwaukee Bucks - CNN,1812,294
1520,1621,sport,sport,Russian woman who swam under Siberia's ice may have broken the world record - CNN,6604,1146
4462,1622,news,europe,Europe Covid-19: Protests against Germany's restrictions turn violent - CNN,5515,829
2630,1623,sport,football,Netherlands vs. Czech Republic: UEFA denies banning rainbow flags in Budapest for Euro 2020 match  - CNN,3243,522
3060,1624,sport,motorsport,Max Verstappen says 'it doesn't make any difference' to be leading F1 championship - CNN,5586,985
2322,1625,sport,football,Serie A: Super Saturday leaves Inter Milan with one hand on Scudetto trophy - CNN,3102,522
3830,1626,news,europe,Italy's Covid pass: Violence at protests has ignited a national debate about fascism - CNN,9491,1532
843,1627,news,us,How to honor Kobe Bryant's legacy through the charities he supported - CNN,3374,526
3394,1628,sport,sport,Simone Biles thanks Japanese gym where she secretly trained to regain her Olympic form - CNN,2398,396
2847,1629,news,europe,Hungary protest: Thousands rally against planned Chinese university campus in Budapest - CNN,3731,561
15,1630,business,business,Why potassium iodide pills are suddenly in high demand  - CNN,6068,958
631,1631,news,opinions,Opinion: What to do about the social media shaming of figure skater Zhu Yi - CNN,6143,1053
3984,1632,news,europe,Alexander Schallenberg sworn in as Austria chancellor after Sebastian Kurz quits amid corruption inquiry - CNN,4293,634
4729,1633,sport,golf,Tiger Woods: Is this the end of his era? - CNN,3410,583
2632,1634,news,europe,Istanbul Pride parade: Turkish police fire tear gas to disperse crowds - CNN,1505,241
3610,1635,sport,tennis,John McEnroe calls Emma Raducanu's US Open win 'crazy'  - CNN,3329,570
3343,1636,news,europe,Facebook removes Russian network that targeted influencers to peddle anti-vax messages - CNN,4147,622
4454,1637,sport,football,Ian Wright attacks 'disrespect' of Africa Cup of Nations - CNN,2867,461
4122,1638,sport,tennis,Peng Shuai: Human Rights Watch accuses IOC of sportswashing in case of Chinese tennis star - CNN,5562,875
3783,1639,sport,football,Ryan Reynolds and Rob McElhenney attend first Wrexham match since becoming club's co-owners - CNN,1900,301
2518,1640,news,europe,Spain curfew lifts: Hundreds party as coronavirus restrictions ease - CNN,3161,518
4222,1641,sport,football,"World Cup 2022: Qatar inadequately investigating workplace deaths, says ILO - CNN",3669,570
4278,1642,sport,motorsport,Lewis Hamilton keeps title hopes alive with thrilling victory in Sao Paulo Grand Prix - CNN,2563,435
2451,1643,news,uk,Fred West: Police search café for missing Mary Bastholm - CNN,2940,480
795,1644,health,health,Trump's ban on global abortion funding has led to more abortions - CNN,9585,1549
2880,1645,news,europe,Belarusian activist Steffan Latypov stabs himself during a court hearing in Minsk  - CNN,4015,613
4673,1646,sport,sport,Judit Polgár became a chess grandmaster at 15 and beat the best just like the Queen's Gambit protagonist    - CNN,5258,896
4652,1647,sport,football,Champions League: Atlético Madrid beats Porto in bad-tempered clash to qualify for last 16 - CNN,3732,637
2232,1648,sport,sport,Tom Drury: Trekking 4000km along the Australian coast -- on a skateboard - CNN,9052,1574
3356,1649,sport,sport,Olivia Podmore: Former New Zealand Olympic cyclist dies aged 24 - CNN,2663,429
4695,1650,news,europe,Sword-wielding man dressed as a ninja shot by French police - CNN,1572,258
3843,1651,news,australia,Cleo Smith: Australian authorities offer A$1 million reward for missing 4-year-old  - CNN,4890,820
2700,1652,sport,football,Euro 2020: Calls made for Germany's game against Hungary to be played in rainbow-colored Allianz Arena - CNN,3658,586
3834,1653,sport,sport,Enes Kanter: Boston Celtics game broadcast pulled in China after center's pro-Tibet posts  - CNN,3926,610
4150,1654,sport,sport,Golden State Warriors: Tracy McGrady backs Dubs to outgun the Lakers in championship race - CNN,7696,1336
3555,1655,news,europe,"Alexander Litvinenko killing: Russia responsible for assassination, European court rules - CNN",5090,794
2027,1656,news,uk,Meghan and Harry: From royal romance to palace rift - CNN,21229,3492
3996,1657,news,europe,Lava blocks the size of buildings falling from La Palma volcano - CNN,2130,336
1071,1658,news,us,US Justice Department investigating Pennsylvania Catholic Church - CNN,5378,823
2453,1659,news,australia,Surfer dies after being bitten by shark in Australia - CNN,1861,303
3083,1660,sport,football,English FA facing UEFA investigation over fan disorder at Euro 2020 final - CNN,3343,530
3933,1661,sport,sport,Agnes Tirop: Kenyan police arrest husband in connection with stabbing death - CNN,2314,366
1602,1662,sport,football,Manchester United draw level with Liverpool as Fernandes penalty sees off Villa - CNN,6087,1001
144,1663,sport,sport,Bodybuilding: Rene Campbell wants to change perceptions of what women should look like - CNN,5329,875
2988,1664,news,uk,Aviation enthusiast potentially saves pilot's life after seeing sparks coming from his plane - CNN,3062,524
4366,1665,sport,sport,New York CIty Marathon: Abdi Nageeye reflects on his 'emotional' act of Olympic sportsmanship  - CNN,4882,818
4072,1666,sport,sport,Ukrainian Hockey League criticized for 'pathetic' punishment for racist gesture - CNN,4830,803
2177,1667,sport,football,Premier League: Football fans condemn 'ultimate betrayal' of European Super League - CNN,6500,1031
1518,1668,sport,sport,Houston Rockets trade James Harden to Brooklyn Nets in blockbuster three-team deal - CNN,3015,485
2795,1669,sport,sport,Reece Wilson: Downhill World Champion says he loves life 'on the limit' - CNN,6740,1195
4379,1670,news,australia,"Australia's Great Barrier Reef will survive if warming kept to 1.5 degrees, study finds - CNN",2674,435
2442,1671,sport,football,Cristiano Ronaldo cements domestic dominance as Juventus wins Coppa Italia - CNN,2978,483
1761,1672,sport,sport,Tom Brady's GOAT status captures world's imagination - CNN,3663,615
3968,1673,sport,sport,Baltimore Ravens: Lamar Jackson makes history as Ravens complete huge comeback against Indianapolis Colts - CNN,3005,502
1391,1674,news,us,"Insurrection a stunning show of force for conspiracy groups, extremists and fringe movements - CNN",5604,920
4441,1675,news,europe,"Russia lists Pussy Riot member, art collector and satirist as 'foreign agents' - CNN",2356,357
2635,1676,news,europe,Czech tornado: 5 killed as rare storm hits villages - CNN,1778,283
1963,1677,sport,football,Arsenal vs. Tottenham: Erik Lamela scores stunning rabona goal but is sent off as Arsenal overcome rivals in North London Derby - CNN,5446,929
3641,1678,sport,tennis,"Novak Djokovic's tears, Daniil Medvedev booed during sets and history denied: A US Open final for the ages - CNN",5290,918
1797,1679,sport,football,Manchester United puts nine past Southampton to equal Premier League record - CNN,3585,592
2896,1680,sport,sport,P. V. Sindhu: The Olympic hero who became India's most marketable female athlete - CNN,9863,1636
3469,1681,sport,sport,"'Every single time I lift the bar, I'm just lifting my country up': Shiva Karout's quest for powerlifting glory - CNN",12597,2194
1702,1682,sport,tennis,Aslan Karatsev makes history at Australian Open with run to semis - CNN,3000,492
598,1683,sport,sport,Ashley Cain-Gribble and Timothy LeDuc: How US figure skaters forged their own paths in a sport where stereotypes run deep   - CNN,7898,1311
4068,1684,news,australia,Analysis: Australia's climate policy is being dictated by a former accountant in a cowboy hat - CNN,9919,1574
2494,1685,sport,sport,Tim Tebow reportedly expected to sign with Jacksonville Jaguars to play different position - CNN,2486,419
4490,1686,news,europe,Shelf-climbing robots are helping warehouses meet the holiday rush - CNN,1996,331
1943,1687,news,uk,"With UK police under fire, Boris Johnson pushes new bill that could end peaceful protest - CNN",9094,1470
170,1688,news,africa,African nations on UN Security Council condemn racism at Ukrainian border - CNN,3426,510
3715,1689,sport,sport,"Rugby players' brains affected by 'chronic exposure' to collisions throughout a season, study shows - CNN",4713,744
3533,1690,news,europe,Canaries volcano blasts lava into the air as ash blankets area - CNN,1706,269
4655,1691,news,uk,Scottish oysters were on the rocks. Now a whisky distillery is throwing them a lifeline - CNN,4545,744
668,1692,sport,sport,Slovenia chimney climb: Janja Garnbret and Domen Škofic scale the world's tallest artificial multi-pitch route - CNN,5224,889
4706,1693,sport,motorsport,F1: How Red Bull caught up with the Mercedes 'juggernaut' - CNN,7194,1206
2529,1694,news,europe,"Alexey Navalny: Amnesty apologizes to Kremlin critic, restores his 'prisoner of conscience' status - CNN",2399,376
2705,1695,news,europe,Spain to pardon jailed Catalan separatist leaders on Tuesday - CNN,2681,410
2022,1696,sport,sport,Mikaela Shiffrin reveals how she's been inspired by tennis star Iga Świątek - CNN,4148,730
807,1697,news,africa,Malawi consent classes teach children no means no - CNN,6516,1077
4693,1698,news,europe,"Germany locks down unvaccinated people, as leaders plan to make shots compulsory - CNN",4628,703
2650,1699,news,europe,Why Britain's friends and adversaries will have watched the Russia confrontation closely - CNN,7111,1128
1363,1700,news,us,Government action took months as nursing home workers died during the pandemic - CNN,10220,1625
3334,1701,sport,football,UEFA Super Cup: Chelsea defeat Villarreal  - CNN,3191,534
770,1702,news,africa,"They were sent to a shelter for safety. Instead, these women say they were sexually abused - CNN",17569,2892
145,1703,sport,sport,Eating disorders: Olympic high jumper Priscilla Frederick-Loomis pressured to 'perform better' and lose a few pounds - CNN,10839,1838
330,1704,business,homes,Conflict in Ukraine pushes mortgage rates lower - CNN,3106,485
1973,1705,news,uk,Oprah royal interview: Meghan reveals she 'didn't want to be alive anymore' - CNN,11077,1864
1821,1706,sport,sport,Michael Miraglia completes his own Strongman Marathon on Utah's Bonneville Salt Flats  - CNN,4066,696
3832,1707,news,europe,Russian gunpowder workshop explosion kills 17 -- report - CNN,2350,366
3476,1708,sport,sport,"Tom Brady: 'I'm not going to reminisce,' says star QB ahead of Patriots reunion clash  - CNN",4296,742
3639,1709,sport,golf,Ryder Cup squads set as Padraig Harrington finalizes European team - CNN,2970,490
3822,1710,news,europe,Einar: Swedish rapper shot dead age 19 in Stockholm - CNN,1826,303
1576,1711,news,europe,"Neanderthal burials: Child's skeleton buried 41,000 years ago may solve mystery - CNN",4490,684
3222,1712,sport,football,Meet the 16-year-old supplying Premier League stars with rare sneakers - CNN,6081,1046
1752,1713,sport,sport,"Steeplechaser Colleen Quigley discusses mental health, modeling and being 'hungry' for Olympic success - CNN",6092,1030
3828,1714,sport,motorsport,Max Vertstappen: F1 drivers defend Netflix series after Red Bull driver's 'fake' snub  - CNN,2784,481
10,1715,business,investing,Russia could default on its debt within days - CNN,4479,707
1123,1716,health,health,State launches Aetna probe after stunning admission - CNN,12056,1857
3125,1717,news,europe,Ukraine to give female soldiers 'more comfortable' heels after sexism controversy - CNN,2625,409
1728,1718,sport,sport,Claressa Shields takes jab at boxing establishment - CNN,7828,1311
1117,1719,health,health,Forget abortion: What women in Appalachian Kentucky really want - CNN,26108,4433
1279,1720,news,us,The new women's movement: Reviving the ERA fight - CNN,32723,5553
2761,1721,sport,football,Brazil wins Copa América opener as Messi expresses concerns about contracting Covid-19 at tournament - CNN,3615,561
3256,1722,sport,sport,How does the Paralympic classification system work? - CNN,4614,699
4704,1723,sport,sport,Lamine Diack: Former head of World Athletics dies aged 88 - CNN,2161,343
2879,1724,sport,tennis,"Naomi Osaka: 'It can be devastating to adjust to fame and fortune,' says tennis great Chris Evert - CNN",4761,817
1682,1725,news,europe,Prince Philip spends second night in London hospital - CNN,10553,1689
3173,1726,news,uk,Prince Charles reveals songs which give him 'an irresistible urge to get up and dance' - CNN,2255,378
4287,1727,news,europe,Britain's army chief warns risk of accidental war with Russia is greater than during Cold War - CNN,3132,535
4022,1728,sport,sport,"Andrew Wiggins on getting vaccinated: 'Not something I wanted to do, but kind of forced to' - CNN",3863,679
3519,1729,sport,football,Emma Hayes: Chelsea Women's manager fears social media abuse of players could lead to suicides - CNN,10442,1773
1563,1730,sport,football,Lionel Messi scores twice as Barcelona beats Athletic Bilbao - CNN,4288,702
3693,1731,news,europe,"Maria Kolesnikova, Belarus protest leader, sentenced to 11 years in jail - CNN",5168,758
1460,1732,news,uk,Police shut down ultra-Orthodox Jewish wedding with 150 guests amid London lockdown - CNN,4600,706
3529,1733,sport,golf,The weird and wonderful outfits of fans at the Ryder Cup - CNN,2342,405
202,1734,news,asia,Wildlife flourishing in uninhabited areas around Fukushima  - CNN,3023,451
2338,1735,news,australia,Australia marks quietest fire season in a decade - CNN,2948,472
2782,1736,sport,tennis,French Open: Barbora Krejcikova beats Anastasia Pavlyuchenkova in roller coaster final to win first grand slam - CNN,5809,982
3785,1737,sport,football,Ole Gunnar Solskjaer: Manchester United manager to remain in charge of club - CNN,1708,263
1709,1738,sport,sport,Manchester United's Anthony Martial racially abused on social media after draw - CNN,3492,546
2146,1739,sport,sport,Bunny attends baseball game and everyone is in love with it - CNN,1705,296
2778,1740,news,europe,Russia Covid-19: Moscow mayor announces 'non-working' week to curb spread - CNN,2724,436
3856,1741,news,uk,"UK MPs face 'substantial' threat after fatal Amess stabbing, says Home Secretary  - CNN",2661,429
3945,1742,news,europe,Giulio Regeni murder: Four Egyptian officers face Italian trial  - CNN,3603,561
4399,1743,sport,football,Thierry Henry says social media companies make 'money through hate' as he launches online campaign - CNN,4214,712
4240,1744,sport,golf,Charlie Sifford Award created for honoring 'spirit in advancing diversity in golf' - CNN,3766,605
3732,1745,sport,football,Wilfried Zaha: Premier League star targeted with racist abuse on social media - CNN,2115,357
1771,1746,sport,sport,Kevin Durant pulled from game twice due to Covid-19 protocols - CNN,3407,572
3372,1747,sport,sport,Kim Raisner: Germany's modern pentathlon coach disqualified from Olympics for hitting horse - CNN,3538,588
1624,1748,sport,football,Alisson Becker: Father of Liverpool goalkeeper drowns in southern Brazil  - CNN,1234,194
673,1749,sport,sport,Doug Scott: Everest conqueror and mountaineering icon dies aged 79 - CNN,2241,386
3195,1750,news,europe,Eastern Europe was once a world leader on gay rights. Then it ran out of scapegoats - CNN,10300,1634
4671,1751,news,europe,"Eric Zemmour, far-right French presidential hopeful, grabbed by neck at heated political rally - CNN",3606,539
2432,1752,news,europe,"Russia Arctic: As Washington and Moscow spar, Putin creates new facts on the ground - CNN",9765,1631
1147,1753,health,health,"When insurance wouldn't pay, parents funded cancer patient's $95,000 lifesaving treatment - CNN",19532,3112
1923,1754,news,uk,"More than 500 people in UK put on do-not-resuscitate orders without consent, watchdog says  - CNN",4793,767
4194,1755,sport,football,Manchester United went viral again but for all the wrong reasons  - CNN,5659,938
3315,1756,sport,football,Homophobic chanting mars Liverpool's win against Norwich City in Premier League - CNN,4579,713
1461,1757,news,europe,Vladimir Putin presents a Russia-sized foreign-policy headache for Biden - CNN,7524,1180
3680,1758,sport,golf,Jordan Spieth and Olympic champion Xander Schauffele among Team USA's Ryder Cup captain's picks - CNN,2847,447
1971,1759,sport,sport,NBA: Caris LeVert admits 'gratefulness' following NBA return 46 days after surgery to remove cancerous mass - CNN,2743,478
950,1760,news,weather,Weather news: Snow and ice will return to the South this week. Maybe.   - CNN,7236,1258
1808,1761,sport,sport,Tom Brady says he's open to playing past 45 ahead of his 10th Super Bowl - CNN,3257,584
1595,1762,news,europe,"More than 2,000 attend illegal New Year's party in France, despite coronavirus restrictions - CNN",2197,335
3362,1763,sport,golf,"Collin Morikawa: Fresh off second major victory at the Open, US golfer relishing chance to represent Team USA at Tokyo 2020 - CNN",5443,972
2945,1764,news,europe,Landmark Vatican fraud trial begins as cardinal faces charges over London property deal  - CNN,3434,558
4376,1765,news,europe,Greta Thunberg draws thousands to Glasgow for COP26 youth protest  - CNN,4975,798
1777,1766,sport,sport,LeBron James says having All-Star Game is 'a slap in face' to players - CNN,4512,777
4661,1767,sport,sport,Medina Spirit: Kentucky Derby winner to undergo necropsy following sudden workout death - CNN,3861,616
2377,1768,news,europe,Belarus: Russian authorities deny entry to European airlines as EU mulls sanctions on Belarus - CNN,8026,1201
1609,1769,news,uk,"Captain Tom Moore, 100-year-old UK fundraising hero, honored at funeral - CNN",3003,496
363,1770,business,perspectives,Opinion: Cheesy Christmas movies are just what we need this year - CNN,5457,929
4407,1771,sport,football,"Real Madrid becomes first team to score 1,000 Champions League goals - CNN",1782,292
14,1772,business,investing,Japan orders crypto exchanges to comply with sanctions against Russia and Belarus - CNN,2275,338
73,1773,news,us,"William Hurt, actor known for 'Body Heat' and 'Kiss of the Spider Woman,' dies  - CNN",1690,276
3720,1774,sport,tennis,US Open match suspended amid heavy rainfall despite stadium roof - CNN,3614,599
803,1775,news,africa,World Bank to consider giving Tanzania $500 million education loan despite ban on pregnant schoolgirls - CNN,4657,758
3396,1776,sport,sport,Alberto Ginés wins first Olympic climbing gold in Tokyo  - CNN,4239,710
1848,1777,sport,motorsport,"Formula One: After worst season in years, can Ferrari bounce back in 2021?  - CNN",8363,1410
3499,1778,news,europe,Murder of young teacher Sabina Nessa makes women in London worry it could have been them - CNN,6219,1068
2303,1779,sport,golf,"The Masters: The return of patrons will play a 'massive role,' says Jordan Spieth - CNN",3137,546
2374,1780,sport,sport,"With Tokyo Olympics nearing, Japan considers extending coronavirus state of emergency - CNN",4569,722
4475,1781,news,europe,Analysis: What Putin's rewriting of history says about the future of Russia  - CNN,18873,3100
3858,1782,sport,football,Champions League: Liverpool edges 10-man Atletico Madrid in five-goal thriller - CNN,5187,843
1424,1783,sport,sport,Beijing Olympics: The US has accused China of Xinjiang genocide. Will it now boycott the 2022 Games? - CNN,11141,1767
2238,1784,sport,tennis,"Lleyton Hewitt's son, Cruz, wins Australian junior tennis title - CNN",1485,248
3973,1785,news,europe,France to ban plastic packaging for fruit and vegetables from January  - CNN,2421,381
4118,1786,sport,sport,George Kambosos Jr. stuns Teofimo Lopez to become unified lightweight champion - CNN,2690,468
2882,1787,sport,sport,How boxing is changing the way society looks at women in Gaza - CNN,14369,2516
23,1788,business,business-food,Starbucks is planning to phase out its iconic cups - CNN,7278,1203
1265,1789,health,health,Before Orlando: The (former) deadliest LGBT attack in U.S. history - CNN,12133,2103
46,1790,business,business,War has brought the world to the brink of a food crisis - CNN,8537,1374
2687,1791,news,europe,Alleged drug kingpin argues Australia and Taiwan conspired to violate his rights - CNN,4890,790
2526,1792,sport,motorsport,Robert Wickens drives a race car for first time since IndyCar Series crash - CNN,3248,579
2711,1793,news,uk,Man with giant kidneys will have major surgery to remove both - CNN,2858,487
3643,1794,sport,sport,Evander Holyfield loses comeback fight while Trump commentates - CNN,2547,421
3346,1795,news,europe,Germany arrests British embassy worker accused of spying for Russia - CNN,1297,191
3972,1796,news,europe,"Dismissing Catholic abuse victims' lawsuit, European Court of Human Rights rules Vatican cannot be sued in European courts - CNN",6093,1009
2756,1797,sport,football,"Christian Eriksen thanks well-wishers, says he's feeling 'fine' in first social media post since cardiac arrest - CNN",1498,235
2673,1798,news,europe,"Vatican protests anti-homophobia law, but Italian lawmakers reject 'interference' - CNN",6622,1031
1812,1799,news,europe,Stone Age teeth hint at Neanderthal interbreeding - CNN,4810,760
3614,1800,news,europe,"1,400 dolphins were killed in the Faroe Islands in one day, shocking even some pro-whalers  - CNN",6169,997
3779,1801,news,europe,"Catania, Sicily floods: 'Medicane' tears through southern Italy, with more rain expected - CNN",4039,644
3552,1802,news,europe,La Palma volcano: Gushing lava forces more evacuations  - CNN,2865,465
3508,1803,sport,golf,Sergio Garcia becomes player with most matches won in Ryder Cup history - CNN,2444,423
2777,1804,news,uk,Sasha Johnson: Second man charged in shooting of British Black Lives Matter activist - CNN,1607,259
1526,1805,sport,football,Megan Rapinoe condemns US Capitol riots as 'White supremacy mob' - CNN,3724,626
4266,1806,news,australia,"'Megaspider' is biggest of its kind we've ever seen, Australian reptile park says - CNN",2899,481
647,1807,sport,sport,Erin Jackson: World No. 1 speedskater is going to Beijing 2022 after teammate gives up place - CNN,2219,390
2140,1808,sport,football,The European Super League was three years in making. It took 48 hours to unravel - CNN,6875,1093
4367,1809,sport,sport,Barcelona appoints club legend Xavi as new coach - CNN,2250,376
4442,1810,sport,tennis,Rafa Nadal reaches Melbourne ahead of Australian Open - CNN,2434,403
3474,1811,sport,sport,Kyrie Irving: NBA star the latest to withhold vaccination status - CNN,4406,729
1315,1812,news,us,Surfside building collapse could lead to new Florida laws - CNN,12955,2062
3027,1813,sport,sport,Keigo Oyamada: Tokyo Olympics opening and closing ceremonies composer resigns over historical bullying remarks - CNN,2237,342
1588,1814,sport,sport,"Paul Westphal, NBA player and coach, dies at 70 - CNN",2152,363
129,1815,sport,motorsport,Lewis Hamilton plays down hopes of starting F1 season with a win - CNN,2822,469
116,1816,sport,tennis,Coco Gauff: Teen tennis sensation is on a mission to inspire - CNN,6753,1230
3942,1817,news,europe,Norway bow-and-arrow attack suspect named as police say they're treating it as terrorism - CNN,7167,1195
2409,1818,news,europe,Belarus condemned for 'hijacking' Ryanair plane to detain journalist  - CNN,7008,1087
1970,1819,sport,sport,Former British Cycling doctor found guilty of ordering banned testosterone - CNN,2524,407
1874,1820,sport,sport,Steve Kerr calls for tougher gun control measures following Boulder shooting - CNN,4291,728
2274,1821,news,uk,"Prince Philip, Duke of Edinburgh, dead at 99 - CNN",16747,2714
1473,1822,sport,tennis,Novak Djokovic says 'good intentions' were 'misconstrued' following backlash to list of proposals ahead of Australian Open - CNN,7076,1184
366,1823,business,perspectives,Opinion: It's time to ban Congress members from trading stocks - CNN,4219,700
2344,1824,sport,golf,Tiger Woods: Cause of golf icon's crash determined but details yet to be released  - CNN,2065,339
1528,1825,sport,golf,2021 Masters to allow return of limited number of fans - CNN,1956,317
700,1826,sport,motorsport,NASCAR: Plane flew a Confederate flag over Bristol Motor Speedway - CNN,2921,479
40,1827,business,investing,India IPOs: 2021 was a dramatic year for tech. The hype won't go away in 2022 - CNN,6959,1110
3849,1828,news,uk,"David Amess: Man charged with murdering UK lawmaker had terrorist links, court hears - CNN",2805,457
3553,1829,sport,sport,Roger Federer reflects on Novak Djokovic's 'exceptional year' - CNN,2762,490
3789,1830,sport,sport,Marshawn Lynch stars on Manningcast coverage of NFL game - CNN,3535,632
3117,1831,news,europe,"Spanish, Lithuanian leaders press conference interrupted by jet fighter scramble - CNN",2387,372
4698,1832,news,uk,What it's like to hitch a ride with Prince Charles - CNN,8957,1489
3306,1833,sport,sport,Connor Fields says he suffered brain shearing and bleeding after BMX crash - CNN,1596,271
960,1834,news,weather,Atlantic hurricane season ends up as more costly than the record-breaking one in 2020 - CNN,11628,1896
2231,1835,news,europe,"Spain plans to open grave containing 33,000 civil war victims - CNN",3171,518
3815,1836,sport,sport,Houston Astros advance to World Series after beating Boston Red Sox in ALCS - CNN,2593,446
4610,1837,sport,motorsport,Max Verstappen to start crucial Abu Dhabi Grand Prix in pole position over Lewis Hamilton  - CNN,1752,300
821,1838,news,world,Slavery: Here's what you can do right now to end it - CNN,3245,496
4173,1839,sport,sport,Monday Night Football: Brady and Bucs back to winning ways with victory over Giants - CNN,3357,551
1591,1840,news,uk,UK Prime Minister Boris Johnson 'reconciled' to tougher Covid-19 restrictions as cases soar - CNN,7734,1247
983,1841,news,us,"Alaska's warming ocean is putting food and jobs at risk, scientists say - CNN",4268,681
4561,1842,sport,sport,Kevin Stefanski: Cleveland Browns head coach tests positive for Covid-19 - CNN,2257,367
4639,1843,sport,sport,Headsets instead of head injuries: How VR tech could make football safer - CNN,4179,667
782,1844,news,africa,"Diane Rwigara, Rwandan opposition leader, and her mother cleared of all charges - CNN",8076,1250
3697,1845,news,europe,"Jan Hecker, German ambassador to China, dies just a few weeks into his posting - CNN",2082,341
3260,1846,sport,sport,Paralympic Games officially begin with vibrant Opening Ceremony - CNN,5503,890
4319,1847,news,europe,'We drank from puddles': Migrants describe brutal journey through forests on Belarus-Poland border - CNN,6293,1034
4161,1848,news,uk,"Climate change: British people are more concerned about the crisis than Covid and Brexit, poll shows - CNN",4356,705
2075,1849,sport,sport,Horse racing faces new welfare scrutiny after more footage appears of a jockey posing on a dead horse - CNN,3799,642
4700,1850,sport,sport,Neil Olshey: NBA executive fired following review of workplace environment complaints - CNN,1921,277
2684,1851,sport,football,Lionel Messi equals Argentina's all-time appearance record ... and signs fan's incredible tattoo - CNN,1621,251
873,1852,news,africa,These women are shaping the future of African space exploration - CNN,12658,2047
2209,1853,sport,golf,Netflix: 'The Short Game' documentary's female stars are helping to change golf - CNN,9935,1715
1143,1854,news,us,How Trump's victory turns into another 'Lost Cause' - CNN,24503,3978
3674,1855,news,europe,Paris attacks: Main suspect tells trial he's 'an Islamic State soldier' - CNN,4205,688
1511,1856,sport,golf,Angel Cabrera: Two-time golf major winner arrested in Brazil - CNN,2413,387
3017,1857,sport,sport,Tokyo 2020 boss not ruling out last minute cancellation of Olympic Games  - CNN,5661,901
4228,1858,news,europe,Covid: Germany cases hit record high with Merkel warning of 'dramatic' situation - CNN,7057,1127
962,1859,news,weather,Here's why hurricane hunters fly their planes in weird patterns into storms - CNN,8284,1333
2541,1860,news,europe,Jersey: UK and France send patrol ships to British island amid row over fishing rights - CNN,5203,818
4192,1861,news,europe,"The victims of the Belarus border crisis were obvious. For Poland's government, it was a useful distraction - CNN",18493,2904
4089,1862,sport,sport,"Afghan women footballers: Safe and alive, but 'traumatized,' their future in the UK is still very uncertain  - CNN",9960,1695
3880,1863,news,europe,Quake off Greece's Karpathos shakes eastern Mediterranean - CNN,1231,182
376,1864,news,opinions,Opinion: Our nursing workforce will keep crumbling if changes aren't made - CNN,9335,1575
2178,1865,sport,football,José Mourinho sacked as Tottenham Hotspur manager - CNN,2535,405
4724,1866,sport,football,"Suk Hyun-jun: South Korean footballer racially abused during Ligue 1 game, Troyes alleges  - CNN",2180,338
1065,1867,news,opinions,My mother was raped in a nursing home at 88 - CNN,8546,1537
2647,1868,sport,sport,CeCe Telfer: Transgender woman ruled ineligible to run in US Olympic Trials - CNN,2969,472
2252,1869,news,uk,Boris Johnson could come out of the pandemic smelling of roses - CNN,10645,1728
1892,1870,sport,football,Lionel Messi breaks Barcelona appearance record - CNN,2073,323
3375,1871,sport,sport,Ponytails and smiles: Pervasive language keeps sexism in Olympic sport at play - CNN,85745,13954
2111,1872,news,europe,Police in Germany respond to bomb alert and find a sex toy grenade - CNN,1848,315
2066,1873,news,europe,Beavers roaming free in England could help fight flooding - CNN,4561,745
1879,1874,sport,football,Zlatan Ibrahimovic reduced to tears on return to Sweden squad - CNN,2858,453
3459,1875,news,australia,Climate change: Australia's Scott Morrison under pressure as biggest state boosts targets - CNN,4601,740
3244,1876,sport,sport,The US Open will offer mental health services to athletes this year - CNN,2648,433
3130,1877,sport,tennis,Naomi Osaka says the press conference format is in 'great need of a refresh' - CNN,4283,715
3379,1878,sport,sport,Sky Brown: 13-year-old bronze medalist on empowering a new generation of skateboarders - CNN,3911,670
1205,1879,politics,politics,What is Neil Gorsuch's religion? It's complicated  - CNNPolitics,16727,2694
447,1880,entertainment,entertainment,'Cyrano' review: Peter Dinklage stars in a musical film that doesn't hit enough of the right notes - CNN,3226,516
3217,1881,sport,sport,"How to watch Jake Paul vs Tyron Woodley: Time, odds and things to know - CNN",2363,377
2963,1882,sport,sport,Pink is offering to pay the Norwegian women's beach handball team's fine for wearing shorts - CNN,2549,401
4299,1883,sport,sport,Dolphins vs Ravens: Miami stuns Baltimore in upset victory on Thursday Night Football - CNN,3052,519
79,1884,entertainment,entertainment,'Turning Red' tackles puberty and periods in a way that's rare - CNN,6068,1023
2371,1885,sport,sport,"Raven Saunders: Depression drove her close to suicide. Now, Olympian wants to 'destigmatize mental health' - CNN",6831,1195
1419,1886,news,europe,Chechnya Fast Facts - CNN,5362,842
1647,1887,sport,motorsport,How Romain Grosjean's family inspired him to escape from a crash at the Bahrain Grand Prix - CNN,6431,1155
1187,1888,news,world,Halted MH370 search is not an end for one man - CNN,12696,2174
3735,1889,sport,sport,World Series game 4: Braves are just one win away from victory  - CNN,3325,571
3108,1890,sport,tennis,Ashleigh Barty becomes first Australian woman to win Wimbledon singles title in 41 years  - CNN,3432,596
3104,1891,sport,football,How to watch England vs Italy live - CNN,4403,637
4378,1892,sport,sport,Yorkshire County Cricket Club chairman resigns and apologizes 'unreservedly' to Azeem Rafiq following racism allegations - CNN,5843,945
3168,1893,sport,sport,Laurel Hubbard's Olympic dream has sparked an existential debate about what it means to be female - CNN,14331,2289
1367,1894,politics,politics,Leaders of the anti-vaccine movements used 'Stop the Steal' to crusade to advance their own conspiracy theories  - CNNPolitics,12123,1885
2228,1895,sport,sport,"NBA, MLB and NHL postpone Minneapolis games following fatal shooting of  Daunte Wright - CNN",2754,460
2290,1896,sport,sport,The Masters: Star golfers speak out on Georgia's new restrictive voting law - CNN,5208,890
1815,1897,news,europe,Navalny protests: Kremlin meets Russian demonstrators with fiercest crackdown in years - CNN,13133,2077
1491,1898,sport,tennis,Australian Open tennis stars get creative with practice while stuck in hotel quarantine - CNN,3767,608
4168,1899,news,europe,"Fearing new Russian threat, Ukraine races to upgrade its navy - CNN",5834,919
4284,1900,sport,sport,Cam Newton: QB returns to Carolina Panthers. Is it a dream reunion come true? - CNN,3712,621
3994,1901,sport,football,World Mental Health Day: Canadian goalkeeper Stephanie Labbe's journey through panic attacks to Olympic gold - CNN,84652,13962
994,1902,news,living,Dads cherish Sweden's parental leave - CNN,3605,599
3480,1903,news,europe,Berliners vote to expropriate big landlords in non-binding referendum - CNN,3129,483
16,1904,business,tech,Russian internet users are learning to beat Putin's internet crackdown - CNN,8745,1383
3056,1905,sport,sport,Mark Spitz: 'Somebody someday' can beat Michael Phelps' Olympic record - CNN,14515,2455
2197,1906,sport,golf,How Hideki Matsuyama became Japan's new national hero - CNN,12733,2113
2759,1907,sport,football,Patrik Schick's stunning long range goal lights up Euro 2020 as Czech Republic beats Scotland  - CNN,3368,552
2095,1908,sport,sport,Bryce Harper escapes injury after 97 mph pitch to face - CNN,1626,272
4142,1909,news,europe,"French fishermen threaten to block Channel Tunnel, ports in protest over fishing licenses - CNN",2529,401
4157,1910,news,europe,Magdalena Andersson: Sweden's first female prime minister resigns - CNN,3295,508
478,1911,entertainment,entertainment,'As We See It' review: Producer Jason Katims delivers Amazon's touching coming-of-age look at life on the spectrum - CNN,3364,537
3777,1912,news,europe,German dogs to sniff out wildlife at building sites to speed up work - CNN,1884,301
1941,1913,news,uk,Prince Philip leaves hospital following heart surgery - CNN,10742,1726
4397,1914,sport,sport,"Brooklyn Nets: Kevin Durant dazzles in win, Kyrie Irving would be ""welcomed back"" if NYC vaccine mandate lifted - CNN",3326,566
3848,1915,news,uk,"London has more statues of animals than it does of women and people of color, a new study says - CNN",2958,477
2447,1916,sport,sport,IOC chief says Olympics will be held safely despite Japan's Covid surge - CNN,2734,447
3339,1917,sport,football,Lionel Messi tells CNN he believes PSG is the best place for him to win UCL again - CNN,5621,971
4487,1918,sport,sport,Friba Rezayee: Afghan sportswomen are still fearing for their lives after Taliban takeover - CNN,6652,1053
1919,1919,sport,sport,Jeremy Lin: Violence towards Asian Americans is 'hitting differently' amid the pandemic - CNN,3820,604
1749,1920,news,europe,"Klubrádió, one of Hungary's last independent radio stations, ordered off the air - CNN",2899,464
4032,1921,sport,football,"UK red list: Premier League footballers offered new quarantine rules for international break, but Jurgen Klopp says it's 'not a real solution' - CNN",5094,805
4291,1922,news,europe,"Russia has 'nothing to do with' Poland-Belarus border crisis, Putin insists - CNN",7385,1137
335,1923,business,economy,"Prices may be rising, but Americans shopped more than expected in January - CNN",3737,597
4416,1924,news,australia,"Cleo Smith, 4, who vanished from Australian campsite, found alive in locked house  - CNN",9862,1653
3981,1925,news,europe,Czech President in 'stable' condition after post-election hospitalization  - CNN,4542,706
2482,1926,sport,sport,Conor McGregor tops Forbes' sport rich list for 2021 - CNN,2567,406
2609,1927,sport,tennis,Wimbledon 2021: How to watch and everything you need to know about the tennis championships - CNN,3891,638
2523,1928,sport,sport,Medina Spirit's Kentucky Derby win in doubt after failing postrace drug test - CNN,4977,805
1500,1929,news,europe,Trump has trashed America's most important alliance. The rift with Europe could take decades to repair - CNN,8506,1398
2780,1930,news,uk,G7 leaders in Cornwall want to tackle inequality. Even people down the road aren't convinced - CNN,9986,1692
4562,1931,sport,motorsport,Lewis Hamilton knighted following F1 heartbreak - CNN,2982,467
3868,1932,sport,sport,Michael Slater: Former Australia batsman charged after domestic incident  - CNN,2198,326
984,1933,health,health,"With climate change, what will your city's weather feel like in 60 years?  - CNN",7249,1170
1014,1934,news,world,The child sex trade in Cambodia - CNN,3645,645
2458,1935,sport,sport,"Wave of anti-trans bills is 'really alarming,' says transgender motorsport star - CNN",6745,1118
3563,1936,news,europe,"Russia's ruling party won an election marred by dirty tricks, but the cost of securing victory has grown - CNN",4445,719
2788,1937,news,europe,Carrie Johnson steps onto global stage with G7 - CNN,4771,784
3887,1938,sport,sport,Nathan Chen says he has grown since disappointing Pyeongchang Games - CNN,2490,441
1807,1939,sport,sport,LeBron James: Fans ejected after courtside argument during match - CNN,2775,483
1469,1940,news,europe,"Bees aren't getting enough sleep, thanks to some common pesticides  
 - CNN",3689,617
4265,1941,sport,sport,All Blacks: How New Zealand handles 'huge public expectation'  - CNN,5332,943
2817,1942,sport,football,Debbie Hewitt set to become first female chair of England's Football Association - CNN,1811,286
3664,1943,news,europe,Fire in North Macedonian Covid-19 hospital kills 14 people - CNN,1269,211
3443,1944,sport,sport,Swimmer Katie Ledecky inspired to 'put a smile on someone's face' as she takes 1500m gold at the Tokyo Olympics - CNN,5928,1038
245,1945,politics,politics,GOP redistricting battles in Alabama and other states raise concerns about voter suppression - CNNPolitics,8437,1360
4402,1946,news,europe,"Germany is experiencing a 'massive' pandemic of the unvaccinated, says health minister - CNN",4196,669
1935,1947,sport,football,Lionel Messi: Barcelona coach Ronald Koeman praises star after record-equaling game - CNN,2736,451
3159,1948,news,uk,Boris Johnson sets out plan to scrap England's lockdown in big Covid-19 gamble - CNN,7843,1248
2470,1949,sport,football,Leicester City defeats Chelsea to win first FA Cup after late VAR drama - CNN,3438,553
4024,1950,news,uk,"Inside Boris Johnson's post-Brexit bubble, where he's king of his party but cut off from reality - CNN",7950,1313
3998,1951,sport,sport,"Atlanta Falcons vs. New York Jets: Myriad colors, a makeshift kicking net and the national anthem sung from atop the stadium: the NFL returns to London - CNN",3357,546
2074,1952,news,europe,"French Catholic clergy may have abused at least 10,000 people since 1950, say investigators - CNN",2555,411
2723,1953,news,uk,What to expect when Prince Harry heads back to London - CNN,21419,3714
4021,1954,sport,football,Newcastle United's takeover by a Saudi Arabian-backed consortium is agreed - CNN,5288,829
2282,1955,sport,football,Kylian Mbappe's brace hands PSG a Champions League win over Bayern Munich - CNN,4559,764
189,1956,news,africa,Amapiano: How this South African sound has become one of the hottest new music genres - CNN,7961,1326
3684,1957,news,uk,Prince Charles' former aide Michael Fawcett steps down over cash-for-honors scandal  - CNN,4357,682
1866,1958,sport,football,Japan vs. South Korea: Fierce derby between rivals is sparking more concern than excitement - CNN,7472,1196
4370,1959,news,europe,Madrid: Camels escape from circus and venture out to explore city - CNN,1517,245
2474,1960,news,uk,Let's talk about the Crown - CNN,8981,1521
1503,1961,sport,sport,Justin Thomas: Ralph Lauren cuts ties with golfer for using anti-gay slur - CNN,2106,351
863,1962,news,us,Salvation Army starts holiday fundraising early to 'Rescue Christmas' - CNN,3174,527
3811,1963,sport,sport,NBA: Protesters show support for Irving's vaccine stance ahead of Nets game - CNN,2095,343
2565,1964,sport,sport,Steph Curry becomes Golden State Warriors' all-time record point scorer - CNN,2464,412
4271,1965,sport,golf,Nelly Korda wins dramatic four-way playoff to continue dominant season - CNN,3572,646
3266,1966,sport,football,Nice vs. Marseille: French top-flight league match abandoned after fans invade pitch and clash with players - CNN,5496,902
2495,1967,news,europe,German priests defy Vatican ban and bless same-sex unions - CNN,2660,421
1653,1968,sport,sport,Janet Jackson: College gymnast Margzetta Frazier had a surprise call from pop star -- and it got emotional  - CNN,2133,357
3395,1969,sport,football,Lionel Messi: Barcelona says Argentine star is leaving the club - CNN,2619,441
1489,1970,sport,sport,"Fortnite, Pele and elite football clubs collaborate - CNN",5242,868
4620,1971,news,europe,Julian Assange: US authorities win their latest bid to extradite WikiLeaks founder - CNN,4662,739
4103,1972,sport,sport,Enes Kanter will legally change his name to Enes Kanter Freedom - CNN,1812,297
895,1973,news,opinions,Climate change: 'The shoes are marching for us' - CNN,10908,1759
2576,1974,news,europe,"No grounds to pursue claims of French role in Rwanda genocide, prosecutor says - CNN",3070,456
2220,1975,sport,football,UEFA bans Slavia Prague's Ondřej Kúdela for 10 games for racist behavior - CNN,2764,436
3197,1976,sport,sport,Chris Paul inspires Phoenix Suns to first NBA Finals since 1993  - CNN,1764,287
4680,1977,sport,football,Manchester United defeats Crystal Palace in Ralf Rangnick's first game in charge - CNN,2119,354
3846,1978,sport,sport,Beijing 2022: Mandatory vaccinations required for Canadian Olympic athletes - CNN,1531,238
3999,1979,news,europe,Sebastian Kurz resigns as Austrian Chancellor amid corruption scandal - CNN,3808,569
4246,1980,news,europe,Austria: What a suspected neo-Nazi's gun cache says about far-right extremism in Europe - CNN,10713,1721
1918,1981,news,europe,Spain approves euthanasia law - CNN,2762,456
1664,1982,news,uk,Prince Harry and Meghan will not return as working members of royal family - CNN,10641,1704
3215,1983,news,europe,Europe's disunity and lack of trust imperil the continent's future  - CNN,9722,1622
4048,1984,sport,sport,Tom Brady makes triumphant return to New England Patriots with victory and all-time passing record - CNN,4630,810
2951,1985,sport,sport,"Germany's gymnasts wear body-covering unitards, rejecting 'sexualization' of sport - CNN",2792,437
948,1986,news,weather,"Winter weather news: Another winter storm is streaking across the northern Plains this week. But it won't stop Plowy McPlowface, one of Minnesota's famed snowplows - CNN",7511,1322
3947,1987,news,europe,"World's tallest woman is Rumeysa Gelgi, a 24-year-old from Turkey - CNN",2942,484
3613,1988,sport,football,Lionel Messi: Paris Saint-Germain now has 'no excuses' in quest for Champions League domination after signing superstar - CNN,10734,1785
124,1989,sport,tennis,Andy Murray to donate 2022 season prize money to Ukrainian children - CNN,1606,260
4336,1990,news,europe,Crisis worsens on Poland-Belarus border as migrants congregate and troops are mobilized - CNN,7596,1158
2184,1991,news,uk,UN condemns 'reprehensible' UK race report for repackaging 'racist tropes into fact' - CNN,4534,670
1607,1992,sport,sport,LeBron James hits back at Zlatan Ibrahimovic criticism of political activism - CNN,1851,305
1523,1993,news,uk,"England considers putting Covid patients in hotels, as study reveals deep trauma among ICU workers - CNN",8891,1426
3233,1994,sport,tennis,Both Serena Williams and Venus Williams will miss the US Open - CNN,2265,389
956,1995,news,weather,A travel nightmare is setting up from coast to coast as holiday travelers return home - CNN,6624,1125
2352,1996,sport,sport,"Marcell Ozuna, Atlanta Braves outfielder, arrested on domestic violence charges, police say - CNN",2432,387
4197,1997,news,europe,"What's happening in Belarus? The border migrant crisis, explained - CNN",9734,1484
2983,1998,news,uk,What can we expect from Prince Harry's book? - CNN,10262,1751
3931,1999,sport,sport,Nets star Kyrie Irving may not play a single game. But he could still score up to $19M - CNN,4000,688
84,2000,entertainment,entertainment,"As 'Obi-Wan Kenobi' heads to Disney+, just remember: It's Han Solo's fault - CNN",4245,701
4592,2001,sport,football,Champions League Draw: PSG to play Real Madrid after re-draw  - CNN,2448,382
827,2002,news,us,"As anti-semitism grows, so does its dangers to everyone. Here's how you can fight against it - CNN",5202,818
1497,2003,sport,sport,Luka Doncic surpasses Michael Jordan with yet another triple-double  - CNN,1910,313
3772,2004,sport,football,Kaide Gordon: Life after Mo Salah? 17-year-old Liverpool prodigy tipped for Premier League stardom - CNN,11374,1942
4316,2005,sport,sport,Warriors vs Timberwolves: Golden State improve to 10-1 with win over Minnesota - CNN,2058,332
122,2006,sport,football,Amilcar Djau Codjovi: Rising soccer star's harrowing escape from Ukraine - CNN,7735,1306
3676,2007,sport,sport,Afghan cyclist's fears realized as Taliban aims to forbid women from playing sport - CNN,4296,707
1377,2008,politics,politics,How Trump allies stoked the flames ahead of Capitol riot  - CNNPolitics,15381,2563
4596,2009,news,uk,"Harry Dunn: US citizen Anne Sacoolas to face UK court over death of teen, say UK officials - CNN",5990,975
1189,2010,health,health,Heroin in America: The scarring of the next generation - CNN,34609,5797
1177,2011,health,health,The journey of bringing formerly conjoined twins home - CNN,17852,3042
639,2012,sport,sport,Kaillie Humphries: Canada-born slider wins monobob gold medal for US at Beijing 2022 after ​filing harassment complaint  - CNN,4073,648
4141,2013,news,uk,Prince William's overpopulation remarks will do women no favors - CNN,7525,1229
55,2014,health,health,Dr. Sanjay Gupta: Is America ready to take the next step in its Covid-19 recovery? - CNN,17222,2992
4725,2015,sport,tennis,Australian Open: Australia's vaccine mandate is not to 'blackmail' Djokovic says Victoria sports minister - CNN,1796,263
2153,2016,news,europe,Germany to impose 'emergency brake' law to curb Covid infections across almost entire country - CNN,3110,493
2793,2017,news,europe,"US-Russia relations are so poor that only a summit can sort them out, Putin's spokesman says - CNN",5494,896
753,2018,news,opinions,Why Facebook's continuing Taliban ban should concern us all - CNN,6258,959
954,2019,news,weather,"From record high temperatures to snow, these towns are shivering in shock Monday - CNN",7891,1305
4722,2020,sport,sport,Logan 'Logistx' Edra: Meet the breaking sensation setting her sights on Olympic glory - CNN,10079,1717
2689,2021,news,europe,Iron Age people kept mementos of dead loved ones - CNN,2669,437
4120,2022,sport,motorsport,"Frank Williams, Williams F1 team founder, dies at 79 - CNN",3684,644
3489,2023,sport,sport,"Indian men's hockey team dedicates Olympic bronze medal to doctors, Covid-19 frontline 'warriors' - CNN",2816,461
4411,2024,sport,sport,Yorkshire cricket board faces pressure over the racism row with Azeem Rafiq - CNN,3811,616
836,2025,news,us,Memphis nonprofit is using soul music to educate kids and celebrate Black History Month  - CNN,5560,922
3325,2026,sport,sport,Olympics to replace Japanese athlete's gold medal after mayor bites into it - CNN,3095,502
3150,2027,sport,sport,Jessica Springsteen set to make Olympic debut with US equestrian jumping team - CNN,1768,301
1542,2028,sport,tennis," After difficult injury run, Ana Konjuh closes in on grand slam return with battling Australian Open qualifying win - CNN",2292,387
3169,2029,sport,motorsport,Austrian Grand Prix: Max Verstappen cruises to third successive GP victory - CNN,3389,559
4158,2030,news,uk,"Windrush scandal: Just 5% of victims have received compensation, report says - CNN",5184,813
3605,2031,sport,football,US Women's National Team players' association calls identical contract proposal 'PR stunts'  - CNN,6646,1121
2932,2032,sport,sport,Ariarne Titmus: Gold medal-winning athletes swerve social media to avoid 'external pressure' - CNN,9107,1478
1962,2033,news,uk,Harry and Meghan interview fallout: Prince Charles stays silent in his first appearance since bombshell broadcast - CNN,10798,1767
1440,2034,news,uk,UK police officers facing fines after having haircuts at police station - CNN,2192,353
1616,2035,sport,sport,Kobe Bryant: Brooklyn Nets star Kyrie Irving calls for NBA to change its logo  - CNN,3096,514
2582,2036,news,uk,UK rave: Revelers gather for experiment without social distancing - CNN,2699,455
675,2037,sport,sport,Nirmal Purja: Record breaking Nepalese climber shocked by climate change effects - CNN,8559,1438
1716,2038,news,europe,Incest accusation in prominent family prompts French national reckoning with child abuse   - CNN,9680,1563
4153,2039,sport,football,Qatar World Cup: Norwegian broadcaster slams treatment of its journalists but Qatar says they were trespassing illegally - CNN,6287,1011
4094,2040,sport,football,Ballon d'Or: Cristiano Ronaldo hits back after France Football boss stokes Lionel Messi rivalry  - CNN,3725,598
3202,2041,sport,sport,"Paralympics: David Brown, world's fastest blind athlete, says 'possibilities are endless on how fast we can go' - CNN",6801,1205
1987,2042,news,europe,AstraZeneca says 'no evidence' of blood clot risk from vaccine as countries suspend its use - CNN,7852,1216
865,2043,news,us,"Black lives matter in children's books, too. That's why this couple started a non-profit  - CNN",7365,1242
4656,2044,sport,sport,Letesenbet Gidey and Joshua Cheptegei break world records  - CNN,5124,875
2594,2045,news,europe,Putin says US sanctions on Russia 'even did us good' - CNN,3408,559
4521,2046,sport,sport,Jake Paul defeats Tyron Woodley with a knockout in the 6th round - CNN,3575,591
2570,2047,sport,football,Manchester United fans mount protest against US owners as Premier League against Liverpool postponed - CNN,5571,842
1171,2048,health,health,Toxic tensions in the heart of 'Cancer Alley' - CNN,16188,2660
4637,2049,news,uk,Analysis: Boris Johnson engulfed in turmoil as scandals mount at Downing Street's door - CNN,6911,1164
2649,2050,sport,football,Euro 2020: Kasper Schmeichel recalls 'great moment' Christian Eriksen visited training following collapse - CNN,6482,1106
4063,2051,sport,sport,Lizzie Deignan makes history by winning first women's Paris Roubaix - CNN,3303,546
738,2052,news,living,Meet the Gnomist: A force for good - CNN,13130,2264
4533,2053,sport,football,"Women's Champions League: Covid-19 fears behind shock exit, says Chelsea's Emma Hayes  - CNN",1496,246
3454,2054,sport,golf,Dustin Johnson: How 'Grandpa' led Team US' young stars to Ryder Cup history - CNN,4800,820
669,2055,sport,sport,Free Solo: Oscar-winning director Jimmy Chin on risking it all for the perfect shot  - CNN,7004,1186
3986,2056,sport,football,Neymar says the 2022 FIFA World Cup is his last  - CNN,1969,341
2791,2057,news,europe,A 'Bubble Barrier' is trapping plastic waste before it can get into the sea - CNN,9617,1559
2016,2058,news,europe,Neanderthals disappeared from Europe thousands of years earlier than we thought - CNN,3372,523
4004,2059,sport,tennis,Emma Raducanu says she needs to cut herself 'some slack' after defeat by Aliaksandra Sasnovich at Indian Wells - CNN,3202,533
1894,2060,news,europe,They wanted democracy for Belarus. Instead they say they were beaten and raped by police - CNN,11964,2012
1585,2061,sport,football,Cristiano Ronaldo scores twice in Juventus win - CNN,1516,234
226,2062,politics,politics,Biden: A brutal poll number for the president - CNNPolitics,1833,327
989,2063,news,us,The geography of climate confusion: a visual guide - CNN,9137,1478
3944,2064,news,europe,"Lava from La Palma volcano sparks cement factory fire, pushing 2,500 people into lockdown - CNN",1742,289
2710,2065,news,europe,"This rabbi is joining the German army, 90 years after Hitler expelled Jewish soldiers - CNN",9678,1579
1509,2066,news,europe,Belgium protests over a man's death in police custody result in more than 100 arrests - CNN,3012,473
1337,2067,politics,politics,Arizona election audit: His cybersecurity firm is working on the 'audit'. But people who know him have questions - CNNPolitics,11884,1899
2807,2068,news,australia,Teenager in critical condition after breaching whale lands on fishing boat   - CNN,4855,819
4160,2069,sport,football,"Barcelona vs Benfica: Barça's Champions League hopes on knife edge, but club may have found its new star - CNN",2345,382
4040,2070,news,europe,Dinky dinosaur was the smallest of its kind when it roamed Wales 200 million years ago - CNN,3525,578
2463,2071,sport,football,Liverpool goalkeeper Alisson scores stoppage-time winner against West Bromich  - CNN,2647,440
3288,2072,sport,sport,"Success of Suni Lee, Jay Litherland and Justine Wong-Orantes at Tokyo 2020 reflects long, hard fight for Asian-American athletes - CNN",9623,1547
1421,2073,news,europe,English National Opera singers are helping 'long Covid' patients breathe - CNN,3598,545
725,2074,business,tech,Sports are canceled. Esports are still around - CNN,5302,819
4382,2075,sport,sport,"Robert Sarver, owner of Phoenix's NBA and WNBA teams, to be investigated after ESPN report - CNN",5926,943
2159,2076,news,europe,Russia plans to launch own space station after quitting ISS - CNN,1973,325
2263,2077,news,uk,Analysis: The Queen has lost her 'strength and stay' - CNN,17613,2904
1790,2078,sport,sport,Top Tokyo Olympics organizing official apologizes for sexist remarks that women talk too much in meetings - CNN,3620,593
1410,2079,news,europe,"Novavax vaccine is 89% effective in UK trial, but less so in South Africa - CNN",6316,1030
3607,2080,news,europe,Italy to mandate Covid-19 'Green Pass' for all workers - CNN,2831,464
3113,2081,sport,tennis,Novak Djokovic reaches Wimbledon final after beating Denis Shapovalov - CNN,3508,598
2976,2082,sport,sport,Tokyo 2020 isn't the first Olympic Games to battle a pandemic  - CNN,9979,1617
1203,2083,health,health,Honoring the soundtrack of my mother's life - CNN,13873,2470
3076,2084,sport,football,Christian Pulisic under fire from animal rights group following stunt involving vulnerable species  - CNN,3101,504
2731,2085,news,europe,Analysis: Putin got exactly what he wanted from Biden in Geneva - CNN,6069,999
1547,2086,sport,football,AC Milan: Serie A title bid gathers pace for European football's most improved team - CNN,3197,541
600,2087,sport,sport,Remi Lindholm: Cross-country skier suffers frozen penis at Beijing 2022 - CNN,1487,258
4723,2088,sport,football,England hammers Latvia 20-0 in record-breaking World Cup qualifier - CNN,2088,321
4231,2089,news,europe,Aid workers face trial in Greece for spying after refugee rescues - CNN,2920,467
2353,2090,sport,sport,"French Open champ Rafael Nadal, in 5 statues - CNN",3293,538
1696,2091,sport,football,RB Leipzig vs. Liverpool FC: Champions League fixture moved to Budapest amid travel restrictions - CNN,5518,896
1427,2092,sport,golf,Rasmus Hojgaard: The teenage twins pushing each other to pro golf success - CNN,6384,1152
3814,2093,sport,football,"El Clasico: Lionel Messi and Cristiano Ronaldo helped redefine bitter club rivalry, but without either star will world still be watching? - CNN",5362,881
3226,2094,sport,football,"Juventus: Cristiano Ronaldo wants to leave, says manager Massimiliano Allegri - CNN",3460,566
4263,2095,sport,sport,"Azeem Rafiq: 'You lot sit over there near the toilets,' says former cricketer as he details racial harassment and bullying - CNN",10720,1748
2062,2096,sport,football,"FC Barcelona faces seminal presidential elections amid chaos, scandal and anger - CNN",5506,907
2944,2097,news,europe,"Explosion rocks German chemicals site, killing one person and severely injuring workers  - CNN",1779,278
4038,2098,sport,football,Asisat Oshoala: How a grandmother's belief gave birth to an African soccer superstar - CNN,7973,1307
941,2099,news,weather,How to survive an avalanche - CNN,4178,726
4221,2100,sport,sport,Bryan Habana: Springboks great says he would have taken the knee as a player if he had the opportunity - CNN,6573,1110
3092,2101,sport,football,"Bukayo Saka, Jadon Sancho, Marcus Rashford: racist abuse after Euro 2020 final condemned by Gareth Southgate - CNN",9528,1547
2165,2102,news,europe,Queen Elizabeth spends her first birthday without Prince Philip - CNN,3776,640
2418,2103,news,europe,"Queen Elizabeth visits UK's largest warship, as it set sails for South China Sea - CNN",3944,638
3982,2104,sport,football,France wins UEFA Nations League as VAR decision leaves Spain frustrated - CNN,2938,494
2102,2105,news,europe,"Turkey enters first national lockdown as Covid-19 cases rise
 - CNN",3128,511
2472,2106,news,uk,Boris Johnson is using culture wars to cement his grip on power. That's a big risk in angry and divided Britain - CNN,10548,1697
3752,2107,sport,sport,Alex 'Chumpy' Pullin: Olympian widow welcomes daughter 15 months after his death - CNN,2674,434
4574,2108,sport,tennis,"Emma Raducanu tests positive for COVID-19, out of exhibition event in Abu Dhabi - CNN",1407,220
574,2109,sport,tennis,The Naomi Osaka fiasco is a sign that we're nowhere near finished with work on mental health - CNN,6766,1073
2454,2110,sport,sport,How Nike cornered the running shoe market  - CNN,7097,1179
4500,2111,sport,sport,Las Vegas Raiders snatch last-gasp victory over Covid-depleted Browns to preserve playoff hopes - CNN,4219,687
3193,2112,sport,football,Euro 2020: Belgium vs. Italy headlines enthralling quarterfinals - CNN,8518,1375
4349,2113,sport,football,Eddie Howe appointed new Newcastle United Head Coach - CNN,2859,480
2456,2114,sport,sport,"Fury vs Joshua fight jeopardized as arbitrator rules Fury must face Wilder, - CNN",1271,191
4045,2115,news,europe,La Palma volcano: Lava flow thickens after volcanic crater collapses - CNN,2038,338
1157,2116,news,us,The US rescued her. Now it wants to return her to Haiti. - CNN,19383,3254
132,2117,sport,sport,"The Winter Olympics don't really represent the world: Costs, climate and quotas keep the majority off the podium - CNN",23886,3903
1313,2118,politics,politics,Candidates echo fake Arizona fraud claims with an eye on 2022 - CNNPolitics,9812,1601
247,2119,politics,politics,Arizona is ground zero for election changes - CNNPolitics,5728,927
3817,2120,news,europe,How the West made the most dangerous version of Putin  - CNN,8483,1366
2465,2121,sport,sport,Kobe Bryant among Class of 2020 officially inducted into Basketball Hall of Fame - CNN,2796,468
4518,2122,sport,sport,"NBA to allow teams with Covid-19 issues to sign replacement players, memo says - CNN",1925,321
2004,2123,sport,sport,Texas Rangers could be first sports team with full house since pandemic stopped sports - CNN,3477,567
4225,2124,sport,tennis,Peng Shuai: Chinese state media release alleged email from tennis star amid worry over whereabouts - CNN,8735,1388
687,2125,sport,motorsport,Italian GP: Ferrari records worst home qualifying performance since 1984 - CNN,2998,504
1785,2126,sport,football,Nanu: Porto defender suffers spinal cord injury after collision with goalkeeper  - CNN,1908,308
2024,2127,sport,golf,Bryson DeChambeau gets text from Tiger Woods; then wins Arnold Palmer invitational - CNN,3446,590
2180,2128,sport,football,Paris Saint-Germain ends Lyon's stranglehold on Women's Champions League - CNN,3222,523
104,2129,sport,sport,"Brittney Griner: 'It's the most audacious hostage taking by a state imaginable,' says former captive - CNN",9535,1577
3507,2130,sport,sport,"NBA's Knicks, Nets, Warriors prepare for Covid-19 vaccine policies set by home cities - CNN",3051,492
3754,2131,sport,sport,Cardinals vs Packers: No more undefeated teams in NFL as Arizona loses on last-second interception - CNN,3924,659
2414,2132,sport,motorsport,Max Verstappen wins Monaco Grand Prix to take drivers' championship lead - CNN,4244,722
1481,2133,news,europe,"World leaders welcome Biden with praise, pleas, and parting shots at Trump - CNN",16035,2494
3249,2134,sport,sport,South Korea: Paralympic basketball team inspired by coach who died of cancer - CNN,6658,1136
629,2135,sport,sport,"Explaining ice hockey jargon: An apple, a biscuit and a cherry picker - CNN",2431,418
2085,2136,sport,sport,Yohan Blake: Sprinter says he would rather miss Olympics than get Covid-19 vaccine - CNN,1925,319
589,2137,sport,golf,US Women's Open: Juggling a pro golf career when you're a Mom - CNN,8929,1543
2387,2138,news,uk,Dominic Cummings: Boris Johnson's former senior adviser says UK fell 'disastrously short' on Covid-19 - CNN,9061,1467
4452,2139,sport,football,Cristiano Ronaldo: Not for the first time a statue of soccer superstar is dividing opinion. This time it's in India - CNN,4250,677
2752,2140,sport,sport,"Tim Sparv, Finland captain, said he 'really feared the worst' for Christian Eriksen after collapse - CNN",4614,771
1751,2141,sport,football,Mike Dean: Premier League referee and family receive online death threats - CNN,3561,560
4054,2142,sport,football,Liverpool vs Man City: Mohamed Salah scores stunning solo goal - CNN,4063,684
1618,2143,sport,golf,Annika Sorenstam's return to golf brings 'Tiger feeling' after 13-year absence - CNN,4000,712
1784,2144,news,europe,"Female Nazi concentration camp secretary charged with complicity in 10,000 murders in Germany  - CNN",2383,383
943,2145,news,weather,Wind chill is a real threat. It can and will harm you. - CNN,3714,636
3448,2146,news,europe,96-year-old woman who fled Nazi war crimes trial is found - CNN,2221,373
1449,2147,sport,tennis,Burns supper: Australian Open tennis stars urged not to feed mice in hotel rooms - CNN,2550,407
4254,2148,sport,football,Benjamin Mendy: Manchester City defender facing two additional rape charges - CNN,1242,189
4460,2149,sport,sport,Monday Night Football: Miami Dolphins defeat the hapless New Orleans Saints  - CNN,3503,584
3619,2150,news,europe,Will Biden's mandates work? Macron's vaccine pass gamble may hold some clues - CNN,10523,1707
1991,2151,news,europe,Harry S: 96-year-old accused of being Nazi concentration camp guard deemed 'unfit' for trial - CNN,3303,535
3470,2152,news,europe,Public urination at Glastonbury Festival leaves traces of cocaine and MDMA in river - CNN,3754,581
2124,2153,sport,football,Zlatan Ibrahimovic investigated by UEFA over 'alleged financial interest' in betting company - CNN,2160,316
67,2154,entertainment,entertainment,Bob Odenkirk would like to be more like Bob Saget  - CNN,1070,189
4373,2155,sport,sport,NYC Marathon: Kenenisa Bekele ready to 'make more history' as the New York City Marathon returns - CNN,4889,850
4545,2156,news,uk,What Christmas looks like at the Queen's house - CNN,13966,2329
3126,2157,news,europe,European Union urged to punish Hungary over law criticized as homophobic - CNN,3164,484
1463,2158,sport,football,Liverpool's shock defeat to Burnley ends 68-game unbeaten run at Anfield - CNN,3779,657
4326,2159,sport,tennis,Emma Raducanu loses in Austria as she announces Torben Beltz as new head coach - CNN,2642,457
4269,2160,news,europe,Austria to impose Covid lockdown for the unvaccinated aged 12 and older - CNN,4735,722
3895,2161,news,australia,Australia to vaccinate koalas against chlamydia in clinical trial - CNN,1977,304
3492,2162,news,europe,Germany election results: SPD narrowly wins against Merkel's CDU but uncertainty remains over next leader - CNN,8676,1419
4525,2163,sport,football,Premier League: Manchester City extends lead at the top as Chelsea loses ground in title race - CNN,2312,372
4511,2164,news,uk,Boris Johnson: Photo appears to show British PM drinking wine with Downing Street staff during coronavirus lockdown - CNN,3272,530
3351,2165,sport,sport,India just had its best ever Olympics. Many hope its success will usher in a new era of Indian sport  - CNN,5698,925
3185,2166,sport,football,UK residents' tickets cancelled for Ukraine v England match at Italy's request  - CNN,3325,521
2388,2167,news,europe,"Belarus: 'All Belarusians are hostages to Lukashenko's regime,' say citizens now cut off from Europe - CNN",7946,1279
2549,2168,sport,sport,"John Means: Orioles pitcher could have had a perfect game, but for one weird baseball rule - CNN",1765,301
251,2169,politics,politics,Why the 2022 midterm elections look like the opposite of 2018 - CNNPolitics,5555,951
4684,2170,sport,sport,SEC Championship: What's at stake for Georgia as they face Alabama - CNN,8023,1394
4589,2171,sport,sport,Kevin Durant drops NBA-high 51 points in Brooklyn Nets win over Detroit Pistons - CNN,2020,350
1319,2172,news,us,"'Tragedy beyond tragedy': Over a week after Surfside condo collapse, questions remain unanswered - CNN",19710,3253
1257,2173,news,us,Billionaire's Beach just got a lot less exclusive - CNN,10910,1830
1097,2174,health,health,"Anatomy of a 97,000% drug price hike: One family's fight to save their son - CNN",45924,7575
3368,2175,news,europe,Enrico Letta Fast Facts - CNN,2212,322
2547,2176,sport,football,Chelsea humbles Real Madrid to set up all English Champions League final - CNN,3810,652
3554,2177,news,uk,Boris Johnson admits he has six children - CNN,1740,292
74,2178,entertainment,entertainment,Adele has another concert special coming - CNN,966,152
3399,2179,sport,football,Jack Grealish:  Manchester City signs England star from Aston Villa - CNN,3882,623
2985,2180,sport,sport,Olympic greats call on IOC to allow podium protests - CNN,3893,636
1357,2181,politics,politics,Former state senator Frank Artiles charged in spoiler candidate scheme - CNNPolitics,4044,635
3254,2182,sport,sport,"Jimmy Hayes: Former NHL player dies aged 31, months after the birth of his son
 - CNN",3140,516
2042,2183,sport,golf,How otters and beavers returned to one of the world's greatest golf courses - CNN,11916,2008
2008,2184,sport,tennis,Roger Federer defeats Dan Evans as he returns for first match in 13 months - CNN,2715,477
75,2185,entertainment,entertainment,Critics Choice Awards 2022: See the full list of winners - CNN,7462,1014
1698,2186,news,europe,Hit TV show It's A Sin exposes failure to learn the lessons of the past - CNN,7727,1315
2515,2187,news,europe,"Alexey Navalny: Alexander Murakhovsky, former chief doctor at hospital that treated Kremlin critic, is found alive - CNN",3782,596
2653,2188,news,europe,HMS Defender: Russia says 'London has lost its manners' as UK plays down Crimean naval confrontation - CNN,6812,1098
2091,2189,sport,football,"Lionel Messi: A pair of Barcelona star's football boots auctioned for $173,000 - CNN",2047,320
1903,2190,news,uk,Prince Harry invokes his mother's memory in foreword to new book for bereaved children of frontline workers - CNN,5286,959
839,2191,news,us,US Food Banks survive coronavirus demand to face new problems: supply chain disruption and rising food prices - CNN,2660,423
1191,2192,health,health,'I had an abortion': 'Pro-voice' replaces judgment with conversation - CNN,15356,2595
4677,2193,news,europe,Police clash with protesters in Brussels at demonstration over Covid-19 measures - CNN,1904,277
2241,2194,news,uk,Prince Philip death: Harry pays tribute to 'cheeky' grandpa Prince Philip as he arrives in UK for funeral  - CNN,5671,964
1981,2195,sport,tennis,Andy Murray pulls out of Dubai Open after arrival of fourth child - CNN,1921,322
3353,2196,news,australia,Australia expands Covid-19 lockdown as Sydney records its highest daily case count - CNN,3445,541
2170,2197,sport,sport,"Black Lives Matter: Ayesha McGowan is the first Black American woman in pro cycling
 - CNN",9222,1561
2392,2198,news,uk,Sasha Johnson: UK's Black Lives Matter activist in critical condition after being shot in head in London - CNN,5607,914
2300,2199,news,europe,Nearly 28 tons of cocaine seized after police access encrypted network - CNN,2981,452
3861,2200,news,europe,Russia Covid: Moscow orders unvaccinated over-60s to stay home for 4 months - CNN,6297,980
2783,2201,sport,football,Denmark star Christian Eriksen in stable condition after collapsing during match against Finland - CNN,4066,638
2719,2202,sport,sport,Sang Ho Baek: George Mason University baseball pitcher dies after complications from Tommy John surgery - CNN,1468,222
3471,2203,sport,football,Super League: UEFA forced to drop disciplinary proceedings against remaining clubs - CNN,4177,658
779,2204,news,africa,The Nigerian schoolgirls fighting against child marriage - CNN,8547,1415
2011,2205,news,uk,Sarah Everard: UK police officer arrested on suspicion of murder in hunt for missing woman - CNN,3038,480
3359,2206,news,australia,Australian soldier injured after crocodile attack in Queensland - CNN,1820,283
3136,2207,sport,football,Coldstream Guards play 'Three Lions' on Prince Charles' lawn ahead of England vs Denmark game - CNN,1577,250
3582,2208,news,europe,Italy cannabis referendum likely next year - CNN,3651,581
4550,2209,news,europe,Germany anti-vaxxer murder plots and threats pose challenge for new chancellor - CNN,4739,714
2302,2210,sport,sport,North Korea reportedly won't participate in Tokyo Olympic Games - CNN,3159,507
1705,2211,sport,tennis,Serena Williams shares video of her 3-year-old daughter Olympia training with tennis coach Patrick Mouratoglou - CNN,2377,386
3905,2212,sport,sport,Beijing 2022: Human rights activists unfurl 'No Genocide Games' banner at flame-lighting ceremony - CNN,3209,497
1826,2213,news,uk,"Meghan and Harry weren't legally married before public wedding, archbishop says - CNN",2931,468
3176,2214,news,europe,"Vatican indicts 10 people, including a cardinal, over an international financial scandal - CNN",2762,408
705,2215,sport,motorsport,Ellie Goulding: Formula E is 'literally the future' - CNN,4260,712
242,2216,politics,politics,California's new congressional maps produce a scrambled playing field  - CNNPolitics,17058,2773
4469,2217,news,europe,Greek shipwreck: At least 16 migrants killed - CNN,2094,326
2381,2218,news,uk,Sasha Johnson: Five arrested in connection with shooting of British BLM activist  - CNN,1753,287
683,2219,sport,motorsport,Sebastian Vettel will join Aston Martin F1 team from 2021 - CNN,3085,514
4517,2220,sport,football,Jurgen Klopp fumes over refereeing decisions after Liverpool's entertaining draw against Tottenham  - CNN,6217,1036
1429,2221,sport,sport,Sekou Smith: NBA reporter and analyst dies of Covid-19 - CNN,3128,526
4303,2222,sport,football,Emiliano Sala: Flight organizer sentenced over crash that killed football star - CNN,2133,335
3004,2223,news,europe,Hungary plans referendum on law criticized by EU as homophobic - CNN,4114,631
2595,2224,sport,tennis,"Ashleigh Barty discusses Wimbledon, her Olympic 'dream' and being her 'authentic self' with the media - CNN",5352,937
2110,2225,news,australia,"Targeting Asia-Pacific defense, Australia to spend $580m on military upgrades - CNN",3216,480
2918,2226,sport,sport,Simone Biles says fans' support is helping her realize that she's more than her gold medals - CNN,9801,1561
4070,2227,news,uk,Analysis: Britain's royal family love James Bond. There's a few reasons for that - CNN,11632,1904
3839,2228,sport,sport,NYT: Agreement reached to scrap race as a factor in NFL concussion settlements - CNN,3137,510
3035,2229,news,europe,Havana Syndrome reported among US diplomats in Vienna - CNN,2781,423
3279,2230,sport,football,Euro 2020 final at Wembley was a 'superspreader' event - CNN,2526,418
3558,2231,sport,sport,Simone Biles excited for highly-anticipated Gold Over America Tour - CNN,2972,502
3600,2232,sport,football,World Cup 2022: Qatar is ready as it strongly contests accusations of workers' rights abuses  - CNN,23125,3767
4069,2233,news,europe,"Fertility treatments for lesbian and single women legalized in France. A sperm shortage could slow things down
France has legalized fertility treatments for lesbian and single women. But a sperm shortage could slow things down. 
 - CNN",5767,1001
4727,2234,sport,tennis,"Peng Shuai: 'Unanimous conclusion' that tennis star is 'fine,' says IOC member Dick Pound - CNN",4611,721
4394,2235,sport,sport,Gary Ballance: Cricketer admits using racial slur towards former Yorkshire teammate Azeem Rafiq - CNN,3387,559
3939,2236,sport,sport,Jon Gruden: EA Sports are 'taking steps' to remove former Las Vegas Raiders head coach from Madden NFL 22 - CNN,2991,491
1982,2237,news,uk,Sarah Everard: Police identify body of woman who went missing in London - CNN,3647,572
2119,2238,sport,sport,How Maya Gabeira overcame a life-threatening accident to surf two record-breaking waves - CNN,10483,1830
4646,2239,sport,sport,IOC defends 'silent diplomacy' in Peng Shuai case  - CNN,4591,745
1165,2240,news,us,The spiritual message hidden in 'Star Wars'  - CNN,11649,1911
1708,2241,sport,tennis,"Australian Open: Jessica Pegula, daughter of NFL team owners, stuns No. 5 seed Elina Svitolina to make quarterfinals - CNN",2803,464
3000,2242,sport,sport,Women's soccer teams take a knee ahead of opening Olympic Games matches  - CNN,2725,446
4689,2243,sport,sport,LeBron James cleared from NBA's Covid-19 health and safety protocols - CNN,2568,422
3389,2244,sport,sport,Quinn: First out trans Olympian isn't just thinking about medals at Tokyo 2020  - CNN,7688,1297
2490,2245,news,uk,"Boris Johnson is cracking down on voter fraud in UK elections. But like in the US, it's a myth - CNN",7226,1195
1876,2246,news,uk,Boris Johnson's latest gaffe could threaten Britain's vaccine rollout - CNN,4351,700
2605,2247,sport,tennis,Serena Williams forced to retire from first-round Wimbledon match due to injury - CNN,2346,382
3969,2248,sport,tennis,"Australian Open: Get vaccinated if you want to play grand slam, minister tells players - CNN",2669,405
3332,2249,sport,sport,Hansle Parchment thanks volunteer who helped him reach semifinal - CNN,2386,405
4535,2250,sport,football,Cristiano Ronaldo and Georgina Rodriguez reveal sex of unborn twins in video - CNN,2274,378
2236,2251,news,europe,"Prince Philip funeral: Queen Elizabeth's longtime consort, will be laid to rest in low-key ceremony - CNN",11447,1861
1684,2252,sport,sport,South Korean volleyball twins Lee Jae-yeong and Lee Da-yeong dropped amid bullying scandal - CNN,4879,761
4281,2253,news,europe,Belarus-Poland border crisis: Families face bitter nights without shelter - CNN,14168,2239
4152,2254,sport,golf,Bryson DeChambeau vs. Brooks Koepka: How an internet meme helped fuel sport's biggest rivalry - CNN,5309,886
4418,2255,sport,football,Sepp Blatter and Michel Platini indicted for fraud in Switzerland - CNN,4821,781
1940,2256,sport,sport,Timur Faizutdinov: Russian hockey player dies after being hit by puck  - CNN,993,162
4323,2257,sport,sport,"Nikola Jokic suspended for one game, Markieff Morris fined $50,000 after on-court altercation  - CNN",2951,502
3545,2258,news,europe,Germans shocked by killing of cashier after Covid mask argument - CNN,2401,382
772,2259,news,middleeast,How a consulate in Lebanon became feared by the women it was meant to help  - CNN,17239,2837
2948,2260,sport,sport,Uche Eke becomes first gymnast to compete for Nigeria at the Olympics - CNN,5838,1052
1402,2261,sport,tennis,Sofia Kenin: 'The atmosphere is going to be loud' at the Australian Open - CNN,6638,1109
2145,2262,news,uk,Prince Louis turns 3 and there's a new photo to mark the occasion - CNN,1230,204
1712,2263,sport,tennis,"Australian Open: Rafael Nadal eases into quarterfinals, remains on course for record-breaking grand slam - CNN",2542,424
252,2264,politics,politics,Here's why Democrats' chances of winning in November are slipping - CNNPolitics,4614,772
4264,2265,sport,football,England scores double digits to thrash world's lowest-ranked team San Marino  - CNN,4115,681
4049,2266,sport,football,Park Ji-sung: Ex-Manchester United star urges fans to stop singing his chant which includes racial stereotype  - CNN,2438,410
4242,2267,sport,sport,Canelo Alvarez to fight Ilunga Makabu in bid to become a five-division titleholder - CNN,2717,423
800,2268,news,africa,"Cycle of shame: Harassed in the street, then again on social media
 - CNN",13467,2218
3297,2269,sport,tennis,Dominic Thiem: Defending champion to miss US Open and rest of 2021 season due to wrist injury - CNN,2597,475
3392,2270,news,australia,Australia Covid-19: Sydney suffers 5 deaths and record cases as lockdowns extended  - CNN,5182,829
1782,2271,news,europe,Russia: Alexey Navalny in court as EU foreign affairs chief Josep Borrell visits Moscow - CNN,6460,1026
2513,2272,sport,golf,Rory McIlroy claims first win in 18 months and first as a dad - CNN,3858,682
4436,2273,sport,sport,Calvin Ridley: Atlanta Falcons star to 'step away from football' to focus on mental health - CNN,2155,373
2273,2274,news,uk,Meghan and Harry say Prince Philip will be 'greatly missed' - CNN,2402,387
2351,2275,sport,sport,Kyrie Irving: NBA star says some fans are treating players like 'they're in a human zoo'  - CNN,2182,370
2035,2276,news,europe,Switzerland votes to ban face covering - CNN,3958,617
2738,2277,news,uk,Digby the dog saves woman who was on the verge of taking her own life - CNN,2452,412
1121,2278,health,health,Kids for sale: 'My mom was tricked' - CNN,28259,4691
244,2279,politics,politics,"Bloody Sunday anniversary: Harris walks across Edmund Pettus Bridge in Selma, Alabama - CNNPolitics",4266,696
2589,2280,sport,sport,"Indian Premier League: As India battles a devastating second wave of Covid-19, cricket plays on  - CNN",6918,1134
3952,2281,sport,football,FIFA president floats Israel as possible World Cup 2030 co-hosts - CNN,1523,240
1679,2282,sport,tennis,Naomi Osaka denies Serena Williams a shot at record-tying 24th major title at Australian Open - CNN,3211,533
1067,2283,news,us,US bishops conference: Vatican orders delay in taking action on sexual abuse crisis  - CNN,5715,915
1974,2284,sport,golf,Players Championship: Two golfers score hole-in-ones  - CNN,2795,482
2466,2285,sport,tennis,Roger Federer calls for end to Tokyo Olympics uncertainty - CNN,2700,470
2475,2286,sport,football,Manchester United vs. Liverpool: Two arrests made during fan protests outside Old Trafford - CNN,6342,1024
4662,2287,news,europe,"Oleksiy Reznikov, Ukraine's defense minister warns there will be a 'bloody massacre' if Russia invades - CNN",4188,677
558,2288,sport,football,Barcelona suffers record defeat against Bayern Munich in Champions League - CNN,5716,959
1695,2289,news,uk,"British veterans, sacked for being gay, allowed to get their medals back - CNN",3275,523
2375,2290,news,uk,Stephen Hawking's archive and office acquired by UK cultural giants in tax deal worth millions - CNN,3092,472
3670,2291,news,europe,How Ukraine planned to lure Russian mercenaries into a trap  - CNN,11048,1736
897,2292,news,opinions,Climate change is a form of terror (Opinion)  - CNN,15777,2659
3893,2293,sport,golf,Australian golfer who is 99 years old makes hole-in-one - CNN,2003,347
1375,2294,politics,politics,Former Trump campaign staffers worked on National Mall rally the day of the Capitol riot - CNNPolitics,9177,1497
2380,2295,sport,football,John Stones believes Champions League final is just the 'beginning' for Manchester City - CNN,6213,1078
4046,2296,sport,football,Union Berlin apologizes over anti-Semitic incidents at match against Maccabi Haifa - CNN,2869,436
3373,2297,news,europe,"'Trainspotting' turned a spotlight on Scotland's heroin problem. 25 years on, it's Europe's drug death capital - CNN",8146,1313
1845,2298,sport,sport,Sachin Tendulkar coronavirus: Indian cricket legend says he's tested positive for Covid-19 - CNN,2285,363
1471,2299,news,uk,"Glastonbury 2021 canceled, with festival called off for second consecutive year - CNN",2819,455
1540,2300,sport,sport,Australia vs. India Test: Fans ejected from Sydney Test as cricket launches probe into alleged racist abuse - CNN,4161,671
3805,2301,news,europe,German police stop far-right vigilantes attempting to patrol Polish border - CNN,4007,628
471,2302,entertainment,entertainment,'Super Pumped: The Battle for Uber' review: Joseph Gordon-Levitt and Kyle Chandler star in Showtime's latest tech titan takedown - CNN,3958,609
2540,2303,sport,football,Ed Sheeran to sponsor boyhood club Ipswich Town - CNN,2146,366
2740,2304,sport,football,Denmark star Christian Eriksen to be fitted with heart starter - CNN,2411,372
3485,2305,news,europe,"SPD wins most seats in Germany's landmark election, preliminary official results show  - CNN",8274,1371
4203,2306,sport,tennis,Australian Open: Tennis Australia CEO says players must be vaccinated to play in grand slam - CNN,3227,533
2590,2307,news,europe,The Siege of Sarajevo lasted for years -- now the city's battle with Covid-19 is dragging on with no end in sight - CNN,11187,1833
4310,2308,sport,sport,Dalvin Cook's former girlfriend filed a lawsuit accusing the Vikings running back of assault and other allegations  - CNN,4816,792
4065,2309,sport,football,Manchester United vs. Everton: Cristiano Ronaldo is named on the substitutes' bench as Andros Townsend goal grabs draw - CNN,3052,495
4169,2310,news,europe,"Lobsters and crabs are sentient beings and shouldn't be boiled alive, UK report says - CNN",3640,558
4147,2311,news,europe,Russia's Putin tests experimental intranasal Covid-19 vaccine - CNN,3315,501
2716,2312,sport,sport,American Ryan Crouser breaks shot put world record - CNN,1585,263
2792,2313,sport,tennis,Stefanos Tsitsipas reaches first career grand slam final with win over Alexander Zverev at French Open - CNN,1476,258
4445,2314,sport,football,Romelu Lukaku: Thomas Tuchel surprised by striker's 'unhelpful' comments on dissatisfaction and Inter return - CNN,4750,810
1445,2315,news,uk,UK lockdown: Brits fear it will take much longer to beat the new coronavirus variant - CNN,9096,1516
4067,2316,news,europe, Alexander Lukashenko: Belarusian strongman tries to turn the tables in combative interview - CNN,8301,1357
3147,2317,sport,sport,NBA Finals 2021: How to watch as the Phoenix Suns and Milwaukee Bucks face off - CNN,4224,730
1467,2318,news,uk,Cannabis factory found near the Bank of England - CNN,1719,273
1032,2319,news,us,The Supreme Court may take a chunk out of MLK's legacy - CNN,26112,4256
3162,2320,news,europe,LGBTQ campaigner 'happy to be alive' after attack on Pride march offices in Georgia - CNN,3333,510
1846,2321,news,europe,The pandemic is stirring deep resentments in Europe. They may not be quick to heal - CNN,8648,1409
4559,2322,sport,football,Sergio Aguero announces retirement from football following heart problems - CNN,3283,559
926,2323,news,opinions,COP21: Why more women need seats at the table - CNN,12822,1884
3077,2324,sport,football,"Euro 2020: Azzurri's victory over England caps Italian football's ""renaissance""  - CNN",5741,924
2046,2325,news,uk,Prince Philip moves to King Edward VII Hospital after heart procedure - CNN,1344,207
4501,2326,sport,football,Premier League witnesses surge in Covid-19 cases with 77% of players double jabbed  - CNN,3959,635
937,2327,news,world,"With war raging, this CNN Hero is racing to aid Ukraine's Holocaust survivors - CNN",3565,571
3886,2328,sport,football,English Premier League says 68% of players are fully vaccinated - CNN,2142,341
1899,2329,news,uk,Royal family says they may consider appointing diversity chief - CNN,2306,385
3275,2330,sport,sport,Afghanistan's first female Olympian says women will not give up their liberties easily - CNN,22953,3731
1557,2331,sport,sport,'You just show them the photos.' How LeBron James says he talks to his children about the double standard of the US Capitol riots - CNN,3411,600
4117,2332,sport,football,Chelsea and Manchester United play out pulsating draw in Premier League - CNN,4845,836
338,2333,business,homes,Manhattan rents rise to an all-time high - CNN,3161,532
2107,2334,sport,sport,IPL: Australian cricketers wear full PPE on flight to Delhi; Aussie PM tells IPL stars to make 'own arrangements' to return home - CNN,5069,830
3701,2335,sport,golf,Joaquin Niemann records fastest ever Tour Championship round - CNN,4563,802
4257,2336,news,europe,Europe Covid: Leaders turns the screws on the unvaccinated - CNN,5240,828
2160,2337,news,uk,"'Pervasive racism' left tens of thousands of Black and Asian war dead uncommemorated, UK inquiry findss - CNN",6698,1039
2331,2338,sport,football,David Moyes: The Premier League manager who spent lockdown delivering fruit - CNN,6418,1133
3404,2339,sport,sport,Skateboarding in the Olympics: Why some are welcoming the sport's inclusion - CNN,8443,1323
4377,2340,sport,sport,Modern Pentathlon opts to remove horse riding from competition - CNN,2906,454
356,2341,business,perspectives,"Opinion: Home prices could soar another 20% this year, but Black families are struggling to benefit - CNN",6594,1061
1954,2342,sport,golf,Justin Thomas pays tribute to his grandfather after Players Championship victory - CNN,2884,494
2562,2343,sport,sport,How marathon runner Des Linden ventured into the 'unknown' and broke the 50km record - CNN,5823,1023
2318,2344,news,europe,Pope Francis leads scaled-down Easter Sunday mass - CNN,3392,530
4272,2345,sport,tennis,"Roger Federer unlikely to play Australian Open, says coach - CNN",2462,413
1603,2346,news,australia,Australia changes national anthem to reflect Indigenous history - CNN,5542,859
3567,2347,sport,football,Erling Haaland scores stunning lob to continue incredible Borussia Dortmund scoring streak - CNN,2677,408
3118,2348,sport,sport,"NBA Finals: Suns overcome Giannis Antetokounmpo's 42, grab 2-0 lead - CNN",5086,870
2954,2349,sport,sport,Athletes who've had to drop out of the Olympics because of Covid-19 - CNN,2239,321
1691,2350,sport,tennis,Ashleigh Barty stunned by Karolina Muchova in Australian Open quarterfinals - CNN,5213,910
887,2351,news,opinions,COP21 climate talks: Watching Greenland melt from Paris - CNN,4067,713
1537,2352,sport,football,Celtic draws with Hibernian after 15 players and coaching staff forced to self-isolate - CNN,4441,701
3521,2353,sport,golf,Bryson DeChambeau hits extraordinary 417-yard monster drive at Ryder Cup - CNN,1948,319
1139,2354,news,us,How ordinary people become 'white supremacists by default' - CNN,19729,3141
3046,2355,sport,football,Qatar's Ras Abu Aboud stadium is the first built in World Cup history that was meant to be torn down - CNN,5956,952
1173,2356,news,us,The secret costs of Islamophobia - CNN,26757,4313
3165,2357,news,europe,"Neanderthals engraved a deer bone more than 50,000 years ago - CNN",6369,1012
2989,2358,news,europe,"Anders Breivik killed 77 people in Norway. A decade on, 'the hatred is still out there' but his influence is seen as low - CNN",14262,2291
2050,2359,sport,sport,"Japan's Kane Tanaka, the world's oldest living person, will carry Tokyo 2020 Olympic flame - CNN",5709,967
3516,2360,news,uk,What we know about the Queen's Jubilee celebrations at Windsor - CNN,13492,2240
1575,2361,sport,golf,How Dustin Johnson's speedy approach could help golf's pace of play  - CNN,8934,1528
3713,2362,sport,sport,Keula Nidreia Pereira Semedo: Sprinter gets engaged minutes after Paralympics race  - CNN,2580,459
4608,2363,news,europe,Fugitive Portuguese banker arrested by South African authorities - CNN,3206,501
3765,2364,sport,football,Bayern Munich suffer historic 5-0 cup thrashing to Gladbach - CNN,3054,499
2580,2365,sport,motorsport,F1 results: Lewis Hamilton wins Portuguese Grand Prix to secure 97th career race victory - CNN,1473,237
352,2366,business,perspectives,Opinion: The labor shortage could lead to a recession next year - CNN,3906,635
2712,2367,news,europe,Thousands march for LGBT equality in Polish capital - CNN,2257,358
884,2368,news,world,COP21: Obama praises Paris climate change agreement - CNN,8468,1300
4413,2369,sport,football,Cristiano Ronaldo saves Manchester United point with dramatic goal - CNN,4668,788
3930,2370,news,europe,Poland passes legislation allowing migrant pushbacks at border - CNN,2766,419
3668,2371,sport,motorsport,Michael Schumacher's wife gives a rare insight into the family's life in new documentary - CNN,1739,292
2365,2372,sport,sport,Rebecca Rusch: 'The Queen of Pain' endurance athlete is reaching her ultimate peak - CNN,8610,1416
4093,2373,news,europe,Spain's La Palma volcano continues to wreak havoc more than 2 months on - CNN,2065,350
1057,2374,news,us,Trump's travel ban stranded her. America welcomed her. - CNN,20392,3522
4217,2375,sport,sport,Tim Paine: Australia Test cricket captain steps down over ​2017 texts sent to female colleague  - CNN,3219,538
4026,2376,news,europe,UK high court finds Dubai's Sheikh Mohammed hacked ex-wife's phone using spyware - CNN,4386,706
2512,2377,sport,football,Cristiano Ronaldo and Juventus could be facing a season without Champions League football - CNN,2753,474
4412,2378,sport,sport,"Lakers vs Rockets: Big Three shine as the LA beats Houston, Chris Paul moves to third in all-time assist list - CNN",3262,571
1047,2379,news,us,The polite way to call someone a racist - CNN,13176,2199
2360,2380,sport,football,Chelsea beats Manchester City to win the Champions League title  - CNN,4525,747
1681,2381,news,europe,Darya Chultsova and Yekaterina Andreyeva: Journalists given two years in prison for covering a protest in Belarus - CNN,3990,579
2152,2382,news,europe,France knife attack: Anti-terrorism probe launched after police officer stabbed to death - CNN,5093,793
3167,2383,news,europe,Pope Francis has surgery for colon diverticulitis - CNN,1491,221
2240,2384,news,europe,"Paris shooter is on the run, leaving behind one dead and one injured  - CNN",1823,285
4650,2385,news,europe,Keith Richards Fast Facts - CNN,4308,695
1966,2386,news,uk,Queen Elizabeth: Can the royal family survive after her death? - CNN,7008,1183
4541,2387,news,uk,Boris Johnson: Voters give scandal-hit UK Prime Minister 'a kicking' with by-election loss - CNN,4150,636
3401,2388,news,europe,Meet the 'seed detective' on a mission to save our rarest vegetables  - CNN,5188,862
3708,2389,sport,sport,Baylor women's basketball team is dropping 'Lady' from its name and will be known as the Bears - CNN,1814,303
1898,2390,sport,sport,Tokyo 2020: International spectators will be refused entry into Japan for Olympic Games - CNN,3292,505
1791,2391,sport,sport,"Winter Olympics: A year before the Beijing Games, more than 180 campaign groups are calling for a diplomatic boycott - CNN",4840,752
1225,2392,politics,politics,This is how the NRA loses - CNNPolitics,17261,2781
745,2393,news,world,Why CNN is launching a new series on skin whitening  - CNN,4311,695
2618,2394,sport,sport,Sydney McLaughlin obliterates women's 400m hurdles world record in a day of record heat  - CNN,1449,233
2122,2395,news,europe,UK Phone Hacking Scandal Fast Facts - CNN,16495,2587
235,2396,politics,politics,Supreme Court denies GOP challenges to congressional maps in North Carolina and Pennsylvania - CNNPolitics,7484,1132
2369,2397,sport,tennis,"French Open: Rafael Nadal, Novak Djokovic and Roger Federer all in same half of draw - CNN",3040,491
2143,2398,sport,sport,"Terrence Clarke, Kentucky basketball player and NBA prospect, has died following a car accident in LA - CNN",3570,613
4155,2399,sport,sport,LeBron James: Superstar gets fans ejected from game on return and hits clutch 3 in Lakers OT win - CNN,4303,720
1651,2400,sport,sport,Swimming: Ikee books Olympic qualifiers spot after leukaemia treatment - CNN,1213,192
2785,2401,news,uk,What to do -- and not do -- when you meet the Queen - CNN,16283,2795
3808,2402,news,uk,UK 'leaning towards' mandatory Covid vaccines for health care workers - CNN,2457,417
4340,2403,news,europe,France will require Covid-19 booster shots for older citizens' health passes - CNN,2614,416
1889,2404,sport,football,Cristiano Ronaldo: Juventus decides to keep 'best in the world' star - CNN,2245,365
2908,2405,sport,sport,Doping spat: Russian Olympic Committee hits back after US swimmer questions whether gold medal winner was '100% clean' - CNN,5562,917
1415,2406,sport,tennis,Naomi Osaka: Three-time grand slam champion invests in NWSL team North Carolina Courage - CNN,4565,776
26,2407,business,tech,Shenzhen lockdown: Foxconn halts operations as Covid hits tech hub - CNN,3757,579
372,2408,business,perspectives,Opinion: Expect markets to be on a wild ride until the Fed really starts raising rates - CNN,5089,865
3739,2409,sport,sport,Kyrie Irving: Nets owner Tsai unsure when unvaccinated star will play again - CNN,2030,369
4609,2410,sport,motorsport,Formula One: An important year comes to its thrilling conclusion  - CNN,4331,735
1505,2411,sport,sport,NFL playoffs: Quarterbacks Tom Brady and Drew Brees go head-to-head as New Orleans Saints play Tampa Bay Buccaneers - CNN,4508,778
3869,2412,sport,football,Newcastle United manager Steve Bruce leaves club by mutual consent after Saudi backed takeover - CNN,2972,489
2854,2413,sport,sport,Floyd Mayweather Jr. vs. Logan Paul: Boxing's bastardization continues apace - CNN,10931,1807
364,2414,business,perspectives,Opinion: Best Buy founder: What every US college should teach their students - CNN,5599,903
1371,2415,news,us,Vaccine rollout stumbles as a 'Hunger Games' approach leaves states and counties to fend for themselves  - CNN,9928,1603
737,2416,news,opinions,Filmmaker: Why I made 'Blackface' - CNN,7140,1234
333,2417,business,homes,Buying a home is more affordable than renting in these cities - CNN,4957,864
3478,2418,sport,sport,Simone Biles says she 'should have quit way before Tokyo' - CNN,4411,747
1233,2419,news,world,Haiti and the Dominican Republic: Faces of a divided island - CNN,39926,6654
969,2420,news,opinions,"Opinion: As people flee climate change on the coasts, this Midwest city is trying to become a safe haven - CNN",19806,3303
905,2421,news,opinions,Climate: 15 scary facts about rising seas (Opinion) - CNN,5159,868
3838,2422,news,europe,Russia Covid: Moscow announces new lockdown as coronavirus crisis deepens - CNN,2919,451
3433,2423,sport,sport,"How much are the gold, silver, bronze Olympic medals worth? - CNN",2989,520
1263,2424,entertainment,entertainment,'Foxcatcher': The crazy du Pont next door  - CNN,14850,2592
4317,2425,sport,football,Aminata Diallo: PSG player arrested in connection with an alleged attack on teammate - CNN,1859,291
1641,2426,news,uk,"Prince Philip has infection and will stay in London hospital for several days, palace says - CNN",2320,377
4674,2427,sport,sport,"From Simone Biles to skateboarding, these are the notable moments of the Tokyo Olympics - CNN",8162,1357
4683,2428,sport,sport,"Margaux Pinot: 'I thought I was dead,' says French judoka as partner released over domestic violence accusations  - CNN",4295,737
1077,2429,news,us,American cardinal says his own mother is 'embarrassed to be Catholic'  - CNN,6048,1071
3269,2430,sport,sport,Elaine Thompson-Herah: Olympic champion runs second fastest women's 100m of all time - CNN,1739,261
2450,2431,news,australia,Australian-India flight: Stranded passengers claim faulty Covid tests made them miss repatriation flight - CNN,8807,1392
2634,2432,sport,football,Belgium vs Portugal: Thorgan Hazard stunner knocks Portugal out of Euro 2020 - CNN,3736,625
1628,2433,sport,sport,Narendra Modi Stadium: World's largest cricket ground hosts its first Test match in India - CNN,2120,332
2395,2434,news,europe,Belarus: Roman Protasevich appears in video as fury mounts over 'hijacking' of Ryanair flight - CNN,14388,2198
3659,2435,news,europe,Ukrainian opposition demand investigation into failed sting operation detailed by CNN   - CNN,4574,690
875,2436,news,africa,Nigeria's 'techpreneurs' are using technology to provide life-changing solutions - CNN,7201,1117
117,2437,sport,golf,Nelly Korda: World No. 2 receiving treatment for a blood clot  - CNN,1941,332
1442,2438,sport,football,Chelsea sacks manager Frank Lampard - CNN,1839,289
3055,2439,sport,sport,"Australian and WNBA star Liz Cambage withdraws from Olympics, citing mental health - CNN",4109,682
1438,2440,sport,golf,2022 PGA Championship: 'Tough-but-fair' Tulsa course to host major after event taken away from Trump National Golf Club - CNN,2703,450
2706,2441,sport,football,Euro 2020: Fairytale comes true as Denmark grabs place in knockout stages - CNN,4834,750
4143,2442,news,europe,English Channel tragedy: At least 27 people dead after migrant boat sinks off French coast - CNN,8129,1293
3001,2443,sport,sport,Greg Knapp: New York Jets assistant coach in critical condition following bicycle accident - CNN,2288,386
4464,2444,sport,football,Edinson Cavani salvages point for Man United at Newcastle - CNN,2215,355
3010,2445,sport,sport,Netherlands thrashes Zambia 10-3 in women's football tournament to set new Olympics record - CNN,1733,281
3667,2446,sport,football,Nice docked points after crowd trouble halted match against Marseille  - CNN,2320,374
4009,2447,sport,sport,Tyson Fury vs. Deontay Wilder: How to watch trilogy fight between heavyweight stars to settle rivalry - CNN,3742,638
3040,2448,sport,football,Germany's Olympic soccer team walks off the pitch during friendly match over alleged racial abuse - CNN,2298,363
3592,2449,sport,sport,Virat Kohli to step down as India's T20 captain - CNN,2274,389
2426,2450,news,uk,Dominic Cummings may be about to take his revenge on Boris Johnson. It won't be pretty - CNN,11299,1881
2172,2451,sport,football,European Super League: Players and fans condemn controversial competition - CNN,5213,866
2886,2452,sport,sport,Atlanta Braves outfielder Marcell Ozuna granted bond in domestic violence case - CNN,2261,361
3210,2453,sport,golf,BMW Championship: Patrick Cantlay shows nerves of steel to win on sixth sudden-death hole - CNN,2223,391
1024,2454,news,world,Help refugees survive the Syrian conflict - CNN,1286,197
3782,2455,sport,golf,Tom Brady: Fan who gave historic 600th touchdown ball to quarterback asks for a round of golf in return - CNN,2604,455
2439,2456,sport,golf,John Daly leads 2021 PGA Championship for brief moment - CNN,1818,317
992,2457,news,world,Desert dancers highlight Andean culture - CNN,3833,603
3415,2458,sport,football,Eriksen reunited with Inter team-mates as he begins road to recovery - CNN,2298,361
1453,2459,sport,golf,Tyrrell Hatton wins Abu Dhabi Championship as Rory McIlroy fades on the final day - CNN,1827,310
1492,2460,sport,tennis,Australian Open 2021: Quarantining tennis players voice 'unequal practice' frustrations - CNN,6496,1041
2305,2461,news,europe,Vladimir Putin signs law allowing him to run for two more terms as Russian President - CNN,4269,692
1639,2462,sport,tennis,Hsieh Su-Wei: Tennis maverick reflects on memorable Australian Open  - CNN,6581,1145
4087,2463,sport,golf,"Tiger Woods says his days of being a full-time golfer are over: 'Never full time, ever again' - CNN",2363,415
2779,2464,sport,football,Copa America: South American football tournament moves ahead despite backlash - CNN,9266,1512
810,2465,news,africa,Diane Rwigara: Rwandan opposition leader stands by her innocence at long-awaited trial   - CNN,4003,611
4364,2466,sport,sport,Albert Korir and Peres Jepchirchir win 2021 New York City Marathon - CNN,2125,363
1934,2467,sport,tennis,Alexander Zverev behind Roger Federer in 'absurd' new ranking system - CNN,2358,392
3625,2468,news,europe,Norway's center-left Labour begins coalition talks as anti-oil Greens sidelined - CNN,7317,1196
3991,2469,news,europe,Bolshoi Theatre performer killed in accident on stage during opera - CNN,2019,318
3431,2470,sport,sport,Why the Refugee Olympic Team feels more relevant than ever: 'We've all lived through collective exile' - CNN,89722,14733
2280,2471,news,uk,Boris Johnson desperately needs a more coherent China strategy - CNN,10483,1704
1610,2472,sport,sport,Six Nations: England coach Eddie Jones discusses pitfalls of social media - CNN,7354,1257
3727,2473,news,europe,One killed in Czech cable car accident - CNN,884,143
963,2474,news,us,Lake Mead water shortage: The shocking numbers behind the crisis - CNN,7155,1209
1704,2475,sport,golf,Random Golf Club: The filmmaker looking to solve 'the problem of feeling unwelcome' in golf - CNN,9068,1592
1985,2476,news,europe,"They can only hold hands, but for Britain's elderly, first touch with a relative 'means everything' - CNN",5812,968
2866,2477,sport,sport,NBA Lakers: LeBron James' perfect record in first-round series ends with Los Angeles' elimination loss to Phoenix Suns - CNN,2052,354
4392,2478,news,uk,Boris Johnson's government in fresh swirl of murk and sleaze accusations - CNN,6240,1002
3979,2479,news,australia,Australia Covid-19: Sydney is reopening and starting to live with coronavirus on 'Freedom Day' - CNN,10392,1675
2174,2480,news,europe,Angela Merkel has five months to defeat the coronavirus pandemic and save her legacy - CNN,19391,3140
2608,2481,news,australia,"Sydney in lockdown, borders shut and hardly anyone vaccinated. How long can Australia go on like this? - CNN",8965,1486
2267,2482,sport,golf,The Masters: Abraham Ancer 'gutted' after two-stroke penalty for inadvertent bunker error - CNN,7406,1213
4672,2483,sport,sport,Grizzlies vs Thunder: Memphis sets new NBA margin of victory record in 73-point demolition of OKC - CNN,3674,618
4622,2484,sport,sport,Indy 500 legend Al Unser Sr. dies aged 82 - CNN,1438,244
3341,2485,news,uk,Who is Prince Andrew? The 'spare heir' facing a sexual abuse lawsuit - CNN,9313,1527
1219,2486,news,us,The massacre that didn't happen - CNN,30075,5078
4422,2487,sport,sport,Von Miller: Former Bronco reflects on 'amazing run' with Denver as he joins the Los Angeles Rams - CNN,2220,407
375,2488,business,perspectives,Opinion: The labor market is upside down. Here's what CEOs can do about it - CNN,6192,934
1890,2489,news,australia,Spiders and snakes swarm Australian homes as they flee record flooding - CNN,3412,558
462,2490,entertainment,entertainment,'Being the Ricardos' review: Nicole Kidman and Javier Bardem shine in Aaron Sorkin's beyond-black-and-white look at 'I Love Lucy' - CNN,4316,676
1880,2491,sport,sport,"Katherine Diaz: Olympic surfing hopeful, 22, killed by lightning while training - CNN",2407,389
3910,2492,sport,sport,The Washington Football Team is retiring NFL star Sean Taylor's jersey after he was killed 14 years ago - CNN,4267,693
4432,2493,news,australia,Macron says Morrison lied to him about AUKUS submarine deal - CNN,3019,493
2658,2494,news,uk,"Matt Hancock, Britain's beleaguered health secretary, apologizes after being caught in embrace with aide - CNN",4842,767
2182,2495,news,europe,Navalny transferred to hospital as concerns mount over jailed Kremlin critic's health  - CNN,6196,955
3816,2496,news,europe,Austrian government proposes law to legalize assisted suicide - CNN,1398,220
889,2497,news,opinions,COP21: Is 2 degrees the wrong climate goal? (Opinion) - CNN,7652,1281
1809,2498,sport,tennis,Roger Federer to make tennis comeback in March in Doha - CNN,980,160
3070,2499,sport,sport,Jewell Loyd: 'The Gold Mamba' is 'humbled and hungry' to compete at Tokyo 2020 - CNN,5778,996
1995,2500,news,europe,AstraZeneca vaccine suspended by several European nations as blood clot reports investigated - CNN,7620,1210
3604,2501,news,europe,France coronavirus: Thousands of healthcare workers suspended after failing to get vaccinated - CNN,2440,371
3648,2502,sport,sport,Afghan Cricket Board calls on Australia not to cancel historic match - CNN,1774,275
1479,2503,sport,golf,Tyrrell Hatton: PGA golf star says 2020 is 'the best of my career so far' - CNN,4150,738
3282,2504,sport,tennis,Naomi Osaka exits Western & Southern Open but says she can 'sleep at night' - CNN,2134,370
4581,2505,news,uk,UK scrambles for booster shots and tests amid fears of Omicron 'tidal wave' - CNN,7070,1161
2234,2506,sport,sport,"Rachael Blackmore: 'If you have the talent, you will be given the opportunity,' says Grand National winner - CNN",3234,549
4355,2507,sport,sport,Bee swarm invades New Zealand cricket pitch during match - CNN,1462,236
3820,2508,sport,sport,Chess players withdraw from Grand Swiss amid Latvia Covid-19 lockdown - CNN,3845,620
965,2509,news,weather,Maps of historic drought in West - CNN,7999,1293
2255,2510,sport,golf,Play suspended on third day of Masters due to inclement weather - CNN,5566,908
929,2511,news,opinions,On 6 degrees of climate change (Opinion) - CNN,20535,3486
1468,2512,sport,football,Real Madrid suffers humiliating defeat to third-division side Alcoyano - CNN,3307,553
1564,2513,sport,sport,Sports world sees two Americas in policing of DC riot and Black Lives Matter protests - CNN,6883,1172
2406,2514,news,europe,Italy cable car accident: Manslaughter investigation after 14 killed near Lake Maggiore - CNN,5819,935
972,2515,news,us,"Rocky Mountain subalpine wildfires higher now than past 2,000 years - CNN",5067,804
1683,2516,news,europe,"AstraZeneca's vaccine contract with the UK is based on 'best efforts,' just like its deal with a frustrated EU - CNN",8162,1324
1660,2517,news,europe,H5N8: Russia tells WHO it has detected first case of avian flu strain in humans  - CNN,1748,270
2924,2518,sport,sport,Katie Ledecky wins 1500m freestyle for her 6th career Olympic gold medal and first at Tokyo 2020 - CNN,1405,238
2339,2519,news,europe,WHO says Europe's vaccine rollout 'unacceptably slow' amid 'worrying' surge - CNN,5124,823
4428,2520,sport,sport,Chiefs vs Giants: Kansas City edges New York but 'everything's not beautiful' - CNN,3378,569
3896,2521,sport,football,Lucas Hernández: France and Bayern Munich defender given deadline to enter prison - CNN,1813,285
2672,2522,sport,football,Cristiano Ronaldo equals all-time international goalscoring record as Portugal reach Euro 2020 knockout stages - CNN,3417,549
3030,2523,sport,sport,Tokyo 2020: Two South African footballers test positive for Covid-19 in Olympic Village - CNN,4354,674
1883,2524,news,europe,European Union Fast Facts - CNN,6901,1059
3369,2525,sport,sport,NBA Wizards-Pacers Summer League game postponed due to Covid-19 health and safety protocols - CNN,837,131
3617,2526,news,europe,Ursula von der Leyen challenges US on climate and asserts Brussels' role in 'new international order' - CNN,7099,1168
2600,2527,sport,sport,"70-year-old woman fulfills her dream of being a bat girl for the Yankees, decades after she was turned down - CNN",2581,444
1545,2528,sport,motorsport,"Hubert Auriol: Dakar Rally legend, who won the race three times, has died - CNN",2185,386
1185,2529,news,us,The sacred land at the heart of Dakota pipeline fight - CNN,9916,1650
3205,2530,sport,tennis,PTPA: Players' association co-founded by Novak Djokovic has momentum but still divides opinion - CNN,8342,1392
2207,2531,sport,sport,LaMarcus Aldridge: Brooklyn Nets forward retires after health scare - CNN,4149,694
4128,2532,sport,golf,Brooks Koepka says he 'just wanted to spank' Bryson DeChambeau after soundly beating rival in fifth edition of 'The Match - CNN,2909,487
2584,2533,sport,sport,L.S. Lowry's 'Going to the Match' painting expected to sell at auction for up to $4 million - CNN,3395,568
1211,2534,news,world,Bound by terror: 'I've got you' - CNN,14292,2566
4196,2535,news,europe,Italian island Vulcano evacuates residents over carbon dioxide levels - CNN,3025,478
1329,2536,news,us,Surfside condo collapse: Engineers search for the cause - CNN,15439,2451
137,2537,sport,sport,2021 Belmont Stakes results: Essential Quality wins race - CNN,1865,310
3192,2538,news,europe,EU plans to end caged animal farming  - CNN,2132,335
3091,2539,sport,sport,Bucks vs. Suns: Giannis Antetokounmpo says 'I'm no Michael Jordan after dominant Game 3 performance to keep NBA Finals hopes alive - CNN,2958,491
130,2540,sport,motorsport,Fired Russian F1 driver Nikita Mazepin announces fund to help other excluded athletes - CNN,3245,519
3121,2541,news,europe,Sarah Everard: London officer pleads guilty to murder of marketing executive - CNN,4672,756
1251,2542,news,us,A war hero who was a stranger in his own land - CNN,25704,4516
2063,2543,sport,football,Barcelona given some respite from off-field issues with stunning comeback against Sevilla to reach Copa del Rey final - CNN,3317,536
3702,2544,sport,sport,Tokyo Paralympics ends with colorful and vibrant closing ceremony - CNN,3013,469
4486,2545,news,europe,Energy: The world is addicted to natural gas. Fossil fuel companies are fighting to keep it that way - CNN,11199,1894
4274,2546,sport,sport,Cam Newton: QB shines in return to Carolina Panthers with two touchdowns in first two touches - CNN,4333,753
1496,2547,sport,sport,Global sport's problem with the appropriation of Indigenous culture  - CNN,17483,2844
327,2548,business,homes,"As home values soar, the wealth gap grows even bigger  - CNN",4355,687
2606,2549,sport,football,Messi scores two and assists once while becoming Argentina's most capped player - CNN,2033,330
2923,2550,sport,sport,"Olympic athletes are showing us their funny, fascinating, complicated selves on TikTok and beyond - CNN",4307,704
4368,2551,news,europe,Bosnia: A dangerous crisis is brewing in the Balkans - CNN,9549,1546
2970,2552,news,uk,"UK Health Secretary tweets people shouldn't ""cower"" from Covid, before deleting it and apologizing - CNN",3439,555
2478,2553,news,uk,Boris Johnson is 'anxious' as Covid-19 variant found in India spreads in UK  - CNN,3293,546
849,2554,news,us,Vickery Trading helps refugee women stitch together a bright future  - CNN,3600,554
1478,2555,sport,sport,Australian Open turmoil raises questions for Tokyo Olympics in 2021 - CNN,9596,1546
2693,2556,sport,sport,Tokyo Olympics: Organizers to set 50% venue capacity limit for spectators - CNN,2849,450
1397,2557,news,uk,Five men arrested after asylum center set ablaze in UK - CNN,2628,417
461,2558,entertainment,celebrities,'King Richard' review: Will Smith occupies center court as Venus and Serena's dad - CNN,3706,593
2087,2559,news,europe,"How the Czech Republic slipped into a Covid disaster, one misstep at a time - CNN",13200,2193
2577,2560,sport,football,"Thierry Henry Social Media blackout exclusive: 'When we come together it's powerful,' says former Arsenal star - CNN",8482,1489
54,2561,health,health,"A 4th dose of Covid-19 vaccine will be needed, Pfizer's CEO says, but the company is working on a shot to handle all variants - CNN",3695,658
4206,2562,sport,football,Copa Libertadores: South American football hopes to emerge from the pandemic with 3 club finals in 8 days - CNN,6502,1065
4687,2563,sport,motorsport,Lewis Hamilton says he's 'not comfortable' racing in Saudi Arabia - CNN,4868,792
751,2564,news,africa,These African women are making sexual pleasure a gender equality priority - CNN,10467,1742
4543,2565,sport,tennis,Australian Open organisers confirm medical exemption process - CNN,2172,319
4548,2566,sport,sport,Cleveland Browns set to play through Covid absences  - CNN,5023,825
2497,2567,sport,football,Top women's league in Finland donates sport hijabs to any player who wants one - CNN,3696,589
4028,2568,sport,football,Does the footballing world really care about kicking homophobia out? - CNN,16243,2653
1713,2569,sport,tennis,Novak Djokovic becomes just second man in history to reach 300 grand slam wins - CNN,2315,411
2116,2570,news,uk,Ursula von der Leyen says Turkey chair snub happened 'because I am a woman' - CNN,2713,459
1989,2571,sport,tennis,Roger Federer withdraws from upcoming tournament after making his tennis return  - CNN,2297,388
662,2572,sport,sport,Dani Arnold climbs the Cima Grande in record time - CNN,6359,1082
378,2573,news,opinions,"Opinion: Parents' fury over school closures is righteous, but misdirected - CNN",9385,1540
3313,2574,sport,tennis,Naomi Osaka to donate prize money to Haitian earthquake relief efforts - CNN,1273,212
4294,2575,news,europe,Pope thanks journalists for helping expose Church sex scandals - CNN,2237,374
237,2576,politics,politics,DeSantis vows to veto latest GOP-proposed congressional boundaries in Florida - CNNPolitics,4117,650
1522,2577,sport,tennis,Tennys Sandgren: US tennis player boards plane to Australian Open despite positive Covid-19 test  - CNN,3248,523
4669,2578,sport,sport,Detroit Lions end 15-game winless run and pay tribute to Michigan school shooting victims - CNN,3312,578
1028,2579,news,africa,Ethiopia - a land where coffee meets tradition - CNN,4614,726
1597,2580,news,uk,UK emergency Covid-19 field hospitals asked to be 'ready' to admit patients - CNN,9865,1579
1703,2581,news,australia,Australia PM Scott Morrison apologizes to former staffer Brittany Higgins allegedly raped in Parliament office - CNN,3999,629
2012,2582,sport,football,Erling Haaland breaks multiple records as his goal-scoring streak continues in the Champions League  - CNN,3352,549
1599,2583,sport,football,PSG appoints Mauricio Pochettino as new coach - CNN,3343,540
3074,2584,sport,sport,Quade Cooper: Former Wallabies player denied Australian citizenship despite representing the country 70 times - CNN,2016,305
4137,2585,news,europe,Russia mining accident: Death toll in Siberian coal mine tragedy rises to more than 50 - CNN,2138,345
2148,2586,news,europe,UK PM's former chief adviser Dominic Cummings denies leaking PM's text messages - CNN,3437,567
4056,2587,sport,sport,The Green Bay Packers added a pocket to Aaron Jones' jersey so he can play while carrying his father's ashes - CNN,2459,423
1858,2588,sport,sport,Norway players wear T-shirts protesting Qatar World Cup ahead of qualifier against Gibraltar - CNN,2591,409
2249,2589,news,europe,Prince Philip Fast Facts - CNN,7764,1247
324,2590,business,success,Common credit score myths and truths - CNN,5274,906
2505,2591,sport,motorsport,King of the Baggers: A slice of pure American folklore goes racing - CNN,10124,1719
1515,2592,news,uk,"England's schools were mostly open in 2020, but 2021 is a different story - CNN",5134,829
3355,2593,sport,sport,Team USA wins gold in men's basketball for the fourth Olympics in a row - CNN,2785,501
3867,2594,news,uk,"Queen Elizabeth II cancels trip, advised to rest for a few days - CNN",2213,352
149,2595,sport,sport,Navid Afkari: Executed Iranian wrestling star's voice is 'everywhere now' - CNN,18543,3163
2317,2596,news,europe,"He was lured to his death in a secluded park. In a pandemic, dating can be deadly for LGBTQ+ people - CNN",9295,1535
139,2597,sport,sport,Nadhira Alharthy: Omani climber wants to 'die empty' in her quest to share knowledge - CNN,9909,1664
4325,2598,sport,sport,NFL fines Aaron Rodgers and Allen Lazard for not following Covid-19 protocols  - CNN,2775,424
2957,2599,sport,sport,What is ROC? Here's what to know about Russia and the Olympics - CNN,3106,490
2373,2600,sport,football,Zinedine Zidane leaves as manager of Real Madrid for second time - CNN,1989,345
3530,2601,news,uk,UNGA: British PM Boris Johnson says the world needs to 'grow up' and deal with climate change - CNN,3380,550
1016,2602,news,asia,Nepal's Organ Trail: How traffickers steal kidneys - CNN,8296,1368
3390,2603,news,europe,Belarusian dissidents fear the regime will put them into detention camps. It may have already built one - CNN,6942,1092
2156,2604,sport,football,European Super League: How game's wealthy owners scored own goal - CNN,8747,1385
802,2605,news,africa,Her world ended when her kids were murdered. Raising dozens of orphans saved her life - CNN,9150,1570
2656,2606,news,europe,"Several people killed and injured after knife attack in German town, police say - CNN",1188,193
1227,2607,health,health,"Nepal quake: One girl's remarkable recovery
 - CNN",19652,3430
4489,2608,news,uk,World's oldest family tree uncovered in Stone Age tomb - CNN,3641,569
3464,2609,sport,football,Sheriff Tiraspol stuns Real Madrid in one of the Champions League's greatest upsets - CNN,3076,502
4304,2610,sport,sport,Devon Conway: Injured New Zealand batsman will miss T20 World Cup final - CNN,1665,277
1827,2611,sport,sport,Kevin Durant accused of using homophobic slurs in private messages with Michael Rapaport - CNN,2524,401
4456,2612,news,europe,Memorial International rights group shut down by Russian court - CNN,6594,995
2694,2613,sport,sport,"Allyson Felix: 'I want my legacy to be one of someone who fought for women,' says six-time Olympic champion - CNN",6994,1201
3429,2614,sport,sport,Here's who won gold medals at the Tokyo Olympics on Monday - CNN,1216,153
4381,2615,news,europe,Macron's ex-bodyguard handed jail sentence over May Day assaults - CNN,2233,348
940,2616,news,weather,What are snow squalls and why they're more dangerous than blizzards - CNN,5632,895
2686,2617,sport,football,UEFA rejects request to light up Allianz Arena in rainbow colors for Euro 2020 game - CNN,3825,595
2007,2618,news,australia,"Kylie Moore-Gilbert: Iran tried to recruit me as a spy, says former British-Australian prisoner - CNN",4050,661
809,2619,health,health,The 'Salt Queen' working to transform the health of a nation - CNN,9719,1598
4146,2620,sport,football,Karim Benzema: French court says Real Madrid star used 'subterfuge and lies' in sex tape case - CNN,5584,892
3382,2621,sport,football,Juventus apologize for racist post shared on their women's team Twitter feed - CNN,2567,386
2271,2622,sport,golf,The Masters: Justin Rose charges into four-shot lead with commanding first-round 65 - CNN,4296,746
4220,2623,news,europe,"Austria Covid: Nationwide vaccine mandate announced, lockdown reimposed - CNN",6686,1034
3932,2624,sport,tennis,Ons Jabeur  of Tunisia becomes first Arab tennis player to break into top 10 - CNN,1797,329
3997,2625,sport,motorsport,Lewis Hamilton limits damage to F1 title defense as Valtteri Bottas wins Turkish Grand Prix - CNN,2791,475
3330,2626,sport,sport,Australian Olympians forced to undergo 'double quarantine' of almost a month on return home - CNN,3582,565
3574,2627,sport,football,'Imagine how good it could be': Northern Ireland women's footballers ready to seize their moment  - CNN,10379,1693
3833,2628,sport,sport,Chris Taylor's three home runs keep Los Angeles Dodgers alive against Atlanta Braves - CNN,2312,399
1929,2629,news,uk,The UK is facing a reckoning on gender-based violence. Boris Johnson's government has botched its response - CNN,6253,1032
757,2630,news,opinions,India's Covid-19 crisis: Why I'm grateful I lost my parents before the current surge - CNN,5537,926
2671,2631,sport,football,"Euro 2020: England looks to pull nation together, but it hasn't been easy - CNN",7722,1285
1039,2632,news,us,How Trump became 'the white affirmative action president' - CNN,22596,3633
3706,2633,sport,sport,Oksana Masters: From hospital bed to Paralympic champion in two-and-a-half months - CNN,4973,862
2129,2634,sport,sport,"Long before Colin Kaepernick, this Black woman defied her country - CNN",18156,2999
3116,2635,news,europe,Swedish plane crash kills eight skydivers and pilot - CNN,1941,316
4563,2636,news,uk,Analysis: Boris Johnson is in deep trouble -- even his own party is turning on him - CNN,5675,959
3366,2637,sport,sport,"Eliud Kipchoge is the 'greatest of all time ... in any sport,' says leading performance coach  - CNN",3132,523
3809,2638,news,europe,"Eitan Biran, six-year-old survivor of cable car crash, should return to Italy, court rules - CNN",2063,342
3020,2639,sport,sport,Six Polish swimmers sent back home from Tokyo following admin error - CNN,2248,354
4262,2640,sport,sport,Monday Night Football: 49ers crush new-look Rams in 'humbling' second straight loss for LA - CNN,4721,803
4171,2641,news,europe,Bulgaria bus fire: 12 children among 45 killed in accident - CNN,5863,966
2459,2642,sport,football,Atletico Madrid closes in on La Liga title with dramatic comeback - CNN,3816,633
2822,2643,sport,sport,"NBA: Brooklyn Nets dominate Milwaukee Bucks, leading by 49 points despite missing one of its biggest stars - CNN",3490,596
1747,2644,news,europe,Ursula von der Leyen: How a vaccine spat could derail her big plans for Europe - CNN,15178,2508
3691,2645,sport,football,Former footballer Jean-Pierre Adams dies following 39-year coma - CNN,3194,534
326,2646,business,homes,Mortgages rates are on the rise again amid inflation fears - CNN,2527,406
4601,2647,sport,sport,Broncos honor Demaryius Thomas  - CNN,2764,475
3329,2648,sport,football,"Alphonso Davies: Bayern star talks NFTs, TikTok, early success and the future  - CNN",10044,1717
260,2649,politics,politics,"Cuellar and Cisneros will advance to runoff in Texas' 28th Congressional District, CNN projects  - CNNPolitics",3577,561
3182,2650,sport,football,Italy knocks out Belgium in Euro 2020 thriller to advance to semifinals - CNN,5513,916
2768,2651,sport,football, Christian Eriksen: Denmark's Martin Braithwaite criticizes UEFA for resuming game following teammate's collapse - CNN,3664,608
3743,2652,news,uk,Analysis: The duchesses stepping up in Queen's absence - CNN,9861,1648
2137,2653,news,europe,Spain coronavirus: Man arrested in Mallorca town on suspicion of infecting 22 people with Covid-19 - CNN,1410,231
4560,2654,sport,football,Robert Lewandowski equals Gerd Muller's Bundesliga scoring record - CNN,1804,287
1488,2655,news,uk,Anzac Day plot: Britain's youngest convicted terrorist now 'suitable for release' - CNN,2339,387
2310,2656,sport,golf,Patty Tavatanakit wins ANA Inspiration despite Lydia Ko's record-equaling round  - CNN,2345,422
4653,2657,sport,sport,Lakers vs Celtics: LeBron James leads LA to 117-102 victory over Boston  - CNN,3841,658
3596,2658,news,uk,Lyra McKee: Northern Ireland police charge two over killing of journalist  - CNN,1175,196
2195,2659,news,uk,Prince Philip's funeral takes place at Windsor Castle as Queen Elizabeth's consort laid to rest - CNN,29084,4603
3247,2660,news,europe,Attempted murder probe after seven poisoned at university - CNN,1744,267
1600,2661,sport,football,Premier League club owner defends Leeds United tweet that led to online abuse of pundit Karen Carney - CNN,4048,655
44,2662,business,business,Soaring nickel prices could be the next major headache for automakers - CNN,2715,431
1657,2663,news,europe,How Biden fared in front of world leaders during his (virtual) global debut as US President - CNN,8039,1340
2272,2664,sport,football,Zlatan Ibrahimovic to make acting debut in new Asterix and Obelix film - CNN,1185,209
2637,2665,sport,football,Denmark breezes past Wales into Euro 2020 quarterfinals with convincing win - CNN,3514,571
2032,2666,sport,sport,NBA cracks down on Atlanta promoters planning All-Star Game events - CNN,1753,285
3209,2667,sport,sport,Avani Lekhara becomes first Indian woman to win Paralympic gold - CNN,2706,465
3284,2668,sport,tennis,Stefanos Tsitsipas: Greek government pushes back on tennis star's vaccine comments - CNN,2346,387
1521,2669,news,europe,France taken to court over 'climate inaction' in landmark case - CNN,3826,599
3057,2670,news,europe,"Germany flooding: huge rescue effort in Rhineland-Palatinate as deadly floods also hit Belgium, Netherlands, Luxembourg  - CNN",14549,2283
617,2671,sport,sport,"For Team USA's Nathan Chen, 'blood, sweat, tears' led to Olympic gold  - CNN",6622,1196
2554,2672,news,europe,Germany ponders new freedoms for the fully vaccinated - CNN,5166,830
4597,2673,news,europe,"Putin rues Soviet collapse, says he moonlit as a taxi driver to survive economic crisis - CNN",3137,508
3305,2674,sport,tennis,Roger Federer will miss US Open after announcing knee surgery - CNN,1945,340
254,2675,politics,politics,Two long-serving Democratic congressmen announce they won't seek reelection in 2022 - CNNPolitics,3600,550
2753,2676,news,europe,Princess Diana Fast Facts - CNN,4494,709
2832,2677,sport,sport,Simone Biles wins record seventh national women's all-around title  - CNN,2207,358
1411,2678,sport,sport,Tokyo Olympics: Can vaccines save the Games?  - CNN,9802,1588
2393,2679,news,europe,Police forces across Europe accused of 'ethnic profiling' when stopping and searching people - CNN,3189,494
4058,2680,news,europe,"Up to 3,200 pedophiles in French Catholic Church since 1950, according to independent commission - CNN",4857,788
164,2681,news,africa,This Nigerian tech startup is fighting baby jaundice with solar-powered cribs  - CNN,7444,1192
633,2682,sport,sport,Maame Biney: Smiling speed skater heads to Beijing stronger than ever after almost quitting - CNN,4475,770
3018,2683,sport,sport,Women's beach handball team fined for choosing shorts over bikini bottoms - CNN,3810,614
3792,2684,sport,sport,Braves vs Astros: 2021 World Series pits father versus son - CNN,6477,1157
4095,2685,sport,football,Mohamed Aboutrika: Former footballer calls homosexuality a 'dangerous ideology' against the backdrop of the Premier League's Rainbow Laces campaign - CNN,3006,437
3646,2686,sport,sport,NFL's Maia Chaka makes history as first Black woman to officiate an NFL game - CNN,1479,250
2285,2687,sport,sport,Tokyo Olympics: Osaka takes torch relay off public roads amid Covid-19 surge - CNN,3402,567
599,2688,sport,sport,The highs and lows of the 2022 Winter Olympics - CNN,8813,1481
166,2689,business,business,"Higher food prices, slumping trade: How the war in Ukraine could hit Africa - CNN",6731,1045
564,2690,sport,football,PSG produces stunning comeback to knock Atalanta out of the Champions League - CNN,3418,566
3738,2691,sport,sport,UFC 267: Teixeira defeats Blachowicz in title fight - CNN,2256,374
1856,2692,sport,sport,"Sister Jean, the 101-year-old basketball-loving nun, on praying for her favorite team - CNN",1559,267
344,2693,business,perspectives,Opinion: What Russia's invasion of Ukraine could mean for the US economic recovery - CNN,5661,944
1675,2694,sport,sport,LGBTQ campaign a 'step in the right direction' for football - CNN,2735,438
3171,2695,sport,sport,Sha'Carri Richardson promises on Twitter to be world champion... next year. - CNN,2964,496
2680,2696,sport,sport,"Tokyo Olympics: Japan's superfans who want Tokyo 2020 to go ahead despite Covid-19
 - CNN",6783,1093
2648,2697,news,uk,Buckingham Palace admits it 'must do more' on diversity in annual report - CNN,6414,1025
1615,2698,news,uk,"His rescue at a London protest inspired Michelle Obama and Prince Harry. Now, Patrick Hutchinson is turning his moment into a movement - CNN",3865,656
2223,2699,sport,sport,USA predicted to top Tokyo Olympics medal table  - CNN,2864,477
899,2700,news,opinions,Climate change: The community that stood up to coal - CNN,23193,3956
3502,2701,sport,motorsport,F1 results: Lewis Hamilton claims historic 100th Formula 1 victory at Russian Grand Prix - CNN,3120,539
141,2702,sport,sport,Tom Stoltman harnesses 'superpower' of autism to become the World's Strongest Man - CNN,7062,1217
4101,2703,sport,football,"Lionel Messi wins seventh Ballon d'Or, while Alexia Putellas wins her first women's title - CNN",3518,581
1271,2704,business,tech,'I'm the original voice of Siri' - CNN,16823,2909
3231,2705,news,europe,Man arrested after food injected with needles at supermarkets - CNN,1585,233
4162,2706,sport,sport,'IronGran': There's just no stopping this 78-year-old triathlete - CNN,6124,1036
3844,2707,news,uk,Queen Elizabeth II spent a night at the hospital for 'preliminary investigations' - CNN,2267,353
3729,2708,sport,sport,"Jerry Remy, Boston Red Sox broadcaster, dies after long battle with lung cancer - CNN",3769,631
2397,2709,sport,sport,Ellyse Perry: Australia's cricket superstar who also played in a FIFA World Cup - CNN,6893,1181
3452,2710,sport,sport,Australia Covid: AFL grand final parties linked to spike in Victoria cases - CNN,3097,479
3301,2711,sport,football,"Son Heung-Min: No Harry Kane, no problem as Tottenham Hotspur stuns Manchester City in Premier League - CNN",3082,506
100,2712,sport,golf,Cameron Smith claims PGA Tour's biggest payout after winning the Players Championship - CNN,3203,562
982,2713,news,europe,"By 2050, London's climate will feel like Barcelona, says new study - CNN",5472,852
649,2714,sport,sport,Timothy LeDuc is set to become the first openly non-binary athlete to compete at a Winter Olympics - CNN,2095,355
1081,2715,news,us,'How could this happen again?' Why this Catholic abuse scandal seems worse than 2002  - CNN,10917,1750
3232,2716,sport,football,Champions League draw: Paris Saint-Germain pitted against Manchester City in groups - CNN,3392,532
3707,2717,sport,sport,"Naomi Osaka: Tennis star shocked at US Open by teen Leylah Fernandez, considers taking another break - CNN",3351,582
4149,2718,news,europe,Ancient case of disease spillover discovered in Neanderthal man who got sick butchering raw meat - CNN,5041,815
4437,2719,sport,football,Zlatan Ibrahimovic scores 400th career league goal in AC Milan's win over AS Roma - CNN,1524,255
976,2720,news,world,Erika Woolsey and The Hydrous are using virtual reality to bring people closer to the ocean - CNN,4293,697
1223,2721,health,health,"Savannah, Georgia: Southern charm, deadly streets - CNN",13294,2227
4640,2722,news,europe,Angela Merkel Fast Facts - CNN,15088,2416
4301,2723,news,europe,Austria on verge of Covid lockdown for millions of unvaccinated people - CNN,5689,878
1255,2724,news,us,Most diverse place in America is not where you think - CNN,9991,1653
1504,2725,sport,sport,Martin Luther King Day: Legacy of 'I have a dream' speech becomes nightmare for Atlanta sports team owner  - CNN,11716,2003
3780,2726,news,europe,Thousands of dead sea creatures are washing up on UK beaches - CNN,2244,364
2224,2727,news,europe,Germany Covid-19: Berlin police investigate Soho House over alleged party amid lockdown - CNN,2677,419
974,2728,news,weather,I am a CNN meteorologist. I used to be a climate change skeptic - CNN,3312,546
2100,2729,sport,football,Champions League: PSG 'collapsed completely' in semifinal against Manchester City  - CNN,3301,538
3883,2730,news,uk,"Heat pumps explained: UK offers homeowners almost $7,000 to buy one. But what are they? - CNN",6735,1143
3921,2731,sport,football,Mohamed Salah scores second wonder goal in as many Premier League games to spoil Claudio Ranieri return - CNN,3585,604
4670,2732,sport,tennis,Peng Shuai: ITF 'does not want to punish a billion people' by suspending China tournaments - CNN,5353,860
1829,2733,sport,motorsport,Fernando Alonso: Sandwich wrapper wrecked F1 star's comeback race - CNN,1653,258
2386,2734,sport,sport,"George Floyd: Athletes of the NBA, WNBA and beyond speak out on the anniversary of his death - CNN",4754,834
783,2735,news,africa,"Diane Rwigara: Awaiting trial, Rwandan opposition leader says she's determined to hold government accountable
 - CNN",7970,1322
3467,2736,sport,football,Lionel Messi scores first PSG goal in Champions League win over Manchester City - CNN,4925,843
2347,2737,sport,football,'Never Give In': An intimate look at Sir Alex Ferguson - CNN,6691,1188
1920,2738,news,australia,"Australia's wildfires released as much smoke as a massive volcanic eruption, study finds - CNN",24729,3851
3038,2739,sport,sport,"NBA Finals: Bucks rally past Suns, take 3-2 lead - CNN",3915,671
3618,2740,sport,football,Barcelona: Gerard Pique admits 'We are who we are' as Barça trounced by Bayern in Champions League - CNN,4326,732
161,2741,news,africa,Opibus: The mobility startup converting Kenya to electric vehicles - CNN,8213,1283
2816,2742,news,australia,ANoM: FBI and Australian Federal Police encrypted app trap ensnares hundreds of criminal suspects  - CNN,4489,704
4595,2743,sport,motorsport,Max Verstappen: Questionable calls at Abu Dhabi Grand Prix do little to stifle the celebrations of Dutchman's orange army - CNN,7024,1182
3978,2744,sport,sport,Evan McPherson: Cincinnati Bengals kicker celebrates game-winning overtime kick. But he actually missed - CNN,2618,458
4579,2745,sport,sport,Monday Night Football: Los Angeles Rams hold off Arizona Cardinals for key playoff hunt win - CNN,4018,686
2902,2746,sport,sport,Connor Fields is out of ICU after sustaining brain hemorrhage in BMX crash at Tokyo 2020 - CNN,1749,283
1768,2747,news,europe,Russian protesters detained at pro-Navalny rallies say police threatened and intimidated them: 'The regime has shown its teeth' - CNN,8399,1374
4580,2748,sport,sport,"Paris Olympics 2024 organizers expect 600,000 at Seine opening ceremony - CNN",3151,519
1901,2749,news,australia,Kathleen Folbigg: Genetics may help free Australian woman convicted of killing her 4 babies - CNN,16096,2713
2419,2750,sport,football,Robert Lewandowski breaks 49-year goal-scoring record with 41st goal of the season - CNN,2213,350
3705,2751,news,australia,Australia beat the world on shutting out Covid. Now it is bitterly divided on how to reopen  - CNN,11924,1910
1764,2752,sport,sport,NBA: Steph Curry and Nikola Jokic score 50 points or more -- but both lose - CNN,3643,613
3365,2753,news,europe,"Belarus president Alexander Lukashenko denies repression, accuses US of 'lawlessness' - CNN",3662,538
1996,2754,sport,football,Cat Phillips: Australian frisbee and oval ball star fired up by fight for gender equality - CNN,8894,1525
4104,2755,sport,sport,NFL: New England defense bullies Tennessee in 36-13 victory for sixth straight win - CNN,4030,707
3795,2756,sport,sport,Pete Carroll: Seattle Seahawks coach admits he 'probably wouldn't have' been at helm for so long without Russell Wilson - CNN,2403,411
3134,2757,news,europe,"UK's Covid lockdown is lifting, but many are scared to go back to normal life - CNN",14870,2496
2931,2758,sport,sport,There may be more Olympians who identify as LGBTQ than ever before. But there are limits to inclusion  - CNN,11764,1887
2622,2759,news,europe,Czech President calls transgender people 'disgusting' - CNN,2275,347
1297,2760,business,business,Government suspends training at sea after college student says she and others were raped  - CNN,4856,786
1787,2761,sport,football,"Meet BellaTeq, the first all-female Teqball team hoping to signal a 'new era' for the sport - CNN",3990,670
1301,2762,news,us,"Beta Operating Company, operator of leaking oil infrastructure, has record of violations - CNN",4124,650
2678,2763,sport,football,Martin Dubravka: Goalkeeper's astonishing own goal hands Spain path to Euro 2020's knockout stages - CNN,1929,312
2760,2764,sport,sport,Copa América pay spectacular effect-laden Diego Maradona tribute as Lionel Messi scores stunning free-kick - CNN,4448,695
1805,2765,news,europe,"Alexey Navalny handed jail term, prompting protests across Russia - CNN",8321,1337
2157,2766,news,europe,Alexey Navalny: Protesters across Russia call for Navalny's release on same day as Putin's annual address - CNN,8771,1375
4115,2767,news,europe,Switzerland votes to keep Covid restrictions as cases surge - CNN,1786,286
3649,2768,sport,tennis,US Open: Emma Raducanu beats Leylah Fernandez in women's final - CNN,6270,1054
3483,2769,news,europe,San Marino votes overwhelmingly to end abortion ban - CNN,2541,400
211,2770,news,china,Beijing Covid bubble: We are in the same Olympic city but remain a world apart  - CNN,9752,1706
86,2771,entertainment,entertainment, Grimes and Elon Musk secretly welcomed their second child in December - CNN,2263,395
3874,2772,sport,sport,Evander Kane suspended by NHL after investigation into his Covid-19 vaccine card - CNN,2795,443
1159,2773,health,health,Inside the secret lives of  functioning heroin addicts - CNN,18587,3216
3679,2774,sport,football,Erling Haaland and Memphis Depay score hat-tricks as Norway and Netherlands secure emphatic World Cup qualifier victories - CNN,3094,499
3800,2775,news,uk,Covid in Europe enters a second pandemic winter as chaos grips the East and uncertainty haunts the West  - CNN,8730,1385
4154,2776,sport,football,Diego Maradona: How the 'Hand of God' and the 'Goal of the Century' redefined football - CNN,16029,2761
2733,2777,sport,sport,Philadelphia 76ers blow 26-point lead as Atlanta Hawks take 3-2 playoff series lead - CNN,3306,566
2256,2778,news,uk,"Laughed off for years as gaffes, Prince Philip's outbursts complicate his legacy - CNN",6808,1113
3170,2779,news,europe,Cyprus wildfires leave at least four dead in 'unprecedented tragedy' - CNN,1867,282
3798,2780,sport,football,Walter Smith: Former Rangers manager dies at the age of 73 - CNN,2170,357
1553,2781,sport,football,Karim Benzema to face trial over alleged involvement in blackmail scheme - CNN,2792,450
1689,2782,sport,football,Champions League: Kylian Mbappe labeled a 'star for the future' as PSG sinks Barcelona - CNN,5181,853
4410,2783,sport,football,Barcelona: Barça scrapes to win while Robert Lewandowski scores hat-trick - CNN,3200,524
3089,2784,sport,football,Euro 2020: England manager Gareth Southgate has shown the true value of leadership - CNN,9410,1543
2838,2785,sport,football,Euro 2020: Ukraine's new football kit irks Russia over Crimea map - CNN,3657,584
4398,2786,sport,sport,Atlanta Braves win World Series for the first time since 1995 - CNN,15394,2636
2436,2787,sport,sport,Tim Tebow is back in the NFL after signing with the Jacksonville Jaguars - CNN,1689,287
2306,2788,sport,football,"UEFA Champions League: Meet Otto Addo, the coach responsible for guiding some of Europe's brightest young footballers - CNN",9052,1589
3904,2789,news,europe,Russia suspending mission to NATO in response to staff expulsions - CNN,4002,618
2251,2790,sport,golf,The Masters: Will Zalatoris wished luck by Adam Sandler due to resemblance to his caddy in 'Happy Gilmore' - CNN,1880,324
192,2791,health,health,The creator of the viral Black fetus image will have his illustrations published in a book - CNN,6545,1055
2538,2792,sport,sport,"New York Rangers handed $250,000 fine: Capitals controversy continues as huge brawl mars hockey game - CNN",4940,834
2978,2793,sport,sport,"Novak Djokovic says current weather conditions in Tokyo are ""brutal"" - CNN",4102,699
3377,2794,news,europe,Blaze sweeps through Athens suburbs in fifth day of Greece wildfires - CNN,9202,1480
3358,2795,sport,golf,Kim Si Woo finds water five times on one hole to set unwanted landmark PGA Tour score - CNN,2150,385
2859,2796,sport,tennis,Yana Sizikova: Russian tennis player arrested for sports corruption and fraud  - CNN,1872,288
61,2797,entertainment,entertainment,Jane Campion apologizes for 'thoughtless' comment about Venus and Serena Williams - CNN,2820,457
4215,2798,sport,motorsport,Valtteri Bottas backs teammate Lewis Hamilton to triumph in F1 championship fight - CNN,2104,359
3099,2799,sport,football,"Copa America 2021 final: Argentina beats Brazil 1-0 
 - CNN",3612,596
3927,2800,news,australia,Scott Morrison: Australian leader will attend COP26 climate summit - CNN,3341,528
1640,2801,news,uk,Earl of Strathmore sentenced to 10 months in prison for sexual assault at his castle - CNN,3013,518
2433,2802,sport,golf,"Y.E. Yang, the man who beat Tiger Woods to win the 2009 PGA Championship, is disqualified - CNN",1936,341
4626,2803,sport,sport,Steph Curry closes in on three-point record as Warriors ease past Trail Blazers - CNN,3684,618
820,2804,news,africa,Female firefighters from Ghana launch first gender discrimination case - CNN,10759,1785
1788,2805,news,europe,Bodies of drowned deer recovered from frozen lake after being scared by poachers - CNN,1507,243
4166,2806,news,europe,Olaf Scholz: the man set to replace Angela Merkel as Germany's next chancellor  - CNN,5002,821
1389,2807,news,us,Extremists intensify calls for violence ahead of Inauguration Day - CNN,13263,2151
1823,2808,sport,sport,Utah Jazz team plane forced into emergency landing after bird strike - CNN,1772,295
641,2809,sport,sport,Winter Olympics could become 'dangerous' because of fake snow - CNN,2389,373
1992,2810,sport,sport,"Meyers Leonard fined $50,000 for anti-Semitic slur - CNN",2234,360
4011,2811,news,uk,Analysis: The Countess of Wessex is getting real about menopause. Why her groundbreaking message matters - CNN,12464,2037
4210,2812,news,europe,Rotterdam Covid-19 protests: Injuries reported after Dutch police fire warning shots at anti-lockdown demonstrators - CNN,3531,554
4516,2813,news,uk,"Queen Elizabeth will not travel to Sandringham for Christmas, palace source says - CNN",2537,407
2504,2814,news,europe,Italian woman accidentally given six shots of Covid-19 vaccine - CNN,2173,334
4005,2815,sport,sport,Jon Gruden: Raiders coach described head of the NFL Players Association DeMaurice Smith using racially insensitive language in 2011 - CNN,3185,545
2142,2816,news,uk,Malaria vaccine breakthrough as promising trial rises hopes of controlling disease - CNN,2960,478
1412,2817,sport,football,Manchester United stunned by bottom side Sheffield United as crazy Premier League season gets crazier - CNN,5739,904
4276,2818,sport,football,Serbia stuns Portugal to qualify for 2022 World Cup - CNN,2050,346
2607,2819,news,uk,Prince Harry tells award winners Diana would have been 'so proud' - CNN,2685,440
619,2820,sport,sport,Why Olympic figure skaters don't get dizzy from spinning - CNN,5749,949
2685,2821,sport,football,"Sadio Mane donates $693,000 to fund hospital in his hometown in Senegal - CNN",1959,310
4647,2822,sport,football,Barcelona dumped out of Champions League group stage after Bayern Munich defeat  - CNN,2912,485
1525,2823,news,europe,Italy targets violent clan in biggest mafia trial in decades - CNN,2944,472
3005,2824,sport,sport,Tokyo has tough task trying not to be the first 'no-fun' Olympics - CNN,6471,1033
613,2825,sport,sport,Timeline of figure skating controversies from 1902 to 2022 - CNN,12243,2000
4641,2826,sport,golf,Tiger Woods to return to competitive golf at 2021 PNC Championship - CNN,2271,384
4130,2827,sport,golf,"Pigs go hog wild on golf course, injure two and force club closure - CNN",2799,504
120,2828,sport,football,Andriy Yarmolenko: Ukraine star moved to tears after scoring for West Ham in the Premier League - CNN,3076,529
607,2829,sport,sport,"Madison Hubbell and Zachary Donohue: 'We have our own empty medal box waiting in our room,' say US ice dancers - CNN",3376,553
435,2830,entertainment,entertainment,Javier Bardem and Penélope Cruz join history with their Oscar nominations - CNN,1230,199
3184,2831,sport,sport,Sha'Carri Richardson suspended from US Olympic team after testing positive for marijuana - CNN,3883,632
1783,2832,sport,sport,"History behind the Super Bowl halftime show -- From Whitney Houston to Prince, Coldplay, Beyonce and Bruno Mars - CNN",9633,1632
2657,2833,sport,sport,Breastfeeding Canadian basketball player Kim Gaucher says she cannot take baby to Tokyo 2020 - CNN,2811,462
3915,2834,sport,sport,T20 World Cup: Oman ready to savor 'one in a million' opportunity as host - CNN,4915,832
4708,2835,sport,football,Mo Salah and Karim Benzema make mockery of Ballon d'Or rankings - CNN,4188,690
2519,2836,sport,football,Lorna Falconer says she's faced racism and sexism in English football - CNN,7678,1327
1881,2837,news,australia,Australia floods: 10 million people under severe weather warnings covering an area the size of Alaska - CNN,3611,567
1103,2838,health,health,Suicide rates in rural America are soaring. One family is working to change that.  - CNN,23752,4115
2638,2839,news,uk,"Matt Hancock, Britain's beleaguered health secretary, apologizes after being caught in embrace with aide - CNN",4997,798
620,2840,sport,sport,Kamila Valieva: Timeline of Russian figure skater's failed drug test - CNN,4066,607
773,2841,news,india,"Troll armies, 'deepfake' porn videos and violent threats. How Twitter became so toxic for India's women politicians - CNN",13895,2260
3455,2842,news,uk,UK murder timeline: How events unfolded as Sarah Everard's murderer is sentenced to life without parole - CNN,3983,659
1506,2843,sport,golf,Justin Thomas apologizes for using 'inexcusable' anti-gay slur - CNN,1909,304
3514,2844,news,europe,Germany election: Sleeping Beauty's forest is dying. It's not the only climate crisis facing nation's next chancellor - CNN,14963,2435
3067,2845,sport,tennis,"Novak Djokovic says he will compete in Tokyo Olympics, Golden Slam still in play - CNN",1515,256
2530,2846,news,europe,Germany resists calls to waive patents on Covid-19 vaccines - CNN,2581,380
2424,2847,sport,golf,Phil Mickelson atop leaderboard heading into final round at PGA Championship - CNN,2807,477
2200,2848,sport,football,Pierre-Emerick Aubameyang: Arsenal star recovering from malaria - CNN,4663,752
3140,2849,news,europe,Peter R. de Vries: Dutch crime reporter fighting for his life after shooting - CNN,4194,658
103,2850,sport,motorsport,Lewis Hamilton to change name to honor mother  - CNN,2068,351
3857,2851,sport,football,Newcastle United urges fans to not wear mock Arab head coverings following Saudi takeover - CNN,3320,522
1718,2852,sport,motorsport,Bubba Wallace: How 2020 helped NASCAR driver find his voice to speak out over injustice - CNN,5030,894
2394,2853,sport,sport,"Liz Cambage: WNBA head coach Curt Miller suspended, fined after making comment about opposing player's weight - CNN",1569,264
2372,2854,sport,tennis,Naomi Osaka says she won't do press conferences during the French Open - CNN,2572,425
3462,2855,news,uk,"Wayne Couzens, Sarah Everard's murderer, kidnapped her using police ID and handcuffs - CNN",7400,1226
3654,2856,sport,football,Lionel Messi surpasses Pelé to become South America's top international goal scorer in men's football - CNN,3284,536
851,2857,news,us,How two Maryland women work to raise awareness about missing Black people - CNN,4832,762
4300,2858,sport,football,Germany thrashes Liechtenstein 9-0 in FIFA World Cup qualifier - CNN,2502,431
4321,2859,sport,tennis,Aryna Sabalenka says she got vaccinated after contracting Covid-19 - CNN,1624,261
4447,2860,sport,football,João Cancelo: Manchester City defender assaulted during burglary at his home - CNN,2000,317
1961,2861,news,uk,"Meghan, Duchess of Sussex: Royals hire external law firm to investigate bullying claims - CNN",3697,589
1036,2862,news,us,Why the rules for racial rhetoric are changing - CNN,10889,1728
606,2863,sport,sport,Kamila Valieva saga set to run and run as blame game breaks out over Russian skater's positive drugs test - CNN,6480,1020
1556,2864,news,europe,Europe: Covid death records shattered as London declares 'major incident' - CNN,4494,715
1601,2865,news,europe,2020 was a terrible year for Europe. 2021 is unlikely to be any better - CNN,10217,1712
3122,2866,sport,sport,Mark Cavendish: British cyclist equals Eddy Merckx's Tour de France record  - CNN,1771,311
2972,2867,sport,sport,Here's who won gold medals at the Tokyo Olympics on Sunday - CNN,1090,139
3804,2868,sport,sport,"Tyson Fury: 'He's not the greatest,' says Dillian Whyte as he reviews the state of boxing's heavyweight division - CNN",4732,820
570,2869,sport,football,Players can be red carded for deliberate coughing under English football's new Covid-19 guidelines - CNN,2388,369
2335,2870,news,uk,Analysis: The Queen's first in-person engagement this year  - CNN,23443,4008
1646,2871,sport,football,Erling Haaland: The making of football's 'humble' superstar who rewrote Champions League record book - CNN,13737,2380
595,2872,sport,sport,"Gus Kenworthy: From pop-culture celebrity to Beijing 2022, Winter Olympian is looking to leave his final mark on skiing - CNN",7660,1321
4140,2873,sport,tennis,Peng Shuai: IOC member Dick Pound 'puzzled' by reaction to tennis player's video call - CNN,5632,905
832,2874,news,us,Montana nonprofit is fighting to protect native fish on this historic reservation - CNN,4499,755
4629,2875,news,australia,"Beijing 2022 Winter Olympics: Australia, UK and Canada join US in diplomatic boycott  - CNN",4649,717
2099,2876,news,europe,Germany puts anti-lockdown group under surveillance for possible extremist ties - CNN,3306,494
2509,2877,sport,sport,Second-place Kentucky Derby finisher Mandaloun will inherit the 'winner' title if Medina Spirit is disqualified - CNN,3443,541
603,2878,sport,sport,Here's who won gold medals at the Beijing Olympics on Sunday - CNN,591,87
479,2879,entertainment,entertainment,'Women of the Movement' review legacy: An ABC miniseries revisits Emmett Till's murder and its civil-rights legacy - CNN,3593,583
2964,2880,sport,sport,"Tom Daley: TV star. Lover of crochet. And now after four Olympics, he has elusive gold medal - CNN",4385,780
4344,2881,news,europe,EU accuses Belarus of acting like 'gangster regime' as thousands of freezing migrants camp on Polish border - CNN,10273,1582
1458,2882,news,uk,"Covid variant found in UK may be more deadly than others, says Boris Johnson - CNN",3502,573
562,2883,sport,football,FC Dallas' Reggie Cannon criticizes booing of players kneeling during national anthem - CNN,3740,620
911,2884,news,opinions,Why so many who doubt climate change here? (Opinion) - CNN,45204,7737
3123,2885,news,europe,A hate-filled attack made a grandson of Holocaust survivors understand their experience a little more. But he decided to buck their advice  - CNN,7437,1227
1161,2886,health,health,Medic who documented Nazi camp horror dies at 93 - CNN,18129,3104
1596,2887,news,uk,'Tampon tax' abolished on menstrual products in UK - CNN,1705,282
2841,2888,sport,golf,Yuka Saso: The 19-year-old major winner who modeled her game on Rory McIlroy's after watching him on YouTube - CNN,4710,833
4232,2889,news,europe,"French dictionary adds non-binary pronoun, sparking anger - CNN",3259,514
2265,2890,news,australia,Australia's Sex Discrimination Act will soon apply to politicians. Why didn't it before? - CNN,5560,859
3238,2891,sport,sport,Sarah Storey wins 15th Paralympic gold medal in Tokyo  - CNN,2028,357
350,2892,business,perspectives,Opinion: Soaring gas prices are hurting Americans. It's time for more stimulus checks - CNN,4413,711
2919,2893,sport,sport,German cycling coach dismissed from Olympics over racist remarks - CNN,1641,252
1519,2894,news,uk,UK: Black women are four times more likely to die in childbirth than their White counterparts. Little is being done to find out why - CNN,13783,2222
3657,2895,sport,tennis,Emma Raducanu and Leylah Fernandez to make US Open history in all-teen final - CNN,4407,768
2544,2896,sport,football,Stiliyan Petrov's dream job was cut short by cancer; now he wants to help soccer stars plan for the future - CNN,5496,904
3090,2897,sport,football,Euro 2020 final: Italy crowned champion after beating England on penalties - CNN,12572,2076
1567,2898,news,europe,WHO calls for more intensified measures to fight UK coronavirus variant - CNN,2579,413
2720,2899,sport,sport,Viktor Hovland forced to withdraw from US Open after getting sand in his eye - CNN,1775,307
4502,2900,news,europe,Fossil of a giant millipede reveals 'the biggest bug that ever lived' - CNN,3211,536
2611,2901,news,europe,French Open Fast Facts - CNN,3039,510
3229,2902,sport,sport,"Abbas Karimi fled Afghanistan at age 16, now he's representing the Refugee Paralympic Team at Tokyo 2020 - CNN",10216,1868
4427,2903,news,europe,Alexey Navalny Fast Facts - CNN,10746,1655
978,2904,news,world,"NASA technology can help save whale sharks says Australian marine biologist and ECOCEAN founder, Brad Norman - CNN",5870,932
2402,2905,sport,football,Lille defies the odds to win the Ligue 1 title: 'Everybody was already counting us out' - CNN,8281,1423
4073,2906,sport,football,Pele: Brazil legend leaves hospital after surgery to remove tumor - CNN,2045,330
2330,2907,news,europe,Europe is torn over whether to take Putin's help on vaccines - CNN,8076,1317
2181,2908,sport,football,"European Super League: 12 football teams to form breakaway league amid condemnation from UEFA, Premier League, FIFA - CNN",10648,1705
2803,2909,news,uk,G7 summit: Joe Biden and Boris Johnson relish the role of global good guys. But bonhomie may be tested by hard reality - CNN,7672,1251
4288,2910,sport,sport,"Pittsburgh Steelers QB Ben Roethlisberger placed on the reserve/Covid-19 list, ruled out for Sunday's game  - CNN",1640,257
3363,2911,sport,motorsport,Ana Carrasco broke her back after a 'stupid' crash. Eight months later she raced to victory - CNN,7733,1382
2592,2912,sport,tennis,Wimbledon 2021: Organizers 'happy' with court conditions as Serena Williams and Adrian Mannarino suffer slips - CNN,3661,599
3345,2913,news,europe,German nurse accused of swapping Covid-19 vaccines with saline solution - CNN,3087,474
2763,2914,news,uk,Boris Johnson extends England's pandemic restrictions amid variant concerns - CNN,7211,1206
4198,2915,sport,sport,"Baker Mayfield: QB's future with the Cleveland Browns seems uncertain, but advocacy for man on death row wins plaudits - CNN",4628,781
2603,2916,sport,tennis,Wimbledon: Sloane Stephens and Frances Tiafoe cause upsets  - CNN,3120,518
2277,2917,sport,football,La Liga finds no evidence Cádiz's Juan Cala insulted Valencia's Mouctar Diakhaby 'in the alleged terms' - CNN,3207,521
3962,2918,news,europe,Europe on collision course with US over Venezuela elections - CNN,5066,840
1149,2919,news,us,"Three ways MLK speaks to our time
 - CNN",15434,2518
4019,2920,news,europe,Mussolini's granddaughter tops polls in Rome council vote - CNN,1456,214
3749,2921,sport,sport,Police arrest Kashmiri Muslims for celebrating Pakistan cricket team victory over India - CNN,5333,836
3509,2922,news,europe,Iceland  - CNN,3061,472
4099,2923,sport,sport,Fenway Sports Group acquires NHL's Pittsburgh Penguins  - CNN,2092,337
3894,2924,news,europe,Carmen Mola: Lauded Spanish female crime writer revealed to be 3 men - CNN,3322,554
4621,2925,sport,motorsport,F1: Title rivals Lewis Hamilton and Max Verstappen wary of being on collision course in Abu Dhabi showdown - CNN,10646,1767
3908,2926,news,europe,Rome goes to the polls amid Covid pass tension - CNN,1904,306
2583,2927,sport,football,FIFA: Isha Johansen's rise to the corridors of power - CNN,12199,2059
3660,2928,sport,football,"Jerome Boateng: Former Germany defender guilty of bodily harm, fined $2.13 million - CNN",1228,195
2709,2929,sport,motorsport,Max Verstappen beats Lewis Hamilton at French Grand Prix to extend F1 title race lead - CNN,2475,431
2101,2930,sport,sport,NBA: Utah Jazz set a new franchise record after thrashing the Sacramento Kings - CNN,2125,361
3203,2931,sport,football,"Transfer deadline day: Spending on international transfers nearly tripled in 10 years, FIFA says - CNN",2461,391
4717,2932,news,europe,Paris Archbishop allegedly involved in 'intimate relationship' with woman resigns - CNN,2647,419
3903,2933,news,australia,"Australian police search for Cleo Smith, 4, missing from tent on campsite - CNN",2444,406
3958,2934,sport,sport,"Jon Gruden has resigned as head coach of the Las Vegas Raiders after reports of homophobic, racist and misogynistic emails - CNN",6552,1078
2349,2935,sport,sport,Tokyo Olympics: Australian softball squad among first athletes to travel to Japan for Games - CNN,2614,411
2553,2936,news,europe,On board a small Ukrainian patrol boat challenging Russian naval might   - CNN,6029,990
3748,2937,sport,football,Morten Thorsby: Why the climate crisis is a game football cannot afford to lose - CNN,10357,1668
1480,2938,sport,golf,Annika Sorenstam defends accepting Presidential Medal of Freedom a day after US Capitol riots - CNN,3253,519
1482,2939,news,uk,"London's ICU nurses detail 'diluted' care, depression and disaster during the UK's deadly second wave - CNN",14092,2353
2237,2940,sport,golf,The Masters: Hideki Matsuyama's caddie bowing respectfully to Augusta symbolizes emotional win for a proud Japan - CNN,9167,1511
2169,2941,news,europe,"EU regulator finds possible link between Johnson & Johnson vaccine and blood clots, but says benefits outweigh risks - CNN",4616,753
2437,2942,sport,sport,"LeBron James hits game-winner as the LA Lakers beat the Golden State Warriors, advance to playoffs - CNN",2584,446
4358,2943,news,europe,Death of pregnant woman ignites debate about abortion ban in Poland - CNN,4813,792
784,2944,news,africa,Diane Rwigara: Rwandan opposition leader freed on bail - CNN,5767,922
4078,2945,news,europe,Vaccine hesitancy: These EU nations are still miles behind their neighbors - CNN,8745,1377
4682,2946,news,uk,"Prince William reveals 'cringing' moment with Taylor Swift, some of his favorite tunes and car rides with his mom and Harry - CNN",7601,1282
367,2947,business,perspectives,Opinion: Omicron is crushing small businesses like ours. But there are solutions - CNN,4865,806
2914,2948,sport,sport,Connor Fields 'is awake' after BMX semifinals crash at the Olympics as Niek Kimmann storms to historic gold - CNN,2812,488
643,2949,sport,sport,"Beijing Olympics tickets will not be sold to general public due to Covid-19, China says - CNN",2696,415
176,2950,news,africa,"Solhan, Burkina Faso: How children were used in a 48-hour deadly rampage for gold - CNN",19220,3202
1965,2951,news,uk,Harry and Meghan's seismic interview will be felt for generations  - CNN,9079,1534
3594,2952,sport,football,Leicester City vs. Napoli: Multiple arrests made as fans clash - CNN,2071,316
353,2953,business,perspectives,Opinion: This bill could help to end energy poverty in the US - CNN,4387,702
2774,2954,news,europe,French authorities race to clean up oil spill drifting to Corsica's coast - CNN,2206,338
2423,2955,sport,football,Atletico Madrid wins La Liga title for the first time since 2014 in a dramatic final day - CNN,3205,523
1425,2956,sport,football,"Zlatan Ibrahimovic scores, clashes with Romelu Lukaku and gets red card in fiery Milan derby - CNN",4089,686
2688,2957,sport,golf,John Rahm: From 'biggest setback' to 'biggest breakthrough' -- How Spaniard became a major winner - CNN,5517,1002
4201,2958,news,europe,Russian rescue dog Monika has a new leash on life after prosthetics operation - CNN,2889,484
2748,2959,news,uk,"UK heat deaths could triple by 2050 without more climate change action, report warns - CNN",3091,495
1590,2960,news,uk,2020's alternative universe is not going away   - CNN,16346,2592
264,2961,politics,politics,Analysis: Texas attorney general runoff is a win for the Bushes over Trump - CNNPolitics,4270,734
4302,2962,sport,football,"PSG player Aminata Diallo released from police custody without charge, but investigation into attack is ongoing - CNN",2951,461
1235,2963,health,health,Can forgotten rubella children of the '60s hold clue for Zika babies?  - CNN,18114,3072
2276,2964,sport,golf,Rory McIlroy hits father with ball in sloppy first round at The Masters - CNN,6931,1168
3259,2965,sport,sport,Paralympics 2020: Afghanistan flag to feature in opening ceremony as a show of 'solidarity'  - CNN,7685,1266
2889,2966,sport,golf,"'Happy Gilmore': 'Everybody loves to hate the villain,' says Shooter McGavin - CNN",5527,921
238,2967,politics,politics,Analysis: This is the big loser in redistricting the country's congressional lines - CNNPolitics,3575,586
2270,2968,sport,football,"Jordan Henderson hands social media accounts to charity, as clubs begin boycott due to racist abuse - CNN",4460,690
3135,2969,sport,tennis,Naomi Osaka: Netflix launches trailer for new documentary series on tennis superstar - CNN,2211,370
1086,2970,news,us,"After Bible museum scandal, more evangelicals suspect they have forged Dead Sea Scrolls  - CNN",7109,1138
1474,2971,sport,golf,Tiger Woods puts season on hold after fifth back operation of his career  - CNN,1906,326
3665,2972,sport,sport,Cricket Australia: 'No alternative' but to cancel Afghanistan test match following Taliban stance on women's sport  - CNN,3088,475
1946,2973,news,europe,Alexey Navalny: First Russia poisoned him. Now Penal Colony No. 2 is the prison camp for Navalny. - CNN,6881,1159
2575,2974,sport,football,Serie A: Inter Milan wins first Scudetto since 2010  - CNN,3994,667
2082,2975,sport,sport,Jasmine Harrison delights in Atlantic Ocean world record row - CNN,8795,1550
1753,2976,sport,tennis,Victoria Azarenka bemoans 'lack of fresh air' in quarantine after Australian Open exit; Rafael Nadal wins - CNN,4439,768
2626,2977,sport,sport,Geraint Thomas: Former Tour de France winner rides on after dislocated shoulder is put back in following crash - CNN,3238,556
2585,2978,news,uk,"A 330-ton fatberg is clogging an English city, and it won't move for weeks - CNN",1936,327
3524,2979,news,europe,Russia accused of 'Ghostwriter' cyberattacks ahead of German election - CNN,2027,291
2000,2980,news,uk,Meghan and Harry interview: Prince William says royals are 'very much not a racist family'  - CNN,4664,775
4060,2981,news,uk,Boris Johnson's reign is becoming one long crisis - CNN,10758,1775
1529,2982,sport,sport,LeBron James hits no-look three pointer to win mid-game bet with teammate in LA Lakers rout - CNN,6013,994
4728,2983,news,europe,"This company is ""zapping"" cow dung with lightning to trap climate-warming methane - CNN",3415,557
3666,2984,sport,sport,Olympics 2022: North Korea barred from participating in Beijing Winter Olympics - CNN,3755,597
4131,2985,sport,sport,World Athletics finds female athletes target of 87 percent of online abuse at Tokyo Olympics  - CNN,2272,363
1583,2986,news,uk,Julian Assange: US extradition request for Wikileaks founder rejected by UK judge - CNN,16161,2539
1737,2987,news,europe,Polish court orders historians to apologize over Holocaust book - CNN,3440,539
2079,2988,sport,football,Jiangsu FC: Reigning Chinese Super League champion 'ceases operations' - CNN,4990,757
2833,2989,news,europe,"David Dushman, last surviving liberator of Auschwitz, dies at 98 - CNN",2484,409
1577,2990,news,europe,UK says aircraft carrier strike group is ready to deploy. China's already watching - CNN,5953,917
2304,2991,sport,football,Rebecca Welch: Referee makes history in EFL debut - CNN,2875,486
3836,2992,sport,motorsport,Lewis Hamilton on being 'the greatest you can be' and the lessons he learned from Tom Brady - CNN,7114,1239
2401,2993,news,uk,"Sasha Johnson: BLM activist Sasha Johnson shot by men entering party, London police say, as supporters demand accountability - CNN",6161,1033
2996,2994,sport,sport,Bobby Bowden: Legendary college football coach diagnosed with a terminal illness - CNN,2412,415
1459,2995,sport,sport,Olympics 2021: Japan and IOC determined to hold Tokyo Games despite cancellation rumors - CNN,3682,572
336,2996,business,economy,No end to America's rising prices: Another inflation measure rose in January - CNN,4289,663
3143,2997,news,europe,Ukrainian army's decision to make female soldiers march in high heels sparks backlash - CNN,3603,550
1049,2998,news,us,Analysis: The question now facing Democrats - CNN,5607,930
1209,2999,news,us,"10 siblings lost their dad on 9/11, then they lost mom to cancer - CNN",21025,3673
2205,3000,news,uk,Greensill Capital: A political scandal is swirling in Britain. But Boris Johnson is unlikely to drain the swamp - CNN,10394,1669
3728,3001,sport,sport,Virat Kohli: India cricket captain slams 'spineless' trolls after abuse targeted team's bowler - CNN,4153,687
258,3002,politics,politics,The Democratic retirement floodgates just burst open - CNNPolitics,2934,493
2005,3003,news,uk,Meghan and Harry interview: Buckingham Palace says royal family is 'saddened' in first statement on behalf of the Queen - CNN,4285,693
1649,3004,sport,tennis,Australian Open fans criticized for booing Covid-19 vaccine announcement  - CNN,4223,630
317,3005,business,investing,Premarket stocks: China's new Covid lockdowns are another threat to the economy - CNN,6517,1052
3826,3006,sport,sport,Simone Biles opens up about her mental health post-Olympics: 'I'm still scared to do gymnastics' - CNN,2984,505
1792,3007,news,europe,Alexey Navalny: The Kremlin crackdown risks turning the opposition leader into a martyr - CNN,9525,1524
2018,3008,sport,sport,Dak Prescott: Dallas Cowboys and superstar quarterback agree to mega deal - CNN,2971,482
1452,3009,sport,football,Arsenal knocked out of FA Cup after defeat by Southampton - CNN,2958,483
0,3010,news,world,"There's a shortage of truckers, but TuSimple thinks it has a solution: no driver needed - CNN",12566,2066
3324,3011,sport,football,Premier League: $138m Jack Grealish transfer shows it's business as usual for top-flight elite - CNN,7513,1255
1798,3012,sport,sport,Tokyo Olympics: IOC says athletes will not need vaccine to participate - CNN,3293,533
1706,3013,sport,golf,Daniel Berger sinks eagle putt on the final hole to win at Pebble Beach - CNN,2304,419
2865,3014,sport,tennis,Roger Federer says 'misunderstanding' caused heated debate with chair umpire in French Open win  - CNN,1799,303
3333,3015,news,europe,Sicily heat wave: Italy may have hit Europe's hottest day on record - CNN,4357,689
2070,3016,news,europe,UK coronavirus: How Britain failed to impose an effective quarantine system   - CNN,13010,2118
2445,3017,sport,sport,WNBA: Liberty's Ionescu records first career triple-double to down Lynx - CNN,1704,282
3235,3018,sport,football,Benjamin Mendy: Manchester City defender charged with four counts of rape and one count of sexual assault - CNN,1126,174
759,3019,news,opinions,"With a Covid-19 vaccine patent waiver likely, time to rethink global intellectual property rules - CNN",9527,1478
4587,3020,sport,motorsport,Red Bull's Max Verstappen wins maiden F1 world title after dramatic Abu Dhabi Grand Prix ending - CNN,4358,735
1650,3021,news,uk,Britain challenges China at UN over access to Xinjiang - CNN,2673,409
2566,3022,news,europe,"France kept classrooms open 'at all costs.' At a school where 20 pupils lost loved ones, some say the price was too high - CNN",10640,1803
4467,3023,sport,sport,"Joe Burrow says he wasn't offended by gold jacket comment, but Bengals QB hints they were on his mind in stunning performance - CNN",2775,456
2382,3024,sport,football,Europa League final: Villarreal defeats Manchester United in dramatic penalty shootout to win first major European trophy - CNN,2417,370
1635,3025,news,europe,Cocaine worth billions of euros seized in Europe's biggest ever bust    - CNN,3131,473
63,3026,entertainment,entertainment,Rolling Stones announce new 'Sixty' tour  - CNN,1182,181
227,3027,politics,politics,Analysis: How Republicans can still screw up 2022 - CNNPolitics,3093,500
4507,3028,news,australia,Australia Covid-19: Scott Morrison rules out new lockdowns despite rising cases and Omicron fears - CNN,6702,1051
1512,3029,news,uk,Man who accidentally threw out a bitcoin fortune offers $70 million for permission to dig it up - CNN,4270,748
1885,3030,news,australia,Australia's political culture in spotlight again as new report emerges of lewd acts in parliament - CNN,2001,296
1299,3031,business,business,"Maersk investigates alleged rape of 19-year-old during federal training program
 - CNN",8170,1390
1133,3032,news,us,He shot to fame with one speech and is now on a mission against Trump - CNN,25224,4283
4235,3033,sport,sport,Azeem Rafiq doesn't want his kids to play cricket and 'be in pain' from racism - CNN,3530,580
1865,3034,news,uk,"Despite Brexit, Britons won't stop being European - CNN",8717,1436
4519,3035,sport,sport,The Ashes: Australia beat England by 275 runs in Adelaide test - CNN,769,129
2452,3036,sport,tennis,Venus Williams tells umpire she 'can't control God' following time violation due to heavy winds - CNN,1233,202
1199,3037,news,us,Surge in Cuban migrants crossing U.S.-Mexico border - CNN,20622,3525
2422,3038,sport,golf,Shane Lowry plays shot from the beach during PGA Championship - CNN,1696,309
1399,3039,news,europe,Russian activist Navalny's foundation calls on Biden to sanction Putin's closest allies  - CNN,5323,860
1041,3040,news,us,Analysis: The most shocking part of the racist yearbook photo is unseen - CNN,9261,1589
677,3041,sport,motorsport,Lewis Hamilton equals Michael Schumacher's record of seven world titles - CNN,5192,868
2758,3042,news,australia,"Kelpie sells for staggering $27,000 at working dog auction - CNN",2128,356
2804,3043,sport,sport,Copa America: Brazilian players and staff criticize tournament in a public letter - CNN,4015,603
125,3044,sport,tennis,Novak Djokovic won't play at Indian Wells or Miami Open due to vaccination status - CNN,2449,415
3137,3045,sport,football,Italy wins dramatic penalty shootout against Spain to reach Euro 2020 final - CNN,9349,1529
1309,3046,politics,politics,MyPillow CEO Mike Lindell's latest election conspiracy theory is his most bizarre yet   - CNNPolitics,17032,2758
1997,3047,news,europe,Lou Ottens: Dutch inventor of the cassette tape dies age 94 - CNN,3401,564
996,3048,news,living,Making a 'squat' a home - CNN,6103,1008
2469,3049,sport,sport,Michael Jordan shares final text messages he exchanged with Kobe Bryant - CNN,2591,431
846,3050,health,health,"Dr. Sanjay Gupta: Resolutions for making 2022 a better, healthier year - CNN",9797,1666
332,3051,business,economy,Half a million families are stranded due to the shortage of child care workers - CNN,5371,880
131,3052,sport,motorsport,Max Verstappen: F1 world champion signs new deal with Red Bull Racing until 2028 - CNN,2407,415
2941,3053,sport,sport,Russian Olympic Committee wins gold in women's team gymnastics as Team USA hit by Simone Biles withdrawal - CNN,2554,423
3672,3054,sport,sport,Giorgio Minisini: Male artistic swimmers redefine what 'masculinity' means - CNN,7155,1165
4090,3055,sport,sport,"Monday Night Football: Seahawks fall as coach says Russell Wilson has 'to do better, we all got to do better' - CNN",4481,757
3888,3056,news,australia,Australia is offering money to help victims leave violent partners - CNN,5786,909
3758,3057,sport,golf,Leona Maguire: the 26-year-old who shocked the golf world as unbeaten Solheim Cup rookie - CNN,11721,2058
2997,3058,sport,sport,US gymnast Kara Eaker and basketball player Katie Lou Samuelson test positive for Covid-19 ahead of Olympics - CNN,6361,1015
1383,3059,news,us,"Military vets were among the Capitol Hill rioters, protesters - CNN",19176,3111
2579,3060,sport,sport,"Tokyo 2020: 'Genocidaires do not deserve to be in the Olympics,' Myanmar swimmer Win Htet Oo - CNN",4361,686
3741,3061,sport,sport,Warriors: Golden State lose unbeaten record as Ja Morant puts on a show for the Memphis Grizzlies - CNN,3034,542
2979,3062,sport,sport,Algerian Olympian Fethi Nourine withdraws from Games due to potential matchup with Israeli competitor - CNN,2708,417
1598,3063,news,uk,2020 stretched the social fabric of the United Kingdom. 2021 could rip it to pieces - CNN,10993,1807
1379,3064,politics,politics,Giuliani uses unfounded 'Antifa' argument to defend Trump - CNNPolitics,6244,1012
4514,3065,sport,sport,"Amir Assadollahzadeh: Fearing torture and possible execution, Iranian powerlifter quit team in Norway and ran for his life - CNN",12404,2110
4710,3066,sport,sport,LSU hires former Notre Dame head football coach Brian Kelly  - CNN,1839,297
1470,3067,sport,sport,Golden State Warriors pay tribute to Kamala Harris in 'great day' for Oakland - CNN,3775,649
4085,3068,news,europe,Netherlands says Omicron variant was already in country earlier than previously thought - CNN,2597,395
4212,3069,news,europe,The EU realizes it can't rely on America for protection. Now it has a blueprint for a new joint military force - CNN,10255,1698
3201,3070,news,europe,US veterans launch dig for missing World War II airmen in England - CNN,4273,741
2108,3071,sport,sport,"Floyd Mayweather exhibition match against YouTuber Logan Paul back on, set for June 6 - CNN",1075,163
4114,3072,sport,sport,"LeBron James: Los Angeles Lakers forward fined $15,000 for 'obscene gesture' celebration - CNN",2043,314
4602,3073,news,uk,Boris Johnson pictured hosting Downing Street virtual Christmas quiz last year - CNN,5863,954
1930,3074,sport,motorsport,"Sabine Schmitz, 'Queen of the Nürburgring,' dead at 51 - CNN",2220,367
3357,3075,sport,sport,Team USA tops Olympic medal table as closing ceremony wraps Tokyo 2020  - CNN,2363,389
2555,3076,sport,sport,"From trial balloon to TV ratings hit, WNBA marks 25 years - CNN",5318,855
3818,3077,news,uk,Nicole Kidman joins Daniel Craig in donating to  - CNN,2724,431
3283,3078,news,europe, As Joe Biden walks America away from the world stage Europe is left exposed - CNN,9397,1550
747,3079,news,americas,The fight to save Hawaii Sign Language from extinction  - CNN,9157,1532
2701,3080,sport,sport,NBA playoffs: Devin Booker's huge night leads Phoenix Suns to Game One win over LA Clippers - CNN,4666,813
2044,3081,sport,football,NFL hires Maia Chaka as its first Black female game official - CNN,1904,302
3698,3082,sport,football,Jean-Pierre Adams: The 39-year coma that didn't stop love - CNN,23204,3901
1825,3083,sport,sport,Two Black women will be head coaches in the same NCAA women's Final Four for the first time - CNN,4505,775
3764,3084,sport,football,Koeman: Barcelona fires coach after woeful start to season - CNN,2001,324
2125,3085,news,europe,"UK sending HMS Queen Elizabeth to the Pacific, exercises planned alongside US, India, Japan and South Korea - CNN",6327,995
1939,3086,sport,sport,Colombian rugby leaving behind its infamous past - CNN,6024,1001
483,3087,entertainment,entertainment,'Definition Please' and 'Donkeyhead' explore what it's like to reach adulthood and still feel stuck - CNN,7074,1165
1871,3088,sport,football,Pelé: Does the 'definitive' documentary cement or damage the football great's legacy? - CNN,7575,1287
1687,3089,sport,tennis,Rafael Nadal stunned by Stefanos Tsitsipas' remarkable comeback which dumps him out of Australian Open - CNN,3949,668
1819,3090,news,europe,Italy expels two Russian officials over espionage case - CNN,3724,583
2030,3091,sport,tennis,Novak Djokovic surpasses Roger Federer's all-time record  - CNN,2681,445
3447,3092,news,europe,"Nicolas Sarkozy, former French President, receives 1-year sentence for illegal campaign financing - CNN",2776,430
1465,3093,sport,sport,Paula Badosa becomes first Australian Open tennis player to reveal positive Covid-19 test - CNN,3051,477
4226,3094,sport,sport,Former cricketer Azeem Rafiq apologizes for antisemitic comments he says he made in 2011 - CNN,2664,451
1719,3095,sport,tennis,Novak Djokovic defeats Taylor Fritz in five-set epic as fans are told to leave court at Australian Open - CNN,2433,416
2858,3096,sport,tennis,Serena Williams powers into French Open fourth round as she aims for history - CNN,3486,588
243,3097,politics,politics,Florida House passes bill creating election police force  - CNNPolitics,4534,691
3640,3098,sport,motorsport,Hamilton Verstappen collision: After drama-filled Italian Grand Prix Hamilton felt 'fortunate to be alive'  - CNN,4840,856
3526,3099,news,europe,"How France, Italy, Germany, Belgium are dealing with pockets of low Covid vaccine uptake - CNN",12261,1931
19,3100,business,business,Companies pulling back from Russia over the war in Ukraine - CNN,30053,4693
27,3101,business,economy,US economy flashes a recession warning sign - CNN,4973,796
4699,3102,news,europe,Norway's 'threadbare' Christmas tree present underwhelms some in Britain - CNN,2764,450
3960,3103,news,europe,"Dutch monarch could be in same-sex marriage, prime minister says - - CNN",1911,319
4199,3104,sport,football,Arsenal boss Mikel Arteta explains fiery clash with Jurgen Klopp during defeat to Liverpool - CNN,1735,286
1531,3105,sport,football,"Manchester United moves top, but 'no hugs' in future as EPL grapples with Covid-19 spike - CNN",4717,754
3224,3106,sport,sport,Tatyana McFadden: 17-time Paralympic medalist happy to be back after 'scariest moment of career'  - CNN,6466,1123
3381,3107,sport,sport,"Valentino Rossi calls time on MotoGP, looks to cars - CNN",3598,654
4330,3108,news,europe,Denmark ditched its Covid rules two months ago. Now it's joined other EU nations in mulling new restrictions  - CNN,5145,793
1857,3109,sport,sport,Ironman World Championship: Sam Holness hopes to use autism 'superpower' at legenday endurance event - CNN,6667,1106
788,3110,news,africa,"A mother's impossible choice: risk rape to feed your family, or starve - CNN",7717,1311
1175,3111,health,health,Where Trump support and Obamacare use soar - CNN,24287,4226
4297,3112,sport,sport,Green Bay Packers star quarterback Aaron Rodgers expected to play Sunday - CNN,3683,594
3300,3113,sport,sport,Tim Tebow released by Jacksonville Jaguars after brief experiment at tight end - CNN,1838,299
1574,3114,news,europe,Norway ends rescue effort for survivors six days after landslide - Prime Minister - CNN,1886,318
477,3115,entertainment,entertainment,'Pam & Tommy' review: Lily James and Sebastian Stan become Pam Anderson and Tommy Lee in Hulu's limited series - CNN,4271,705
4224,3116,news,europe,Belarus-Poland border: Migrant camps cleared at border as first repatriation flight leaves for Iraq - CNN,9441,1506
3049,3117,news,europe,Europe floods: Desperate search for survivors after 'catastrophe of historic proportion' - CNN,14677,2328
1093,3118,news,us,"American Jews have feared this kind of attack for years, but still kept their doors open. Here's why - CNN",8046,1290
2175,3119,news,europe,"Pandemic deaths are accelerating, WHO warns, as world records most cases ever in a single week - CNN",4610,739
3584,3120,sport,football,Bayern Munich puts seven goals past hapless VfL Bochum - CNN,1919,321
4585,3121,news,uk,Britain's GCHQ spy agency releases Christmas puzzle for kids - CNN,2035,325
2358,3122,news,uk,Lost engagement ring: Freediver finds ring at the bottom of England's largest lake - CNN,2400,412
1501,3123,sport,football,Premier League: The art of winning a penalty sparks debate - CNN,6277,1048
1418,3124,news,uk,Could post-vaccine life mean we return to normal? Not just yet - CNN,11465,1891
3407,3125,news,europe,"Kristina Timanovskaya, Belarusian sprinter, on a life-changing week - CNN",4192,730
3788,3126,news,europe,Russia imposes hospitality curfew to tackle spread of Covid - CNN,3091,474
3053,3127,sport,football,Tyrone Mings calls out UK Home Secretary Priti Patel over 'gesture politics' comment on taking the knee in Euro 2020 fallout - CNN,8585,1428
3384,3128,sport,sport,Janja Garnbret becomes first woman to win a climbing gold medal at the Olympics - CNN,4243,691
1701,3129,sport,sport,Serena vs. Osaka: 'There's going to be some kind of big drama in the final' - CNN,12582,2151
3807,3130,news,uk,COP26 flop? Covid looms over crucial climate talks as some key leaders snub the event - CNN,8669,1403
261,3131,politics,politics,Texas Republican lawmaker Van Taylor suspends campaign after admitting to affair - CNNPolitics,2464,407
4322,3132,news,europe,"Ukraine detains alleged head of illegal ""Isolation"" prison in Donetsk - CNN",3142,484
1485,3133,sport,football,Zlatan Ibrahimovic double restores AC Milan's three-point lead at the top of Serie A - CNN,2186,356
3842,3134,news,europe,EU Parliament to file lawsuit against Commission over 'failure' to punish countries who 'violate' rule of law - CNN,5780,931
259,3135,politics,politics,"The drip, drip, drip of Democratic retirements  - CNNPolitics",2773,462
2028,3136,sport,football,Champions League: UEFA clears officials of alleged racist abuse during Paris Saint-Germain and Istanbul Basaksehir match - CNN,2569,366
4618,3137,news,uk,"Prince William and Catherine, Duchess of Cambridge release family Christmas card - CNN",2178,343
3744,3138,news,europe,Brexit: France detains UK boat as spat over fishing rights escalates  - CNN,5728,913
4386,3139,news,uk,Analysis: What happened when the royal ecowarriors descended on COP26 - CNN,14235,2348
3050,3140,sport,golf,"Louis Oosthuizen: Sun, sea and golf and the challenge of playing in gusty wind, unforgiving rough and blind shots - CNN",5329,923
225,3141,politics,politics,Analysis: A signal Democrats could be facing a massive wave - CNNPolitics,2325,393
1642,3142,sport,football,Soccer: US women's team 'past the protesting phase' of anthem debate - CNN,2656,452
3008,3143,sport,sport,USWNT hammered by Sweden in opening Tokyo 2020 match - CNN,4261,739
739,3144,news,world,"Skin Whitening: The global market, the risks and who makes and sells the products - CNN",16934,2552
3309,3145,news,europe,Coronavirus has created the perfect conditions for a full-scale war on truth  - CNN,6878,1121
4726,3146,sport,golf,Four golfers test positive ahead of South African Open - CNN,1332,207
1243,3147,news,us,Can a survivor find solace in return to scene of rape? - CNN,27478,4760
4007,3148,sport,football,Belgium vs. France: Romelu Lukaku thought he'd won it but VAR had other ideas as Theo Hernandez strike decides thriller - CNN,2957,497
3703,3149,sport,tennis,Top-ranked Ashleigh Barty stunned at US Open - CNN,1511,265
546,3150,sport,football,Mason Greenwood: The Man Utd teenager on the road to becoming a great - CNN,8811,1492
2935,3151,news,australia,Australia Covid-19: Sydney lockdown extended by four weeks as cases spike - CNN,4678,745
3751,3152,news,uk,England could prescribe e-cigarettes on National Health Service - CNN,4526,694
3884,3153,news,europe,"Norway attack victims were killed by stabbings, not arrows, police say - CNN",2461,391
4556,3154,news,europe,Dutch princess' 18th birthday party broke Covid-19 rules - CNN,2367,367
2934,3155,sport,sport,Gymnast Simone Biles doesn't need more medals. She returned to the Olympics for something much more impactful - CNN,5598,946
2998,3156,sport,sport,Beach volleyball player Markéta Sluková-Nausch left in tears as Czech star misses Olympics due to positive Covid-19 result - CNN,5151,817
491,3157,business,success,Nervous about socializing in the office again? Here's how to break the ice - CNN,4404,743
560,3158,sport,football,Mbappe and Neymar prove their worth as PSG reaches first Champions Leage semifinal in 25 years - CNN,5535,923
2535,3159,sport,sport,"Eddie Hearn: Ahead of Billy Joe Saunders vs. Canelo Álvarez bout, boxing promoter says 'the razzmatazz is important' - CNN",7827,1307
348,3160,business,perspectives,Opinion: Prices just keep rising. It's time to revive the enhanced child tax credit - CNN,4579,756
4092,3161,news,europe,Russia says Zircon hypersonic missile hit target in latest test - CNN,1209,201
3925,3162,news,europe,Norway bow-and-arrow attack suspect Espen Andersen Bråthen charged with murder - CNN,6811,1104
2460,3163,sport,sport,Steph Curry becomes oldest player to secure NBA scoring title since Michael Jordan  - CNN,2661,449
1517,3164,news,uk,A Best Western hotel in London is now taking in Covid-19 patients as hospitals run out of beds - CNN,4641,767
2211,3165,sport,sport,Tokyo Olympics: Adam Peaty ahead of schedule for Olympics after another 100m blast - CNN,2278,389
4697,3166,sport,sport,Peng Shuai: Human rights activist Peter Dahlin says IOC is putting tennis star at 'greater risk' - CNN,7149,1139
1345,3167,politics,politics,Huge immigrant visa backlog poses challenge for Biden - CNNPolitics,15248,2440
4612,3168,sport,sport,Magnus Carlsen: Chess is now a money game - CNN,7227,1159
713,3169,business,tech,"Lowkey.gg, a new service for adult gamers, throws a League of Legends tournament that we tried out - CNN",6465,1068
2415,3170,news,europe,Belarus: Activist arrested after fighter jet intercepts his Ryanair flight - CNN,5445,809
2737,3171,sport,football,Paul Pogba follows Cristiano Ronaldo's lead by removing display drink during a press conference - CNN,2980,467
703,3172,sport,motorsport,Marc and Alex Marquez: World champion brothers on life in lockdown - CNN,6231,1092
4624,3173,news,uk,"Boris Johnson's Press Chief gave out play awards at 18th December Christmas party, say reports  - CNN",4220,660
615,3174,sport,sport,Benjamin Alexander: How 'absolutely fearless' Jamaican went from being a DJ to his country's first Olympic alpine skier - CNN,5716,979
1475,3175,news,europe,Navalny releases investigation into decadent billion-dollar 'Putin palace' - CNN,8409,1351
4268,3176,news,uk,"Liverpool bomb incident: Man brought explosive device into taxi, police say - CNN",3520,581
1393,3177,sport,football,Marcus Rashford: Manchester United star racially abused online - CNN,3729,587
2323,3178,sport,tennis,Love match: Tennis stars Elina Svitolina and Gael Monfils announce engagement - CNN,3736,631
2894,3179,news,europe,"Giovanni Brusca, Sicilian mafia 'people-slayer,' released after 25 years in jail - CNN",2577,402
1742,3180,news,uk,Elton John and Michael Caine star in video encouraging Brits to get vaccine - CNN,2425,406
2364,3181,news,uk,UK police thought they were raiding a marijuana farm. They found a Bitcoin mine. - CNN,2193,349
3652,3182,news,australia,Australia's Queensland state could go into lockdown over five coronavirus cases - CNN,2772,444
4703,3183,news,europe,Making Covid-19 vaccines mandatory was once unthinkable. But European countries are showing it can work - CNN,16765,2686
3263,3184,sport,sport,Diederick Schelfhout: Paralympian on fighting for his career after a life-changing motorcycle accident - CNN,10988,1974
2762,3185,sport,sport,Take your condoms home: social distancing and sex in the Olympic village - CNN,2239,363
4244,3186,news,uk,The Queen holds first engagement since missing Remembrance Sunday Service - CNN,4148,697
2390,3187,news,europe,Italy cable car accident: Three people arrested - CNN,2459,387
3127,3188,sport,sport,Tokyo venues for Olympics will have no spectators; Games will be held under a state of emergency  - CNN,4906,790
596,3189,sport,sport,"'Cool Runnings': 'Most people die before their legacy is revealed, but I've had to live it,' says Dudley 'Tal' Stokes - CNN",7334,1230
1623,3190,news,uk,Lockdown has made London a boomtown for rats - CNN,6586,1121
840,3191,health,health,Holiday giving: It really is better to give than to receive... - CNN,2964,500
4042,3192,news,europe,La Palma volcano increasingly aggressive as Spain's leader announces emergency funds - CNN,2059,320
817,3193,news,africa,"Told not to drum, this woman is breaking a centuries-old taboo - CNN",4384,735
3786,3194,news,europe,German ISIS bride sentenced over death of Yazidi girl left to die in sun - CNN,2476,425
4097,3195,sport,golf,Tiger Woods on playing again: 'I don't know when that is going to happen' - CNN,2444,428
1446,3196,sport,sport,Gymnast Nia Dennis earns praise for her 'Black excellence' routine - CNN,1811,282
3243,3197,sport,football,Premier League clubs will not release players for international games in UK's red-list countries - CNN,4807,738
78,3198,entertainment,entertainment,Traci Braxton of 'Family Values' dies of esophageal cancer at 50 - CNN,1820,297
1533,3199,news,europe,Ireland has the world's highest Covid-19 rate. How did it go so wrong? - CNN,4994,778
3557,3200,news,australia,Hundreds of anti-lockdown protesters clash with police in Australia  - CNN,2258,350
2416,3201,sport,golf,Henrik Stenson snaps club during PGA Championship - CNN,1805,307
4081,3202,news,uk,Sarah Everard murder: London's police criticized after warning women to be wary of lone officers - CNN,5303,884
3096,3203,sport,football,How to watch Euro 2020 and everything you need to know about the European tournament - CNN,4454,645
4468,3204,sport,football,English Premier League hit by record 103 Covid-19 cases between Dec 20-26 - CNN,2499,402
736,3205,news,world,'Blackface': Dutch holiday tradition or racism? - CNN,4433,728
4628,3206,sport,football,Barcelona: What next for Barça after Champions League group stage exit? - CNN,4738,792
1986,3207,sport,football,Europa League: AC Milan stuns Manchester United with last-gasp equalizer - CNN,5200,873
3759,3208,sport,sport,Kyle Beach: Hockey player who made sexual abuse allegation against former Blackhawks video coach speaks out    - CNN,9344,1525
3821,3209,sport,football,Chelsea puts seven goals past beleaguered Norwich in one-sided Premier League clash - CNN,2270,394
1544,3210,sport,golf,R&A has no plans to stage future championships at Trump-owned Turnberry Golf Course - CNN,2219,363
4600,3211,sport,football,Samuel Eto'o: Soccer legend elected president of Cameroon FA - CNN,3575,567
1099,3212,health,health,Medicare spent $2 billion for one drug as the manufacturer paid doctors millions - CNN,29673,4601
3234,3213,news,europe,Dmitry Medvedev Fast Facts - CNN,3827,599
135,3214,sport,sport,Medina Spirit's 2021 Kentucky Derby win has been nullified and horse trainer Bob Baffert is suspended - CNN,1949,309
3767,3215,sport,sport,Houston Astros dominate Atlanta Braves to even up World Series with strong Game 2 win - CNN,2197,375
4690,3216,sport,sport,"NFL suspends three players, including Bucs' Antonio Brown, for violating Covid-19 protocols - CNN",2888,433
1862,3217,sport,tennis,Vasek Pospisil 'sorry' for expletive-laden rant at ATP boss in Miami - CNN,2193,366
1568,3218,sport,sport,LeBron James disappointed after officers involved in the shooting of Jacob Blake will not face charges - CNN,4193,667
4,3219,business,investing,Russia is no longer an option for investors. These emerging markets are - CNN,3508,566
1239,3220,news,us,"After 9/11, turbans made Sikhs targets - CNN",14017,2369
3850,3221,news,uk,UK government accused of being 'willfully negligent' as Covid cases mount - CNN,4010,620
2500,3222,news,uk,Queen's Speech 2021: Monarch opens new session of UK Parliament - CNN,5443,854
2106,3223,sport,golf,Michael Visacki: Golfer shares powerful phone call with his dad after PGA Tour dream comes true  - CNN,2248,400
3802,3224,sport,sport,T20 World Cup: Indian captain Kohli vows to rectify mistakes after loss to Pakistan - CNN,2467,412
2766,3225,news,europe,Prince William Fast Facts - CNN,7265,1167
548,3226,sport,football,Bruno Fernandes: How one man transformed Manchester United's fortunes - CNN,10804,1868
671,3227,sport,sport,Oscars: Free Solo documentary and how Alex Honnold climbed without ropes - CNN,9647,1651
1538,3228,sport,golf,Tiger Woods documentary: 'He's not going to like this sh*t at all' - CNN,15227,2566
1113,3229,news,us,"In 'forgotten' California, a new generation is more woke than ever - CNN",29212,4675
2281,3230,sport,tennis,2021 French Open postponed by a week due to Covid-19 pandemic - CNN,3189,512
179,3231,sport,sport,AFCON: NBA superstar Joel Embiid discusses his love of Cameroon - CNN,7770,1342
2815,3232,sport,sport,Nikola Jokic named 2021 NBA Most Valuable Player - CNN,3438,581
2586,3233,news,uk,Princess Charlotte: William and Kate release photo of their daughter for her sixth birthday - CNN,5818,904
837,3234,news,us,No money? No problem. Here are 4 ways to give back without opening your wallet - CNN,1741,277
991,3235,news,weather,Smoke from Western wildfires has blown thousands of miles to New York - CNN,2546,408
3736,3236,sport,tennis,Emma Raducanu: Disappointed star still adjusting to life on tour - CNN,2303,411
3722,3237,sport,football,European transfer window 2021 may be the best ever as clubs splurge on marquee signings - CNN,3529,569
2257,3238,sport,golf,The Masters: Big names make big moves at second day but still trail Justin Rose - CNN,8519,1449
1083,3239,news,us,An American Zen Master has died: An oral history of Roshi Bernie Glassman - CNN,24113,4219
4202,3240,news,uk,Queen marks first wedding anniversary without Prince Philip - CNN,9906,1589
2666,3241,news,europe,This 'nano factory' fits inside a shipping container  - CNN,7059,1137
1818,3242,news,uk,Campaigners slam UK government report into racial disparities as a 'whitewash' - CNN,7158,1151
1925,3243,sport,football,Europa League: Usain Bolt gives his verdict on Manchester United's season so far - CNN,6800,1202
1261,3244,news,us,Coincidences: What causes them? - CNN,12803,2053
4435,3245,sport,sport,Astros vs Braves Game 5: Houston keeps World Series alive after beating Atlanta - CNN,13332,2288
4552,3246,news,australia,Birdsong album beats Christmas classics to reach top five chart in Australia - CNN,2524,372
4572,3247,sport,golf,Climate crisis: Golf courses on borrowed time as Earth's weather patterns become more wild - CNN,11197,1901
621,3248,sport,sport,Beijing Winter Olympics 2022: Event-by-event guide - CNN,26639,4376
2126,3249,sport,sport,UFC 261: Chris Weidman has surgery after suffering 'freak' leg break - CNN,3219,559
4017,3250,sport,sport,MLB playoffs: Dynasties and bragging rights are at stake  - CNN,5581,940
2233,3251,sport,sport,Conor McGregor tells Dustin Poirier that the 'fight is off' in Twitter spat - CNN,1128,188
3971,3252,news,europe,Schools are new battleground in war of disinformation over Covid-19 vaccines - CNN,10100,1574
3311,3253,sport,sport,Muhammad Ali's grandson marks professional boxing debut with a win - CNN,5040,863
3551,3254,sport,football,FIFA punishes Hungarian Football Federation following racist behavior of 'numerous' fans - CNN,2762,424
4295,3255,news,europe,Belarus-Poland border crisis: Russia and Belarus hold military drills  - CNN,7613,1149
114,3256,sport,tennis,Serena Williams: 'I should have been at like 30 or 32' grand slam singles titles - CNN,6123,1038
4423,3257,sport,football,Antonio Conte named new Tottenham Hotspur coach - CNN,2868,482
2010,3258,news,europe,The world needs all the doctors it can get right now. This cancer patient is risking the time she has left to become one - CNN,8253,1457
115,3259,sport,golf,Harold Varner III says monster 92-foot eagle putt to win tournament is 'No. 1' moment in golf career  - CNN,3664,661
